FECHA,YEAR,MO,DY,T2M,T2M_MAX,T2M_MIN,RH2M,ALLSKY_SFC_SW_DWN,CLRSKY_SFC_SW_DWN,ALLSKY_KT,WS10M,WD10M,PRECTOTCORR,UV_INDEX
2004-10-01,2004,10,1,27.68,29.58,26.54,83.78,49.903,68.266,0.5,4.26,49.6,0.83,8.774947
2004-10-02,2004,10,2,28.96,31.44,27.32,80.39,62.969,70.373,0.63,5.85,47.4,0.25,11.772139
2004-10-03,2004,10,3,28.69,30.61,27.13,81.1,6.234,69.667,0.63,5.89,43.6,0.57,12.185602
2004-10-04,2004,10,4,28.7,30.47,27.57,82.46,37.798,67.805,0.38,4.65,56.2,0.98,7.548592
2004-10-05,2004,10,5,28.06,29.36,27.24,83.93,47.743,68.285,0.48,2.48,64.0,1.66,10.264846
2004-10-06,2004,10,6,28.34,30.37,27.24,83.39,50.974,67.018,0.51,2.26,36.8,2.51,8.273805
2004-10-07,2004,10,7,28.36,30.69,26.92,85.32,48.653,6.798,0.49,4.68,42.5,3.43,9.054332
2004-10-08,2004,10,8,27.76,29.98,26.65,84.16,53.527,68.626,0.54,3.35,142.1,4.35,12.033662
2004-10-09,2004,10,9,28.34,31.38,26.42,77.66,5.423,6.81,0.55,1.74,9.6,6.98,10.76886
2004-10-10,2004,10,10,28.01,29.83,26.91,87.26,6.245,6.828,0.64,3.17,20.7,5.24,11.821513
2004-10-11,2004,10,11,27.93,29.6,27.06,88.48,32.587,66.761,0.33,2.83,10.3,12.42,5.192744
2004-10-12,2004,10,12,28.16,30.45,27.14,85.63,42.826,67.094,0.44,2.98,3.9,8.54,9.273727
2004-10-13,2004,10,13,28.16,30.1,26.97,85.93,53.645,66.902,0.55,3.28,25.8,4.09,10.490347
2004-10-14,2004,10,14,28.54,30.24,27.62,86.36,55.373,66.413,0.57,4.45,43.9,2.48,10.945879
2004-10-15,2004,10,15,28.98,30.85,27.77,85.15,56.549,66.377,0.58,4.25,48.2,2.35,10.853437
2004-10-17,2004,10,17,29.13,32.0,27.71,81.16,48.084,67.241,0.5,5.76,47.0,4.61,11.535808
2004-10-18,2004,10,18,28.29,29.16,27.6,84.0,28.766,67.464,0.3,5.03,43.6,12.66,7.624064
2004-10-19,2004,10,19,28.19,29.95,27.12,83.53,56.338,66.624,0.59,3.25,40.7,6.4,11.2369585
2004-10-20,2004,10,20,27.5,28.64,26.84,87.67,49.421,65.746,0.52,3.18,26.7,16.75,10.098222
2004-10-21,2004,10,21,27.18,28.7,26.07,86.44,37.046,65.671,0.39,3.11,41.1,18.05,8.9963875
2004-10-22,2004,10,22,25.45,26.22,24.51,83.61,32.395,65.105,0.34,2.62,339.9,16.36,6.125719
2004-10-23,2004,10,23,26.26,28.18,24.59,82.56,59.383,67.068,0.62,3.1,250.2,2.63,10.775329
2004-10-24,2004,10,24,26.62,29.01,25.01,82.95,56.177,6.667,0.59,2.93,259.7,2.16,10.900922
2004-10-25,2004,10,25,27.05,29.27,25.5,82.02,52.291,66.062,0.55,2.29,17.8,7.04,10.124553
2004-10-26,2004,10,26,27.35,29.56,26.07,84.31,49.903,63.806,0.53,3.62,21.0,2.23,10.203358
2004-10-27,2004,10,27,27.03,28.1,26.25,87.64,53.755,64.882,0.57,4.23,25.0,2.41,9.799861
2004-10-28,2004,10,28,27.55,29.15,26.25,87.47,45.967,63.986,0.49,4.05,37.4,4.35,7.6591206
2004-10-29,2004,10,29,27.77,30.1,26.65,86.37,50.938,64.183,0.54,3.74,32.8,9.74,8.805581
2004-10-30,2004,10,30,27.7,29.38,26.96,86.41,50.832,63.307,0.54,5.58,36.9,6.01,10.070572
2004-10-31,2004,10,31,27.15,27.73,26.74,88.86,50.182,6.257,0.54,4.16,50.9,3.48,9.87856
2004-11-01,2004,11,1,28.04,29.83,26.83,84.53,52.709,63.034,0.57,4.46,55.7,4.82,10.028977
2004-11-02,2004,11,2,27.82,29.26,27.03,87.49,57.454,62.971,0.62,5.26,58.0,2.93,10.921978
2004-11-03,2004,11,3,27.82,29.08,27.11,87.1,47.388,6.307,0.51,5.0,49.8,2.93,9.236487
2004-11-04,2004,11,4,28.08,29.6,27.27,87.08,37.877,62.088,0.41,5.02,48.9,3.99,5.546925
2004-11-05,2004,11,5,28.42,30.94,26.92,82.93,56.342,62.527,0.61,5.07,49.4,1.22,9.902843
2004-11-06,2004,11,6,28.24,30.28,27.07,84.68,43.018,6.079,0.47,4.66,48.7,6.33,8.822696
2004-11-07,2004,11,7,27.32,28.06,26.69,87.69,43.243,59.186,0.47,2.74,102.0,8.06,8.742033
2004-11-08,2004,11,8,26.84,28.29,25.99,86.06,36.115,61.039,0.4,2.06,287.6,15.68,7.849613
2004-11-09,2004,11,9,26.53,27.38,25.98,92.04,20.933,62.664,0.23,3.47,342.5,24.9,7.96708
2004-11-10,2004,11,10,26.78,28.8,25.88,87.34,20.803,63.737,0.23,3.57,28.7,13.88,2.9279559
2004-11-11,2004,11,11,27.19,29.23,25.9,80.13,53.791,63.974,0.6,5.97,21.4,2.85,10.850487
2004-11-12,2004,11,12,27.4,29.43,26.3,78.15,61.008,64.154,0.68,5.46,23.1,0.18,10.476339
2004-11-13,2004,11,13,27.62,30.08,26.41,79.72,5.863,63.485,0.65,4.54,27.9,0.03,10.535378
2004-11-14,2004,11,14,27.73,29.72,26.57,81.95,51.994,62.854,0.58,6.18,30.1,0.33,8.388093
2004-11-15,2004,11,15,27.58,28.76,26.84,82.79,4.902,6.149,0.55,7.35,34.7,0.5,8.650744
2004-11-16,2004,11,16,27.47,28.51,26.9,80.76,49.308,60.996,0.55,8.91,36.6,1.85,9.109431
2004-11-18,2004,11,18,26.71,27.9,25.91,85.6,36.718,59.611,0.41,7.47,42.3,0.68,6.143658
2004-12-02,2004,12,2,26.76,29.26,25.39,76.29,56.714,60.982,0.66,7.85,37.6,0.0,9.521174
2004-12-03,2004,12,3,26.66,29.17,25.09,76.05,57.646,60.756,0.67,8.19,41.3,0.01,9.288238
2004-12-04,2004,12,4,26.95,29.51,25.28,79.65,5.664,59.057,0.66,7.81,41.7,0.01,9.498083
2004-12-05,2004,12,5,27.3,29.83,25.84,84.9,55.399,58.104,0.64,7.15,42.3,0.01,9.17064
2004-12-06,2004,12,6,27.22,29.52,25.94,84.12,52.555,58.296,0.61,7.35,47.5,0.01,9.593931
2004-12-07,2004,12,7,26.96,29.22,25.72,79.62,52.169,59.035,0.61,8.39,45.2,0.01,9.1093025
2004-12-08,2004,12,8,27.18,30.47,25.55,77.8,47.424,59.155,0.55,7.23,44.2,0.0,8.606037
2004-12-09,2004,12,9,26.86,29.79,25.0,79.86,53.191,60.127,0.62,7.3,44.9,0.0,9.251158
2004-12-10,2004,12,10,26.68,29.71,24.96,79.82,56.971,6.061,0.67,6.83,44.1,0.01,9.34331
2004-12-11,2004,12,11,26.87,30.46,24.9,81.56,54.634,58.543,0.64,4.91,42.1,0.0,9.240746
2004-12-12,2004,12,12,26.56,27.98,25.71,85.91,42.254,56.117,0.5,5.15,31.0,0.06,8.541433
2004-12-13,2004,12,13,27.02,29.55,25.76,83.28,51.314,56.767,0.6,6.43,42.3,0.03,9.302156
2004-12-14,2004,12,14,27.16,30.18,25.55,78.92,5.503,58.786,0.65,6.82,35.8,0.0,9.255502
2004-12-15,2004,12,15,27.15,29.78,25.76,80.04,49.918,58.363,0.59,6.48,30.2,0.01,9.294656
2004-12-16,2004,12,16,27.11,29.62,25.66,79.46,53.542,58.841,0.63,7.88,34.8,0.0,8.76341
2004-12-17,2004,12,17,27.3,29.93,25.78,79.78,53.645,58.205,0.63,7.3,37.2,0.0,9.186328
2004-12-18,2004,12,18,27.29,30.12,25.74,79.6,51.571,57.953,0.61,6.4,35.9,0.0,9.003617
2004-12-20,2004,12,20,27.1,29.3,25.84,78.38,49.025,5.771,0.58,8.76,36.5,0.0,8.929212
2004-12-21,2004,12,21,27.76,30.85,25.9,79.46,48.276,59.033,0.57,7.96,39.2,0.01,8.639909
2004-12-22,2004,12,22,28.06,31.37,26.25,77.54,54.058,58.598,0.64,7.8,44.4,0.01,9.953662
2004-12-23,2004,12,23,27.54,30.95,25.54,77.28,4.963,59.712,0.58,7.16,39.2,0.0,9.133722
2004-12-24,2004,12,24,27.37,30.61,25.63,77.49,55.834,59.419,0.66,6.86,37.4,0.0,9.864041
2004-12-25,2004,12,25,27.44,30.83,25.56,75.6,54.679,59.297,0.64,6.77,38.3,0.01,9.606461
2004-12-26,2004,12,26,27.26,30.74,25.38,73.18,52.147,59.532,0.61,6.35,39.9,0.0,8.632515
2004-12-27,2004,12,27,26.59,29.21,25.04,73.22,54.358,6.024,0.64,7.39,34.3,0.0,9.54516
2004-12-28,2004,12,28,26.76,29.43,25.22,72.83,54.209,59.659,0.64,7.82,37.2,0.0,9.146071
2004-12-29,2004,12,29,27.05,30.02,24.92,73.08,54.538,58.368,0.64,7.65,43.3,0.01,9.493626
2004-12-30,2004,12,30,27.34,30.41,25.16,72.48,55.934,59.294,0.65,8.06,44.9,0.0,9.710174
2004-12-31,2004,12,31,27.43,30.19,25.51,73.0,54.818,58.495,0.64,8.93,46.3,0.0,9.978186
2005-01-01,2005,1,1,27.29,30.11,25.49,77.16,56.801,59.573,0.66,8.62,43.2,0.0,10.151657
2005-01-02,2005,1,2,27.31,30.15,25.6,75.42,56.323,59.342,0.66,9.45,43.9,0.0,9.498496
2005-01-03,2005,1,3,26.93,29.67,25.5,75.01,57.202,60.094,0.67,10.21,43.2,0.0,9.70712
2005-01-04,2005,1,4,26.61,29.13,25.12,76.6,57.905,60.593,0.67,9.65,40.3,0.0,9.565402
2005-01-05,2005,1,5,27.08,30.48,25.13,75.57,57.926,60.235,0.67,8.92,42.4,0.0,9.620312
2005-01-06,2005,1,6,27.45,30.92,25.4,73.86,56.208,5.928,0.65,8.79,45.1,0.0,9.719659
2005-01-07,2005,1,7,27.51,30.73,25.45,76.39,54.067,59.371,0.63,9.43,45.9,0.0,9.269464
2005-01-08,2005,1,8,27.35,29.97,25.69,77.8,5.537,58.898,0.64,9.98,44.2,0.01,9.277556
2005-01-09,2005,1,9,26.82,28.88,25.61,80.77,54.703,58.841,0.63,9.4,40.9,0.01,9.286362
2005-01-10,2005,1,10,26.15,27.58,25.32,84.81,46.649,57.204,0.54,8.63,42.9,0.41,7.9215226
2005-01-11,2005,1,11,27.23,30.93,25.56,81.11,56.143,58.699,0.64,7.14,41.1,0.31,10.109731
2005-01-12,2005,1,12,27.17,30.03,25.08,83.71,51.026,58.128,0.58,5.96,39.1,0.13,9.268925
2005-01-13,2005,1,13,27.65,31.04,25.37,80.89,55.258,58.627,0.63,6.71,43.9,0.03,10.066669
2005-01-14,2005,1,14,27.67,30.89,25.79,80.22,4.975,58.121,0.57,7.56,41.3,0.16,9.0075655
2005-01-15,2005,1,15,27.41,30.64,25.56,78.51,46.186,59.815,0.53,8.14,36.9,0.15,9.696407
2005-01-16,2005,1,16,26.95,29.78,25.4,77.21,44.959,5.958,0.51,8.05,33.1,0.27,8.847873
2005-01-17,2005,1,17,26.5,28.97,25.09,75.19,50.983,61.526,0.58,6.81,20.6,0.02,8.871616
2005-01-18,2005,1,18,26.36,28.99,24.61,69.81,55.658,62.652,0.63,7.67,31.8,0.0,9.714147
2005-01-19,2005,1,19,26.65,29.36,25.0,70.48,62.455,63.811,0.7,7.97,35.0,0.0,10.481057
2005-01-21,2005,1,21,26.64,29.4,25.19,76.17,58.577,62.405,0.66,6.72,26.6,0.0,10.054173
2005-01-22,2005,1,22,26.96,29.93,25.35,76.85,58.222,62.604,0.65,6.96,33.3,0.0,9.85868
2005-01-23,2005,1,23,27.34,31.05,25.42,76.7,5.093,59.549,0.57,6.19,33.2,0.0,9.930455
2005-01-24,2005,1,24,26.75,29.02,25.59,80.58,42.917,58.049,0.48,7.39,21.5,0.0,9.194427
2005-01-25,2005,1,25,26.79,29.3,25.54,77.78,43.951,60.182,0.49,7.43,26.6,0.0,8.793742
2005-01-26,2005,1,26,27.53,30.48,25.68,77.58,56.052,60.811,0.62,7.75,33.5,0.0,9.938046
2005-01-27,2005,1,27,27.96,31.27,25.87,75.72,51.072,60.175,0.56,7.59,35.8,0.0,9.92689
2005-01-28,2005,1,28,28.16,31.6,25.7,72.64,57.526,6.103,0.63,8.09,40.1,0.0,10.490465
2005-01-29,2005,1,29,28.23,31.48,26.43,67.98,57.797,62.556,0.63,9.11,39.5,0.0,10.161464
2005-01-30,2005,1,30,27.76,30.92,26.02,71.17,59.575,63.456,0.65,8.81,38.4,0.0,10.627263
2005-01-31,2005,1,31,27.67,30.72,26.02,69.34,6.149,64.066,0.67,8.94,40.0,0.0,10.7158
2005-02-01,2005,2,1,27.57,30.89,25.59,67.46,59.837,64.351,0.65,9.02,40.8,0.0,10.381988
2005-02-02,2005,2,2,27.19,30.29,25.58,72.51,62.902,65.138,0.68,9.43,39.3,0.0,10.447641
2005-02-03,2005,2,3,26.82,29.87,25.23,72.02,62.006,65.002,0.67,8.7,35.5,0.0,10.567778
2005-02-04,2005,2,4,26.37,29.01,24.91,72.61,5.904,64.152,0.64,8.23,28.5,0.0,10.712341
2005-02-05,2005,2,5,26.26,29.17,24.79,72.29,58.682,63.326,0.63,8.35,25.8,0.0,10.7298765
2005-02-06,2005,2,6,26.57,29.13,24.89,75.49,48.178,62.614,0.52,8.45,26.2,0.0,7.489966
2005-02-07,2005,2,7,26.93,29.62,25.45,75.27,59.633,63.408,0.64,8.22,27.9,0.0,9.844884
2005-02-08,2005,2,8,26.87,29.26,25.54,73.49,60.742,64.481,0.65,8.5,28.4,0.0,11.227743
2005-02-09,2005,2,9,26.95,30.04,25.31,69.01,48.509,65.167,0.52,8.28,33.0,0.0,10.179848
2005-02-10,2005,2,10,26.92,30.26,25.13,70.97,51.511,65.395,0.55,8.7,31.7,0.0,9.880841
2005-02-11,2005,2,11,26.54,29.0,25.35,73.17,52.462,65.638,0.55,8.82,24.1,0.04,9.1169405
2005-02-12,2005,2,12,26.26,28.46,25.1,72.91,36.583,64.819,0.39,8.48,24.2,0.02,7.1448703
2005-02-13,2005,2,13,26.9,29.59,25.14,72.27,51.235,65.693,0.54,9.46,38.3,0.07,10.469736
2005-02-14,2005,2,14,27.52,30.7,25.36,72.17,61.286,67.294,0.64,8.41,41.7,0.07,10.793459
2005-02-15,2005,2,15,27.84,31.27,25.83,74.7,6.307,67.577,0.66,7.95,36.9,0.01,11.668749
2005-02-16,2005,2,16,27.71,30.89,25.83,73.42,61.135,66.917,0.64,8.14,36.0,0.0,10.685143
2005-02-17,2005,2,17,27.58,30.56,25.79,72.65,5.941,66.854,0.62,8.41,38.4,0.0,11.00656
2005-02-18,2005,2,18,27.33,30.49,25.63,68.08,65.875,68.962,0.68,9.8,41.1,0.0,11.647731
2005-02-19,2005,2,19,27.32,30.42,25.22,65.46,64.442,68.458,0.67,10.36,41.3,0.3,12.1914215
2005-02-20,2005,2,20,27.23,30.01,25.17,68.31,65.146,6.859,0.67,11.25,45.3,0.24,12.250468
2005-02-22,2005,2,22,27.28,30.47,25.12,71.71,66.406,69.907,0.68,8.58,41.7,0.0,12.7057
2005-02-23,2005,2,23,27.28,30.44,25.01,72.14,67.428,70.558,0.69,8.3,39.7,0.0,12.353911
2005-02-24,2005,2,24,27.37,31.49,24.33,72.55,66.521,68.947,0.68,6.88,38.9,0.0,12.914252
2005-02-25,2005,2,25,27.61,32.06,24.37,73.31,66.768,67.075,0.68,6.32,37.2,0.0,13.236176
2005-02-26,2005,2,26,28.21,33.16,25.53,76.25,63.958,66.163,0.65,6.2,26.2,0.0,13.400368
2005-02-27,2005,2,27,28.32,32.26,25.88,76.88,55.714,65.148,0.56,6.68,33.3,0.0,12.153457
2005-02-28,2005,2,28,28.46,32.4,26.23,74.08,51.353,65.978,0.52,5.52,34.1,0.0,11.852787
2005-03-01,2005,3,1,28.43,32.97,26.08,75.12,52.836,66.055,0.53,5.86,23.9,0.02,12.471271
2005-03-02,2005,3,2,28.08,31.23,26.17,76.98,5.796,65.832,0.58,7.45,26.8,0.03,11.974197
2005-03-03,2005,3,3,28.04,30.3,26.54,75.75,4.656,6.587,0.47,7.89,37.2,0.01,12.756247
2005-03-04,2005,3,4,28.35,32.29,26.3,74.67,51.362,65.402,0.51,6.31,30.3,0.0,11.303502
2005-03-05,2005,3,5,27.72,30.75,26.14,75.45,51.497,65.366,0.51,7.22,27.2,0.0,12.165588
2005-03-06,2005,3,6,27.85,30.97,26.19,74.18,6.33,69.197,0.63,7.92,30.3,0.0,12.718741
2005-03-07,2005,3,7,27.89,31.17,25.89,72.79,55.735,6.845,0.55,8.06,35.5,0.0,11.664088
2005-03-08,2005,3,8,28.17,32.17,25.9,72.6,61.061,6.907,0.6,6.38,36.3,0.0,13.333476
2005-03-09,2005,3,9,28.93,33.67,26.2,71.15,62.813,67.625,0.62,6.01,32.9,0.0,12.936897
2005-03-10,2005,3,10,28.33,31.81,26.47,76.5,59.532,66.466,0.59,4.98,15.6,0.0,13.293545
2005-03-11,2005,3,11,27.6,30.23,25.93,77.8,56.143,68.275,0.55,7.24,20.8,0.0,11.971013
2005-03-12,2005,3,12,28.0,30.92,26.3,72.99,57.358,68.707,0.56,8.47,31.9,0.01,12.001193
2005-03-13,2005,3,13,28.58,31.87,26.59,74.63,63.252,68.863,0.62,8.29,35.4,0.02,12.454452
2005-03-14,2005,3,14,28.83,32.53,26.73,72.04,6.727,70.841,0.66,8.38,39.2,0.0,13.330023
2005-03-15,2005,3,15,28.78,32.58,26.43,68.46,66.804,70.774,0.65,7.83,37.3,0.0,13.703017
2005-03-16,2005,3,16,28.57,32.57,25.59,70.17,66.034,69.348,0.64,7.16,36.0,0.0,13.57639
2005-03-17,2005,3,17,28.99,33.98,26.08,71.93,5.857,66.437,0.57,4.78,38.1,0.0,13.421187
2005-03-18,2005,3,18,28.24,32.0,26.24,75.67,55.625,6.517,0.54,5.83,27.0,0.0,12.407184
2005-03-19,2005,3,19,28.13,31.83,26.05,75.05,61.901,68.054,0.6,6.98,29.1,0.0,12.630709
2005-03-20,2005,3,20,28.35,31.98,26.2,72.85,57.595,67.294,0.56,8.1,32.6,0.0,11.595659
2005-03-21,2005,3,21,28.74,32.62,26.6,72.91,50.453,66.086,0.49,6.71,36.4,0.0,11.617488
2005-03-22,2005,3,22,29.12,33.08,26.96,72.38,62.266,68.729,0.6,6.15,37.0,0.0,12.355798
2005-03-23,2005,3,23,29.52,34.65,26.47,74.29,63.403,66.509,0.61,4.86,41.8,0.01,13.7071295
2005-03-24,2005,3,24,28.98,32.62,27.26,75.11,42.595,64.956,0.41,5.85,40.0,0.04,9.415774
2005-03-26,2005,3,26,28.8,32.53,26.12,72.4,63.437,7.02,0.61,7.64,39.5,0.01,13.659471
2005-03-27,2005,3,27,28.64,32.67,26.46,73.59,56.945,69.235,0.55,6.58,41.6,0.02,12.153537
2005-03-28,2005,3,28,28.21,32.69,25.89,76.1,56.064,69.394,0.54,6.55,35.7,0.0,12.215416
2005-03-29,2005,3,29,28.32,32.21,26.37,71.9,63.701,72.816,0.61,7.34,35.6,0.0,12.133544
2005-03-30,2005,3,30,28.43,32.31,26.35,72.07,59.638,68.136,0.57,8.18,41.1,0.01,12.358695
2005-03-31,2005,3,31,28.62,32.62,26.46,70.27,62.393,68.594,0.6,7.15,39.0,0.0,12.380207
2005-04-01,2005,4,1,28.74,33.2,26.08,71.94,63.523,67.346,0.61,7.1,35.9,0.0,13.108787
2005-04-02,2005,4,2,28.87,33.22,26.37,72.82,48.576,64.478,0.46,6.95,35.9,0.0,9.201937
2005-04-03,2005,4,3,28.44,32.02,26.7,77.27,40.452,64.054,0.39,7.65,35.2,0.04,9.456262
2005-04-04,2005,4,4,28.18,30.6,26.59,76.56,58.366,66.715,0.56,8.75,41.6,0.01,12.743823
2005-04-05,2005,4,5,28.61,31.31,27.11,75.06,50.698,6.546,0.48,7.85,40.7,0.0,11.856389
2005-04-06,2005,4,6,28.92,32.36,26.9,72.49,48.226,66.125,0.46,8.14,41.5,0.0,11.4692955
2005-04-07,2005,4,7,28.81,31.61,27.29,72.51,41.184,66.859,0.39,7.29,43.3,0.0,9.107247
2005-04-09,2005,4,9,28.53,31.18,26.74,79.74,42.864,67.159,0.41,3.52,33.0,0.0,10.409311
2005-04-10,2005,4,10,28.51,32.14,26.49,80.34,53.004,68.849,0.5,4.04,25.8,0.5,12.32335
2005-04-11,2005,4,11,28.16,31.15,26.35,81.05,44.738,72.125,0.43,5.28,28.4,0.88,10.496355
2005-04-12,2005,4,12,28.33,32.27,26.17,79.57,44.465,69.708,0.42,5.26,26.4,0.62,10.318666
2005-04-13,2005,4,13,28.64,31.94,26.71,80.79,58.334,69.761,0.55,5.54,38.0,0.34,12.701384
2005-04-14,2005,4,14,29.16,32.2,27.18,78.72,54.924,72.235,0.52,4.64,39.2,0.74,12.120423
2005-04-15,2005,4,15,28.28,30.86,26.73,82.43,4.403,69.149,0.42,3.63,41.1,0.93,10.883705
2005-04-16,2005,4,16,27.91,30.09,26.54,84.39,62.998,70.123,0.6,5.65,28.2,0.19,13.004213
2005-04-17,2005,4,17,28.59,31.46,27.02,78.21,53.045,6.888,0.5,6.95,37.7,0.08,13.326994
2005-04-18,2005,4,18,28.32,30.55,27.14,76.02,44.294,68.306,0.42,7.61,39.3,0.0,7.6886277
2005-04-19,2005,4,19,28.7,32.1,27.07,72.98,59.458,68.549,0.57,7.37,35.4,0.0,12.710816
2005-04-20,2005,4,20,28.85,32.35,27.03,73.58,46.138,68.765,0.44,7.08,32.8,0.03,9.7945175
2005-04-21,2005,4,21,28.45,31.51,26.84,77.93,45.912,70.236,0.44,5.95,23.5,0.99,10.483758
2005-04-22,2005,4,22,28.48,31.21,27.02,77.52,51.418,70.435,0.49,4.52,355.9,0.63,12.106197
2005-04-23,2005,4,23,28.67,32.31,26.4,70.69,71.028,74.122,0.68,3.53,343.4,0.13,13.861508
2005-04-24,2005,4,24,28.12,31.08,26.36,74.14,66.823,72.946,0.64,3.94,355.1,0.21,13.781256
2005-04-25,2005,4,25,28.22,30.86,26.31,73.63,61.399,71.352,0.58,5.09,12.1,0.18,13.589732
2005-04-27,2005,4,27,29.03,32.27,27.59,78.65,58.183,71.006,0.55,5.85,41.6,0.0,12.445722
2005-04-28,2005,4,28,29.49,32.63,27.28,72.74,55.361,69.336,0.53,7.34,35.7,0.0,12.217419
2005-04-29,2005,4,29,29.57,33.25,27.16,69.43,5.694,72.826,0.54,6.88,36.2,0.0,13.006204
2005-04-30,2005,4,30,29.09,32.05,26.88,73.52,5.838,71.479,0.56,6.21,40.4,0.09,12.041428
2005-05-01,2005,5,1,29.22,33.26,26.73,74.41,57.893,6.911,0.55,5.35,37.7,0.77,12.707183
2005-05-02,2005,5,2,28.6,31.17,26.93,78.9,53.388,69.307,0.51,4.63,34.1,1.92,10.460253
2005-05-03,2005,5,3,28.43,30.71,27.24,78.88,46.459,6.954,0.44,5.88,34.9,3.36,11.571072
2005-05-04,2005,5,4,28.93,31.98,27.27,74.18,57.866,7.116,0.55,6.58,36.3,1.32,12.983615
2005-05-05,2005,5,5,28.52,30.96,26.79,78.89,56.561,70.481,0.54,6.42,47.1,1.55,12.057518
2005-05-06,2005,5,6,28.14,30.39,26.79,83.0,48.055,6.859,0.46,6.28,49.2,3.21,11.285398
2005-05-07,2005,5,7,28.08,29.72,26.98,84.75,49.754,69.206,0.48,6.56,44.1,1.39,10.420893
2005-05-08,2005,5,8,28.28,30.0,27.29,85.22,64.262,70.382,0.61,5.3,38.5,0.92,13.452069
2005-05-09,2005,5,9,28.79,30.93,27.44,84.77,44.232,71.501,0.42,5.66,46.9,1.4,8.158931
2005-05-10,2005,5,10,28.74,30.81,27.44,85.06,50.614,69.103,0.48,5.1,41.7,1.37,11.884683
2005-05-11,2005,5,11,28.75,30.76,27.51,84.1,5.917,70.159,0.57,5.87,47.1,1.8,13.405818
2005-05-12,2005,5,12,28.57,30.84,27.08,84.73,51.288,68.942,0.49,5.61,48.7,2.15,12.370306
2005-05-13,2005,5,13,28.23,30.61,26.76,85.35,33.521,67.267,0.32,6.33,43.2,5.19,3.9044204
2005-05-14,2005,5,14,28.25,30.85,26.89,86.1,41.525,71.861,0.4,4.24,43.6,2.14,9.8032
2005-05-15,2005,5,15,26.98,27.86,25.85,89.83,2.315,71.321,0.22,2.76,278.4,8.15,5.233185
2005-05-16,2005,5,16,27.48,30.41,25.54,82.34,59.738,71.558,0.57,2.46,233.1,13.55,12.342526
2005-05-17,2005,5,17,28.26,31.98,25.85,80.23,29.938,71.028,0.29,2.29,246.0,8.02,9.503535
2005-05-18,2005,5,18,27.76,30.99,25.85,82.91,5.688,72.391,0.55,2.68,263.6,11.59,11.761607
2005-05-19,2005,5,19,27.62,30.17,25.84,82.74,50.657,70.442,0.49,2.28,304.8,16.82,12.036796
2005-05-20,2005,5,20,27.44,29.39,26.51,85.17,4.895,71.314,0.47,1.98,279.2,9.22,8.478876
2005-05-21,2005,5,21,28.02,30.72,25.83,80.92,54.912,71.597,0.53,1.05,310.3,4.56,10.000489
2005-05-22,2005,5,22,28.21,30.83,26.43,80.25,56.834,71.551,0.55,1.79,296.5,1.94,10.769439
2005-05-23,2005,5,23,27.85,30.4,26.22,80.63,38.582,71.498,0.37,2.43,346.5,3.02,7.560079
2005-05-24,2005,5,24,26.98,28.47,25.76,84.43,52.906,69.578,0.51,2.63,321.2,2.4,11.061418
2005-05-25,2005,5,25,27.29,28.89,25.7,82.21,63.742,7.128,0.62,2.55,344.3,0.4,11.453437
2005-05-26,2005,5,26,28.81,31.57,26.46,83.3,62.378,70.385,0.6,4.48,30.6,1.72,12.354666
2005-05-27,2005,5,27,29.49,31.96,28.21,83.46,57.048,69.559,0.55,5.49,43.2,4.35,10.325062
2005-05-29,2005,5,29,29.57,32.52,27.6,79.45,68.827,72.161,0.67,5.05,45.6,0.85,13.048809
2005-05-30,2005,5,30,29.31,32.24,27.47,80.9,61.272,71.155,0.59,5.19,47.2,1.71,11.912993
2005-05-31,2005,5,31,28.41,30.86,26.7,84.79,55.464,69.883,0.54,2.28,45.4,4.01,10.567209
2005-06-01,2005,6,1,28.23,30.21,27.06,87.09,42.178,67.229,0.41,2.99,36.1,3.16,9.435375
2005-06-02,2005,6,2,29.11,31.85,27.34,81.95,51.677,69.499,0.5,4.45,44.5,1.7,10.465956
2005-06-03,2005,6,3,29.17,31.99,27.35,80.47,64.742,7.068,0.63,4.37,45.2,1.09,11.644362
2005-06-04,2005,6,4,29.03,31.36,27.37,81.94,59.155,71.369,0.57,4.59,52.8,1.34,11.146275
2005-06-05,2005,6,5,28.42,30.81,27.21,84.51,34.841,68.234,0.34,3.85,55.0,5.09,7.115536
2005-06-06,2005,6,6,27.71,29.5,26.22,84.81,27.948,69.876,0.27,1.93,313.5,5.82,5.5744014
2005-06-07,2005,6,7,27.75,30.1,25.91,81.97,51.542,68.806,0.5,2.06,338.3,3.56,11.886262
2005-06-08,2005,6,8,27.74,29.4,26.29,85.68,48.667,69.802,0.47,2.44,3.5,1.92,10.05368
2005-06-09,2005,6,9,28.07,29.78,26.72,86.38,51.845,70.111,0.5,2.1,346.6,10.47,10.475346
2005-06-10,2005,6,10,29.3,32.39,27.4,79.72,64.922,71.664,0.63,3.17,30.8,5.41,11.823057
2005-06-11,2005,6,11,28.04,29.53,26.85,87.19,44.482,70.001,0.43,3.19,328.3,7.15,9.979804
2005-06-12,2005,6,12,27.76,29.9,26.32,80.77,44.832,70.361,0.44,2.28,281.2,4.55,11.234056
2005-06-13,2005,6,13,28.96,32.12,27.11,75.83,57.089,70.697,0.56,1.85,335.4,5.19,12.292813
2005-06-14,2005,6,14,28.7,31.46,27.13,80.49,49.478,68.683,0.48,2.57,350.9,9.15,11.347179
2005-06-15,2005,6,15,27.95,29.78,26.92,85.68,52.752,69.079,0.51,2.83,358.6,5.22,10.388714
2005-06-16,2005,6,16,29.36,31.92,27.39,84.3,63.804,70.349,0.62,2.98,41.5,4.77,12.499534
2005-06-17,2005,6,17,29.38,31.69,28.06,83.99,64.454,70.817,0.63,3.35,30.2,3.59,12.190763
2005-06-18,2005,6,18,30.31,32.74,28.55,79.96,58.798,70.375,0.57,3.89,46.1,4.09,11.952994
2005-06-19,2005,6,19,30.0,32.14,28.66,81.51,62.198,71.184,0.61,4.28,54.4,5.01,11.403658
2005-06-20,2005,6,20,29.47,31.64,27.85,81.27,43.586,6.871,0.42,4.04,53.9,9.78,8.641313
2005-06-21,2005,6,21,28.19,29.66,27.34,84.81,48.583,69.312,0.47,5.58,63.1,12.33,9.665518
2005-06-22,2005,6,22,28.61,30.65,27.33,85.47,3.972,69.374,0.39,3.78,36.6,15.31,7.857247
2005-06-23,2005,6,23,28.31,30.32,26.96,85.4,55.416,6.911,0.54,2.17,7.5,8.36,11.585822
2005-06-24,2005,6,24,28.38,30.47,26.74,85.15,50.129,6.941,0.49,2.0,342.5,5.44,10.764333
2005-06-25,2005,6,25,28.33,30.4,26.3,84.5,58.958,69.281,0.57,2.82,42.0,0.48,12.090055
2005-06-26,2005,6,26,28.25,30.78,25.16,81.88,57.943,68.722,0.56,2.52,28.4,1.13,10.355705
2005-06-27,2005,6,27,29.9,33.95,27.46,75.14,61.351,71.009,0.6,6.43,49.6,0.23,11.577115
2005-06-28,2005,6,28,29.28,32.08,27.41,77.81,55.058,71.086,0.54,4.4,47.8,0.21,9.794183
2005-06-30,2005,6,30,27.49,28.66,26.54,86.74,39.362,68.873,0.38,3.62,102.7,10.81,10.641716
2005-07-01,2005,7,1,28.05,31.43,25.94,78.14,5.179,70.918,0.51,2.82,66.8,5.48,10.841004
2005-07-02,2005,7,2,29.13,31.68,27.44,80.37,62.554,70.848,0.61,3.88,39.6,3.43,11.920895
2005-07-03,2005,7,3,29.36,32.04,27.66,77.89,60.703,72.919,0.59,6.11,48.6,2.31,10.641819
2005-07-04,2005,7,4,29.32,32.49,26.98,73.16,61.188,7.199,0.6,6.86,47.0,0.18,11.550284
2005-07-05,2005,7,5,28.88,31.64,27.52,81.56,64.548,70.642,0.63,4.95,47.5,1.96,11.984625
2005-07-06,2005,7,6,28.55,31.6,26.55,80.72,64.435,70.742,0.63,2.62,246.6,1.9,12.469206
2005-07-07,2005,7,7,28.62,31.12,26.73,79.08,56.784,70.435,0.55,2.38,274.0,1.06,12.281217
2005-07-08,2005,7,8,28.78,31.16,27.08,83.33,52.277,70.668,0.51,3.49,30.6,1.23,11.309706
2005-07-09,2005,7,9,29.06,31.49,27.51,81.1,60.641,70.238,0.59,3.69,52.2,1.79,11.267206
2005-07-10,2005,7,10,29.03,31.48,27.51,82.19,46.154,70.709,0.45,3.35,51.1,4.33,8.208929
2005-07-11,2005,7,11,28.18,30.44,27.06,81.84,48.552,68.566,0.47,2.51,99.6,4.6,10.13861
2005-07-12,2005,7,12,27.22,28.12,26.59,87.37,46.198,66.881,0.45,1.99,360.0,8.32,9.247743
2005-07-13,2005,7,13,27.71,29.24,26.54,85.03,41.294,67.176,0.4,2.43,37.6,6.35,8.374321
2005-07-14,2005,7,14,27.84,29.77,26.69,82.88,4.943,68.878,0.48,4.56,42.6,2.4,9.60539
2005-07-15,2005,7,15,27.77,29.7,26.38,82.57,49.982,69.595,0.49,2.29,352.9,4.17,8.79204
2005-07-16,2005,7,16,28.5,31.34,26.12,79.47,58.949,69.173,0.57,3.31,21.9,2.23,11.732403
2005-07-17,2005,7,17,29.29,32.12,27.59,79.03,58.898,70.466,0.57,5.6,45.1,1.58,11.303146
2005-07-18,2005,7,18,29.43,32.13,27.37,78.86,65.028,70.471,0.63,5.92,47.8,1.28,12.399406
2005-07-19,2005,7,19,29.06,31.01,28.12,84.9,35.623,6.947,0.35,4.05,52.7,5.57,7.4427953
2005-07-20,2005,7,20,28.49,30.82,27.05,84.62,44.376,69.038,0.43,3.69,51.7,4.03,9.870995
2005-07-21,2005,7,21,28.23,30.1,26.98,85.41,53.081,69.967,0.51,3.93,30.0,6.18,9.95997
2005-07-22,2005,7,22,29.31,31.91,27.68,80.27,61.915,71.302,0.6,5.42,52.0,2.22,11.979481
2005-07-23,2005,7,23,29.04,31.62,27.51,82.31,5.807,69.175,0.56,5.17,50.2,1.33,11.979309
2005-07-24,2005,7,24,29.13,32.05,27.39,82.4,62.695,70.044,0.61,4.36,52.9,0.95,11.925946
2005-07-25,2005,7,25,29.25,32.45,27.32,79.26,59.635,69.612,0.58,5.8,49.6,0.09,11.824375
2005-07-26,2005,7,26,29.28,32.15,27.19,80.64,68.491,71.177,0.66,5.87,48.4,0.09,12.038933
2005-07-27,2005,7,27,29.48,32.41,27.73,81.11,6.491,70.807,0.63,5.79,48.0,0.15,12.148403
2005-07-28,2005,7,28,29.83,33.4,28.02,78.72,62.772,70.368,0.61,4.58,53.8,0.14,11.30944
2005-07-29,2005,7,29,29.62,33.57,27.6,78.05,62.477,70.586,0.6,6.12,46.2,0.49,11.80515
2005-07-30,2005,7,30,29.03,32.8,27.29,79.4,58.176,7.014,0.56,5.64,42.2,0.22,11.605708
2005-08-01,2005,8,1,28.47,30.55,27.11,85.82,47.225,69.312,0.46,3.87,45.5,0.22,10.868881
2005-08-02,2005,8,2,28.35,30.39,27.12,85.19,47.566,69.665,0.46,4.7,42.1,0.62,10.342957
2005-08-03,2005,8,3,29.13,32.1,27.25,82.98,55.512,70.075,0.54,3.8,40.7,0.44,9.157952
2005-08-04,2005,8,4,29.19,31.79,27.38,80.64,60.665,68.438,0.59,6.12,44.7,0.36,11.951889
2005-08-05,2005,8,5,28.77,31.35,26.97,82.58,5.119,69.902,0.49,4.25,59.3,3.4,10.240582
2005-08-06,2005,8,6,28.57,30.74,27.12,82.46,51.806,69.281,0.5,5.28,49.0,1.27,10.875178
2005-08-07,2005,8,7,28.59,30.52,27.08,82.25,52.735,69.943,0.51,6.33,44.3,0.45,11.466793
2005-08-08,2005,8,8,28.97,32.19,27.08,80.24,68.323,71.366,0.66,5.58,40.1,0.16,12.715639
2005-08-09,2005,8,9,28.98,32.06,27.22,80.01,53.424,69.881,0.52,4.31,47.2,1.69,11.231934
2005-08-10,2005,8,10,28.89,31.69,27.19,82.61,60.031,69.197,0.58,3.04,43.8,2.24,11.444912
2005-08-11,2005,8,11,29.22,32.2,27.55,81.43,57.295,69.886,0.55,3.73,39.1,0.77,10.9337225
2005-08-12,2005,8,12,29.18,32.09,27.86,80.43,60.982,6.906,0.59,3.64,48.8,0.91,12.111043
2005-08-13,2005,8,13,28.35,30.57,27.3,84.52,33.629,68.304,0.32,4.48,47.0,4.09,7.8767285
2005-08-14,2005,8,14,27.47,29.56,25.64,85.56,37.843,68.131,0.36,3.34,82.3,13.98,9.6756315
2005-08-15,2005,8,15,28.01,29.64,26.53,85.92,48.766,69.864,0.47,3.87,55.2,16.28,10.969709
2005-08-16,2005,8,16,27.55,29.27,26.52,86.75,35.897,6.827,0.35,4.29,60.8,16.23,7.9834332
2005-08-17,2005,8,17,27.13,28.18,25.99,86.8,21.041,70.649,0.2,3.35,47.7,9.39,5.804274
2005-08-18,2005,8,18,27.61,29.76,25.86,82.49,45.214,70.342,0.44,2.87,41.2,5.81,9.722273
2005-08-19,2005,8,19,29.2,31.6,27.77,81.05,63.341,71.311,0.61,5.22,50.2,0.18,12.901657
2005-08-20,2005,8,20,29.3,31.74,27.79,82.12,67.037,73.351,0.65,4.34,50.1,0.22,12.727628
2005-08-21,2005,8,21,28.68,30.98,26.53,83.85,47.772,69.662,0.46,3.61,2.7,0.3,10.965329
2005-08-22,2005,8,22,27.39,29.19,26.02,84.09,37.759,69.799,0.36,2.0,334.0,1.68,7.7570076
2005-08-23,2005,8,23,27.65,29.85,25.62,83.39,52.433,6.96,0.51,2.27,17.5,1.16,11.578825
2005-08-24,2005,8,24,28.36,30.97,26.85,81.78,53.297,7.074,0.51,4.36,33.8,4.31,12.027068
2005-08-25,2005,8,25,28.69,31.3,27.22,81.16,57.451,70.392,0.55,2.55,46.4,2.36,12.200065
2005-08-26,2005,8,26,28.35,30.36,26.98,82.81,53.102,70.697,0.51,2.11,25.0,1.89,12.460607
2005-08-27,2005,8,27,27.59,29.45,26.62,83.33,42.919,7.205,0.41,1.69,330.5,1.24,10.680205
2005-08-28,2005,8,28,27.33,28.38,26.32,89.14,53.542,71.021,0.52,2.28,355.4,3.46,12.535828
2005-08-29,2005,8,29,28.43,30.55,27.15,86.33,42.233,71.988,0.41,4.04,33.3,4.12,9.151093
2005-08-30,2005,8,30,28.9,31.0,27.6,83.27,59.261,70.764,0.57,5.13,41.8,1.8,11.406657
2005-08-31,2005,8,31,29.29,32.06,27.85,80.81,53.738,70.514,0.52,5.89,39.7,1.96,12.231877
2005-09-02,2005,9,2,28.78,30.73,27.59,84.14,48.324,7.019,0.47,3.01,54.4,4.78,8.830286
2005-09-03,2005,9,3,28.27,30.74,26.98,83.04,4.931,70.207,0.48,2.18,337.3,4.74,9.715399
2005-09-04,2005,9,4,29.04,31.49,27.22,81.73,63.989,72.372,0.62,3.52,40.8,1.33,12.03355
2005-09-05,2005,9,5,29.76,32.96,27.96,77.25,6.271,71.825,0.61,5.58,44.6,1.13,12.018998
2005-09-06,2005,9,6,29.57,32.24,28.03,79.04,65.664,69.648,0.64,5.34,45.3,0.98,13.221327
2005-09-07,2005,9,7,29.23,31.73,27.74,81.56,64.027,70.094,0.62,4.35,46.4,1.58,12.69799
2005-09-08,2005,9,8,29.27,31.43,27.76,83.36,66.235,71.292,0.64,4.47,46.9,1.05,12.902066
2005-09-09,2005,9,9,28.56,30.46,26.95,83.68,51.595,68.904,0.5,3.58,51.5,2.64,11.092502
2005-09-10,2005,9,10,29.43,31.9,27.12,81.68,69.862,71.038,0.68,5.77,44.3,2.87,13.232808
2005-09-11,2005,9,11,29.98,33.16,27.89,77.98,69.406,72.422,0.68,5.24,48.8,1.0,13.2148905
2005-09-12,2005,9,12,29.51,32.04,28.11,79.41,46.524,68.722,0.45,5.05,52.7,2.31,9.974145
2005-09-13,2005,9,13,28.68,30.4,27.8,84.16,43.786,66.946,0.43,3.73,57.8,3.94,11.118927
2005-09-14,2005,9,14,28.8,31.93,27.18,80.02,65.258,69.965,0.64,4.62,46.0,4.9,12.019381
2005-09-15,2005,9,15,28.78,31.39,27.29,81.91,52.303,67.908,0.51,4.3,44.6,3.88,11.461028
2005-09-16,2005,9,16,28.98,31.11,27.64,83.18,53.573,66.528,0.52,5.01,47.5,3.86,10.833692
2005-09-17,2005,9,17,29.1,31.29,27.75,83.9,59.215,67.301,0.58,4.41,40.0,3.63,12.496309
2005-09-18,2005,9,18,29.22,31.89,27.91,83.24,59.952,69.391,0.59,3.97,30.1,5.06,11.82563
2005-09-19,2005,9,19,28.98,31.27,27.67,83.95,45.094,69.079,0.44,2.51,18.7,8.79,10.22649
2005-09-20,2005,9,20,27.99,28.92,27.35,87.82,45.922,66.948,0.45,2.85,330.6,9.31,10.511334
2005-09-21,2005,9,21,28.3,30.41,26.76,79.96,24.694,66.046,0.24,1.66,281.5,8.25,4.9703155
2005-09-22,2005,9,22,27.52,30.15,26.04,83.27,56.119,68.801,0.55,2.0,251.8,11.93,11.448624
2005-09-23,2005,9,23,27.05,28.28,26.12,83.62,40.802,66.046,0.4,1.7,45.5,4.48,8.676853
2005-09-24,2005,9,24,26.53,27.73,25.68,86.25,49.927,67.819,0.49,1.96,36.9,8.25,10.612117
2005-09-25,2005,9,25,27.46,29.18,25.71,86.63,4.608,69.053,0.46,2.79,19.5,5.17,9.788655
2005-09-26,2005,9,26,28.92,32.24,27.26,78.1,55.999,6.979,0.55,4.99,34.4,3.63,10.958462
2005-09-27,2005,9,27,28.45,31.17,26.91,80.97,55.961,69.036,0.56,2.75,339.7,3.55,11.838768
2005-09-28,2005,9,28,27.56,29.47,26.42,81.14,44.412,69.062,0.44,2.34,263.6,1.41,10.006941
2005-09-29,2005,9,29,27.27,29.73,25.68,81.5,49.735,6.732,0.5,1.64,344.7,0.56,10.987094
2005-09-30,2005,9,30,27.37,29.33,26.24,83.06,4.794,68.429,0.48,2.17,324.2,1.65,9.445579
2005-10-01,2005,10,1,27.57,29.52,26.31,86.0,48.439,6.78,0.48,2.47,344.5,2.14,10.918598
2005-10-02,2005,10,2,27.71,29.5,26.68,83.36,46.927,68.642,0.47,2.26,354.3,0.98,11.606744
2005-10-04,2005,10,4,27.47,29.23,26.24,85.53,42.602,66.535,0.43,2.7,262.2,0.51,7.3750424
2005-10-05,2005,10,5,27.98,30.51,26.42,81.07,4.999,66.967,0.5,2.29,343.7,0.4,10.68559
2005-10-06,2005,10,6,28.25,29.89,26.81,84.99,48.178,66.739,0.49,3.82,22.3,0.89,8.6848955
2005-10-07,2005,10,7,27.66,29.29,25.75,85.32,36.545,67.226,0.37,4.08,346.6,0.93,8.292209
2005-10-08,2005,10,8,27.52,29.93,25.86,80.53,50.136,66.446,0.51,2.65,230.3,0.69,10.286383
2005-10-09,2005,10,9,27.28,28.85,26.09,87.01,24.569,66.881,0.25,3.22,253.8,4.0,6.023229
2005-10-10,2005,10,10,26.76,29.0,25.55,85.43,52.363,67.066,0.53,4.23,231.8,1.55,11.11037
2005-10-11,2005,10,11,27.25,29.35,25.59,84.79,56.429,68.018,0.58,4.68,213.9,2.01,11.8358555
2005-10-12,2005,10,12,27.48,29.21,26.57,85.57,43.476,6.811,0.44,4.67,227.6,2.34,8.452246
2005-10-13,2005,10,13,27.56,29.33,26.59,83.7,4.817,66.612,0.49,4.05,233.7,1.82,10.406625
2005-10-14,2005,10,14,27.19,29.21,25.94,86.78,43.483,67.831,0.45,3.48,227.3,4.49,8.782023
2005-10-15,2005,10,15,26.9,27.91,26.23,89.67,42.986,65.794,0.44,3.96,226.7,4.4,12.248823
2005-10-16,2005,10,16,27.56,30.01,26.13,83.79,52.884,66.703,0.55,3.72,216.3,2.86,10.499645
2005-10-17,2005,10,17,27.16,29.33,25.85,84.3,48.857,66.151,0.51,2.34,248.0,1.56,11.232391
2005-10-18,2005,10,18,27.89,30.71,26.08,80.26,50.414,64.884,0.52,2.21,286.8,1.08,11.626178
2005-10-19,2005,10,19,26.83,27.79,25.69,87.62,47.906,64.442,0.5,3.98,268.8,1.53,10.388988
2005-10-20,2005,10,20,27.85,30.18,26.42,78.02,35.738,65.009,0.37,1.54,333.4,2.81,5.8779526
2005-10-21,2005,10,21,27.35,28.64,26.22,86.22,50.345,65.621,0.53,2.74,267.3,1.19,10.787282
2005-10-22,2005,10,22,26.84,27.94,25.91,88.04,47.947,65.028,0.5,3.3,231.2,15.77,10.233185
2005-10-23,2005,10,23,27.42,29.62,26.09,83.92,51.756,64.229,0.54,4.42,241.6,9.71,10.474713
2005-10-24,2005,10,24,26.89,27.95,25.99,88.03,24.662,63.564,0.26,3.48,287.0,17.35,4.4003105
2005-10-25,2005,10,25,26.39,27.98,25.36,85.61,50.448,63.816,0.53,2.15,319.4,6.17,10.702859
2005-10-26,2005,10,26,26.94,30.02,25.24,81.05,36.113,64.015,0.38,1.96,272.3,12.16,6.4590855
2005-10-27,2005,10,27,26.48,28.1,25.33,86.27,53.825,63.905,0.57,3.29,293.1,8.15,11.811486
2005-10-28,2005,10,28,26.82,27.91,26.05,86.87,45.264,63.754,0.48,4.36,297.7,1.0,8.8202505
2005-10-29,2005,10,29,26.82,27.58,26.29,90.14,28.128,62.818,0.3,3.84,320.7,2.67,6.9358816
2005-10-30,2005,10,30,26.83,27.67,26.18,88.18,47.911,63.086,0.51,3.15,343.6,1.78,10.102036
2005-10-31,2005,10,31,28.84,30.91,27.34,81.15,50.256,62.698,0.54,3.46,54.9,2.11,10.464397
2005-11-01,2005,11,1,27.98,29.33,27.19,87.75,42.466,63.502,0.46,2.66,59.1,2.36,7.845827
2005-11-02,2005,11,2,28.4,30.43,27.03,85.03,4.242,61.824,0.46,3.0,63.0,1.56,9.654444
2005-11-03,2005,11,3,27.78,28.99,26.53,89.7,42.672,59.676,0.46,3.41,53.7,3.12,9.320736
2005-11-05,2005,11,5,28.66,30.92,27.34,79.58,48.658,6.229,0.53,6.41,49.1,0.41,10.632505
2005-11-06,2005,11,6,29.0,31.63,26.96,78.87,56.472,63.118,0.62,7.48,52.2,1.56,10.700332
2005-11-07,2005,11,7,28.93,31.02,27.67,79.86,50.707,61.548,0.55,7.27,49.6,2.46,10.728068
2005-11-08,2005,11,8,29.15,31.87,27.56,77.96,4.854,61.082,0.53,5.75,49.2,0.86,10.5845175
2005-11-09,2005,11,9,27.94,28.74,27.46,86.05,28.879,5.892,0.32,4.34,52.7,3.21,4.526617
2005-11-10,2005,11,10,28.01,29.22,27.3,83.55,43.255,5.91,0.48,4.81,52.3,4.75,8.635945
2005-11-11,2005,11,11,27.1,28.04,26.58,85.97,24.482,59.746,0.27,3.48,64.2,4.4,6.1920424
2005-11-12,2005,11,12,26.23,26.85,25.6,86.49,3.413,60.502,0.38,2.82,51.2,15.37,5.7147474
2005-11-13,2005,11,13,27.21,30.1,25.43,81.53,44.237,61.349,0.49,5.35,55.5,3.82,9.610675
2005-11-14,2005,11,14,27.05,29.05,26.14,86.78,43.337,59.508,0.48,4.24,50.5,7.73,9.102305
2005-11-15,2005,11,15,27.4,29.92,25.94,84.49,4.439,60.348,0.5,2.76,42.9,6.55,9.295934
2005-11-16,2005,11,16,26.25,26.84,25.95,92.31,47.417,60.881,0.53,4.06,175.1,5.65,10.368607
2005-11-17,2005,11,17,26.45,27.18,25.95,89.65,33.197,6.199,0.37,2.55,349.5,5.84,6.992199
2005-11-18,2005,11,18,27.46,29.95,25.75,82.66,42.828,60.202,0.48,4.09,30.1,1.62,9.411088
2005-11-19,2005,11,19,27.56,30.23,26.05,78.27,43.853,59.602,0.5,5.76,38.9,0.08,10.271968
2005-11-20,2005,11,20,27.87,30.1,26.56,82.46,46.181,58.694,0.52,6.86,37.1,1.71,9.0780325
2005-11-21,2005,11,21,27.31,28.7,26.08,86.27,31.877,56.136,0.36,5.8,49.0,7.34,8.573876
2005-11-22,2005,11,22,26.55,27.44,25.93,86.19,18.132,57.965,0.21,5.36,25.7,36.51,3.0863757
2005-11-23,2005,11,23,26.88,29.57,25.08,77.95,34.716,57.072,0.4,2.23,338.1,7.25,8.271928
2005-11-24,2005,11,24,26.63,29.17,24.85,80.76,3.887,59.551,0.44,2.33,27.7,16.79,8.222604
2005-11-25,2005,11,25,27.39,30.0,25.57,81.41,52.015,5.928,0.59,4.87,34.6,3.36,10.0135975
2005-11-26,2005,11,26,28.16,31.39,26.18,79.47,50.683,59.458,0.58,5.15,47.6,7.9,9.719454
2005-11-27,2005,11,27,27.96,30.66,25.95,77.31,51.456,60.797,0.59,5.98,48.5,0.0,9.685778
2005-11-28,2005,11,28,27.96,31.17,25.75,75.87,54.103,60.924,0.62,5.24,52.8,0.0,10.209669
2005-11-29,2005,11,29,27.71,30.46,26.33,74.53,57.792,6.089,0.67,6.39,42.5,0.0,10.2198715
2005-11-30,2005,11,30,27.67,30.59,25.94,75.54,57.686,60.931,0.67,5.86,41.4,0.0,10.162379
2005-12-01,2005,12,1,27.34,29.92,25.91,75.78,5.851,60.622,0.68,5.95,34.6,0.0,9.939967
2005-12-02,2005,12,2,27.53,30.15,26.05,75.11,55.896,59.556,0.65,6.66,41.0,0.0,10.012318
2005-12-03,2005,12,3,27.81,30.63,25.92,74.47,56.618,59.227,0.66,6.68,49.1,0.0,9.587241
2005-12-04,2005,12,4,27.7,30.39,26.03,75.51,52.198,57.996,0.61,7.52,43.5,0.0,9.277572
2005-12-05,2005,12,5,27.61,30.18,26.1,77.7,4.668,56.914,0.54,7.41,44.0,0.21,9.155507
2005-12-07,2005,12,7,27.6,29.98,26.1,76.3,52.142,59.938,0.61,7.37,47.2,0.03,9.3598795
2005-12-08,2005,12,8,27.85,30.41,26.29,74.89,53.923,60.744,0.63,8.72,52.4,0.01,8.930179
2005-12-09,2005,12,9,27.88,30.48,26.02,77.51,56.057,58.915,0.66,7.76,53.4,0.06,9.644405
2005-12-10,2005,12,10,27.91,31.35,25.79,78.8,55.709,57.746,0.65,6.5,50.0,0.04,9.500434
2005-12-11,2005,12,11,27.77,30.91,25.69,79.76,53.729,57.605,0.63,6.41,46.6,0.01,9.593188
2005-12-12,2005,12,12,27.11,28.92,25.72,84.7,47.731,56.102,0.56,5.65,42.0,0.0,8.2608795
2005-12-13,2005,12,13,27.18,29.72,25.87,80.25,4.519,57.509,0.53,7.33,41.2,0.0,8.407539
2005-12-14,2005,12,14,27.27,30.18,25.25,74.99,53.573,60.982,0.63,6.59,47.4,0.0,10.015061
2005-12-15,2005,12,15,27.12,30.23,24.99,76.58,52.358,60.094,0.62,5.39,46.8,0.0,9.807651
2005-12-16,2005,12,16,27.05,30.09,24.79,76.49,57.818,59.261,0.68,5.99,46.7,0.0,10.457661
2005-12-17,2005,12,17,27.19,29.99,24.96,73.41,5.863,60.125,0.69,7.78,48.0,0.0,10.147318
2005-12-18,2005,12,18,27.43,30.63,25.53,73.34,57.854,59.671,0.68,7.94,48.1,0.0,10.103412
2005-12-19,2005,12,19,27.08,30.01,25.29,74.54,57.314,60.389,0.67,7.59,42.2,0.0,9.83928
2005-12-20,2005,12,20,26.95,29.9,24.98,74.05,54.631,60.098,0.64,6.92,43.2,0.0,9.489726
2005-12-21,2005,12,21,27.15,30.62,24.77,74.47,52.634,58.342,0.62,6.0,43.3,0.0,9.2704525
2005-12-22,2005,12,22,27.4,30.87,25.36,73.41,5.089,57.038,0.6,6.26,43.8,0.0,9.702432
2005-12-23,2005,12,23,26.84,28.92,25.2,78.56,50.141,56.998,0.59,5.69,47.6,0.0,9.480284
2005-12-24,2005,12,24,27.1,30.16,25.09,79.65,51.982,57.739,0.61,5.4,47.0,0.0,9.2802925
2005-12-25,2005,12,25,27.4,31.35,25.11,80.82,48.593,56.693,0.57,3.99,48.2,0.02,9.489497
2005-12-26,2005,12,26,27.33,30.42,25.47,81.33,50.851,56.894,0.6,5.51,45.2,0.01,9.025526
2005-12-27,2005,12,27,27.28,30.46,25.35,80.24,48.468,57.821,0.57,5.69,47.4,0.0,9.658166
2005-12-28,2005,12,28,27.08,30.65,24.93,75.4,5.447,59.724,0.64,5.0,43.7,0.0,10.028496
2005-12-29,2005,12,29,27.31,31.13,24.73,74.14,56.261,60.091,0.66,5.23,40.4,0.0,9.772087
2005-12-30,2005,12,30,27.17,30.98,24.56,72.74,56.129,60.269,0.66,5.93,48.7,0.0,10.158609
2005-12-31,2005,12,31,27.43,30.52,24.84,74.9,55.627,59.618,0.65,6.9,48.1,0.0,9.75564
2006-01-01,2006,1,1,27.57,30.55,25.25,72.86,56.496,5.994,0.66,7.66,48.7,0.0,10.175989
2006-01-02,2006,1,2,27.51,30.83,25.21,74.3,57.571,60.362,0.67,6.42,46.2,0.0,10.423343
2006-01-03,2006,1,3,27.15,30.52,25.38,79.19,52.003,58.488,0.61,5.64,49.0,0.02,9.323453
2006-01-04,2006,1,4,26.65,28.99,25.52,79.36,44.273,56.618,0.51,6.6,37.2,0.11,7.988996
2006-01-05,2006,1,5,26.17,27.89,25.29,76.76,33.686,5.821,0.39,6.7,33.8,0.01,8.0682125
2006-01-06,2006,1,6,26.57,29.13,25.05,76.71,3.929,57.182,0.46,5.47,35.4,0.05,7.0986342
2006-01-08,2006,1,8,27.07,29.73,25.27,74.73,50.657,58.613,0.59,8.73,45.1,0.06,9.498957
2006-01-09,2006,1,9,27.14,30.14,25.39,71.19,59.674,61.584,0.69,9.08,47.8,0.0,10.540638
2006-01-10,2006,1,10,27.2,30.65,24.91,74.08,58.387,60.991,0.67,7.54,43.8,0.0,10.281474
2006-01-11,2006,1,11,27.22,30.68,24.59,77.22,5.67,59.494,0.65,6.07,42.3,0.0,10.343796
2006-01-12,2006,1,12,27.17,30.57,24.9,78.08,56.417,6.019,0.65,6.04,40.6,0.0,10.13379
2006-01-13,2006,1,13,27.4,31.31,24.78,79.02,58.831,60.437,0.67,6.61,39.5,0.0,10.251439
2006-01-14,2006,1,14,27.39,30.81,25.11,79.36,5.659,59.038,0.65,6.36,34.0,0.0,10.04316
2006-01-15,2006,1,15,27.43,30.65,25.95,78.15,53.854,58.111,0.61,7.83,30.1,0.0,10.073532
2006-01-16,2006,1,16,27.78,30.85,25.96,73.23,58.073,60.852,0.66,8.15,41.1,0.0,9.945676
2006-01-17,2006,1,17,27.72,31.19,25.08,75.28,54.811,6.041,0.62,6.64,50.5,0.0,10.547163
2006-01-18,2006,1,18,27.49,30.66,25.69,73.76,56.081,61.481,0.63,8.46,44.6,0.0,9.577653
2006-01-19,2006,1,19,27.36,30.61,25.44,72.73,49.769,62.911,0.56,9.4,47.8,0.0,10.209057
2006-01-20,2006,1,20,27.29,30.62,25.13,67.42,62.088,64.579,0.7,9.54,48.6,0.0,10.594534
2006-01-21,2006,1,21,27.47,31.03,25.4,72.16,62.645,63.355,0.7,8.53,47.2,0.0,11.172021
2006-01-22,2006,1,22,27.91,31.99,24.64,74.32,61.522,61.886,0.69,7.29,48.7,0.0,11.350436
2006-01-23,2006,1,23,27.59,30.16,25.42,75.13,58.788,61.025,0.66,8.03,49.9,0.0,10.891698
2006-01-24,2006,1,24,27.33,29.4,25.53,75.6,57.134,61.656,0.64,7.39,47.0,0.0,10.701582
2006-01-25,2006,1,25,27.27,29.86,25.34,78.84,56.177,61.524,0.62,6.9,43.9,0.0,10.834662
2006-01-26,2006,1,26,27.49,30.69,25.33,80.06,57.698,60.679,0.64,7.99,36.3,0.01,10.957276
2006-01-27,2006,1,27,27.42,29.81,26.04,79.35,52.224,59.882,0.58,9.27,40.9,0.02,9.6591835
2006-01-28,2006,1,28,27.44,30.2,25.79,74.27,49.927,61.829,0.55,10.18,47.0,0.0,10.357194
2006-01-29,2006,1,29,27.33,30.37,25.61,74.4,44.503,60.756,0.49,8.96,45.4,0.0,9.792785
2006-01-30,2006,1,30,27.52,30.96,25.15,73.78,58.404,62.998,0.64,8.27,49.5,0.0,11.098943
2006-01-31,2006,1,31,27.11,30.42,25.07,75.45,57.689,62.995,0.63,7.93,37.3,0.0,11.53861
2006-02-01,2006,2,1,26.7,29.47,24.93,76.69,48.737,63.038,0.53,7.37,40.9,0.08,8.944315
2006-02-02,2006,2,2,26.93,30.08,24.59,78.35,48.022,59.758,0.52,6.16,44.0,0.01,9.961708
2006-02-03,2006,2,3,27.33,30.73,25.08,79.91,43.985,58.262,0.48,4.77,43.3,0.0,8.484665
2006-02-04,2006,2,4,27.27,29.95,25.27,80.78,4.739,5.911,0.51,3.33,43.7,0.61,10.108071
2006-02-05,2006,2,5,27.29,30.53,25.62,74.83,51.233,6.217,0.55,7.18,35.8,0.67,10.244482
2006-02-06,2006,2,6,27.48,30.94,25.44,70.86,61.358,66.758,0.66,8.1,45.0,0.03,12.234463
2006-02-07,2006,2,7,27.45,31.09,25.0,70.34,63.233,66.751,0.68,7.35,38.3,0.0,11.759128
2006-02-09,2006,2,9,27.29,30.64,25.55,71.12,61.632,6.529,0.66,8.15,35.4,0.0,11.929331
2006-02-10,2006,2,10,27.59,31.22,25.33,69.92,66.439,66.907,0.7,8.37,40.4,0.0,12.434745
2006-02-11,2006,2,11,27.51,31.64,24.66,70.38,63.806,64.973,0.67,7.47,42.0,0.0,12.418566
2006-02-12,2006,2,12,27.58,31.68,25.05,73.14,56.923,63.382,0.6,5.82,34.2,0.0,11.877457
2006-02-13,2006,2,13,27.04,29.41,25.67,74.32,49.889,62.875,0.52,8.98,25.7,0.0,11.549792
2006-02-14,2006,2,14,27.31,30.47,25.46,70.23,61.277,6.817,0.64,10.04,41.6,0.0,12.774954
2006-02-15,2006,2,15,27.19,30.41,25.16,70.95,65.486,68.527,0.68,10.9,48.9,0.15,13.011948
2006-02-16,2006,2,16,27.13,30.39,24.9,72.0,67.104,68.177,0.7,8.9,42.3,0.02,13.077055
2006-02-17,2006,2,17,27.26,30.93,25.04,73.15,65.474,66.934,0.68,8.52,38.6,0.02,12.645441
2006-02-18,2006,2,18,26.89,30.19,24.88,72.7,63.881,67.661,0.66,9.38,37.2,0.05,12.423124
2006-02-19,2006,2,19,26.66,29.55,24.65,68.72,6.779,69.619,0.7,9.72,37.8,0.54,12.7354145
2006-02-20,2006,2,20,26.75,30.16,24.09,66.05,69.814,71.174,0.72,9.63,44.7,0.98,13.031418
2006-02-21,2006,2,21,26.9,30.31,24.4,71.7,66.079,6.917,0.68,9.53,45.8,0.0,12.509735
2006-02-22,2006,2,22,27.22,30.43,24.81,70.45,63.574,67.536,0.65,9.53,47.1,0.0,12.746365
2006-02-23,2006,2,23,27.43,31.06,25.04,68.89,67.553,67.978,0.69,9.2,45.9,0.0,13.483398
2006-02-24,2006,2,24,27.4,31.29,24.48,64.82,69.166,69.742,0.71,9.77,46.0,0.0,13.652677
2006-02-25,2006,2,25,26.74,30.12,24.38,69.89,6.985,70.692,0.71,9.97,44.8,0.1,13.693316
2006-02-26,2006,2,26,27.08,31.64,24.15,70.42,66.043,68.681,0.67,7.29,39.5,0.0,13.036897
2006-02-27,2006,2,27,26.29,29.09,24.69,76.79,50.282,63.607,0.51,9.78,31.0,0.58,11.565032
2006-03-03,2006,3,3,27.19,30.39,25.4,76.72,5.526,6.373,0.55,7.24,34.2,0.0,12.880431
2006-03-04,2006,3,4,26.84,29.63,25.09,78.9,51.029,6.419,0.51,8.42,29.0,0.0,12.69588
2006-03-05,2006,3,5,26.97,29.94,25.46,76.7,60.322,67.867,0.6,9.62,32.0,0.0,12.652673
2006-03-06,2006,3,6,26.97,29.69,25.41,73.78,59.678,67.678,0.59,9.3,36.3,0.0,12.33185
2006-03-07,2006,3,7,26.61,29.24,25.13,77.78,47.354,68.186,0.47,8.51,32.6,0.2,10.190987
2006-03-08,2006,3,8,26.31,28.9,24.9,75.78,53.695,67.006,0.53,9.17,31.5,0.34,12.232924
2006-03-09,2006,3,9,26.52,28.88,24.84,75.65,61.366,68.448,0.61,8.62,39.5,0.5,11.796056
2006-03-10,2006,3,10,27.3,30.41,24.82,71.98,63.691,69.242,0.63,9.12,45.1,0.01,12.539389
2006-03-11,2006,3,11,27.61,31.26,25.11,69.75,64.932,70.126,0.64,8.84,44.3,0.15,13.120404
2006-03-12,2006,3,12,27.4,30.85,25.15,69.42,67.205,72.648,0.66,9.24,44.3,0.32,13.05501
2006-03-13,2006,3,13,27.11,30.79,24.7,69.95,70.483,72.228,0.69,8.28,40.8,0.22,13.4988985
2006-03-14,2006,3,14,27.06,31.03,24.2,71.31,68.496,72.365,0.67,7.78,39.4,0.41,13.014405
2006-03-15,2006,3,15,27.02,30.48,24.24,73.93,66.506,70.238,0.65,8.4,35.8,0.05,12.754213
2006-03-16,2006,3,16,27.41,30.51,25.13,75.15,65.196,68.669,0.64,9.47,38.0,0.09,12.380209
2006-03-17,2006,3,17,27.27,30.31,25.5,74.11,56.774,66.617,0.55,9.5,38.1,0.0,11.9842
2006-03-18,2006,3,18,26.98,30.6,25.06,71.97,57.286,68.899,0.56,8.3,35.4,0.0,12.329509
2006-03-19,2006,3,19,27.03,30.48,24.76,72.55,6.899,71.194,0.67,8.46,34.3,0.0,13.510012
2006-03-20,2006,3,20,27.45,30.86,25.15,73.48,65.801,69.929,0.64,8.44,40.6,0.0,13.26174
2006-03-21,2006,3,21,27.21,30.11,25.41,75.61,58.529,66.648,0.57,7.43,41.2,0.0,12.643695
2006-03-22,2006,3,22,26.79,29.29,25.07,79.66,50.167,63.168,0.49,7.28,42.0,0.02,11.888941
2006-03-23,2006,3,23,26.59,28.63,25.18,83.37,3.979,63.178,0.38,5.88,36.3,0.14,9.752034
2006-03-24,2006,3,24,26.67,29.12,25.23,83.35,38.491,66.175,0.37,4.8,39.9,0.06,5.5951686
2006-03-25,2006,3,25,26.61,29.35,25.16,81.4,45.953,67.308,0.44,6.66,30.8,0.04,10.3940325
2006-03-26,2006,3,26,26.47,28.84,25.01,80.37,42.766,65.489,0.41,7.63,31.9,0.02,10.417536
2006-03-27,2006,3,27,26.59,28.99,25.21,83.55,56.009,68.275,0.54,8.1,34.6,0.02,11.160112
2006-03-28,2006,3,28,26.74,28.34,25.72,84.23,50.988,67.824,0.49,7.06,38.0,0.01,11.387798
2006-03-29,2006,3,29,27.59,30.38,25.52,77.58,68.606,70.291,0.66,7.64,38.8,0.0,13.827728
2006-03-30,2006,3,30,27.89,31.62,25.67,71.35,61.116,69.794,0.59,7.86,38.4,0.0,12.403593
2006-03-31,2006,3,31,27.74,31.74,25.5,72.66,47.719,68.016,0.46,7.8,37.8,0.01,11.690553
2006-04-01,2006,4,1,27.39,30.82,25.36,73.9,59.674,68.405,0.57,8.54,36.3,0.02,12.881192
2006-04-02,2006,4,2,27.06,30.33,25.16,73.82,58.939,6.749,0.56,8.08,32.1,0.0,13.781162
2006-04-03,2006,4,3,27.05,29.94,25.43,74.27,55.476,67.673,0.53,7.69,35.1,0.0,12.533781
2006-04-04,2006,4,4,26.98,30.25,25.09,75.05,6.421,68.726,0.61,7.69,32.1,0.01,13.711026
2006-04-05,2006,4,5,26.38,29.1,24.97,81.53,42.394,68.114,0.4,5.92,35.4,0.11,12.043398
2006-04-06,2006,4,6,26.84,29.85,24.76,79.85,53.122,6.863,0.51,7.05,31.9,0.02,11.72117
2006-04-07,2006,4,7,27.11,29.8,25.21,77.74,49.056,67.718,0.47,7.69,39.7,0.0,12.031261
2006-04-08,2006,4,8,27.86,31.03,25.46,76.85,53.904,66.746,0.51,6.4,42.2,0.0,11.595089
2006-04-09,2006,4,9,27.02,28.98,25.76,82.06,40.747,6.799,0.39,4.95,40.8,0.0,10.053529
2006-04-10,2006,4,10,27.59,30.92,25.38,78.2,50.294,70.656,0.48,5.93,37.5,0.04,12.236968
2006-04-11,2006,4,11,27.64,31.01,25.51,75.68,60.005,7.188,0.57,7.14,30.3,0.59,13.256508
2006-04-12,2006,4,12,27.05,29.31,25.53,77.1,52.171,71.107,0.5,6.76,21.2,2.96,11.931875
2006-04-14,2006,4,14,26.78,29.83,24.45,70.63,58.697,71.974,0.56,3.59,352.8,0.86,12.511388
2006-04-15,2006,4,15,27.04,30.17,24.9,72.28,56.705,71.302,0.54,4.5,14.0,0.17,11.58076
2006-04-16,2006,4,16,27.41,30.43,25.23,77.89,58.402,70.642,0.56,6.35,33.7,1.09,13.6310835
2006-04-17,2006,4,17,28.18,31.56,26.25,77.22,61.174,69.298,0.58,6.83,38.5,0.59,12.613222
2006-04-18,2006,4,18,28.21,31.49,26.17,77.9,50.587,68.129,0.48,5.08,39.4,3.93,10.119179
2006-04-19,2006,4,19,27.34,29.64,25.98,84.58,53.388,69.326,0.51,4.28,40.3,2.11,11.047896
2006-04-20,2006,4,20,27.9,31.01,26.01,83.03,61.483,70.147,0.58,5.58,37.5,1.09,13.408261
2006-04-21,2006,4,21,28.86,32.76,26.51,79.28,64.555,71.434,0.61,6.33,36.5,0.0,13.662615
2006-04-22,2006,4,22,29.09,32.55,26.55,75.31,69.218,7.206,0.66,7.2,40.7,0.0,13.53993
2006-04-23,2006,4,23,28.81,32.44,26.67,73.2,58.553,69.446,0.56,7.14,39.4,0.03,12.331089
2006-04-24,2006,4,24,28.2,31.26,26.28,74.44,55.939,69.223,0.53,6.2,44.1,0.0,10.0114155
2006-04-25,2006,4,25,28.37,32.19,26.19,74.67,5.724,68.621,0.54,6.07,39.3,0.0,12.549321
2006-04-26,2006,4,26,27.31,28.76,26.42,79.94,32.609,69.005,0.31,6.0,46.2,0.66,7.043942
2006-04-27,2006,4,27,27.54,30.01,25.97,80.74,44.222,70.447,0.42,4.5,38.2,0.36,9.145819
2006-04-28,2006,4,28,27.84,30.74,26.1,77.06,49.666,70.956,0.47,7.14,33.9,0.36,10.673957
2006-04-29,2006,4,29,27.73,30.66,26.01,74.14,5.683,7.187,0.54,7.43,32.7,0.01,11.856369
2006-04-30,2006,4,30,27.52,30.2,26.1,75.02,5.249,71.266,0.5,6.95,31.7,0.05,10.655236
2006-05-01,2006,5,1,27.97,30.81,25.99,74.08,56.213,70.894,0.54,7.2,32.4,0.57,11.777951
2006-05-02,2006,5,2,27.57,29.49,26.44,77.61,3.654,68.506,0.35,6.68,35.6,0.67,9.639972
2006-05-03,2006,5,3,27.32,29.36,26.0,83.51,53.196,6.744,0.51,6.99,36.9,2.32,10.715707
2006-05-04,2006,5,4,27.58,29.87,26.02,82.79,48.722,69.653,0.46,6.93,35.1,0.77,11.444127
2006-05-05,2006,5,5,27.47,29.43,26.4,82.96,35.558,69.115,0.34,7.35,40.0,2.08,7.4025326
2006-05-06,2006,5,6,27.29,29.12,26.26,83.86,46.985,69.014,0.45,5.39,42.7,2.23,10.801627
2006-05-07,2006,5,7,27.21,29.59,25.78,85.09,5.55,71.114,0.53,5.47,41.7,2.63,11.517418
2006-05-08,2006,5,8,27.4,29.93,26.0,85.24,42.298,7.085,0.4,4.77,42.7,1.74,8.780678
2006-05-09,2006,5,9,27.58,29.96,26.01,82.9,52.147,69.775,0.5,4.19,50.3,0.9,12.227088
2006-05-10,2006,5,10,27.44,29.67,26.11,84.22,40.188,70.426,0.38,3.87,38.2,1.45,6.511534
2006-05-11,2006,5,11,28.22,31.27,26.13,81.05,54.641,70.987,0.52,4.5,25.1,3.25,11.378667
2006-05-12,2006,5,12,28.08,30.89,26.47,81.19,57.605,70.522,0.55,5.0,19.9,3.38,11.521426
2006-05-13,2006,5,13,28.01,30.28,26.49,82.45,59.112,70.956,0.57,4.99,30.2,2.62,11.824336
2006-05-14,2006,5,14,27.86,30.04,26.41,85.14,64.466,71.846,0.62,4.58,33.2,2.83,12.665666
2006-05-15,2006,5,15,28.93,31.39,27.07,83.62,6.673,71.623,0.64,4.53,49.7,4.21,13.255048
2006-05-16,2006,5,16,28.46,31.61,26.76,83.62,44.251,68.335,0.42,2.41,61.9,4.22,10.005078
2006-05-17,2006,5,17,26.87,28.07,26.16,87.52,46.939,71.165,0.45,3.45,283.7,5.26,10.831891
2006-05-18,2006,5,18,27.83,30.39,25.69,79.47,58.291,71.148,0.56,2.36,328.8,2.07,12.2441
2006-05-19,2006,5,19,28.15,30.65,26.38,83.37,5.365,70.728,0.52,2.58,25.9,4.03,10.3474245
2006-05-20,2006,5,20,28.79,31.66,26.8,81.54,65.215,71.736,0.63,3.71,30.1,10.16,11.903225
2006-05-21,2006,5,21,29.15,32.65,26.46,72.87,6.912,73.442,0.67,6.5,41.6,0.06,10.776439
2006-05-22,2006,5,22,29.52,33.54,26.39,72.83,70.711,73.834,0.68,4.77,47.2,0.0,11.933077
2006-05-23,2006,5,23,29.77,33.82,26.9,75.7,71.215,73.382,0.69,4.32,51.9,0.0,12.5868635
2006-05-24,2006,5,24,29.13,32.54,27.14,78.01,61.946,70.512,0.6,4.84,47.1,0.01,11.401551
2006-05-25,2006,5,25,29.42,32.91,26.88,73.08,59.018,70.601,0.57,6.18,43.6,0.02,11.488945
2006-05-26,2006,5,26,29.51,32.95,26.94,72.73,63.862,70.166,0.62,6.79,44.5,0.06,11.5282955
2006-05-27,2006,5,27,29.27,33.45,26.92,75.08,5.387,70.188,0.52,6.03,41.1,0.2,11.156936
2006-05-28,2006,5,28,29.15,32.68,27.11,75.65,62.414,71.352,0.6,5.99,37.5,0.49,11.141842
2006-05-29,2006,5,29,28.41,30.52,27.18,79.1,36.946,71.621,0.36,5.42,37.5,0.38,8.185096
2006-05-30,2006,5,30,28.61,31.07,26.91,78.03,66.554,71.462,0.64,4.6,41.2,0.14,12.460443
2006-05-31,2006,5,31,28.8,31.18,27.14,78.28,5.821,70.922,0.56,5.53,39.7,1.03,10.365191
2006-06-01,2006,6,1,28.54,31.03,27.28,81.2,22.034,69.739,0.21,4.33,60.9,2.95,3.6252053
2006-06-02,2006,6,2,27.62,29.18,26.41,84.88,32.376,70.766,0.31,2.76,20.9,7.86,7.102295
2006-06-03,2006,6,3,28.01,30.6,26.37,83.16,55.392,69.996,0.54,2.6,21.4,6.84,11.38277
2006-06-04,2006,6,4,27.53,29.44,26.32,85.63,51.494,70.402,0.5,2.86,15.9,5.15,9.863307
2006-06-05,2006,6,5,27.44,29.47,26.43,86.27,43.474,70.603,0.42,4.55,83.7,6.39,9.451467
2006-06-06,2006,6,6,27.85,30.69,25.87,78.86,50.172,70.109,0.49,1.8,303.7,3.45,9.273183
2006-06-07,2006,6,7,26.91,28.68,25.21,84.04,36.528,7.063,0.35,3.21,263.3,5.02,8.538939
2006-06-08,2006,6,8,26.67,29.52,24.82,83.05,49.294,70.135,0.48,2.52,277.6,5.05,11.319958
2006-06-09,2006,6,9,27.68,29.89,25.84,84.67,52.075,7.109,0.51,2.64,349.8,10.58,9.920658
2006-06-10,2006,6,10,28.04,30.68,26.39,83.98,51.974,69.703,0.51,3.16,3.4,7.7,10.024493
2006-06-11,2006,6,11,27.4,28.51,26.38,87.07,54.905,70.435,0.53,3.1,23.9,8.44,10.541976
2006-06-12,2006,6,12,29.28,32.99,27.02,75.9,61.238,71.378,0.6,4.6,44.0,2.42,11.131207
2006-06-13,2006,6,13,29.45,32.92,26.84,76.37,69.156,71.354,0.67,5.65,53.9,1.16,11.55041
2006-06-14,2006,6,14,29.0,31.99,27.49,80.74,51.871,68.282,0.5,3.33,48.1,1.9,11.66219
2006-06-15,2006,6,15,28.61,30.92,26.69,79.83,53.885,6.912,0.52,4.15,67.3,0.99,9.656778
2006-06-17,2006,6,17,29.08,32.52,26.73,75.49,62.957,70.858,0.61,6.17,40.9,0.3,11.395865
2006-06-18,2006,6,18,28.51,30.69,27.16,81.88,55.051,68.688,0.54,4.94,44.7,0.49,9.829402
2006-06-19,2006,6,19,28.77,31.22,26.88,82.51,59.472,69.511,0.58,4.85,43.3,0.7,11.433708
2006-06-20,2006,6,20,28.87,31.62,27.17,80.97,55.099,69.742,0.54,6.04,40.4,2.13,10.025421
2006-06-21,2006,6,21,28.43,30.57,27.01,83.67,37.097,6.821,0.36,3.23,44.2,2.88,8.671904
2006-06-22,2006,6,22,28.86,31.68,26.9,81.23,6.414,69.662,0.63,4.06,39.4,2.27,11.503697
2006-06-23,2006,6,23,28.89,32.14,26.79,80.43,55.968,69.955,0.55,4.99,47.9,2.12,10.836662
2006-06-24,2006,6,24,28.42,30.9,26.54,83.24,60.478,7.002,0.59,3.83,37.4,8.71,11.928493
2006-06-25,2006,6,25,29.11,31.75,27.54,81.86,6.306,71.474,0.61,2.25,31.6,5.38,11.288272
2006-06-26,2006,6,26,29.26,31.33,27.67,81.05,57.888,70.406,0.56,4.32,50.5,2.0,10.091459
2006-06-27,2006,6,27,29.65,33.16,27.3,77.67,66.281,70.939,0.65,5.71,48.3,1.18,11.297195
2006-06-28,2006,6,28,29.14,32.03,27.45,80.24,58.728,69.768,0.57,5.95,46.3,2.69,10.879224
2006-06-29,2006,6,29,29.28,32.25,27.6,79.39,69.094,72.036,0.67,6.6,45.2,1.17,11.646917
2006-06-30,2006,6,30,29.76,33.1,27.37,77.77,69.286,7.229,0.68,5.96,43.8,0.01,12.486292
2006-07-01,2006,7,1,30.04,33.52,27.83,77.04,69.586,71.914,0.68,6.06,49.0,0.0,12.2820215
2006-07-02,2006,7,2,29.68,32.59,27.8,78.72,66.619,72.026,0.65,6.15,51.2,0.0,11.632116
2006-07-03,2006,7,3,29.16,30.92,27.82,81.38,64.766,70.999,0.63,5.18,51.5,0.0,11.9308405
2006-07-04,2006,7,4,29.14,31.51,27.63,79.98,50.969,70.318,0.5,3.3,64.0,0.24,9.092002
2006-07-05,2006,7,5,28.09,30.49,26.73,84.08,41.318,67.042,0.4,2.56,354.2,0.8,9.912634
2006-07-06,2006,7,6,28.93,31.74,26.89,77.16,59.016,71.095,0.58,5.84,52.0,0.28,10.822986
2006-07-07,2006,7,7,29.26,32.85,26.95,75.63,64.111,70.358,0.62,6.28,49.3,0.43,11.401924
2006-07-08,2006,7,8,28.24,30.95,26.75,82.01,4.175,67.332,0.41,5.34,50.3,2.38,9.548362
2006-07-09,2006,7,9,28.6,31.52,26.71,80.93,57.727,69.886,0.56,5.65,45.2,0.88,11.052983
2006-07-10,2006,7,10,28.83,31.96,26.68,79.83,65.832,71.302,0.64,5.74,43.7,0.45,11.576081
2006-07-11,2006,7,11,28.54,30.8,26.78,81.74,6.318,70.351,0.61,5.86,53.5,0.54,10.723429
2006-07-12,2006,7,12,28.81,31.63,27.02,78.48,57.641,69.468,0.56,6.88,50.9,0.13,10.626051
2006-07-13,2006,7,13,28.53,31.05,27.07,79.13,52.291,69.521,0.51,7.04,48.9,0.14,10.175584
2006-07-14,2006,7,14,27.35,28.07,26.78,86.92,2.856,67.778,0.28,4.57,50.7,0.3,9.347516
2006-07-15,2006,7,15,28.29,31.14,26.66,84.15,48.106,67.853,0.47,4.42,43.9,1.19,8.629584
2006-07-16,2006,7,16,28.52,31.49,26.8,81.71,42.492,67.202,0.41,5.85,50.1,1.55,8.6303625
2006-07-17,2006,7,17,28.36,31.08,26.83,81.7,47.242,68.508,0.46,5.11,46.6,0.98,7.0060573
2006-07-19,2006,7,19,28.49,31.38,26.54,81.96,60.557,69.235,0.59,3.02,49.9,1.33,11.72259
2006-07-20,2006,7,20,28.74,31.69,27.21,80.96,5.424,70.495,0.53,3.76,42.2,2.44,10.521534
2006-07-21,2006,7,21,28.41,30.83,26.79,79.26,66.619,71.311,0.65,5.79,47.6,0.24,11.166878
2006-07-22,2006,7,22,28.63,31.6,26.4,76.1,45.269,68.959,0.44,6.02,45.6,1.38,7.4473763
2006-07-23,2006,7,23,28.85,31.52,26.88,79.27,42.792,6.761,0.41,5.02,49.0,1.4,8.671478
2006-07-24,2006,7,24,28.56,31.35,26.56,77.08,6.913,70.745,0.67,7.75,48.8,0.36,11.904405
2006-07-25,2006,7,25,28.34,31.27,26.1,76.8,66.535,70.603,0.64,7.85,45.2,0.49,11.700411
2006-07-26,2006,7,26,28.14,31.43,26.17,78.56,56.998,68.448,0.55,5.82,46.9,0.4,10.85183
2006-07-27,2006,7,27,26.72,29.61,23.82,81.32,34.704,68.597,0.34,2.23,68.4,1.3,6.9096937
2006-07-28,2006,7,28,27.08,30.09,23.77,83.16,47.016,68.885,0.46,3.47,40.5,3.68,9.504829
2006-07-29,2006,7,29,27.06,29.45,25.53,85.48,60.934,70.236,0.59,3.79,43.2,5.72,10.5955515
2006-07-30,2006,7,30,27.16,29.04,25.86,85.64,63.521,7.117,0.61,3.24,29.9,1.9,11.573417
2006-07-31,2006,7,31,27.59,30.22,25.97,82.83,58.147,72.214,0.56,3.29,56.0,0.98,9.939762
2006-08-01,2006,8,1,29.14,32.64,26.86,78.92,69.617,72.108,0.67,5.35,42.5,0.29,11.829325
2006-08-02,2006,8,2,29.31,33.62,26.4,77.66,64.202,72.211,0.62,4.11,40.6,0.19,11.780206
2006-08-03,2006,8,3,29.22,33.1,26.9,78.76,6.408,70.814,0.62,4.0,41.8,0.2,11.1385765
2006-08-04,2006,8,4,29.26,32.81,27.3,76.74,58.435,70.709,0.56,5.4,33.0,0.32,10.48728
2006-08-05,2006,8,5,29.03,32.68,26.58,77.9,7.003,71.546,0.68,5.53,44.4,0.33,11.855493
2006-08-06,2006,8,6,29.42,32.95,27.43,75.23,68.657,71.964,0.66,6.9,39.8,0.26,12.00901
2006-08-07,2006,8,7,29.28,32.8,27.3,73.18,48.331,71.057,0.47,6.83,42.2,0.09,9.521354
2006-08-08,2006,8,8,29.13,32.72,26.98,75.64,67.157,72.149,0.65,6.55,44.0,0.45,11.433487
2006-08-09,2006,8,9,28.21,30.09,26.6,81.89,36.427,71.117,0.35,4.69,51.3,0.19,9.03431
2006-08-10,2006,8,10,29.06,32.17,26.98,79.83,64.824,7.145,0.63,5.95,41.0,0.05,11.855902
2006-08-11,2006,8,11,28.97,32.06,27.22,81.1,50.846,70.771,0.49,4.25,38.2,0.07,10.580736
2006-08-12,2006,8,12,29.03,32.68,26.66,77.52,67.174,70.526,0.65,4.59,62.0,0.07,11.743063
2006-08-13,2006,8,13,29.44,33.17,27.04,75.54,6.755,7.123,0.65,7.05,43.1,0.15,11.858002
2006-08-14,2006,8,14,29.24,32.21,27.27,75.09,65.539,71.695,0.63,7.68,40.0,1.38,11.20335
2006-08-15,2006,8,15,28.8,31.59,27.41,81.6,49.735,69.624,0.48,6.22,35.5,4.41,8.485017
2006-08-16,2006,8,16,28.42,30.99,27.07,83.24,52.421,69.802,0.51,4.95,42.5,4.8,9.932041
2006-08-17,2006,8,17,28.08,30.58,26.84,87.34,37.337,69.355,0.36,3.57,42.3,9.75,7.069703
2006-08-18,2006,8,18,27.58,29.7,26.51,85.97,30.703,6.965,0.3,4.21,40.8,14.87,8.415129
2006-08-20,2006,8,20,28.59,31.73,26.98,81.44,6.511,71.206,0.63,4.61,50.2,1.74,12.692995
2006-08-21,2006,8,21,29.58,32.49,27.5,79.47,55.265,70.812,0.53,4.95,53.4,2.78,10.761539
2006-08-22,2006,8,22,29.31,32.06,27.51,79.39,60.559,70.824,0.58,6.13,48.8,2.36,11.110011
2006-08-23,2006,8,23,29.2,32.47,27.21,78.92,61.013,73.255,0.59,5.92,46.2,2.23,11.185864
2006-08-24,2006,8,24,28.68,30.91,27.4,82.63,43.524,67.954,0.42,4.26,53.5,3.62,10.224463
2006-08-25,2006,8,25,28.33,30.7,27.2,83.7,42.314,6.815,0.41,5.06,48.6,14.35,6.654702
2006-08-26,2006,8,26,27.15,28.62,25.69,81.83,43.068,70.231,0.42,2.51,190.5,10.16,10.319733
2006-08-27,2006,8,27,27.67,30.67,25.7,79.79,54.002,7.045,0.52,2.41,227.8,5.78,11.297303
2006-08-28,2006,8,28,27.89,30.32,26.31,83.96,60.425,70.879,0.58,2.9,12.5,1.36,10.682234
2006-08-29,2006,8,29,29.13,32.23,27.0,79.6,58.682,71.162,0.57,4.06,39.7,0.37,12.384597
2006-08-30,2006,8,30,28.87,31.17,27.56,82.84,49.056,69.926,0.47,3.94,46.1,1.33,9.494224
2006-08-31,2006,8,31,28.64,30.41,27.14,83.03,60.787,70.234,0.59,2.61,42.8,1.7,12.449774
2006-09-01,2006,9,1,28.97,31.51,27.39,80.41,47.198,70.334,0.46,5.44,42.5,0.8,8.629599
2006-09-02,2006,9,2,28.66,31.23,27.07,79.52,48.048,69.403,0.46,4.95,48.6,2.89,9.895054
2006-09-03,2006,9,3,28.79,31.79,27.11,77.52,57.614,72.574,0.56,5.17,41.7,1.19,11.477402
2006-09-04,2006,9,4,28.37,30.61,26.72,80.49,56.086,71.318,0.54,3.78,39.2,1.23,10.852445
2006-09-05,2006,9,5,28.2,30.68,26.4,81.53,60.842,70.459,0.59,4.46,36.5,0.4,12.035032
2006-09-06,2006,9,6,28.14,30.4,26.96,83.18,58.822,70.826,0.57,2.6,35.2,2.22,11.972683
2006-09-07,2006,9,7,27.49,29.77,26.11,81.57,46.555,68.623,0.45,2.24,16.1,1.98,7.488849
2006-09-08,2006,9,8,27.65,30.29,26.02,82.86,50.213,70.901,0.49,2.17,8.5,13.33,10.7896185
2006-09-09,2006,9,9,27.26,28.92,26.12,84.77,65.777,70.526,0.64,2.55,36.5,7.1,12.72051
2006-09-10,2006,9,10,28.22,30.71,26.64,85.27,59.201,71.542,0.58,4.04,29.7,6.16,10.680608
2006-09-11,2006,9,11,28.76,31.58,27.19,83.97,55.409,70.054,0.54,4.31,37.1,4.94,10.873817
2006-09-12,2006,9,12,28.19,29.99,27.2,85.56,57.713,70.738,0.56,2.75,37.3,4.9,10.62169
2006-09-13,2006,9,13,27.68,29.33,26.88,85.36,43.428,69.358,0.42,3.38,56.6,6.67,8.929497
2006-09-14,2006,9,14,28.24,30.5,26.96,84.18,49.066,69.895,0.48,4.09,38.1,7.6,9.719966
2006-09-15,2006,9,15,28.23,29.9,27.24,87.74,5.161,69.607,0.5,4.88,44.3,16.22,10.458925
2006-09-16,2006,9,16,28.64,31.28,27.05,84.86,56.777,69.557,0.56,5.25,48.1,5.38,11.822801
2006-09-17,2006,9,17,29.15,32.98,27.22,78.87,59.088,69.934,0.58,5.58,47.1,4.08,10.489463
2006-09-18,2006,9,18,28.59,31.99,26.59,80.41,46.169,6.797,0.45,2.77,40.2,0.66,10.700287
2006-09-19,2006,9,19,27.69,29.15,26.48,86.64,5.149,6.971,0.51,4.64,21.2,0.46,10.916992
2006-09-21,2006,9,21,28.56,31.09,27.04,84.02,67.236,70.774,0.66,4.73,36.1,0.51,12.76501
2006-09-22,2006,9,22,29.4,33.33,27.15,77.92,59.993,7.111,0.59,5.74,40.6,0.24,11.40772
2006-09-23,2006,9,23,29.42,32.48,27.34,76.21,67.798,72.689,0.67,6.5,41.5,0.27,12.356096
2006-09-24,2006,9,24,28.89,31.49,27.27,80.03,63.778,72.521,0.63,5.0,51.4,0.67,11.145087
2006-09-25,2006,9,25,28.35,30.93,27.01,82.54,47.599,6.661,0.47,3.19,38.3,1.14,11.946332
2006-09-26,2006,9,26,28.85,31.76,26.75,82.64,65.033,69.295,0.64,3.84,40.6,0.5,11.880541
2006-09-27,2006,9,27,29.61,33.24,27.56,78.69,69.175,70.548,0.69,5.32,37.6,0.22,12.765039
2006-09-28,2006,9,28,29.39,32.03,27.89,81.56,62.774,69.098,0.62,4.58,43.3,0.45,11.662388
2006-09-29,2006,9,29,29.24,32.01,27.54,79.8,62.347,67.992,0.62,4.94,42.9,0.71,11.5494995
2006-09-30,2006,9,30,29.24,31.56,27.86,82.27,56.878,68.386,0.57,4.8,36.5,0.61,9.97069
2006-10-01,2006,10,1,29.03,31.15,27.59,81.8,62.554,68.172,0.63,4.24,47.6,0.55,11.369124
2006-10-02,2006,10,2,29.13,31.38,27.78,81.08,59.558,68.887,0.6,5.76,43.4,0.9,11.250478
2006-10-03,2006,10,3,28.67,30.96,27.48,80.97,35.971,67.339,0.36,5.21,48.1,0.31,6.436112
2006-10-04,2006,10,4,28.29,30.15,26.87,81.65,44.738,64.937,0.45,3.46,52.2,0.13,10.127626
2006-10-05,2006,10,5,29.25,31.78,27.51,80.5,60.062,66.946,0.6,3.83,59.2,0.12,12.027889
2006-10-06,2006,10,6,29.48,31.98,27.91,81.36,67.001,69.202,0.68,4.66,49.2,0.06,12.0953865
2006-10-07,2006,10,7,29.51,32.43,27.97,82.26,55.049,66.737,0.56,3.96,43.6,1.46,11.447231
2006-10-08,2006,10,8,28.93,30.96,27.63,84.75,41.918,67.306,0.42,3.32,44.1,10.26,9.068629
2006-10-09,2006,10,9,28.65,30.79,27.19,82.71,4.027,66.487,0.41,5.15,48.0,5.71,9.09843
2006-10-10,2006,10,10,27.98,29.39,27.28,83.71,5.413,68.249,0.55,3.67,72.5,6.32,10.530575
2006-10-11,2006,10,11,28.77,31.27,27.3,81.77,3.809,65.201,0.39,2.73,21.6,6.97,8.754296
2006-10-12,2006,10,12,28.25,30.36,26.81,83.66,45.418,66.672,0.46,2.39,359.5,7.49,10.558119
2006-10-13,2006,10,13,27.95,29.13,27.32,85.98,53.131,67.202,0.54,4.41,6.9,12.68,11.041533
2006-10-14,2006,10,14,28.21,30.39,27.15,83.69,56.304,67.469,0.58,3.77,38.4,29.8,9.947675
2006-10-15,2006,10,15,27.73,30.15,26.61,83.16,51.348,66.374,0.53,2.28,337.1,34.56,10.914657
2006-10-16,2006,10,16,26.35,27.12,25.9,89.64,43.224,66.396,0.45,3.36,277.8,15.05,8.953283
2006-10-17,2006,10,17,26.96,29.27,25.65,85.18,47.633,65.426,0.49,3.0,268.6,9.38,7.519278
2006-10-18,2006,10,18,26.4,27.63,25.68,89.09,49.685,66.434,0.52,4.04,256.3,1.99,8.711201
2006-10-19,2006,10,19,27.52,29.85,25.97,82.05,34.558,66.533,0.36,4.74,242.6,1.6,5.4280314
2006-10-20,2006,10,20,27.72,30.03,26.19,79.26,35.186,66.643,0.37,4.42,244.1,1.57,10.076268
2006-10-21,2006,10,21,27.74,30.58,25.92,78.51,61.138,66.408,0.64,2.82,266.1,1.29,11.89423
2006-10-23,2006,10,23,28.02,29.36,27.31,85.7,52.279,63.751,0.55,4.56,31.4,1.37,9.703009
2006-10-24,2006,10,24,28.5,30.11,27.64,85.46,54.254,63.149,0.57,4.91,39.6,1.61,10.606994
2006-10-25,2006,10,25,28.57,30.45,27.49,84.97,53.914,63.802,0.57,4.39,47.2,1.79,10.749759
2006-10-26,2006,10,26,28.86,31.94,27.37,82.2,47.086,64.918,0.5,5.15,44.1,8.77,9.727163
2006-10-27,2006,10,27,28.68,31.18,27.49,83.62,53.587,6.455,0.57,4.86,40.4,4.82,11.003749
2006-10-28,2006,10,28,28.52,30.35,27.37,85.28,54.504,62.227,0.58,4.33,41.5,1.74,10.25128
2006-10-29,2006,10,29,27.31,28.1,26.32,85.92,25.781,61.728,0.28,2.87,256.8,2.21,7.425893
2006-10-30,2006,10,30,27.36,28.87,26.09,90.43,51.175,6.27,0.55,3.57,14.8,7.25,11.0678
2006-10-31,2006,10,31,28.12,30.82,26.72,84.89,45.931,64.212,0.49,4.5,46.8,8.23,9.692139
2006-11-01,2006,11,1,29.17,32.26,27.28,76.59,58.414,65.861,0.63,5.49,45.8,0.49,11.328374
2006-11-02,2006,11,2,28.88,32.36,26.9,77.32,60.528,65.767,0.65,4.91,47.5,0.07,10.495722
2006-11-03,2006,11,3,29.12,32.36,27.44,77.07,62.026,64.742,0.67,6.53,42.0,0.21,11.163696
2006-11-04,2006,11,4,29.11,31.79,27.55,78.98,60.876,64.411,0.66,7.11,43.8,0.11,10.483515
2006-11-05,2006,11,5,28.81,31.04,27.5,82.58,51.245,61.872,0.56,6.81,44.6,0.68,9.90278
2006-11-06,2006,11,6,28.6,30.95,27.4,81.81,46.202,59.964,0.5,5.61,47.1,0.31,10.036661
2006-11-07,2006,11,7,28.02,29.25,27.36,83.57,43.949,60.895,0.48,5.36,49.9,1.04,8.851602
2006-11-08,2006,11,8,27.6,28.94,26.62,81.49,38.736,60.178,0.42,4.52,70.8,0.4,8.587832
2006-11-09,2006,11,9,27.95,30.75,26.28,78.33,45.326,62.796,0.5,2.51,42.2,0.32,9.41583
2006-11-10,2006,11,10,27.95,29.59,26.81,82.05,4.981,6.131,0.55,5.24,45.3,1.42,9.8759165
2006-11-11,2006,11,11,28.0,29.63,27.01,83.04,50.477,62.398,0.56,7.25,45.8,2.24,9.628313
2006-11-12,2006,11,12,28.08,30.66,26.42,80.08,34.354,59.328,0.38,6.25,42.3,3.61,6.854324
2006-11-13,2006,11,13,27.39,29.04,26.5,83.11,46.574,59.532,0.52,5.09,37.5,13.63,9.625356
2006-11-14,2006,11,14,27.21,29.37,25.94,84.25,40.109,58.889,0.45,4.61,26.0,15.58,8.535054
2006-11-15,2006,11,15,26.14,27.17,25.5,91.66,26.786,6.065,0.3,4.24,340.4,54.76,6.389408
2006-11-16,2006,11,16,25.67,26.64,25.02,91.23,52.022,61.322,0.58,4.17,248.1,30.41,10.091194
2006-11-17,2006,11,17,26.74,28.53,25.48,81.49,52.454,60.521,0.59,2.06,62.0,3.38,10.019236
2006-11-18,2006,11,18,26.86,28.31,25.95,84.95,47.928,59.782,0.54,2.29,35.1,0.96,9.353753
2006-11-19,2006,11,19,26.42,27.52,25.46,87.5,42.329,58.418,0.48,2.1,10.3,0.47,7.789466
2006-11-20,2006,11,20,27.83,29.65,26.57,86.21,38.035,58.015,0.43,2.41,24.5,2.81,8.078449
2006-11-21,2006,11,21,27.7,29.58,26.35,84.4,16.442,56.993,0.19,2.25,28.3,14.02,1.3697655
2006-11-22,2006,11,22,26.73,28.44,25.79,86.28,50.186,58.812,0.57,2.78,14.5,5.76,9.978357
2006-11-24,2006,11,24,27.47,29.05,26.48,85.79,4.105,56.935,0.47,3.17,62.9,5.23,7.1711082
2006-11-25,2006,11,25,27.43,29.28,26.43,87.28,45.235,57.394,0.52,3.78,36.4,6.23,8.903168
2006-11-26,2006,11,26,28.15,30.18,27.12,85.03,43.694,56.496,0.5,5.25,43.3,2.78,8.358334
2006-11-27,2006,11,27,27.64,28.45,27.13,87.53,43.829,55.277,0.5,5.33,48.5,0.93,8.438971
2006-11-28,2006,11,28,27.68,28.96,26.98,87.08,38.491,56.177,0.44,5.63,44.4,2.58,7.7548265
2006-11-29,2006,11,29,27.66,29.16,26.65,87.52,44.306,56.474,0.51,5.53,52.8,2.28,8.837242
2006-11-30,2006,11,30,28.03,29.92,26.52,84.76,47.837,57.926,0.55,6.04,57.1,1.12,9.171531
2006-12-01,2006,12,1,28.18,30.3,26.83,81.23,52.224,59.093,0.6,7.86,53.0,1.97,9.531083
2006-12-02,2006,12,2,28.44,31.19,26.94,78.15,56.815,60.754,0.66,8.45,49.0,0.28,9.566215
2006-12-03,2006,12,3,28.03,30.31,26.65,78.56,52.517,60.031,0.61,8.82,50.1,0.07,9.355578
2006-12-04,2006,12,4,27.63,30.03,26.4,73.57,55.615,60.562,0.65,7.91,44.8,0.0,9.421523
2006-12-05,2006,12,5,27.42,30.03,25.94,76.02,5.76,60.367,0.67,6.71,40.7,0.0,9.864874
2006-12-06,2006,12,6,27.9,30.89,26.12,79.82,56.873,58.834,0.66,6.5,41.0,0.02,9.4002905
2006-12-07,2006,12,7,28.2,31.01,26.64,83.91,49.932,56.808,0.58,6.04,43.5,0.02,9.086124
2006-12-08,2006,12,8,27.81,29.59,26.65,85.28,4.871,57.214,0.57,5.7,46.1,0.01,7.9339786
2006-12-09,2006,12,9,28.29,30.69,26.73,82.3,49.253,5.749,0.58,7.11,44.7,0.12,9.325557
2006-12-10,2006,12,10,27.91,29.67,26.85,81.43,46.176,56.746,0.54,6.76,49.5,0.01,9.4917755
2006-12-11,2006,12,11,28.01,31.01,26.3,79.26,53.196,57.898,0.62,6.54,45.0,0.24,9.290162
2006-12-12,2006,12,12,28.13,31.21,26.7,83.14,4.691,54.816,0.55,6.07,44.9,5.26,9.305254
2006-12-13,2006,12,13,26.91,27.73,26.32,86.62,39.178,56.042,0.46,5.29,57.1,7.33,8.212026
2006-12-14,2006,12,14,27.38,30.43,25.69,76.91,47.386,58.363,0.56,5.22,52.7,0.28,8.770093
2006-12-15,2006,12,15,27.6,31.12,25.34,76.77,5.472,58.874,0.64,5.27,47.4,0.0,9.824331
2006-12-16,2006,12,16,27.74,31.38,25.5,78.85,56.765,57.972,0.67,6.03,44.7,0.27,9.820534
2006-12-17,2006,12,17,27.58,30.33,25.69,79.01,56.426,59.047,0.66,7.27,45.0,0.75,9.687661
2006-12-18,2006,12,18,27.89,31.35,26.16,76.28,57.902,59.371,0.68,6.79,42.9,0.03,9.707995
2006-12-19,2006,12,19,27.76,31.27,25.65,79.27,56.479,58.073,0.66,5.95,35.2,0.01,9.618547
2006-12-20,2006,12,20,28.19,31.8,26.07,80.25,44.006,5.663,0.52,5.65,39.2,0.02,7.069802
2006-12-21,2006,12,21,28.06,30.88,26.48,82.36,49.166,55.519,0.58,5.94,49.5,0.19,9.012009
2006-12-22,2006,12,22,27.98,30.97,25.97,81.69,53.167,56.405,0.63,6.11,50.6,1.24,8.884935
2006-12-23,2006,12,23,27.9,30.32,26.3,81.21,51.826,56.354,0.61,6.61,46.3,0.65,9.381695
2006-12-24,2006,12,24,28.11,31.35,25.92,81.19,5.585,57.478,0.66,6.74,50.7,5.83,9.510234
2006-12-26,2006,12,26,27.75,31.16,25.81,78.95,50.256,57.612,0.59,5.45,47.3,0.2,8.738234
2006-12-27,2006,12,27,27.41,29.72,26.05,81.53,44.011,5.453,0.52,5.28,44.5,0.0,8.007433
2006-12-28,2006,12,28,27.51,30.4,25.78,79.24,5.083,56.251,0.6,6.54,45.8,0.0,9.923765
2006-12-29,2006,12,29,27.71,30.69,25.49,76.4,56.078,57.715,0.66,8.02,49.2,0.0,10.044545
2006-12-30,2006,12,30,27.67,31.28,25.4,76.64,58.699,5.929,0.69,7.79,48.0,0.0,10.635416
2006-12-31,2006,12,31,27.46,31.08,25.16,76.52,5.844,59.309,0.68,7.3,46.0,0.0,10.088272
2007-01-01,2007,1,1,27.6,31.27,24.92,78.11,57.941,59.064,0.68,6.99,48.4,0.02,9.933873
2007-01-02,2007,1,2,27.76,31.28,25.65,75.73,58.529,59.635,0.68,8.63,47.9,0.01,10.086712
2007-01-03,2007,1,3,27.5,31.0,25.2,74.75,58.973,59.544,0.69,8.59,48.4,0.0,10.0553
2007-01-04,2007,1,4,27.43,31.12,24.84,73.62,58.958,59.506,0.69,7.83,49.3,0.0,10.432627
2007-01-05,2007,1,5,27.17,30.98,24.63,74.57,57.564,59.162,0.67,7.22,45.6,0.0,10.134705
2007-01-06,2007,1,6,26.79,30.17,24.37,75.35,57.701,59.959,0.67,7.68,45.9,0.0,10.444967
2007-01-07,2007,1,7,26.64,30.28,24.13,75.57,60.218,60.811,0.7,8.37,47.3,0.0,10.097299
2007-01-08,2007,1,8,26.2,29.86,23.61,76.31,60.758,60.948,0.7,7.95,44.0,0.0,10.425035
2007-01-09,2007,1,9,26.16,29.7,24.18,76.86,58.217,59.702,0.67,7.5,33.0,0.0,10.144785
2007-01-10,2007,1,10,26.18,29.15,24.42,79.05,5.725,58.963,0.66,8.75,35.8,0.0,10.196669
2007-01-11,2007,1,11,26.74,29.3,24.96,77.69,58.757,59.546,0.68,9.89,43.1,0.01,10.494603
2007-01-12,2007,1,12,26.88,29.65,25.16,76.25,57.002,60.269,0.65,10.16,44.7,0.0,10.5819235
2007-01-13,2007,1,13,27.0,30.28,25.09,75.67,59.254,60.449,0.68,9.01,42.5,0.0,10.634101
2007-01-14,2007,1,14,26.52,29.91,24.53,77.06,59.081,60.835,0.67,8.98,42.9,0.0,10.5334215
2007-01-15,2007,1,15,26.52,29.84,24.32,76.37,61.001,61.428,0.7,8.69,43.6,0.0,10.955522
2007-01-16,2007,1,16,26.39,30.06,24.02,75.92,57.845,60.773,0.66,8.49,44.4,0.0,10.5073
2007-01-17,2007,1,17,26.08,29.05,24.45,77.3,58.915,6.047,0.67,8.93,39.7,2.24,10.457113
2007-01-18,2007,1,18,25.86,28.88,23.91,76.8,58.507,6.126,0.66,9.57,41.3,0.41,10.252021
2007-01-19,2007,1,19,25.64,29.17,23.59,75.72,6.241,6.325,0.7,8.06,39.4,0.0,10.604233
2007-01-20,2007,1,20,25.5,29.1,23.37,79.47,59.801,61.714,0.67,7.37,38.8,0.0,11.029033
2007-01-21,2007,1,21,25.56,29.06,23.45,79.93,58.668,60.588,0.66,7.52,38.3,0.0,11.030404
2007-01-22,2007,1,22,26.0,29.68,23.6,76.68,60.535,61.404,0.68,7.13,41.2,0.0,11.313456
2007-01-23,2007,1,23,26.16,29.87,23.47,77.63,60.142,61.735,0.67,7.64,40.0,0.0,10.900558
2007-01-24,2007,1,24,26.43,31.01,23.56,77.08,61.865,62.561,0.69,7.18,40.0,0.0,11.398299
2007-01-25,2007,1,25,26.06,30.22,23.49,80.35,60.062,61.716,0.67,5.64,32.4,0.0,10.893998
2007-01-27,2007,1,27,26.2,29.63,24.05,79.89,47.095,58.334,0.52,6.98,32.4,0.02,9.958182
2007-01-28,2007,1,28,26.53,30.35,24.45,81.03,58.022,59.498,0.64,6.83,31.2,0.0,10.900135
2007-01-29,2007,1,29,26.38,30.08,24.2,80.06,58.416,61.262,0.64,8.02,35.1,0.03,11.292453
2007-01-30,2007,1,30,26.94,30.69,24.79,75.88,58.375,60.895,0.64,8.0,37.5,0.02,10.826167
2007-01-31,2007,1,31,26.43,30.27,24.01,77.73,61.102,63.257,0.67,7.0,35.4,0.0,11.62643
2007-02-01,2007,2,1,26.45,30.63,23.69,74.8,64.663,65.218,0.7,7.62,41.5,0.0,11.6411085
2007-02-02,2007,2,2,26.57,31.24,23.52,74.91,65.767,65.942,0.71,5.98,45.8,0.0,11.882898
2007-02-03,2007,2,3,26.73,31.25,23.13,75.4,65.407,65.628,0.71,7.24,47.6,0.0,11.6723995
2007-02-04,2007,2,4,26.99,30.98,24.23,76.84,63.619,6.552,0.69,8.01,42.6,0.0,11.232396
2007-02-05,2007,2,5,27.29,31.27,24.56,72.84,62.676,64.716,0.67,7.66,41.0,0.0,11.525939
2007-02-06,2007,2,6,26.92,31.3,24.66,73.43,64.063,65.561,0.69,8.25,36.2,0.0,11.777301
2007-02-07,2007,2,7,26.68,30.04,23.9,72.84,65.515,66.504,0.7,7.38,37.6,0.0,12.123571
2007-02-08,2007,2,8,27.04,31.19,23.77,74.0,65.736,66.732,0.7,7.29,38.8,0.0,11.938367
2007-02-09,2007,2,9,26.75,30.37,24.23,75.8,59.952,63.672,0.64,7.02,33.1,0.0,11.1703005
2007-02-10,2007,2,10,26.89,30.27,24.9,76.49,52.538,62.928,0.56,7.62,31.9,0.0,10.629791
2007-02-11,2007,2,11,27.28,31.0,25.12,73.1,59.215,64.651,0.63,8.01,37.3,0.0,11.155812
2007-02-12,2007,2,12,27.21,31.17,24.03,73.8,63.638,64.879,0.67,6.91,38.4,0.0,12.448043
2007-02-13,2007,2,13,27.44,31.98,24.57,75.14,60.984,64.255,0.64,5.24,39.5,0.0,12.245017
2007-02-14,2007,2,14,27.35,31.16,24.87,76.57,54.324,62.791,0.57,5.68,28.5,0.0,11.00127
2007-02-15,2007,2,15,27.51,31.5,25.74,73.28,59.122,65.856,0.62,6.28,35.1,0.0,11.053227
2007-02-16,2007,2,16,27.49,31.71,25.38,70.46,62.806,6.707,0.65,6.82,34.5,0.0,11.580356
2007-02-17,2007,2,17,26.83,29.78,25.17,73.74,59.923,67.099,0.62,7.67,27.7,0.0,11.69516
2007-02-18,2007,2,18,27.07,30.11,25.4,75.39,37.615,63.509,0.39,7.55,28.6,0.13,9.227675
2007-02-19,2007,2,19,27.27,30.15,25.56,71.56,59.815,66.002,0.62,9.24,34.1,0.05,11.871146
2007-02-20,2007,2,20,27.77,31.56,25.41,64.15,68.448,71.642,0.71,9.27,44.6,0.0,12.199257
2007-02-21,2007,2,21,27.47,30.9,25.24,69.07,62.131,6.906,0.64,8.86,43.4,0.0,11.284814
2007-02-22,2007,2,22,27.41,31.11,25.27,70.2,67.637,69.737,0.69,8.66,39.9,0.0,12.390299
2007-02-23,2007,2,23,27.26,31.19,24.96,69.72,63.924,68.393,0.65,7.88,36.4,0.0,12.291573
2007-02-24,2007,2,24,27.26,31.17,24.87,73.49,62.071,64.015,0.63,8.19,36.2,0.0,11.937731
2007-02-25,2007,2,25,27.76,31.74,25.19,75.75,58.884,61.656,0.6,7.93,38.2,0.01,12.834472
2007-02-26,2007,2,26,28.15,32.23,25.74,75.34,62.686,66.149,0.64,6.42,39.1,0.0,12.560324
2007-02-28,2007,2,28,28.36,32.59,25.14,72.61,66.883,68.227,0.68,7.55,41.9,0.0,13.190262
2007-03-01,2007,3,1,28.79,33.53,25.51,66.5,66.257,6.786,0.67,7.4,41.9,0.0,12.750239
2007-03-02,2007,3,2,28.31,32.97,25.42,69.67,66.422,67.517,0.67,7.99,43.1,0.0,13.3158
2007-03-03,2007,3,3,28.09,31.95,25.31,72.77,67.186,68.647,0.67,8.04,40.5,0.0,13.0395155
2007-03-04,2007,3,4,28.09,31.89,25.8,70.31,62.268,65.561,0.62,8.8,39.9,0.0,12.8367405
2007-03-05,2007,3,5,27.62,30.97,25.58,69.68,63.034,67.123,0.63,9.66,36.9,0.0,13.032334
2007-03-06,2007,3,6,27.62,30.94,25.49,69.39,64.942,67.942,0.65,10.26,40.0,0.0,12.9939
2007-03-07,2007,3,7,27.97,31.68,25.96,69.07,63.221,65.599,0.63,8.92,38.8,0.01,13.269404
2007-03-08,2007,3,8,28.04,31.84,25.82,72.12,48.384,62.616,0.48,6.97,37.8,0.11,11.197319
2007-03-09,2007,3,9,27.84,31.63,25.67,77.96,5.334,62.647,0.53,8.06,36.8,0.64,11.707741
2007-03-10,2007,3,10,27.78,30.93,25.92,77.0,56.822,6.355,0.56,7.92,34.6,0.15,12.020944
2007-03-11,2007,3,11,27.89,31.62,25.84,75.19,58.044,66.458,0.57,8.78,35.1,0.01,12.324274
2007-03-12,2007,3,12,27.95,31.46,26.09,67.65,64.541,7.021,0.64,9.45,38.2,0.0,12.553869
2007-03-13,2007,3,13,27.59,31.19,25.67,69.24,68.892,70.634,0.68,8.89,37.8,0.0,13.338846
2007-03-14,2007,3,14,27.4,30.64,25.44,75.41,62.623,6.63,0.61,8.16,35.2,0.0,12.897651
2007-03-15,2007,3,15,27.69,31.6,25.68,72.55,60.233,65.266,0.59,6.88,36.5,0.0,11.879107
2007-03-16,2007,3,16,27.25,30.61,25.58,75.64,49.694,62.074,0.49,6.13,46.5,0.0,11.922884
2007-03-17,2007,3,17,27.14,30.76,25.16,77.89,38.683,57.886,0.38,5.96,27.8,0.17,10.568246
2007-03-18,2007,3,18,27.1,30.4,25.49,77.49,47.016,61.037,0.46,7.88,27.9,0.03,11.805366
2007-03-19,2007,3,19,27.5,31.02,25.35,73.02,62.237,66.542,0.61,8.95,35.4,0.0,12.327682
2007-03-20,2007,3,20,27.85,31.41,25.62,71.45,63.864,66.602,0.62,9.1,38.5,0.0,13.08165
2007-03-21,2007,3,21,27.72,31.06,25.78,71.79,61.498,66.542,0.6,8.86,35.8,0.0,12.453262
2007-03-22,2007,3,22,27.49,31.17,25.56,73.29,49.385,65.544,0.48,7.68,33.4,0.01,10.345784
2007-03-23,2007,3,23,27.53,31.5,25.08,74.54,56.758,67.142,0.55,6.88,31.2,0.0,12.593141
2007-03-24,2007,3,24,27.25,30.75,25.44,78.65,53.858,65.582,0.52,7.13,27.6,0.36,11.436513
2007-03-25,2007,3,25,26.94,30.26,25.31,79.53,46.015,65.357,0.44,6.74,21.9,0.77,11.039023
2007-03-26,2007,3,26,26.8,29.53,25.11,82.34,5.31,68.059,0.51,5.91,9.6,1.8,11.686356
2007-03-27,2007,3,27,27.27,31.15,24.79,78.99,59.796,69.372,0.58,4.31,17.1,0.58,12.3792095
2007-03-28,2007,3,28,27.21,30.26,25.26,78.34,59.878,70.406,0.58,6.02,12.6,0.77,11.90714
2007-03-29,2007,3,29,27.16,29.39,25.86,79.32,43.222,67.536,0.42,6.19,27.1,0.23,11.244302
2007-03-30,2007,3,30,27.49,30.3,26.04,77.35,49.591,69.833,0.48,8.22,35.8,0.07,9.100053
2007-04-01,2007,4,1,27.83,30.56,26.16,77.2,61.555,69.329,0.59,8.82,45.5,0.3,13.154676
2007-04-02,2007,4,2,28.19,32.15,26.22,76.44,59.657,69.977,0.57,8.61,43.0,0.13,12.856492
2007-04-03,2007,4,3,27.52,30.91,25.86,78.04,38.047,66.204,0.36,8.15,42.1,0.38,8.418015
2007-04-04,2007,4,4,27.39,30.63,25.44,78.48,59.093,67.519,0.56,7.11,37.9,0.2,11.900565
2007-04-05,2007,4,5,27.68,30.72,25.7,78.26,47.861,67.759,0.46,5.11,43.1,0.28,12.987354
2007-04-06,2007,4,6,27.64,29.99,25.82,79.57,56.928,69.617,0.54,3.11,36.0,0.68,12.209181
2007-04-07,2007,4,7,27.45,30.0,25.95,83.15,4.741,69.062,0.45,4.45,19.4,0.74,11.251055
2007-04-08,2007,4,8,27.2,29.28,26.1,87.14,40.802,67.181,0.39,4.79,25.4,2.5,7.292679
2007-04-09,2007,4,9,27.35,29.69,25.97,83.02,44.016,66.926,0.42,6.3,39.9,1.21,10.99553
2007-04-10,2007,4,10,28.06,31.31,26.06,78.32,58.277,68.446,0.56,4.8,39.1,0.12,13.035255
2007-04-11,2007,4,11,28.48,32.7,25.68,76.45,63.362,71.016,0.6,3.88,42.6,0.0,12.602966
2007-04-12,2007,4,12,28.78,33.55,26.03,74.63,6.749,69.722,0.64,5.12,30.1,0.0,13.951488
2007-04-13,2007,4,13,28.75,33.13,26.47,72.77,65.057,70.049,0.62,7.4,35.6,0.0,12.445826
2007-04-14,2007,4,14,28.72,32.66,26.53,71.22,61.066,68.686,0.58,7.62,37.0,0.0,13.195527
2007-04-15,2007,4,15,28.49,32.15,26.89,72.8,61.006,68.424,0.58,5.07,37.0,0.0,13.109179
2007-04-16,2007,4,16,28.48,32.36,26.45,71.54,66.281,68.897,0.63,6.78,32.5,0.05,14.423774
2007-04-17,2007,4,17,28.01,31.25,26.25,71.7,50.254,68.273,0.48,6.92,24.4,0.03,12.120844
2007-04-18,2007,4,18,27.57,30.37,25.82,76.25,52.733,67.603,0.5,6.6,19.1,0.2,11.38769
2007-04-19,2007,4,19,27.3,29.56,25.93,82.46,49.901,6.768,0.47,4.71,10.9,31.77,11.628472
2007-04-20,2007,4,20,26.7,28.18,25.85,86.34,39.281,68.767,0.37,4.55,7.6,38.15,8.493559
2007-04-21,2007,4,21,26.14,27.22,25.4,86.57,51.886,70.202,0.49,4.47,4.6,20.16,11.585641
2007-04-22,2007,4,22,26.66,28.17,25.42,85.01,47.782,69.941,0.45,5.78,30.5,6.61,10.1754465
2007-04-23,2007,4,23,27.63,29.79,26.32,81.38,58.248,7.009,0.55,7.35,31.0,11.24,11.971157
2007-04-24,2007,4,24,27.57,29.92,26.18,77.13,54.024,68.834,0.51,7.59,46.0,1.38,12.441194
2007-04-25,2007,4,25,27.77,31.01,25.84,79.79,3.468,67.493,0.33,6.93,40.7,3.58,7.291676
2007-04-26,2007,4,26,27.55,30.01,26.0,84.12,5.585,68.777,0.53,5.25,50.7,10.58,11.599338
2007-04-27,2007,4,27,27.3,29.02,26.41,81.39,33.473,7.117,0.32,6.15,47.0,6.35,6.376468
2007-04-28,2007,4,28,28.06,31.41,25.81,74.6,69.444,72.766,0.66,6.7,39.4,0.06,13.745193
2007-04-29,2007,4,29,28.42,32.3,26.24,76.82,65.506,7.086,0.62,6.63,40.6,1.28,12.0390625
2007-04-30,2007,4,30,27.91,30.51,26.51,78.72,57.996,70.579,0.55,6.87,41.0,1.32,12.751253
2007-05-01,2007,5,1,27.89,30.53,26.29,79.2,44.467,69.934,0.42,6.88,40.0,0.69,9.808938
2007-05-03,2007,5,3,27.58,29.59,26.28,84.17,4.429,6.869,0.42,4.59,46.4,2.37,12.129165
2007-05-04,2007,5,4,27.16,28.3,26.41,86.47,43.572,68.695,0.42,4.33,47.6,2.14,11.146076
2007-05-05,2007,5,5,27.77,30.24,26.37,82.87,44.734,69.233,0.43,5.66,38.8,1.18,11.205722
2007-05-06,2007,5,6,27.69,29.65,26.57,83.62,51.103,68.755,0.49,5.21,36.9,0.43,10.423691
2007-05-07,2007,5,7,27.53,28.99,26.75,86.0,31.039,69.948,0.3,5.75,31.2,2.05,6.925551
2007-05-08,2007,5,8,27.54,29.33,26.63,86.51,3.599,69.782,0.34,4.43,30.4,2.0,8.605054
2007-05-09,2007,5,9,27.45,29.21,26.54,87.93,49.138,70.265,0.47,5.09,36.4,2.07,11.692358
2007-05-10,2007,5,10,28.33,31.01,26.57,85.18,40.219,69.866,0.38,3.23,44.6,1.21,9.725328
2007-05-11,2007,5,11,28.4,30.78,26.9,85.2,5.923,69.852,0.57,3.37,37.3,0.05,12.937339
2007-05-12,2007,5,12,28.74,31.58,26.95,84.14,60.134,68.911,0.58,3.81,37.9,0.03,13.270139
2007-05-13,2007,5,13,28.54,30.94,27.13,84.93,29.676,70.315,0.28,2.7,28.4,0.05,8.14143
2007-05-14,2007,5,14,28.15,30.19,26.79,86.47,55.714,69.648,0.53,3.46,33.4,0.19,12.616708
2007-05-15,2007,5,15,28.41,30.74,27.04,85.83,58.157,69.859,0.56,5.03,36.7,3.07,11.7421055
2007-05-16,2007,5,16,28.41,30.64,26.97,85.76,53.184,69.845,0.51,5.06,44.3,21.62,11.868897
2007-05-17,2007,5,17,27.81,29.77,27.02,87.41,49.174,69.276,0.47,3.49,68.2,19.55,11.694679
2007-05-18,2007,5,18,27.25,28.63,26.43,87.86,4.002,67.555,0.38,2.92,59.2,25.78,9.637865
2007-05-19,2007,5,19,27.23,28.92,26.28,89.29,37.402,67.896,0.36,2.02,14.6,12.32,9.577098
2007-05-20,2007,5,20,27.09,28.45,26.2,90.74,51.782,67.637,0.5,4.86,26.0,29.81,11.09826
2007-05-21,2007,5,21,27.36,29.2,26.53,85.54,43.382,70.591,0.42,3.49,37.8,10.57,8.867983
2007-05-22,2007,5,22,27.16,28.23,26.54,85.54,47.856,70.092,0.46,4.35,41.4,8.57,9.086953
2007-05-23,2007,5,23,27.2,29.02,26.14,84.74,49.495,70.174,0.48,5.28,42.0,6.42,9.867454
2007-05-24,2007,5,24,27.66,30.26,26.18,82.74,42.444,69.521,0.41,4.27,40.7,4.32,9.648295
2007-05-25,2007,5,25,27.47,29.51,26.08,85.9,45.346,68.688,0.44,2.25,30.2,19.45,10.391012
2007-05-26,2007,5,26,26.95,28.5,25.9,85.78,31.877,70.536,0.31,2.47,271.9,64.57,8.469487
2007-05-27,2007,5,27,27.53,31.61,26.02,82.61,5.352,7.157,0.52,2.5,338.6,9.97,11.724051
2007-05-28,2007,5,28,27.71,30.01,26.32,84.21,41.974,70.493,0.41,2.72,38.5,13.36,7.495593
2007-05-29,2007,5,29,26.6,27.4,25.58,89.29,23.837,71.143,0.23,2.73,27.7,35.95,4.4651585
2007-05-30,2007,5,30,26.56,27.39,25.58,89.67,50.102,69.559,0.48,1.96,354.6,4.47,12.020591
2007-05-31,2007,5,31,27.2,29.44,25.73,85.89,33.187,69.449,0.32,2.35,19.4,5.76,7.4209137
2007-06-01,2007,6,1,26.11,27.42,24.91,87.44,52.018,71.357,0.5,2.54,334.7,7.04,11.77629
2007-06-02,2007,6,2,28.27,30.73,26.59,84.11,56.489,70.764,0.55,3.72,35.3,15.1,10.400539
2007-06-04,2007,6,4,27.88,31.41,25.09,80.62,62.549,71.837,0.61,2.08,41.3,5.39,12.383808
2007-06-05,2007,6,5,28.85,31.72,27.19,83.65,56.599,71.462,0.55,4.05,44.0,4.73,11.311464
2007-06-06,2007,6,6,29.02,31.8,27.42,80.01,62.635,71.273,0.61,5.8,54.5,2.48,11.91758
2007-06-07,2007,6,7,28.54,31.36,26.66,79.1,65.688,72.096,0.64,6.79,49.1,0.9,12.108497
2007-06-08,2007,6,8,27.97,30.25,26.65,84.16,40.478,68.621,0.39,5.66,45.5,8.1,7.968774
2007-06-09,2007,6,9,27.89,30.72,26.62,83.4,44.153,69.737,0.43,2.75,49.2,13.05,9.705262
2007-06-10,2007,6,10,27.41,28.83,26.34,85.29,45.818,70.176,0.45,2.94,42.7,8.43,9.925076
2007-06-11,2007,6,11,28.11,29.99,27.08,85.77,61.416,70.051,0.6,4.29,48.7,5.66,12.472056
2007-06-12,2007,6,12,28.22,30.0,27.02,87.74,55.363,70.774,0.54,4.21,49.5,4.1,11.062214
2007-06-13,2007,6,13,28.35,30.69,26.92,84.77,6.469,71.143,0.63,3.1,55.5,1.37,12.307012
2007-06-14,2007,6,14,28.79,31.31,27.01,82.14,62.954,70.495,0.61,2.55,39.5,1.48,11.733005
2007-06-15,2007,6,15,27.96,30.12,26.82,83.09,52.987,69.523,0.52,2.35,346.3,1.09,10.047654
2007-06-16,2007,6,16,28.91,31.97,27.12,79.96,63.725,70.512,0.62,4.5,52.5,0.29,11.744902
2007-06-17,2007,6,17,28.59,31.33,26.64,78.93,6.793,72.086,0.66,6.68,50.7,0.07,12.2393055
2007-06-18,2007,6,18,28.54,31.39,26.49,78.21,6.504,72.139,0.63,7.23,47.0,0.06,12.297296
2007-06-19,2007,6,19,28.35,30.89,26.61,80.41,57.766,71.273,0.56,7.0,48.0,0.22,11.612733
2007-06-20,2007,6,20,28.19,31.08,26.81,84.4,5.935,69.986,0.58,5.88,49.9,0.84,13.176094
2007-06-21,2007,6,21,28.14,30.88,26.69,85.29,58.183,70.231,0.57,4.96,46.1,0.52,11.505004
2007-06-22,2007,6,22,27.92,29.99,26.54,84.08,61.846,69.389,0.6,5.55,46.9,0.06,12.357636
2007-06-23,2007,6,23,28.05,31.18,26.25,80.99,58.157,68.755,0.57,5.78,45.2,0.05,11.341161
2007-06-24,2007,6,24,28.15,31.34,26.08,80.3,51.334,69.079,0.5,6.82,45.7,0.04,10.872493
2007-06-25,2007,6,25,28.09,31.01,26.03,81.66,68.491,71.162,0.67,6.56,46.1,0.16,12.479565
2007-06-26,2007,6,26,27.74,29.3,26.84,87.31,56.702,68.988,0.55,6.23,45.5,0.41,10.739687
2007-06-27,2007,6,27,27.82,30.21,26.73,84.99,48.449,6.823,0.47,4.91,49.6,0.77,8.931039
2007-06-28,2007,6,28,27.8,30.12,26.37,82.83,63.005,66.631,0.61,6.08,47.2,0.11,12.323317
2007-06-29,2007,6,29,27.87,30.42,26.46,85.33,56.878,67.814,0.55,5.48,44.9,5.46,12.392008
2007-06-30,2007,6,30,27.66,29.53,26.31,88.27,54.216,68.832,0.53,3.07,46.8,9.34,10.098189
2007-07-01,2007,7,1,27.37,29.36,26.29,88.08,47.472,68.568,0.46,3.56,59.3,2.9,9.374354
2007-07-02,2007,7,2,27.71,30.67,26.24,85.79,62.172,70.963,0.61,4.84,46.7,1.6,11.015161
2007-07-03,2007,7,3,27.85,30.39,26.45,84.98,58.783,69.883,0.57,5.84,48.9,3.99,12.186836
2007-07-04,2007,7,4,27.8,30.43,25.99,81.96,66.972,71.222,0.65,6.7,43.1,0.63,12.5906315
2007-07-06,2007,7,6,27.96,30.4,26.49,83.62,58.037,70.694,0.57,6.5,46.4,0.53,11.027671
2007-07-07,2007,7,7,27.33,28.47,26.52,86.95,52.867,69.547,0.52,5.79,49.0,0.45,10.325482
2007-07-08,2007,7,8,26.9,28.47,26.02,86.97,29.834,67.901,0.29,5.52,48.5,2.3,8.6077795
2007-07-09,2007,7,9,27.03,28.67,26.0,87.91,61.834,69.682,0.6,6.03,48.0,1.89,11.639365
2007-07-10,2007,7,10,27.56,29.8,26.04,84.71,58.267,68.909,0.57,6.13,48.6,0.46,10.99988
2007-07-11,2007,7,11,27.31,29.23,25.86,84.54,54.578,69.646,0.53,6.76,46.4,2.04,11.433352
2007-07-12,2007,7,12,28.03,31.4,25.95,80.78,62.938,71.006,0.61,6.65,50.1,0.43,12.895228
2007-07-13,2007,7,13,28.1,30.44,26.81,83.46,58.368,69.962,0.57,6.53,49.4,0.87,10.900546
2007-07-14,2007,7,14,27.82,30.23,26.23,83.96,58.452,70.291,0.57,5.52,46.0,0.56,11.43435
2007-07-15,2007,7,15,27.93,31.33,25.94,79.72,53.774,68.448,0.52,6.09,42.9,0.03,10.976368
2007-07-16,2007,7,16,27.29,29.27,26.25,85.05,32.069,67.416,0.31,3.87,45.0,4.15,6.747134
2007-07-17,2007,7,17,27.68,30.3,26.3,85.78,58.498,69.506,0.57,4.85,49.2,7.07,11.457064
2007-07-18,2007,7,18,27.99,31.05,26.2,82.24,61.601,68.887,0.6,4.93,43.3,1.59,11.63637
2007-07-19,2007,7,19,28.21,31.36,26.39,79.82,61.234,69.211,0.59,5.38,43.0,0.45,11.061933
2007-07-20,2007,7,20,27.87,30.44,26.65,81.47,50.918,67.939,0.49,4.34,38.3,3.88,10.93597
2007-07-21,2007,7,21,27.15,28.97,26.38,89.67,43.942,68.664,0.43,3.44,44.7,8.35,9.895552
2007-07-22,2007,7,22,27.56,29.05,26.55,85.74,32.527,67.759,0.32,4.05,47.0,11.73,9.982736
2007-07-23,2007,7,23,27.61,29.63,26.56,84.67,59.431,69.658,0.58,4.35,39.5,7.37,10.668863
2007-07-24,2007,7,24,28.1,30.52,26.65,82.8,54.216,70.056,0.53,4.03,39.0,5.31,10.37781
2007-07-25,2007,7,25,28.61,30.85,27.14,82.7,55.908,7.057,0.54,4.62,48.4,1.8,10.13383
2007-07-26,2007,7,26,28.12,29.46,27.13,83.95,5.527,68.534,0.54,5.37,52.6,2.21,11.384101
2007-07-27,2007,7,27,27.91,29.67,26.74,84.63,5.179,68.186,0.5,4.56,58.4,1.5,10.283581
2007-07-28,2007,7,28,28.28,30.92,26.97,81.51,56.174,69.298,0.54,4.13,50.0,1.62,11.391715
2007-07-29,2007,7,29,28.74,32.5,26.81,79.84,6.425,71.801,0.62,4.92,55.5,0.28,12.4555855
2007-07-30,2007,7,30,28.1,30.26,26.81,83.19,62.326,71.695,0.6,5.47,45.6,0.14,11.49264
2007-07-31,2007,7,31,28.25,30.99,26.89,82.56,52.349,69.842,0.51,4.3,38.5,0.24,11.046066
2007-08-01,2007,8,1,28.0,30.39,26.69,84.37,59.707,70.116,0.58,4.6,41.5,0.15,11.39126
2007-08-02,2007,8,2,28.2,30.88,26.38,82.53,56.191,68.938,0.54,6.75,41.0,0.11,11.655193
2007-08-03,2007,8,3,27.97,30.02,26.74,84.93,55.186,68.422,0.53,5.1,37.9,1.63,10.428281
2007-08-04,2007,8,4,27.51,28.27,26.74,89.78,50.849,68.914,0.49,4.44,43.3,8.42,11.6286125
2007-08-05,2007,8,5,28.15,29.92,27.13,84.99,47.892,69.185,0.46,4.16,47.1,6.42,10.866443
2007-08-07,2007,8,7,27.88,29.21,27.03,85.56,44.738,71.266,0.43,4.31,26.2,2.11,11.248923
2007-08-08,2007,8,8,28.07,29.76,27.1,87.14,49.992,69.329,0.48,4.78,36.1,4.7,10.676931
2007-08-09,2007,8,9,28.11,29.97,27.19,85.18,45.598,68.702,0.44,3.55,30.7,3.37,10.999651
2007-08-10,2007,8,10,27.53,28.78,26.61,84.77,44.918,72.727,0.43,2.94,63.8,3.76,9.862456
2007-08-11,2007,8,11,26.91,28.47,25.95,87.69,2.406,69.773,0.23,2.22,308.2,3.64,7.8944144
2007-08-12,2007,8,12,27.23,28.96,26.0,89.4,51.842,7.171,0.5,3.49,346.0,3.84,10.317713
2007-08-13,2007,8,13,27.9,29.31,27.04,87.06,42.991,70.399,0.41,3.81,47.8,9.2,7.616655
2007-08-14,2007,8,14,27.79,28.91,26.95,85.47,49.781,69.353,0.48,3.99,40.9,14.91,11.004081
2007-08-15,2007,8,15,28.07,30.05,26.79,83.84,52.649,70.214,0.51,4.53,44.7,11.38,10.761063
2007-08-16,2007,8,16,28.26,30.56,26.83,81.73,5.743,70.802,0.55,5.86,45.3,4.82,11.911472
2007-08-17,2007,8,17,27.97,29.83,26.96,85.22,45.478,70.387,0.44,5.01,48.5,24.2,10.141801
2007-08-18,2007,8,18,27.7,29.82,26.65,86.06,49.025,69.276,0.47,3.94,34.7,15.41,11.301961
2007-08-19,2007,8,19,27.22,28.56,26.3,84.66,49.829,68.674,0.48,2.28,238.7,2.65,10.056222
2007-08-20,2007,8,20,26.72,28.07,25.9,90.06,36.338,67.258,0.35,3.4,12.2,8.58,8.421345
2007-08-21,2007,8,21,27.67,28.84,27.08,88.02,42.115,6.881,0.41,4.52,42.3,5.06,8.681997
2007-08-22,2007,8,22,27.61,29.37,26.48,86.74,5.033,70.807,0.48,3.33,46.2,1.98,11.096929
2007-08-23,2007,8,23,28.39,30.64,26.74,84.05,58.109,7.163,0.56,4.11,33.6,1.25,11.025483
2007-08-24,2007,8,24,28.13,29.76,27.2,84.69,50.371,70.766,0.49,6.6,44.8,1.91,10.822377
2007-08-25,2007,8,25,27.25,28.8,25.34,82.76,34.358,70.411,0.33,3.97,139.1,2.94,9.781093
2007-08-26,2007,8,26,26.04,27.16,24.99,86.88,33.823,74.004,0.33,3.69,134.2,5.11,7.652247
2007-08-27,2007,8,27,27.46,30.93,25.07,81.22,60.029,7.169,0.58,3.56,56.0,0.96,12.679484
2007-08-28,2007,8,28,28.25,30.56,26.78,84.59,60.379,71.986,0.58,4.54,44.5,0.95,12.611683
2007-08-29,2007,8,29,28.38,30.87,26.92,83.73,42.554,7.163,0.41,4.21,39.5,2.02,9.594425
2007-08-30,2007,8,30,27.69,28.98,26.51,81.31,45.314,70.342,0.44,4.24,86.0,10.18,10.579268
2007-08-31,2007,8,31,27.49,30.8,25.37,79.06,53.669,70.903,0.52,2.75,48.3,4.61,11.256434
2007-09-01,2007,9,1,27.62,29.27,26.61,84.6,52.025,69.526,0.5,3.86,43.2,0.92,11.564224
2007-09-02,2007,9,2,28.1,30.25,26.95,82.22,55.433,71.026,0.54,5.0,40.9,0.78,9.751683
2007-09-03,2007,9,3,27.94,30.56,26.53,85.05,41.623,69.254,0.4,3.12,33.7,6.22,6.8186164
2007-09-04,2007,9,4,27.45,29.17,26.56,86.73,61.085,70.843,0.59,3.12,32.3,2.74,11.846732
2007-09-05,2007,9,5,27.6,29.84,25.9,83.72,37.992,70.171,0.37,2.78,35.6,2.04,9.377237
2007-09-06,2007,9,6,28.11,29.75,26.88,85.49,65.556,71.777,0.64,4.66,36.6,2.08,12.592647
2007-09-08,2007,9,8,28.35,30.29,27.26,83.66,50.594,69.857,0.49,4.27,46.2,0.01,12.050406
2007-09-09,2007,9,9,27.77,29.57,26.82,86.3,4.399,6.841,0.43,4.15,42.2,0.02,9.071414
2007-09-10,2007,9,10,28.16,30.08,26.69,85.32,60.893,69.434,0.59,3.55,38.5,0.02,12.212977
2007-09-11,2007,9,11,28.81,31.85,27.02,81.0,69.684,7.482,0.68,5.13,43.4,0.1,12.574253
2007-09-12,2007,9,12,28.3,29.77,27.21,85.17,64.526,70.195,0.63,4.58,54.2,1.75,12.754253
2007-09-13,2007,9,13,28.37,30.68,26.85,83.6,46.661,69.094,0.45,6.03,51.6,18.47,8.180092
2007-09-14,2007,9,14,27.81,29.84,26.66,83.82,40.913,69.038,0.4,4.58,44.6,20.61,10.426982
2007-09-15,2007,9,15,27.69,29.45,26.34,86.6,3.887,68.016,0.38,3.93,33.7,40.43,7.685058
2007-09-16,2007,9,16,26.29,27.93,25.54,87.04,40.334,6.947,0.39,3.26,95.7,17.31,8.169185
2007-09-17,2007,9,17,26.57,28.3,24.95,84.57,58.824,69.881,0.58,2.75,77.4,7.34,12.527867
2007-09-18,2007,9,18,27.91,29.94,26.57,85.73,65.892,6.989,0.65,3.88,43.4,1.57,12.489666
2007-09-19,2007,9,19,27.91,29.85,26.84,87.47,5.005,67.344,0.49,3.72,45.8,2.75,11.227497
2007-09-20,2007,9,20,27.32,28.55,26.58,88.0,43.978,6.817,0.43,2.94,54.8,7.1,8.58228
2007-09-21,2007,9,21,28.42,30.49,26.94,85.58,63.593,69.749,0.63,2.87,53.2,5.04,13.050699
2007-09-22,2007,9,22,28.3,29.75,27.43,85.7,57.026,70.294,0.56,2.66,54.1,1.99,12.340879
2007-09-23,2007,9,23,28.14,29.66,27.4,85.06,44.362,69.761,0.44,5.29,41.4,3.28,8.300028
2007-09-24,2007,9,24,28.18,30.08,27.1,80.49,55.781,7.069,0.55,5.09,42.7,0.61,9.701138
2007-09-25,2007,9,25,28.03,29.66,27.07,83.59,46.303,69.749,0.46,3.61,41.2,1.15,9.602977
2007-09-26,2007,9,26,27.32,28.52,26.61,89.24,44.998,66.677,0.45,3.66,26.5,1.1,9.473962
2007-09-27,2007,9,27,27.19,28.35,26.14,89.75,61.589,68.326,0.61,4.39,30.6,1.81,11.929326
2007-09-28,2007,9,28,28.39,30.79,27.15,85.2,64.135,69.917,0.64,3.49,50.0,1.91,12.698978
2007-09-29,2007,9,29,28.57,30.67,27.41,84.88,53.434,68.585,0.53,3.18,44.1,1.75,11.291639
2007-09-30,2007,9,30,28.18,29.7,27.12,88.09,43.306,68.669,0.43,2.85,346.4,5.86,7.527462
2007-10-01,2007,10,1,27.78,30.41,26.53,80.67,33.276,68.753,0.33,2.27,215.0,3.75,8.523846
2007-10-02,2007,10,2,27.6,29.6,26.44,81.45,51.211,67.097,0.51,2.22,201.5,1.04,10.695965
2007-10-03,2007,10,3,27.73,29.26,26.69,88.04,43.608,67.291,0.44,3.39,16.9,12.72,7.2575502
2007-10-04,2007,10,4,27.86,30.12,26.72,87.46,47.774,68.266,0.48,2.72,19.9,6.52,10.250848
2007-10-05,2007,10,5,27.17,28.31,26.53,88.03,44.983,68.266,0.45,3.19,2.7,4.45,9.800108
2007-10-06,2007,10,6,27.44,29.84,26.12,81.27,52.682,69.175,0.53,2.46,345.6,4.32,9.831967
2007-10-07,2007,10,7,26.8,28.22,25.75,83.27,30.902,67.666,0.31,1.94,335.9,1.06,2.7570982
2007-10-08,2007,10,8,27.29,28.83,26.09,82.17,53.902,6.684,0.55,1.9,242.0,0.61,12.1979885
2007-10-10,2007,10,10,27.06,28.44,25.97,84.51,43.944,65.988,0.45,1.9,279.3,1.1,9.3287
2007-10-11,2007,10,11,27.17,29.27,25.94,84.19,50.294,67.176,0.51,1.96,343.4,0.32,11.250434
2007-10-12,2007,10,12,26.86,28.21,25.65,85.69,44.422,67.296,0.45,2.26,338.9,2.59,11.663302
2007-10-13,2007,10,13,26.79,28.71,25.7,85.1,4.511,6.9,0.46,2.54,352.6,1.83,9.698875
2007-10-14,2007,10,14,27.59,30.68,25.86,77.65,51.053,6.72,0.52,1.78,351.9,1.27,11.685325
2007-10-15,2007,10,15,27.8,29.68,26.65,85.25,38.611,67.486,0.4,2.6,39.7,6.1,8.289412
2007-10-16,2007,10,16,27.5,30.15,26.48,85.75,40.846,66.298,0.42,1.68,15.7,3.25,7.86328
2007-10-17,2007,10,17,26.95,28.35,26.3,88.94,49.399,64.193,0.51,2.02,320.5,5.0,11.176668
2007-10-18,2007,10,18,26.88,27.61,26.3,92.29,3.594,6.449,0.37,2.74,116.4,19.36,7.797991
2007-10-19,2007,10,19,27.42,29.01,26.14,85.97,40.207,64.906,0.42,3.31,347.2,15.25,8.612327
2007-10-20,2007,10,20,26.22,26.92,25.79,88.78,32.021,64.766,0.33,3.9,225.6,7.5,6.387349
2007-10-21,2007,10,21,26.48,27.33,25.59,88.28,44.208,64.133,0.46,2.14,347.5,8.69,10.423483
2007-10-22,2007,10,22,26.99,28.69,26.27,82.8,52.598,65.038,0.55,4.0,64.4,7.65,10.827147
2007-10-23,2007,10,23,27.35,30.0,26.0,82.2,45.348,6.402,0.48,2.91,79.1,5.22,8.80636
2007-10-24,2007,10,24,26.73,28.37,25.64,85.98,44.035,64.346,0.46,2.02,268.5,4.01,9.788534
2007-10-25,2007,10,25,26.46,27.55,25.71,89.03,21.456,65.107,0.23,3.04,241.1,3.27,3.4100206
2007-10-26,2007,10,26,26.24,27.78,25.33,90.13,4.723,65.494,0.5,3.04,248.8,9.5,8.584913
2007-10-27,2007,10,27,26.34,27.98,25.1,87.78,46.094,64.898,0.49,3.35,219.2,12.81,9.722027
2007-10-28,2007,10,28,26.17,27.18,25.36,90.7,35.045,6.348,0.37,3.27,219.3,36.34,8.171616
2007-10-29,2007,10,29,26.69,27.88,26.01,89.77,4.71,64.519,0.5,3.9,220.6,29.81,10.143585
2007-10-30,2007,10,30,26.6,27.89,25.88,89.56,47.419,62.304,0.51,4.52,221.7,12.04,10.842225
2007-10-31,2007,10,31,26.56,27.23,25.94,90.73,43.253,62.844,0.46,3.64,244.9,16.92,9.599075
2007-11-01,2007,11,1,26.19,26.82,25.54,91.43,41.892,62.285,0.45,4.02,231.9,39.98,9.140972
2007-11-02,2007,11,2,26.44,27.56,25.69,89.02,45.098,62.597,0.49,3.86,229.3,12.7,11.103823
2007-11-03,2007,11,3,26.77,28.59,25.79,85.12,39.797,6.247,0.43,1.63,331.3,2.48,7.8205786
2007-11-04,2007,11,4,27.32,29.19,25.87,86.26,45.067,62.102,0.49,4.02,16.7,7.78,8.88878
2007-11-05,2007,11,5,28.05,30.75,26.69,83.09,56.726,63.845,0.62,4.85,45.3,8.92,10.41439
2007-11-06,2007,11,6,27.74,30.07,26.52,83.13,49.325,61.697,0.54,4.38,39.9,2.65,10.345811
2007-11-07,2007,11,7,27.58,28.71,26.84,86.35,4.637,61.063,0.51,5.03,35.1,1.57,9.021431
2007-11-08,2007,11,8,27.12,27.84,26.41,90.07,4.849,60.293,0.53,4.03,37.2,2.28,9.5568075
2007-11-09,2007,11,9,26.58,28.02,25.38,88.9,27.559,58.166,0.3,4.26,38.0,7.03,7.7241726
2007-11-11,2007,11,11,26.87,28.76,25.32,85.13,52.205,6.163,0.58,2.25,61.1,1.06,8.970213
2007-11-12,2007,11,12,27.66,28.74,26.98,87.21,49.217,6.137,0.55,5.55,54.6,0.53,9.926357
2007-11-13,2007,11,13,27.77,29.2,26.7,83.77,45.257,61.075,0.5,6.82,46.2,1.28,9.965555
2007-11-14,2007,11,14,27.77,29.91,26.41,81.86,48.086,6.035,0.54,6.7,47.3,0.2,9.844715
2007-11-15,2007,11,15,27.8,29.93,26.19,83.05,57.749,61.574,0.64,5.02,42.9,0.05,11.050415
2007-11-16,2007,11,16,28.02,29.64,27.12,86.0,5.537,60.036,0.62,6.11,38.6,0.3,10.4155035
2007-11-17,2007,11,17,28.39,30.39,27.35,85.6,4.968,60.221,0.56,7.0,44.0,1.28,9.063667
2007-11-18,2007,11,18,27.88,28.99,27.13,87.99,42.979,59.566,0.48,5.99,51.7,1.27,9.753811
2007-11-19,2007,11,19,28.19,30.17,26.85,86.55,46.051,60.569,0.52,5.3,54.7,0.67,9.280422
2007-11-20,2007,11,20,27.86,29.42,26.83,84.68,44.167,59.914,0.5,6.63,48.7,0.15,9.229366
2007-11-21,2007,11,21,27.46,28.7,26.59,82.98,35.928,58.831,0.41,6.46,51.8,0.11,7.0378184
2007-11-22,2007,11,22,27.91,30.75,26.29,80.7,46.121,58.598,0.52,6.33,49.6,1.41,9.774985
2007-11-23,2007,11,23,27.6,29.97,26.28,80.87,51.118,5.987,0.58,7.33,48.6,0.76,9.5900755
2007-11-24,2007,11,24,27.18,28.34,26.49,85.19,42.132,57.473,0.48,7.2,49.5,1.5,9.627761
2007-11-25,2007,11,25,27.45,28.73,26.6,85.41,52.061,5.958,0.59,7.3,53.1,0.74,10.641249
2007-11-26,2007,11,26,27.68,29.64,26.39,82.8,56.518,60.094,0.65,8.05,52.6,0.22,10.337652
2007-11-28,2007,11,28,27.72,30.45,26.46,78.9,42.718,59.683,0.49,7.38,51.5,0.0,8.302904
2007-11-29,2007,11,29,26.97,29.15,25.52,77.85,5.646,62.014,0.65,7.95,46.6,0.0,9.9159775
2007-11-30,2007,11,30,26.93,29.19,25.62,75.97,56.011,61.706,0.65,7.62,45.0,0.0,9.9302025
2007-12-01,2007,12,1,26.8,29.11,25.55,78.4,56.873,61.346,0.66,6.91,41.2,0.01,10.115369
2007-12-02,2007,12,2,26.81,29.15,25.64,78.87,55.279,6.09,0.64,6.68,41.4,0.01,9.499134
2007-12-03,2007,12,3,26.61,29.4,25.06,80.7,55.819,60.338,0.65,5.21,39.6,0.01,9.1575985
2007-12-04,2007,12,4,26.5,29.45,24.81,81.2,53.621,59.189,0.62,3.52,32.7,0.02,9.225703
2007-12-05,2007,12,5,26.22,28.97,24.7,80.39,53.909,5.855,0.63,2.67,24.9,0.06,9.444175
2007-12-06,2007,12,6,26.7,29.2,25.3,81.6,53.854,57.893,0.63,5.81,34.1,0.12,9.842662
2007-12-07,2007,12,7,27.1,29.25,25.51,80.72,47.383,58.181,0.55,7.77,42.4,1.33,8.709814
2007-12-08,2007,12,8,27.15,29.08,26.17,80.43,53.246,59.282,0.62,9.32,46.5,1.22,8.881792
2007-12-09,2007,12,9,27.12,29.49,25.75,79.3,55.214,6.09,0.65,8.93,48.6,0.83,8.904136
2007-12-10,2007,12,10,27.03,29.36,25.66,79.53,5.765,60.734,0.67,7.82,46.5,0.55,9.530861
2007-12-11,2007,12,11,26.8,29.38,25.21,80.47,55.699,59.803,0.65,6.41,40.7,0.22,9.410138
2007-12-13,2007,12,13,27.23,30.01,25.69,84.84,52.111,56.938,0.61,5.48,36.6,1.0,8.752948
2007-12-14,2007,12,14,27.37,30.35,25.79,82.87,50.822,57.929,0.6,6.86,45.0,0.49,8.989393
2007-12-15,2007,12,15,26.74,28.13,25.84,85.84,3.901,57.233,0.46,5.47,47.0,2.59,7.175012
2007-12-16,2007,12,16,26.64,28.42,25.67,88.14,42.132,56.146,0.5,5.24,44.5,11.04,8.216454
2007-12-17,2007,12,17,26.96,29.67,25.57,80.76,4.793,58.099,0.56,6.99,46.1,3.6,8.752251
2007-12-18,2007,12,18,27.14,29.91,25.39,79.12,50.059,5.921,0.59,7.03,44.7,0.97,9.017742
2007-12-20,2007,12,20,27.02,29.62,25.52,80.91,53.868,58.901,0.63,7.38,42.2,1.61,9.16201
2007-12-21,2007,12,21,27.27,30.02,25.83,80.71,5.123,58.606,0.6,6.95,42.1,1.3,8.435789
2007-12-22,2007,12,22,27.19,30.17,25.13,79.76,51.269,58.354,0.6,6.61,44.4,0.0,9.031233
2007-12-23,2007,12,23,27.23,29.39,26.22,83.65,4.266,55.829,0.5,7.74,37.2,0.05,7.8564034
2007-12-24,2007,12,24,27.0,28.7,26.2,83.4,40.102,54.979,0.47,8.0,42.8,0.03,8.169018
2007-12-25,2007,12,25,26.87,28.87,25.73,79.71,49.651,57.703,0.58,7.64,44.9,0.0,8.772979
2007-12-26,2007,12,26,27.16,30.33,24.95,78.43,52.222,58.087,0.61,6.88,43.8,0.0,8.842251
2007-12-27,2007,12,27,27.25,29.9,25.48,81.24,53.191,57.619,0.62,7.33,46.3,0.07,9.158922
2007-12-28,2007,12,28,27.35,30.03,25.84,77.93,49.627,57.533,0.58,7.8,46.3,0.01,8.918526
2007-12-29,2007,12,29,27.16,30.26,24.99,76.45,57.187,5.935,0.67,7.42,49.8,0.0,10.015626
2007-12-30,2007,12,30,27.12,30.5,24.87,76.72,5.449,59.671,0.64,7.44,48.7,0.0,9.483188
2007-12-31,2007,12,31,27.3,31.1,25.21,77.87,5.825,60.761,0.68,6.94,48.8,0.0,9.849671
2008-01-01,2008,1,1,26.8,29.71,25.01,75.73,59.866,61.344,0.7,8.24,46.2,0.0,9.554517
2008-01-02,2008,1,2,26.41,29.23,24.52,73.98,61.608,62.501,0.72,9.57,45.7,0.0,9.928664
2008-01-03,2008,1,3,26.35,28.57,24.99,74.08,60.259,61.243,0.7,10.22,42.6,0.0,9.680944
2008-01-04,2008,1,4,26.84,30.1,24.93,74.17,58.466,5.971,0.68,9.23,46.4,0.0,10.265082
2008-01-05,2008,1,5,26.55,29.79,24.67,76.75,5.929,59.659,0.69,8.36,45.0,0.0,10.398827
2008-01-06,2008,1,6,26.47,29.31,24.59,79.61,57.403,58.886,0.67,8.02,41.9,0.0,10.089492
2008-01-07,2008,1,7,26.46,29.69,24.32,78.26,55.126,59.006,0.64,7.58,39.8,0.0,9.846068
2008-01-08,2008,1,8,26.34,29.56,24.61,77.34,50.177,58.157,0.58,7.8,38.3,0.0,8.6479435
2008-01-09,2008,1,9,25.99,28.65,24.28,78.01,50.981,58.946,0.59,7.86,36.7,0.0,9.402201
2008-01-10,2008,1,10,25.93,28.87,24.29,77.07,52.034,60.602,0.6,6.86,35.8,0.0,9.259685
2008-01-11,2008,1,11,26.02,29.44,23.74,75.3,54.943,60.046,0.63,5.93,34.5,0.0,9.7581215
2008-01-12,2008,1,12,26.13,29.67,23.89,75.26,56.909,60.223,0.65,6.8,36.7,0.0,10.00204
2008-01-14,2008,1,14,26.99,30.21,24.97,78.53,57.931,5.899,0.66,7.95,38.9,0.0,10.727167
2008-01-15,2008,1,15,27.05,29.97,25.33,78.16,55.001,59.477,0.63,9.0,41.2,0.0,9.821799
2008-01-16,2008,1,16,27.08,30.4,24.88,74.33,56.326,59.986,0.64,7.94,44.0,0.05,10.3487015
2008-01-17,2008,1,17,27.03,30.19,24.56,73.71,54.631,61.313,0.62,7.05,45.5,0.2,9.683883
2008-01-18,2008,1,18,27.08,31.14,24.22,73.99,59.868,61.766,0.68,7.98,49.0,0.14,10.7916975
2008-01-19,2008,1,19,27.23,31.28,24.27,74.91,61.877,62.102,0.7,7.61,47.3,0.0,10.833447
2008-01-20,2008,1,20,27.2,31.31,24.66,75.72,59.945,61.258,0.68,7.14,42.1,0.0,10.683976
2008-01-21,2008,1,21,26.99,30.6,24.68,70.12,59.671,61.687,0.67,8.95,43.8,0.0,10.580423
2008-01-22,2008,1,22,26.8,30.19,24.77,73.91,60.607,62.501,0.68,8.78,43.8,0.0,10.588884
2008-01-23,2008,1,23,26.97,30.51,24.57,75.81,60.374,6.162,0.67,7.98,41.6,0.0,10.988243
2008-01-24,2008,1,24,26.96,30.36,24.46,73.23,60.206,61.786,0.67,8.46,42.3,0.0,10.469506
2008-01-25,2008,1,25,26.67,29.43,24.85,74.52,57.566,61.685,0.64,9.78,42.9,0.0,10.339645
2008-01-26,2008,1,26,26.82,30.19,24.93,75.91,61.008,63.818,0.68,9.09,41.1,0.0,11.043302
2008-01-27,2008,1,27,26.46,29.43,24.84,73.46,61.231,64.802,0.68,9.16,37.8,0.0,10.689493
2008-01-28,2008,1,28,25.97,28.63,24.4,72.92,60.958,65.304,0.67,8.47,34.0,0.0,10.992811
2008-01-29,2008,1,29,25.98,28.91,23.97,70.99,62.839,66.182,0.69,7.89,38.6,0.0,10.688764
2008-01-30,2008,1,30,26.06,29.4,23.74,73.36,62.585,66.216,0.69,7.66,41.1,0.0,11.443586
2008-01-31,2008,1,31,26.02,28.99,24.18,73.13,62.297,64.673,0.68,8.51,41.5,0.0,11.3374195
2008-02-01,2008,2,1,25.84,28.82,24.08,70.58,60.197,6.408,0.66,7.43,34.6,0.0,10.977924
2008-02-02,2008,2,2,25.61,28.41,23.85,71.63,63.389,67.963,0.69,7.16,31.6,0.0,10.856402
2008-02-03,2008,2,3,25.92,28.99,23.96,72.95,56.923,64.692,0.62,6.22,38.0,0.0,10.5650835
2008-02-04,2008,2,4,26.5,30.04,23.92,71.7,64.882,65.604,0.7,7.46,44.1,0.0,11.4812155
2008-02-05,2008,2,5,26.81,30.7,23.72,74.85,62.743,63.617,0.68,7.27,44.1,0.0,11.321183
2008-02-06,2008,2,6,27.14,30.87,24.5,74.35,55.085,62.657,0.59,6.94,44.7,0.0,10.215977
2008-02-07,2008,2,7,27.03,30.71,24.36,74.03,57.991,63.091,0.62,7.42,40.2,0.0,10.214644
2008-02-08,2008,2,8,27.17,30.64,24.76,75.25,58.721,63.149,0.63,7.55,40.3,0.0,10.749878
2008-02-09,2008,2,9,27.42,30.83,24.66,76.73,59.347,62.134,0.63,7.72,40.0,0.02,10.3501625
2008-02-10,2008,2,10,27.29,30.24,25.57,75.77,59.434,62.988,0.63,8.76,40.6,0.2,10.887432
2008-02-11,2008,2,11,27.45,30.82,25.35,74.03,61.558,64.901,0.65,9.28,41.5,0.16,11.519196
2008-02-12,2008,2,12,27.72,31.32,25.47,71.19,61.368,64.387,0.65,8.71,45.0,0.01,11.870595
2008-02-13,2008,2,13,27.51,30.52,25.53,73.65,57.734,64.135,0.61,6.51,45.2,0.0,11.797975
2008-02-15,2008,2,15,27.56,30.62,25.74,70.35,53.237,64.238,0.56,9.95,44.9,0.09,10.69382
2008-02-16,2008,2,16,26.9,29.86,24.95,73.32,54.648,65.405,0.57,7.98,39.2,0.07,10.854783
2008-02-17,2008,2,17,26.68,30.01,24.78,74.05,51.014,63.338,0.53,7.02,41.8,0.17,10.733112
2008-02-18,2008,2,18,26.9,30.97,24.3,73.23,5.401,65.338,0.56,6.53,39.4,0.02,10.8305025
2008-02-19,2008,2,19,26.7,30.38,24.66,72.95,52.968,6.293,0.55,7.42,39.5,0.07,11.607692
2008-02-20,2008,2,20,26.58,29.79,24.33,70.93,5.951,66.754,0.61,7.82,39.8,0.01,11.4439
2008-02-21,2008,2,21,26.42,29.92,23.88,72.12,58.769,66.686,0.6,7.23,41.1,0.21,10.954939
2008-02-22,2008,2,22,26.75,30.4,24.46,72.86,61.387,6.719,0.63,6.52,44.4,0.18,11.767135
2008-02-23,2008,2,23,27.34,31.35,24.51,72.33,64.908,67.615,0.66,7.02,42.9,0.01,11.962855
2008-02-24,2008,2,24,27.18,31.28,24.91,72.12,63.667,67.147,0.65,8.14,39.0,0.03,12.439152
2008-02-25,2008,2,25,26.53,29.68,24.74,71.71,5.959,66.857,0.61,8.82,33.7,0.0,11.858725
2008-02-26,2008,2,26,26.64,30.41,24.28,70.5,5.965,67.224,0.61,6.98,38.0,0.0,11.848837
2008-02-27,2008,2,27,26.93,31.33,24.39,73.76,62.098,6.751,0.63,6.18,38.1,0.0,11.779645
2008-02-28,2008,2,28,26.48,29.45,24.9,75.84,53.928,64.946,0.54,9.07,33.8,0.0,11.076495
2008-02-29,2008,2,29,26.72,29.8,24.74,71.72,65.801,71.117,0.66,10.06,42.1,0.05,12.8891325
2008-03-01,2008,3,1,26.76,29.92,24.46,72.43,64.502,69.259,0.65,8.76,41.9,0.02,11.90208
2008-03-02,2008,3,2,27.27,31.14,24.96,69.87,63.888,67.862,0.64,8.0,38.6,0.0,12.043999
2008-03-03,2008,3,3,27.17,31.06,24.48,70.81,62.914,66.055,0.63,7.73,39.7,0.0,11.851785
2008-03-04,2008,3,4,27.14,31.17,24.68,71.36,5.801,64.519,0.58,6.51,37.6,0.04,11.581682
2008-03-05,2008,3,5,26.93,31.41,24.84,74.27,4.464,62.861,0.44,7.23,35.9,0.05,9.045709
2008-03-06,2008,3,6,26.46,29.95,24.42,76.06,45.826,64.222,0.46,7.39,31.8,0.06,11.412215
2008-03-07,2008,3,7,26.68,30.89,24.07,72.85,57.115,67.862,0.57,6.39,40.8,0.19,12.108958
2008-03-08,2008,3,8,26.62,30.38,23.97,73.59,59.083,68.806,0.59,6.82,42.0,0.27,11.146773
2008-03-09,2008,3,9,26.55,29.91,24.58,71.07,68.621,72.314,0.68,9.36,39.9,0.19,12.471551
2008-03-10,2008,3,10,26.43,29.49,24.46,68.97,58.836,72.024,0.58,8.93,39.5,0.23,11.227376
2008-03-11,2008,3,11,26.51,30.23,24.15,69.56,65.311,71.191,0.64,7.29,37.8,0.09,11.613102
2008-03-12,2008,3,12,26.91,31.43,24.2,69.15,65.731,70.056,0.65,6.86,38.5,0.0,11.762905
2008-03-13,2008,3,13,26.89,30.98,24.34,73.38,4.955,63.454,0.49,6.86,35.5,0.08,9.866333
2008-03-14,2008,3,14,26.16,28.65,24.81,81.9,27.007,53.774,0.26,6.71,36.2,0.24,8.364658
2008-03-15,2008,3,15,26.85,30.58,24.67,79.37,50.539,66.768,0.49,5.57,42.0,0.02,11.532349
2008-03-16,2008,3,16,27.58,31.98,24.78,73.59,65.731,6.883,0.64,7.76,38.4,0.01,13.261128
2008-03-18,2008,3,18,27.35,30.79,25.35,66.63,64.373,70.358,0.63,10.11,44.8,0.01,13.14987
2008-03-19,2008,3,19,27.23,30.94,24.78,69.86,66.972,70.685,0.65,8.95,43.9,0.03,12.567002
2008-03-20,2008,3,20,26.85,30.5,24.57,72.53,6.815,71.117,0.66,8.27,39.7,0.03,13.216499
2008-03-21,2008,3,21,26.62,29.62,24.86,72.79,64.937,71.693,0.63,9.03,37.1,0.11,12.8240795
2008-03-22,2008,3,22,26.78,30.94,24.81,72.95,59.088,67.622,0.57,7.96,36.6,0.0,12.368923
2008-03-23,2008,3,23,26.83,30.84,25.09,76.8,50.222,62.892,0.49,5.72,37.5,0.02,11.216139
2008-03-24,2008,3,24,26.85,30.21,25.02,80.45,54.691,65.731,0.53,5.53,38.6,0.02,12.0911255
2008-03-25,2008,3,25,26.43,29.16,25.12,80.28,48.929,6.533,0.47,7.7,35.8,0.03,10.280949
2008-03-26,2008,3,26,26.56,29.34,25.08,70.4,5.233,69.058,0.5,9.29,37.3,0.0,11.48582
2008-03-27,2008,3,27,26.62,30.1,24.9,74.11,60.912,69.571,0.59,7.95,34.0,0.0,13.071572
2008-03-28,2008,3,28,26.62,30.17,24.29,75.72,59.299,68.479,0.57,7.14,33.4,0.0,11.174984
2008-03-29,2008,3,29,27.06,30.78,25.13,73.06,6.072,68.446,0.58,8.11,35.3,0.0,11.938626
2008-03-30,2008,3,30,27.28,30.91,25.07,73.6,5.897,67.543,0.57,7.62,35.9,0.0,11.855428
2008-03-31,2008,3,31,27.41,31.31,25.42,73.29,50.669,67.145,0.49,7.81,34.7,0.01,11.780016
2008-04-01,2008,4,1,27.12,30.69,24.9,70.5,54.341,71.479,0.52,7.34,36.4,0.05,10.199905
2008-04-02,2008,4,2,27.41,31.66,24.64,71.92,68.098,73.056,0.65,7.13,39.3,0.13,12.624196
2008-04-03,2008,4,3,27.63,31.94,24.8,71.23,61.486,71.746,0.59,7.06,40.3,0.14,11.782409
2008-04-04,2008,4,4,27.74,32.12,24.91,71.88,69.043,7.218,0.66,6.95,41.5,0.07,13.175755
2008-04-05,2008,4,5,28.18,32.32,25.86,72.98,54.185,68.201,0.52,6.46,42.5,0.1,12.739204
2008-04-06,2008,4,6,27.38,30.41,25.57,77.21,65.954,68.966,0.63,5.48,40.7,0.0,13.518673
2008-04-07,2008,4,7,27.66,32.11,25.25,73.83,5.233,68.858,0.5,6.98,41.9,0.0,11.753376
2008-04-08,2008,4,8,26.96,29.19,25.61,77.76,56.837,68.856,0.54,6.57,44.0,0.25,12.955317
2008-04-09,2008,4,9,27.34,30.48,25.66,74.28,6.031,70.812,0.57,7.2,37.8,0.01,13.330829
2008-04-10,2008,4,10,27.55,30.94,25.64,72.12,55.109,68.666,0.52,7.93,35.9,0.0,11.790025
2008-04-11,2008,4,11,27.56,30.9,25.4,72.38,57.545,71.071,0.55,7.78,35.5,0.1,12.227689
2008-04-12,2008,4,12,27.8,31.74,25.76,69.41,64.486,71.882,0.61,7.47,38.8,0.1,12.648273
2008-04-13,2008,4,13,27.52,31.1,25.49,71.33,6.563,71.268,0.62,7.38,38.6,0.0,12.577801
2008-04-14,2008,4,14,27.4,30.95,25.62,75.47,54.878,69.468,0.52,7.67,36.3,0.4,11.779023
2008-04-15,2008,4,15,27.08,30.05,25.37,81.9,53.419,6.775,0.51,6.78,30.3,1.96,12.0815115
2008-04-16,2008,4,16,27.5,30.78,25.61,79.97,64.946,70.313,0.62,7.52,34.8,1.0,13.638159
2008-04-17,2008,4,17,28.34,32.62,25.65,73.32,66.132,71.803,0.63,8.06,38.1,0.03,13.750988
2008-04-19,2008,4,19,28.34,32.36,26.39,74.94,58.814,68.791,0.56,7.33,40.9,0.03,12.159349
2008-04-20,2008,4,20,28.09,32.16,25.97,73.6,59.304,69.614,0.56,7.12,36.0,0.0,12.353168
2008-04-21,2008,4,21,27.91,31.81,25.74,73.12,62.102,70.661,0.59,7.59,31.9,0.0,12.5138235
2008-04-22,2008,4,22,27.57,31.16,25.79,75.8,49.795,70.769,0.47,7.01,33.0,0.0,10.2189
2008-04-23,2008,4,23,27.46,31.24,25.43,76.76,51.043,66.677,0.49,7.02,26.0,0.01,11.711787
2008-04-24,2008,4,24,26.47,28.33,25.57,81.02,44.138,69.386,0.42,6.7,21.1,4.69,9.6132
2008-04-25,2008,4,25,26.88,28.96,25.35,81.22,48.972,7.045,0.47,6.73,18.5,1.85,11.393898
2008-04-26,2008,4,26,27.42,30.44,25.72,80.28,59.842,72.334,0.57,7.0,24.5,1.41,13.506835
2008-04-27,2008,4,27,27.44,30.13,25.82,82.66,50.717,69.914,0.48,6.31,34.0,2.21,11.141442
2008-04-28,2008,4,28,27.63,30.9,25.91,83.97,4.357,69.434,0.41,5.61,37.1,3.34,8.193053
2008-04-29,2008,4,29,27.23,29.55,26.09,83.86,5.963,69.485,0.57,5.92,39.9,0.86,12.510053
2008-04-30,2008,4,30,27.2,29.64,25.6,80.02,43.596,67.109,0.42,6.22,38.0,0.75,9.449159
2008-05-01,2008,5,1,26.54,28.64,25.52,82.32,38.414,67.514,0.37,6.37,35.4,8.36,10.2058935
2008-05-02,2008,5,2,26.76,28.65,25.33,81.02,47.947,68.102,0.46,5.55,33.0,10.27,10.833554
2008-05-03,2008,5,3,27.52,30.67,25.68,76.97,57.154,69.029,0.55,5.67,29.8,0.53,11.381041
2008-05-04,2008,5,4,27.27,30.26,25.22,78.47,56.748,7.069,0.54,5.61,30.6,1.65,11.761906
2008-05-05,2008,5,5,27.9,31.59,25.63,75.74,51.857,69.982,0.5,6.59,37.8,0.24,11.6990385
2008-05-06,2008,5,6,27.76,31.08,25.88,78.38,52.766,6.943,0.5,7.2,41.5,0.52,10.991115
2008-05-07,2008,5,7,27.99,30.96,26.14,81.03,56.071,68.522,0.54,6.77,43.7,1.49,12.293547
2008-05-08,2008,5,8,27.95,30.39,26.51,83.29,4.26,68.827,0.41,5.59,44.3,1.93,8.2269
2008-05-09,2008,5,9,28.23,31.31,26.43,82.88,35.496,68.861,0.34,4.09,47.4,2.37,8.89421
2008-05-10,2008,5,10,28.02,30.83,26.34,81.42,56.714,69.086,0.54,4.65,47.4,1.25,12.764622
2008-05-11,2008,5,11,28.14,31.06,26.32,80.95,45.461,68.393,0.44,4.06,46.0,0.31,9.9533825
2008-05-12,2008,5,12,28.18,30.89,26.23,79.93,56.124,69.622,0.54,4.58,42.9,0.23,10.555748
2008-05-13,2008,5,13,28.37,31.8,26.04,77.59,57.074,69.838,0.55,5.58,38.3,0.01,11.399054
2008-05-14,2008,5,14,28.57,32.15,26.36,73.48,61.908,71.246,0.59,7.23,37.6,0.0,12.231471
2008-05-15,2008,5,15,28.69,32.57,26.72,72.38,5.831,71.203,0.56,7.08,33.6,0.16,10.9908085
2008-05-16,2008,5,16,28.76,32.59,26.55,72.99,52.848,69.463,0.51,7.13,36.6,0.09,10.884588
2008-05-17,2008,5,17,28.55,31.84,26.72,74.91,45.245,70.769,0.43,6.82,36.2,0.21,9.883166
2008-05-18,2008,5,18,28.58,32.33,26.48,77.69,38.858,69.127,0.37,6.12,42.4,0.75,7.3127584
2008-05-19,2008,5,19,27.66,30.04,26.51,83.95,40.378,69.221,0.39,5.33,38.3,3.45,8.204444
2008-05-21,2008,5,21,27.51,29.49,26.18,82.57,48.686,6.709,0.47,3.45,51.5,8.67,11.216398
2008-05-22,2008,5,22,27.81,30.82,25.62,74.14,53.376,71.513,0.51,4.65,35.6,1.25,10.311989
2008-05-23,2008,5,23,28.23,32.01,25.64,71.85,60.566,70.934,0.58,4.28,39.4,0.02,10.455829
2008-05-24,2008,5,24,27.8,30.18,26.13,75.24,49.272,69.734,0.48,4.75,43.5,1.33,8.911589
2008-05-25,2008,5,25,27.32,29.29,26.02,79.36,43.814,68.398,0.42,4.37,26.3,8.77,7.988702
2008-05-26,2008,5,26,26.56,28.24,25.52,85.63,48.818,70.236,0.47,4.34,23.8,7.16,10.028228
2008-05-27,2008,5,27,26.51,29.11,25.24,84.23,37.673,69.226,0.36,4.67,37.1,7.79,6.0636525
2008-05-28,2008,5,28,26.44,28.07,25.5,85.22,31.411,67.937,0.3,3.63,86.1,8.26,8.262755
2008-05-29,2008,5,29,27.11,29.3,25.03,84.1,56.455,71.568,0.55,4.26,28.1,1.68,12.499092
2008-05-30,2008,5,30,28.49,31.33,26.43,79.82,59.083,70.421,0.57,4.9,47.2,2.56,12.404126
2008-05-31,2008,5,31,28.87,32.4,26.66,75.44,5.376,70.999,0.52,5.25,46.0,0.2,11.0044985
2008-06-01,2008,6,1,28.64,31.97,26.46,77.69,59.832,70.178,0.58,4.45,42.8,0.2,11.628729
2008-06-02,2008,6,2,28.44,31.48,26.56,80.86,57.691,70.159,0.56,2.75,17.5,0.84,10.522091
2008-06-03,2008,6,3,28.22,31.03,26.7,82.25,37.865,69.302,0.37,2.78,43.6,0.45,7.4020844
2008-06-04,2008,6,4,27.89,29.49,26.67,83.91,48.895,70.421,0.47,4.59,43.7,0.52,8.991374
2008-06-05,2008,6,5,28.83,31.71,27.05,80.21,52.284,69.314,0.51,4.99,42.6,0.33,10.755374
2008-06-06,2008,6,6,28.93,31.87,27.15,77.59,40.586,70.277,0.39,4.8,48.0,0.22,9.200438
2008-06-07,2008,6,7,28.65,31.88,26.46,75.44,51.893,69.276,0.5,5.85,43.0,0.05,9.625135
2008-06-08,2008,6,8,28.41,31.1,26.8,79.28,37.951,67.159,0.37,4.61,44.9,0.24,7.8507547
2008-06-09,2008,6,9,28.46,30.89,26.64,82.29,56.777,70.202,0.55,3.91,41.8,0.49,10.557888
2008-06-10,2008,6,10,28.18,30.47,26.73,82.0,48.499,68.455,0.47,4.21,47.0,0.34,10.449362
2008-06-11,2008,6,11,28.87,32.42,26.76,76.12,65.021,70.387,0.63,5.83,40.9,0.1,11.20948
2008-06-12,2008,6,12,29.04,33.01,26.65,72.33,65.251,7.079,0.64,6.28,39.5,0.03,11.5063095
2008-06-13,2008,6,13,28.72,32.18,26.3,75.04,6.036,70.296,0.59,6.69,36.1,0.08,11.171372
2008-06-14,2008,6,14,28.56,31.67,26.79,81.5,51.706,6.827,0.5,4.94,37.0,4.62,9.854886
2008-06-15,2008,6,15,27.88,30.31,26.47,83.13,36.235,67.025,0.35,2.96,2.4,29.02,9.863773
2008-06-16,2008,6,16,28.19,30.81,26.58,82.9,6.293,69.835,0.61,4.16,38.9,15.64,11.038946
2008-06-17,2008,6,17,29.0,33.17,26.37,76.4,62.909,69.811,0.61,5.39,44.4,0.22,11.001519
2008-06-18,2008,6,18,28.82,32.7,26.46,77.88,63.895,69.106,0.62,5.95,41.8,5.97,11.2918
2008-06-19,2008,6,19,28.72,32.49,26.59,79.39,53.594,68.386,0.52,5.32,43.8,5.84,10.315725
2008-06-20,2008,6,20,28.49,31.91,26.65,78.99,63.979,7.104,0.62,7.51,44.4,9.85,11.475436
2008-06-22,2008,6,22,27.52,29.6,26.17,85.13,18.854,68.158,0.18,5.32,54.5,10.05,2.3944314
2008-06-23,2008,6,23,27.17,28.91,25.84,85.86,43.822,66.528,0.43,5.62,47.9,7.84,7.4463253
2008-06-24,2008,6,24,27.46,29.45,26.11,85.37,57.806,68.503,0.56,5.54,51.7,6.32,10.827392
2008-06-25,2008,6,25,27.52,29.79,26.29,84.32,33.746,68.688,0.33,7.42,55.3,5.82,7.548825
2008-06-26,2008,6,26,28.12,31.68,26.19,80.72,63.446,70.783,0.62,6.2,55.4,5.85,11.126547
2008-06-27,2008,6,27,28.24,31.21,26.11,79.76,6.365,71.508,0.62,6.72,47.0,0.83,11.205774
2008-06-28,2008,6,28,27.88,30.11,26.64,83.83,58.238,69.706,0.57,6.1,52.5,2.27,10.260757
2008-06-29,2008,6,29,28.07,31.18,26.39,82.91,52.673,68.167,0.51,5.47,48.0,2.78,11.658374
2008-06-30,2008,6,30,28.26,31.43,26.19,81.74,54.934,7.074,0.54,5.53,48.3,3.73,9.878484
2008-07-01,2008,7,1,27.64,29.64,26.57,84.49,55.459,69.223,0.54,5.66,49.6,11.0,9.562677
2008-07-02,2008,7,2,27.33,29.39,25.83,85.11,40.577,67.726,0.4,5.27,50.1,2.31,9.3368
2008-07-03,2008,7,3,27.48,29.8,26.16,85.69,46.402,67.145,0.45,3.59,48.5,6.6,9.35329
2008-07-04,2008,7,4,27.46,29.78,26.19,86.75,46.339,68.765,0.45,4.13,37.7,4.29,9.892647
2008-07-05,2008,7,5,27.64,29.89,26.14,85.81,49.699,69.984,0.48,3.74,44.7,1.19,9.900873
2008-07-06,2008,7,6,28.16,31.36,26.27,79.62,55.022,71.014,0.54,5.66,42.2,0.19,9.466766
2008-07-07,2008,7,7,27.74,30.19,26.47,81.37,55.267,69.742,0.54,5.19,50.3,0.41,9.561558
2008-07-08,2008,7,8,27.76,29.92,26.4,82.03,45.626,68.042,0.44,6.07,48.1,0.63,8.91245
2008-07-09,2008,7,9,27.61,30.04,26.12,82.69,34.666,67.601,0.34,4.14,54.7,0.82,5.320102
2008-07-10,2008,7,10,27.56,29.97,26.12,84.62,50.674,67.942,0.49,3.66,43.3,2.0,10.2664175
2008-07-11,2008,7,11,27.89,30.69,26.2,82.89,49.289,69.211,0.48,5.12,44.8,1.37,9.187404
2008-07-12,2008,7,12,28.31,32.26,26.06,80.58,55.039,69.168,0.54,5.26,48.0,1.33,10.635163
2008-07-13,2008,7,13,27.81,30.65,26.24,82.28,50.141,70.301,0.49,4.87,45.7,2.06,10.231696
2008-07-14,2008,7,14,27.95,31.45,26.25,79.66,5.507,70.994,0.54,5.96,44.4,4.2,9.926097
2008-07-15,2008,7,15,27.02,28.75,25.95,86.26,48.103,68.054,0.47,4.85,49.0,5.27,7.1712294
2008-07-16,2008,7,16,27.12,30.12,25.42,84.2,45.221,6.989,0.44,2.3,39.6,4.66,9.219256
2008-07-17,2008,7,17,27.18,30.58,25.21,80.46,44.878,69.833,0.44,3.33,253.8,4.95,10.205619
2008-07-18,2008,7,18,27.04,29.01,25.66,84.02,61.003,70.375,0.59,2.84,358.5,2.14,10.230972
2008-07-19,2008,7,19,27.98,30.93,26.09,80.9,51.245,70.517,0.5,3.44,47.5,1.6,9.950552
2008-07-20,2008,7,20,28.7,31.34,26.89,81.46,63.271,72.144,0.61,5.08,46.0,0.52,10.882786
2008-07-21,2008,7,21,28.58,31.13,26.86,81.36,67.464,71.674,0.65,4.61,56.4,0.39,11.5931425
2008-07-22,2008,7,22,28.53,30.89,26.97,80.58,56.357,70.774,0.55,5.24,53.5,0.27,9.848835
2008-07-24,2008,7,24,28.69,31.96,26.5,77.77,66.449,70.382,0.64,6.6,45.9,0.05,11.487851
2008-07-25,2008,7,25,28.7,32.32,26.49,78.59,60.154,71.318,0.58,6.31,44.8,0.13,10.891821
2008-07-26,2008,7,26,28.8,32.64,26.52,77.05,47.129,69.746,0.46,6.02,40.4,0.27,9.329473
2008-07-27,2008,7,27,28.43,32.16,26.5,79.21,50.794,69.394,0.49,5.0,42.7,0.21,10.142308
2008-07-28,2008,7,28,28.49,32.39,26.37,79.96,44.417,69.326,0.43,5.19,42.7,0.11,9.555437
2008-07-29,2008,7,29,28.05,30.53,26.52,83.99,48.576,69.067,0.47,4.35,38.8,0.35,8.624599
2008-07-30,2008,7,30,28.04,30.51,26.57,84.1,55.027,71.028,0.53,4.52,42.3,0.49,9.895872
2008-07-31,2008,7,31,28.3,31.71,26.27,78.53,5.791,70.598,0.56,5.65,40.1,0.17,6.3819633
2008-08-01,2008,8,1,27.8,30.31,26.46,82.45,61.018,70.901,0.59,3.54,38.6,0.39,11.090709
2008-08-02,2008,8,2,28.18,30.86,26.79,82.99,38.854,70.543,0.38,4.56,49.2,0.41,5.7645435
2008-08-03,2008,8,3,28.25,31.27,26.41,80.88,57.118,70.937,0.55,3.67,57.6,2.6,10.550092
2008-08-04,2008,8,4,28.74,31.41,26.98,80.21,56.074,70.248,0.54,5.47,46.3,1.48,10.832824
2008-08-05,2008,8,5,29.03,32.58,26.67,74.99,65.926,7.117,0.64,6.53,47.1,0.51,11.364027
2008-08-06,2008,8,6,28.97,32.28,26.73,79.12,40.889,68.587,0.39,5.72,45.1,1.62,7.9800386
2008-08-07,2008,8,7,29.81,34.2,27.44,76.24,69.578,72.072,0.67,5.22,43.4,0.63,12.484078
2008-08-08,2008,8,8,29.24,32.77,27.21,78.78,62.702,71.105,0.6,4.81,42.5,0.9,11.425588
2008-08-09,2008,8,9,28.81,32.23,26.74,77.63,60.242,6.953,0.58,4.33,45.0,0.75,11.170157
2008-08-10,2008,8,10,28.15,30.99,26.52,83.14,47.251,69.276,0.46,4.45,40.7,3.81,9.723421
2008-08-11,2008,8,11,27.47,29.59,26.05,84.04,1.974,68.299,0.19,3.24,338.8,2.02,5.84811
2008-08-12,2008,8,12,28.0,31.0,25.75,80.26,63.446,7.086,0.61,3.06,29.6,2.34,11.042046
2008-08-13,2008,8,13,28.39,31.19,26.82,79.59,51.953,70.769,0.5,5.38,42.4,0.42,9.85313
2008-08-14,2008,8,14,28.65,32.15,26.79,77.36,54.413,70.975,0.52,5.2,46.3,0.43,7.1779404
2008-08-15,2008,8,15,28.39,31.12,26.91,80.77,55.212,70.502,0.53,4.21,38.7,0.92,11.624487
2008-08-16,2008,8,16,27.63,29.53,26.64,84.4,43.435,70.255,0.42,2.82,14.5,4.06,8.998029
2008-08-17,2008,8,17,27.05,28.94,26.08,85.25,59.186,7.223,0.57,1.88,320.9,1.44,10.541805
2008-08-18,2008,8,18,27.97,30.91,25.88,81.3,56.962,71.957,0.55,3.16,15.8,0.62,10.165781
2008-08-19,2008,8,19,28.81,32.44,26.54,77.5,57.046,71.748,0.55,4.32,37.9,0.71,10.483179
2008-08-20,2008,8,20,28.59,30.76,27.13,81.63,58.774,7.104,0.57,3.31,39.8,1.22,11.170733
2008-08-21,2008,8,21,28.88,31.84,27.37,78.05,42.137,70.992,0.41,5.77,40.6,1.67,9.1085005
2008-08-22,2008,8,22,27.89,30.15,26.55,81.42,51.194,70.327,0.49,4.4,50.7,2.12,10.560136
2008-08-23,2008,8,23,27.59,29.18,26.52,80.17,41.414,70.058,0.4,2.91,29.9,1.79,9.327814
2008-08-25,2008,8,25,27.64,30.76,25.58,78.57,58.428,7.081,0.56,2.21,332.6,0.81,10.914853
2008-08-26,2008,8,26,27.07,29.33,25.74,80.65,34.699,68.614,0.33,1.74,304.7,0.57,8.936907
2008-08-27,2008,8,27,27.75,29.92,25.82,76.31,55.142,70.872,0.53,1.92,285.5,0.62,9.980066
2008-08-28,2008,8,28,27.99,31.24,25.79,77.83,57.036,70.848,0.55,3.35,242.7,2.87,10.342363
2008-08-29,2008,8,29,27.87,30.13,25.93,76.96,50.182,6.953,0.48,2.77,243.3,2.62,11.6997795
2008-08-30,2008,8,30,28.12,31.04,26.47,75.28,56.693,70.966,0.55,2.4,268.3,1.39,12.0085
2008-08-31,2008,8,31,27.88,29.52,26.43,79.19,57.979,71.561,0.56,2.23,357.4,0.97,11.705689
2008-09-01,2008,9,1,27.98,29.94,26.84,82.03,37.058,70.591,0.36,3.07,322.0,1.73,4.5938954
2008-09-02,2008,9,2,27.78,29.86,26.37,81.96,53.894,70.906,0.52,3.42,257.7,4.56,11.289027
2008-09-03,2008,9,3,27.31,28.86,26.46,85.51,59.009,70.406,0.57,5.42,223.7,15.83,12.519976
2008-09-04,2008,9,4,27.3,29.14,25.91,80.63,44.266,71.232,0.43,3.98,222.8,10.43,8.4185295
2008-09-05,2008,9,5,28.05,30.77,25.95,78.56,67.133,73.279,0.65,2.4,11.1,5.63,12.97303
2008-09-06,2008,9,6,29.65,33.49,27.5,77.17,68.957,73.068,0.67,4.76,34.5,3.56,12.725387
2008-09-07,2008,9,7,29.68,33.42,27.43,75.43,65.196,71.496,0.63,4.33,35.9,1.47,11.896041
2008-09-08,2008,9,8,28.69,31.19,26.9,78.37,4.519,70.241,0.44,2.3,316.0,0.43,12.412363
2008-09-09,2008,9,9,28.14,30.76,26.45,77.68,57.257,71.818,0.56,3.45,32.3,0.5,11.095761
2008-09-10,2008,9,10,28.85,30.8,27.19,82.1,66.778,71.952,0.65,3.99,30.1,0.49,12.851713
2008-09-11,2008,9,11,29.58,32.47,27.88,79.64,64.642,71.746,0.63,4.84,45.6,0.58,11.696273
2008-09-12,2008,9,12,29.37,32.06,27.75,79.47,53.042,6.961,0.52,5.33,40.9,0.54,11.21717
2008-09-13,2008,9,13,29.77,33.14,27.75,77.29,57.862,70.342,0.56,4.76,43.5,0.31,10.800359
2008-09-14,2008,9,14,29.45,32.12,27.91,80.72,48.502,68.362,0.47,3.29,59.8,0.24,9.7106695
2008-09-15,2008,9,15,29.21,32.04,27.4,81.03,46.716,69.725,0.46,3.01,32.3,0.29,9.070704
2008-09-16,2008,9,16,27.83,29.97,26.18,85.24,43.423,6.769,0.42,2.35,325.4,0.68,9.190038
2008-09-17,2008,9,17,27.9,30.37,26.04,79.85,14.393,66.965,0.14,2.29,25.9,1.02,4.954857
2008-09-18,2008,9,18,28.02,30.14,26.6,82.6,54.233,68.518,0.53,3.56,14.8,14.14,11.758927
2008-09-19,2008,9,19,28.83,32.25,26.59,75.99,48.298,6.905,0.47,4.09,30.9,4.07,10.211869
2008-09-20,2008,9,20,28.0,29.69,27.1,83.76,39.854,6.961,0.39,3.88,15.6,6.55,8.306677
2008-09-21,2008,9,21,27.72,29.45,26.92,82.24,60.226,69.238,0.59,2.63,8.2,7.82,12.65793
2008-09-22,2008,9,22,27.82,29.38,26.76,85.92,54.833,70.037,0.54,2.77,354.7,11.27,10.682322
2008-09-23,2008,9,23,27.47,28.9,26.4,86.15,49.082,6.858,0.48,3.65,295.3,1.02,10.2789345
2008-09-24,2008,9,24,27.24,29.17,25.74,82.04,53.628,68.868,0.53,2.55,277.0,1.05,11.496679
2008-09-26,2008,9,26,28.66,31.23,26.99,82.28,53.645,68.974,0.53,4.96,34.8,1.64,10.728578
2008-10-01,2008,10,1,27.92,30.21,26.64,83.64,46.822,6.852,0.47,2.6,7.1,3.43,9.261074
2008-10-02,2008,10,2,27.87,29.98,26.28,85.23,45.192,67.102,0.45,3.16,27.7,6.89,9.340569
2008-10-03,2008,10,3,28.26,30.13,27.27,83.96,45.509,6.588,0.46,2.86,45.0,15.49,7.163244
2008-10-04,2008,10,4,28.14,30.18,27.13,83.95,41.995,66.571,0.42,2.36,29.0,11.93,8.275661
2008-10-05,2008,10,5,27.65,29.47,26.08,81.47,41.566,67.159,0.42,2.46,341.7,25.46,5.6076975
2008-10-06,2008,10,6,27.32,29.71,25.99,80.2,57.768,68.256,0.58,2.34,8.1,14.84,11.209057
2008-10-07,2008,10,7,27.22,29.22,25.98,82.59,43.754,6.653,0.44,2.28,336.8,3.53,8.464772
2008-10-08,2008,10,8,26.87,28.56,25.77,82.08,54.854,67.421,0.56,1.65,40.6,1.72,11.164292
2008-10-09,2008,10,9,27.85,30.97,26.05,80.99,50.381,67.325,0.51,2.86,21.4,3.77,10.044468
2008-10-10,2008,10,10,27.98,31.2,26.41,79.39,22.795,66.451,0.23,3.71,28.1,3.03,7.903522
2008-10-11,2008,10,11,26.79,28.17,25.8,83.19,53.678,66.629,0.55,2.28,353.0,2.52,10.908851
2008-10-12,2008,10,12,27.33,29.45,25.72,79.97,47.306,65.448,0.48,2.21,289.7,1.34,11.25631
2008-10-13,2008,10,13,27.26,29.14,25.92,80.33,52.392,6.683,0.54,2.37,265.0,1.36,9.753389
2008-10-14,2008,10,14,26.58,28.13,25.4,85.85,36.317,6.739,0.37,3.12,277.1,5.39,7.073317
2008-10-15,2008,10,15,26.64,28.88,25.17,80.92,5.113,67.721,0.53,3.21,245.2,3.97,9.479705
2008-10-16,2008,10,16,26.76,28.5,25.48,81.35,49.106,66.077,0.51,2.45,245.8,3.77,8.491222
2008-10-17,2008,10,17,28.2,31.81,25.68,74.64,60.372,6.726,0.63,2.66,12.1,0.71,12.49949
2008-10-18,2008,10,18,28.03,30.11,26.77,83.61,61.039,6.709,0.63,3.67,32.6,1.4,11.375845
2008-10-19,2008,10,19,27.81,28.65,27.31,85.39,47.978,64.486,0.5,3.62,42.4,2.81,10.980095
2008-10-20,2008,10,20,28.68,31.42,27.07,83.01,45.175,64.927,0.47,4.44,50.4,1.98,8.864149
2008-10-21,2008,10,21,28.3,30.28,27.02,85.35,51.874,62.976,0.54,4.09,56.9,4.54,10.1406145
2008-10-22,2008,10,22,28.44,30.4,27.04,86.46,5.201,64.822,0.55,4.17,49.2,4.0,10.629963
2008-10-23,2008,10,23,28.53,30.92,27.17,85.73,51.739,64.661,0.54,4.96,52.1,6.42,10.680727
2008-10-24,2008,10,24,28.63,31.18,27.25,82.87,55.699,65.746,0.59,4.4,41.9,6.31,10.947456
2008-10-25,2008,10,25,28.67,31.56,27.11,80.71,49.385,65.371,0.52,5.81,36.4,21.05,11.434222
2008-10-26,2008,10,26,28.32,30.92,27.1,79.05,58.462,65.645,0.62,5.73,45.9,3.04,11.361786
2008-10-28,2008,10,28,27.94,29.16,27.09,84.48,51.842,62.698,0.55,7.5,37.3,3.52,10.403994
2008-10-29,2008,10,29,27.99,29.2,27.28,84.38,50.462,63.082,0.54,7.92,45.7,1.66,10.365732
2008-10-30,2008,10,30,27.8,29.13,26.91,86.31,50.398,63.792,0.54,6.29,50.7,1.69,9.788111
2008-10-31,2008,10,31,27.99,29.85,27.06,85.11,50.611,64.519,0.54,6.91,41.9,1.51,9.688173
2008-11-01,2008,11,1,27.32,29.01,26.16,85.22,38.364,61.745,0.41,3.45,56.7,3.11,8.011904
2008-11-02,2008,11,2,26.69,28.54,25.17,83.17,41.789,61.841,0.45,3.04,206.9,5.42,10.422082
2008-11-03,2008,11,3,27.25,30.24,25.4,81.05,48.065,62.962,0.52,2.43,226.0,2.28,10.497506
2008-11-04,2008,11,4,26.26,27.14,25.68,88.27,28.654,60.768,0.31,3.29,301.2,1.57,2.8684146
2008-11-05,2008,11,5,26.87,28.56,25.58,84.66,44.916,61.822,0.49,2.96,244.4,3.22,9.100248
2008-11-06,2008,11,6,26.89,29.04,25.52,85.31,42.439,61.234,0.46,2.71,337.3,2.02,9.140124
2008-11-07,2008,11,7,27.66,29.92,26.29,83.38,47.772,62.549,0.52,3.59,25.6,0.87,9.537714
2008-11-08,2008,11,8,27.48,29.07,26.42,84.26,3.815,59.803,0.42,4.12,7.6,1.11,8.245388
2008-11-09,2008,11,9,27.89,30.84,26.27,79.11,49.452,60.641,0.54,3.14,15.1,0.06,10.073086
2008-11-10,2008,11,10,28.11,30.6,26.6,80.62,51.965,60.754,0.57,4.26,34.9,0.11,10.070526
2008-11-11,2008,11,11,28.27,30.44,27.17,82.07,51.384,61.183,0.57,6.19,30.3,4.99,10.546865
2008-11-12,2008,11,12,28.47,31.02,27.07,80.74,48.902,60.948,0.54,6.06,33.9,3.39,9.773808
2008-11-13,2008,11,13,28.19,30.57,27.02,81.94,45.324,60.994,0.5,6.71,36.0,11.69,8.461754
2008-11-14,2008,11,14,28.18,31.13,26.78,81.06,46.798,5.958,0.52,5.72,41.9,14.94,9.6512985
2008-11-15,2008,11,15,28.16,30.99,26.69,82.12,45.869,60.698,0.51,4.23,37.2,14.22,8.5322485
2008-11-16,2008,11,16,27.82,29.89,26.65,83.46,43.898,60.773,0.49,3.47,50.9,22.2,8.75836
2008-11-17,2008,11,17,27.63,30.08,26.5,85.85,44.146,59.554,0.5,4.16,45.8,15.18,8.828322
2008-11-18,2008,11,18,27.5,29.6,26.38,83.86,50.114,6.041,0.56,5.19,33.4,4.46,8.623518
2008-11-19,2008,11,19,27.71,29.82,26.32,83.27,42.144,59.618,0.48,5.15,28.9,4.2,7.84448
2008-11-20,2008,11,20,27.47,28.63,26.88,86.59,43.783,58.073,0.5,5.88,39.5,9.16,9.550936
2008-11-21,2008,11,21,27.42,29.35,26.37,85.58,43.625,58.913,0.5,5.51,47.7,11.14,9.070537
2008-11-22,2008,11,22,27.63,29.02,26.81,87.32,39.593,5.825,0.45,6.95,38.7,6.15,8.134106
2008-11-23,2008,11,23,27.34,28.13,26.88,88.75,38.093,57.974,0.43,6.22,50.6,3.89,7.2845216
2008-11-24,2008,11,24,27.41,28.38,26.83,88.8,29.806,55.078,0.34,5.87,51.5,6.66,7.874525
2008-11-25,2008,11,25,26.93,27.97,26.31,89.63,10.522,57.137,0.12,6.53,49.4,16.23,2.8848155
2008-11-26,2008,11,26,26.85,29.11,25.79,85.64,24.778,5.641,0.28,5.07,46.9,22.37,5.0432744
2008-11-27,2008,11,27,26.71,28.39,25.78,85.53,32.376,55.615,0.37,4.73,54.3,9.78,5.3958383
2008-11-29,2008,11,29,26.88,28.95,25.71,83.16,39.274,58.488,0.45,3.37,47.4,7.77,9.332855
2008-11-30,2008,11,30,27.29,30.47,25.56,80.69,46.793,58.807,0.54,3.53,58.3,0.91,9.353365
2008-12-01,2008,12,1,27.89,30.83,26.11,80.63,50.054,57.893,0.58,5.44,39.9,0.63,6.352557
2008-12-02,2008,12,2,27.72,29.59,26.65,82.67,42.893,5.916,0.5,7.05,39.8,0.5,8.465586
2008-12-03,2008,12,3,27.73,29.8,26.82,81.6,51.835,58.673,0.6,8.07,42.0,0.56,9.203743
2008-12-04,2008,12,4,27.1,28.46,26.18,80.71,48.578,59.873,0.56,7.38,45.0,0.16,9.0910845
2008-12-05,2008,12,5,27.32,29.85,25.78,77.01,54.161,60.144,0.63,6.87,47.1,0.0,9.277282
2008-12-06,2008,12,6,27.44,30.62,25.39,77.97,52.558,59.158,0.61,6.09,48.7,0.01,9.4092865
2008-12-07,2008,12,7,27.52,30.05,26.06,81.13,52.106,57.077,0.61,6.81,44.0,0.03,9.201735
2008-12-08,2008,12,8,27.11,28.03,26.46,84.85,3.623,54.485,0.42,7.79,46.9,0.05,8.236986
2008-12-09,2008,12,9,27.28,29.1,26.17,81.14,50.038,57.874,0.59,8.17,53.2,0.01,8.598697
2008-12-10,2008,12,10,27.11,29.58,25.1,79.88,57.742,59.959,0.68,6.71,49.6,0.0,9.907987
2008-12-11,2008,12,11,27.15,29.97,25.6,80.52,47.854,58.877,0.56,5.82,45.1,0.01,9.400472
2008-12-12,2008,12,12,26.91,29.44,25.7,78.84,50.837,5.869,0.6,6.22,32.4,0.02,8.8104515
2008-12-13,2008,12,13,27.12,29.69,25.51,77.64,57.254,59.069,0.67,7.05,41.6,0.01,9.441841
2008-12-14,2008,12,14,27.17,29.7,25.43,78.66,50.832,60.382,0.6,7.21,45.3,0.01,8.758
2008-12-15,2008,12,15,27.4,30.37,25.8,79.08,54.631,59.616,0.64,8.41,45.9,0.02,9.511471
2008-12-16,2008,12,16,26.92,29.28,25.56,76.17,54.948,59.894,0.65,8.87,45.2,0.01,9.112555
2008-12-18,2008,12,18,26.49,28.88,25.01,71.84,53.834,5.957,0.63,7.93,45.2,0.0,8.842888
2008-12-19,2008,12,19,26.59,29.06,25.11,73.12,53.011,5.929,0.62,7.96,44.8,0.0,9.047103
2008-12-20,2008,12,20,26.33,28.83,24.86,72.91,55.901,60.134,0.66,6.9,45.9,0.0,9.131972
2008-12-21,2008,12,21,26.77,30.14,24.46,73.81,54.444,59.316,0.64,5.12,43.0,0.0,9.065218
2008-12-22,2008,12,22,26.86,29.79,24.87,76.6,45.734,57.862,0.54,6.34,41.6,0.0,7.7364078
2008-12-23,2008,12,23,27.0,29.6,25.48,75.69,54.826,58.838,0.64,9.41,47.5,0.0,9.385493
2008-12-24,2008,12,24,27.0,30.15,24.8,74.12,57.984,61.217,0.68,8.68,52.7,0.0,9.754692
2008-12-25,2008,12,25,27.22,30.11,25.34,78.03,58.176,59.748,0.68,9.42,50.0,0.0,10.076222
2008-12-26,2008,12,26,27.07,29.64,25.33,72.98,5.615,60.422,0.66,9.7,49.5,0.0,9.1716585
2008-12-27,2008,12,27,26.87,29.82,24.87,73.66,5.766,60.854,0.68,8.54,49.1,0.0,9.277183
2008-12-28,2008,12,28,26.61,29.36,24.92,74.43,58.361,59.791,0.68,8.24,46.2,0.0,9.262142
2008-12-29,2008,12,29,26.32,29.53,23.59,73.25,58.399,60.922,0.68,7.57,45.9,0.0,9.348256
2008-12-31,2008,12,31,26.49,29.63,24.62,76.85,56.472,59.141,0.66,7.26,38.2,0.0,9.399336
2009-01-01,2009,1,1,26.38,29.3,24.53,75.43,56.594,58.702,0.66,8.1,41.7,0.0,9.561972
2009-01-03,2009,1,3,26.46,29.34,24.72,81.78,58.231,60.478,0.68,8.33,40.0,0.0,9.712201
2009-01-04,2009,1,4,27.09,30.73,25.08,82.97,55.082,57.989,0.64,6.79,35.5,0.01,9.625647
2009-01-05,2009,1,5,26.78,29.69,24.94,82.75,53.119,57.173,0.62,7.64,38.5,0.0,9.683258
2009-01-06,2009,1,6,26.96,30.39,24.96,78.85,49.666,57.324,0.58,7.4,39.3,0.0,8.704828
2009-01-07,2009,1,7,27.08,30.71,25.05,79.91,54.883,57.838,0.63,5.25,41.9,0.0,9.591345
2009-01-08,2009,1,8,27.03,30.63,24.73,78.9,56.498,58.574,0.65,7.1,40.4,0.0,9.876464
2009-01-09,2009,1,9,26.81,29.42,25.33,77.58,49.946,57.398,0.58,8.19,44.1,0.0,8.986371
2009-01-10,2009,1,10,26.65,30.0,24.61,73.95,57.463,60.449,0.66,8.5,43.8,0.0,9.722996
2009-01-11,2009,1,11,26.95,30.68,24.27,74.25,5.448,60.096,0.63,7.78,48.3,0.0,10.008354
2009-01-12,2009,1,12,26.93,30.56,24.67,73.92,55.003,60.041,0.63,7.92,47.0,0.0,9.929234
2009-01-13,2009,1,13,26.6,30.59,23.9,75.61,55.838,60.163,0.64,6.87,49.2,0.0,9.718079
2009-01-14,2009,1,14,26.91,30.33,24.79,76.79,57.622,60.386,0.66,7.62,44.4,0.01,9.89966
2009-01-15,2009,1,15,26.88,30.16,24.76,75.18,5.778,61.469,0.66,8.35,43.2,0.0,9.57299
2009-01-16,2009,1,16,26.38,29.2,24.76,75.1,58.092,61.183,0.66,8.73,39.3,0.0,9.815737
2009-01-17,2009,1,17,26.14,28.81,24.62,77.25,53.882,59.573,0.61,7.15,34.6,0.01,9.516471
2009-01-19,2009,1,19,26.44,30.15,24.02,81.15,52.229,60.991,0.59,4.72,27.2,0.0,9.229576
2009-01-20,2009,1,20,26.62,29.54,25.03,82.54,45.461,56.184,0.51,5.98,27.1,0.18,9.497649
2009-01-21,2009,1,21,26.31,28.3,25.2,81.1,45.622,56.645,0.51,7.87,24.9,0.1,8.682792
2009-01-22,2009,1,22,26.27,28.1,25.38,83.05,4.823,57.701,0.54,8.34,29.1,0.18,9.437019
2009-01-23,2009,1,23,26.79,29.95,25.12,79.14,5.562,61.925,0.62,8.54,31.9,0.02,9.97424
2009-01-24,2009,1,24,26.81,29.83,24.92,74.81,53.179,6.271,0.59,8.48,37.9,0.01,9.749851
2009-01-25,2009,1,25,26.62,29.43,24.86,73.83,58.764,63.223,0.65,7.74,37.5,0.0,10.111532
2009-01-26,2009,1,26,26.84,30.22,24.56,76.55,61.519,64.082,0.68,8.3,43.2,0.0,10.506149
2009-01-28,2009,1,28,27.05,30.45,24.93,74.26,62.071,64.243,0.68,8.55,44.1,0.0,11.389036
2009-01-29,2009,1,29,27.02,30.43,24.94,76.88,62.239,63.938,0.68,7.28,38.8,0.0,11.146575
2009-01-30,2009,1,30,26.59,29.12,25.1,80.51,52.061,60.881,0.57,6.35,39.4,0.04,9.815316
2009-02-01,2009,2,1,26.91,29.48,25.16,78.89,55.886,62.669,0.61,9.19,37.7,0.16,10.932422
2009-02-02,2009,2,2,27.59,30.9,25.34,74.51,5.689,63.746,0.62,8.53,46.2,0.01,10.750264
2009-02-04,2009,2,4,26.97,29.43,25.76,79.84,58.061,65.179,0.63,10.22,36.2,0.12,10.785021
2009-02-05,2009,2,5,27.03,29.72,25.63,77.48,5.645,64.262,0.61,11.54,38.3,0.07,11.341401
2009-02-06,2009,2,6,27.06,30.16,25.21,69.96,63.511,6.667,0.68,11.18,42.5,0.01,12.563168
2009-02-07,2009,2,7,26.55,29.62,24.6,71.14,65.441,6.743,0.7,10.68,44.7,0.0,12.427626
2009-02-08,2009,2,8,26.55,29.51,24.88,72.28,64.282,66.708,0.68,9.83,41.4,0.0,12.163855
2009-02-09,2009,2,9,26.57,29.87,24.69,74.11,54.151,64.332,0.58,8.71,38.5,0.0,10.416709
2009-02-10,2009,2,10,26.9,30.23,24.83,75.62,56.508,63.578,0.6,8.65,42.8,0.0,11.573625
2009-02-11,2009,2,11,27.69,30.92,25.47,72.76,59.974,64.493,0.63,8.15,49.2,0.0,11.824217
2009-02-13,2009,2,13,26.87,29.92,24.95,74.01,59.974,65.818,0.63,9.14,41.8,0.01,11.274646
2009-02-14,2009,2,14,26.92,30.01,25.3,71.74,61.382,66.218,0.64,8.57,40.2,0.0,11.430316
2009-02-15,2009,2,15,26.67,29.35,24.47,70.01,62.352,67.721,0.65,7.36,38.0,0.0,11.559595
2009-02-16,2009,2,16,26.61,30.73,24.5,72.47,60.672,67.286,0.63,7.9,37.5,0.0,11.251019
2009-02-17,2009,2,17,26.26,28.93,24.52,72.95,62.119,67.397,0.64,9.37,33.6,0.0,11.9189825
2009-02-18,2009,2,18,27.0,29.61,24.97,73.03,61.879,6.595,0.64,10.11,45.5,0.01,11.835577
2009-02-20,2009,2,20,27.11,30.03,25.44,72.8,5.652,69.938,0.58,9.87,43.0,0.0,11.463202
2009-02-21,2009,2,21,27.44,31.06,25.11,72.29,65.882,6.805,0.68,9.06,43.8,0.05,13.298489
2009-02-22,2009,2,22,27.55,31.82,24.86,71.34,6.54,67.644,0.67,8.33,45.1,0.0,13.00335
2009-02-23,2009,2,23,27.33,30.8,25.52,71.22,63.946,6.725,0.65,8.96,40.5,0.04,12.368799
2009-02-24,2009,2,24,26.54,29.34,24.71,74.61,54.377,64.949,0.55,8.51,38.0,0.02,10.322705
2009-02-25,2009,2,25,26.49,29.56,24.88,76.5,39.571,64.406,0.4,8.24,34.8,0.0,8.361506
2009-02-26,2009,2,26,26.71,30.14,24.83,75.71,6.187,66.482,0.63,8.06,34.7,0.0,12.267845
2009-02-27,2009,2,27,26.7,29.96,24.97,76.51,59.681,6.719,0.6,7.52,36.3,0.0,11.534464
2009-03-01,2009,3,1,27.09,30.76,24.97,75.89,60.144,65.942,0.61,7.47,32.8,0.02,11.841853
2009-03-02,2009,3,2,26.08,27.97,25.01,81.36,20.856,59.345,0.21,7.49,35.6,0.51,6.0725226
2009-03-03,2009,3,3,26.45,29.45,24.78,78.45,32.215,64.769,0.32,7.92,36.5,0.59,6.5828094
2009-03-05,2009,3,5,27.23,30.21,25.33,75.04,57.955,68.974,0.58,10.82,42.4,0.06,11.899404
2009-03-06,2009,3,6,27.07,29.91,25.55,73.4,66.082,70.433,0.66,11.87,44.5,0.05,12.055034
2009-03-08,2009,3,8,27.06,30.39,24.86,67.4,6.744,70.202,0.67,10.48,45.2,0.02,11.967021
2009-03-09,2009,3,9,26.7,30.03,24.51,64.1,68.419,71.342,0.68,9.79,42.9,0.0,12.577415
2009-03-10,2009,3,10,26.26,29.56,24.19,65.92,68.774,71.702,0.68,8.94,40.9,0.0,12.723678
2009-03-11,2009,3,11,25.99,29.31,23.73,68.29,67.572,71.268,0.67,9.44,39.9,0.0,12.193834
2009-03-12,2009,3,12,26.13,29.48,24.02,70.18,63.562,68.525,0.62,8.78,38.5,0.0,11.511963
2009-03-13,2009,3,13,26.01,29.48,23.92,73.69,62.162,68.664,0.61,8.37,37.1,0.0,11.8426285
2009-03-14,2009,3,14,26.1,29.13,24.26,73.9,63.526,69.185,0.62,7.94,36.2,0.0,12.4082155
2009-03-15,2009,3,15,26.38,29.8,24.03,73.21,63.278,68.381,0.62,8.63,39.0,0.0,12.373055
2009-03-17,2009,3,17,26.58,29.77,24.8,74.66,58.872,67.622,0.57,8.52,34.1,0.0,10.710201
2009-03-18,2009,3,18,26.35,29.19,24.67,75.11,53.976,68.086,0.53,8.53,31.8,0.0,11.324119
2009-03-19,2009,3,19,26.93,30.83,24.66,75.18,62.261,69.228,0.61,7.4,35.1,0.0,12.827251
2009-03-20,2009,3,20,26.71,29.87,24.83,77.89,49.877,66.643,0.48,7.65,31.2,0.02,12.062359
2009-03-21,2009,3,21,26.7,29.47,25.11,78.92,51.134,6.847,0.5,8.71,27.0,0.14,9.05627
2009-03-22,2009,3,22,26.57,29.11,25.22,79.63,4.217,69.389,0.41,8.29,31.3,0.5,9.74662
2009-03-23,2009,3,23,26.98,30.07,25.21,76.97,56.774,70.495,0.55,8.65,36.4,0.4,12.670417
2009-03-24,2009,3,24,27.17,29.85,25.43,75.25,50.878,68.974,0.49,8.14,39.7,0.03,11.203154
2009-03-25,2009,3,25,27.41,31.0,25.26,73.44,52.471,69.998,0.51,8.0,37.2,0.02,12.25065
2009-03-26,2009,3,26,27.09,30.27,25.19,74.3,56.851,70.925,0.55,8.36,38.9,0.03,12.560048
2009-03-27,2009,3,27,27.51,31.37,25.26,73.41,6.096,69.912,0.59,6.71,42.6,0.0,12.737152
2009-03-28,2009,3,28,27.72,32.05,25.27,75.09,53.021,67.949,0.51,6.21,42.3,0.0,11.570934
2009-03-29,2009,3,29,27.84,31.87,25.62,75.98,47.153,67.764,0.45,5.84,37.4,0.0,11.1268015
2009-03-30,2009,3,30,27.41,30.68,25.62,74.68,60.547,70.678,0.58,8.17,40.4,0.0,9.085785
2009-03-31,2009,3,31,27.34,30.68,25.29,73.54,63.125,71.822,0.6,8.19,37.8,0.0,12.75909
2009-04-02,2009,4,2,27.73,31.65,25.14,71.81,54.677,7.177,0.52,5.66,41.3,0.04,13.112971
2009-04-03,2009,4,3,27.58,31.49,25.03,71.36,65.868,72.955,0.63,6.16,37.4,0.0,12.684971
2009-04-04,2009,4,4,27.68,31.71,25.09,69.59,72.797,74.779,0.7,7.0,34.8,0.0,13.752979
2009-04-06,2009,4,6,27.72,32.06,25.13,71.5,65.731,72.442,0.63,6.91,35.0,0.02,12.80119
2009-04-07,2009,4,7,27.38,30.91,25.5,73.31,59.772,69.785,0.57,7.38,27.8,0.0,11.904329
2009-04-08,2009,4,8,26.91,29.59,25.38,74.62,5.484,69.934,0.52,8.27,26.9,0.02,12.14387
2009-04-09,2009,4,9,26.87,29.89,25.17,77.57,61.994,69.343,0.59,7.58,35.9,5.21,12.252906
2009-04-10,2009,4,10,27.55,31.14,25.28,78.66,61.262,6.967,0.58,7.81,38.7,2.79,13.292644
2009-04-11,2009,4,11,27.53,30.71,25.48,79.29,58.805,70.872,0.56,6.22,46.4,0.16,10.93727
2009-04-12,2009,4,12,27.62,30.88,25.73,75.04,60.161,72.718,0.57,7.65,35.4,0.0,12.786446
2009-04-13,2009,4,13,27.52,30.94,25.31,73.82,67.466,72.528,0.64,7.43,36.5,0.02,13.00516
2009-04-14,2009,4,14,27.75,31.09,25.25,72.75,68.762,73.421,0.65,6.99,42.4,0.0,12.891093
2009-04-15,2009,4,15,28.2,32.13,25.93,72.89,67.514,72.562,0.64,6.88,41.2,0.0,10.785378
2009-04-16,2009,4,16,27.73,31.46,25.81,76.05,63.331,71.045,0.6,7.28,35.3,0.0,13.031281
2009-04-18,2009,4,18,27.33,30.31,25.43,76.7,56.395,69.353,0.54,8.53,34.1,0.02,11.613897
2009-04-19,2009,4,19,27.61,30.84,25.61,77.15,64.476,71.398,0.61,8.64,35.9,0.05,12.594918
2009-04-20,2009,4,20,28.21,31.35,26.04,76.73,54.854,70.428,0.52,8.23,42.9,0.51,12.454153
2009-04-21,2009,4,21,27.4,29.4,26.25,82.6,44.825,6.96,0.43,5.91,35.6,0.27,8.637177
2009-04-23,2009,4,23,28.18,31.05,26.25,72.98,63.629,7.265,0.61,8.55,42.4,0.01,13.152067
2009-04-24,2009,4,24,27.6,30.27,26.07,71.57,66.636,73.884,0.63,9.09,40.3,0.0,12.668482
2009-04-25,2009,4,25,27.93,31.52,25.67,71.67,6.977,73.505,0.66,8.9,39.5,0.0,12.769785
2009-04-26,2009,4,26,28.27,31.81,26.18,71.98,68.117,71.899,0.65,7.8,41.7,0.0,12.95136
2009-04-27,2009,4,27,28.25,31.94,25.84,72.93,69.194,71.594,0.66,8.11,39.3,0.0,13.644354
2009-04-28,2009,4,28,27.82,30.77,26.1,75.16,5.898,70.668,0.56,8.16,39.8,0.0,10.784538
2009-04-29,2009,4,29,27.16,29.75,25.54,80.48,53.158,70.918,0.51,6.94,35.2,0.0,6.517832
2009-04-30,2009,4,30,26.59,28.61,25.48,83.31,43.402,70.116,0.41,6.84,35.9,4.75,10.099981
2009-05-01,2009,5,1,26.57,28.59,25.32,84.76,36.065,67.471,0.34,6.2,38.8,2.37,10.109983
2009-05-02,2009,5,2,26.75,29.33,25.08,83.65,46.538,69.221,0.44,6.21,43.0,5.61,9.156748
2009-05-04,2009,5,4,26.99,30.1,25.19,82.42,5.07,71.784,0.48,4.19,31.1,16.58,10.881445
2009-05-05,2009,5,5,27.12,29.71,25.53,82.73,60.806,72.434,0.58,4.67,33.2,4.31,11.499369
2009-05-06,2009,5,6,27.89,31.33,25.64,80.81,62.765,72.144,0.6,4.61,41.7,0.22,12.682124
2009-05-09,2009,5,9,27.89,30.3,26.35,83.92,67.654,7.141,0.65,5.51,41.8,0.18,13.120051
2009-05-10,2009,5,10,27.93,30.46,26.37,82.81,59.422,69.727,0.57,6.28,44.5,0.29,10.755426
2009-05-11,2009,5,11,27.62,30.14,25.9,81.61,57.103,69.545,0.55,6.34,42.4,0.02,12.020767
2009-05-12,2009,5,12,27.34,29.64,25.91,81.2,54.754,68.299,0.52,6.09,40.4,0.0,11.042502
2009-05-13,2009,5,13,27.45,30.31,25.8,80.69,49.255,67.058,0.47,5.64,38.5,0.06,8.347217
2009-05-14,2009,5,14,27.57,30.25,25.77,81.93,60.218,68.837,0.58,5.64,36.1,0.25,12.033487
2009-05-15,2009,5,15,27.3,29.5,25.92,84.07,37.366,69.403,0.36,5.05,44.6,0.43,8.868635
2009-05-16,2009,5,16,27.75,30.49,25.69,81.85,56.131,68.323,0.54,4.79,42.2,0.25,11.159217
2009-05-17,2009,5,17,27.68,30.37,25.94,82.19,53.659,69.098,0.52,3.92,48.6,0.21,9.045934
2009-05-18,2009,5,18,28.45,32.39,26.0,79.27,58.452,70.342,0.56,3.13,28.8,0.25,11.51735
2009-05-20,2009,5,20,28.34,30.93,26.75,80.57,54.986,68.974,0.53,3.08,5.7,0.25,9.325759
2009-05-21,2009,5,21,28.56,31.33,26.68,80.26,52.733,67.325,0.51,2.48,22.1,0.34,11.004427
2009-05-22,2009,5,22,29.03,31.74,27.11,81.94,49.198,68.976,0.47,2.58,27.0,0.65,9.648258
2009-05-23,2009,5,23,28.83,30.93,27.47,83.24,47.381,68.129,0.46,2.65,20.8,1.71,9.453554
2009-05-25,2009,5,25,28.77,31.36,27.3,82.3,50.947,6.785,0.49,4.59,36.6,3.26,10.423088
2009-05-26,2009,5,26,28.98,31.56,27.43,81.12,62.762,69.564,0.61,4.29,39.7,0.83,12.612716
2009-05-27,2009,5,27,28.99,31.37,27.38,79.53,65.009,69.367,0.63,4.52,49.3,0.78,11.905326
2009-05-28,2009,5,28,28.98,31.06,27.66,79.79,56.525,68.736,0.55,4.04,55.0,1.66,11.38348
2009-05-29,2009,5,29,29.23,32.41,27.26,77.08,58.481,67.092,0.57,3.46,46.1,1.58,11.179128
2009-05-30,2009,5,30,29.11,32.4,26.87,76.3,64.214,69.624,0.62,4.57,44.5,0.25,11.636532
2009-05-31,2009,5,31,28.94,32.18,26.92,74.52,67.037,69.874,0.65,6.27,41.3,0.0,12.474255
2009-06-01,2009,6,1,29.09,32.76,26.4,73.76,68.071,7.129,0.66,6.46,44.3,0.0,12.448165
2009-06-02,2009,6,2,29.11,33.17,26.21,73.85,6.905,72.149,0.67,6.95,41.6,0.0,12.420452
2009-06-03,2009,6,3,29.04,32.57,26.7,77.7,64.262,70.613,0.62,6.42,44.9,0.0,12.176133
2009-06-05,2009,6,5,27.76,29.89,26.32,83.47,34.087,67.651,0.33,3.25,58.3,5.5,6.3014812
2009-06-06,2009,6,6,27.1,28.87,25.82,85.81,44.746,67.764,0.43,3.0,14.7,7.09,9.725519
2009-06-07,2009,6,7,27.64,29.64,26.38,85.07,37.406,67.378,0.36,4.46,50.3,5.33,9.522206
2009-06-10,2009,6,10,28.47,31.23,26.56,79.59,30.538,69.089,0.3,2.96,352.5,2.77,7.3713155
2009-06-11,2009,6,11,27.58,29.78,26.18,80.03,57.228,70.469,0.56,2.7,43.4,2.84,10.11389
2009-06-12,2009,6,12,27.25,29.63,26.04,82.92,53.095,69.367,0.52,4.13,31.5,4.45,10.757883
2009-06-13,2009,6,13,26.94,28.82,25.96,87.44,21.686,69.034,0.21,4.08,35.2,5.74,5.730448
2009-06-14,2009,6,14,27.57,30.09,26.16,82.05,5.681,69.816,0.55,2.65,12.2,2.22,11.259022
2009-06-15,2009,6,15,27.78,29.88,26.17,84.44,55.697,70.673,0.54,4.06,29.6,2.76,10.874282
2009-06-16,2009,6,16,28.62,31.06,26.95,79.49,5.533,70.848,0.54,4.87,49.7,2.43,9.019512
2009-06-17,2009,6,17,28.45,30.43,26.98,83.61,61.889,69.103,0.6,4.16,58.6,3.06,11.393511
2009-06-18,2009,6,18,28.63,31.03,27.04,81.42,53.374,67.661,0.52,3.59,53.0,4.58,11.407287
2009-06-19,2009,6,19,28.5,30.78,27.02,81.88,3.654,67.193,0.36,5.17,41.3,2.71,7.327961
2009-06-21,2009,6,21,28.14,30.69,26.69,79.05,40.051,6.75,0.39,4.76,43.9,2.39,9.5046625
2009-06-22,2009,6,22,27.87,29.79,26.67,80.38,27.938,67.486,0.27,3.07,50.9,9.65,2.9677634
2009-06-23,2009,6,23,27.34,29.67,26.03,80.35,57.139,68.678,0.56,1.24,16.0,8.94,11.21327
2009-06-24,2009,6,24,28.09,31.24,25.9,83.5,59.582,70.416,0.58,3.4,36.1,5.05,10.435574
2009-06-26,2009,6,26,28.57,31.29,26.83,82.89,58.414,71.086,0.57,4.02,52.8,2.28,10.85547
2009-06-27,2009,6,27,29.42,33.39,26.92,76.85,59.885,70.109,0.58,2.83,73.1,1.71,9.265448
2009-06-28,2009,6,28,28.0,30.77,26.33,81.45,36.322,68.549,0.35,3.57,57.6,4.43,6.183002
2009-06-29,2009,6,29,28.32,31.07,26.47,78.91,50.724,67.865,0.49,2.88,47.4,1.55,10.55204
2009-06-30,2009,6,30,28.53,30.82,26.95,81.34,47.429,65.047,0.46,4.7,46.4,1.98,9.369096
2009-07-01,2009,7,1,28.54,31.14,26.87,80.6,54.298,6.857,0.53,5.09,45.3,1.56,10.889605
2009-07-02,2009,7,2,28.33,30.67,26.91,83.71,50.398,69.874,0.49,5.34,53.0,6.8,10.765731
2009-07-03,2009,7,3,28.49,31.45,26.27,78.31,6.343,70.831,0.62,6.46,51.9,0.48,11.490681
2009-07-04,2009,7,4,27.92,30.03,26.48,81.89,45.451,69.055,0.44,5.25,50.1,2.56,8.877792
2009-07-05,2009,7,5,27.63,30.14,25.86,82.56,54.778,6.894,0.53,4.51,47.8,1.94,11.029717
2009-07-07,2009,7,7,28.43,30.99,26.71,82.28,58.042,70.826,0.57,4.99,51.6,1.25,10.347113
2009-07-08,2009,7,8,28.36,31.82,26.33,81.19,55.392,70.493,0.54,4.84,41.8,1.26,10.314458
2009-07-09,2009,7,9,27.75,29.8,26.43,84.35,40.361,69.336,0.39,5.18,53.0,1.53,9.397704
2009-07-12,2009,7,12,28.37,31.32,26.26,79.66,59.683,69.055,0.58,6.17,50.9,0.28,11.059398
2009-07-13,2009,7,13,28.54,31.74,26.32,77.88,69.108,71.887,0.67,6.76,41.8,0.01,12.276633
2009-07-14,2009,7,14,28.83,32.3,26.43,78.82,69.067,71.635,0.67,6.09,43.6,0.12,12.192764
2009-07-15,2009,7,15,28.7,31.52,26.79,79.55,63.643,71.674,0.62,6.43,45.3,0.02,11.41669
2009-07-16,2009,7,16,28.76,31.4,26.93,78.06,55.258,70.145,0.54,7.65,48.2,0.02,11.154247
2009-07-17,2009,7,17,28.9,32.06,26.87,76.78,65.695,70.999,0.64,8.25,46.3,0.01,11.478141
2009-07-18,2009,7,18,28.66,32.06,26.69,78.16,66.086,70.385,0.64,6.8,45.7,0.02,12.315282
2009-07-19,2009,7,19,27.98,29.85,26.67,83.59,6.469,70.565,0.63,5.72,42.7,0.69,11.772399
2009-07-20,2009,7,20,27.8,30.36,26.39,85.52,41.246,68.563,0.4,3.81,33.6,5.37,9.137491
2009-07-21,2009,7,21,27.68,30.03,26.43,85.88,46.159,68.837,0.45,3.48,39.6,10.81,8.50979
2009-07-23,2009,7,23,28.58,31.74,26.5,82.09,52.318,67.512,0.51,5.78,44.4,1.96,10.896735
2009-07-24,2009,7,24,28.77,31.9,26.85,81.31,67.121,71.074,0.65,6.56,49.4,4.81,12.356288
2009-07-25,2009,7,25,28.73,31.58,26.82,80.04,68.645,72.082,0.67,5.58,52.2,0.25,12.161856
2009-07-26,2009,7,26,28.73,31.97,26.54,76.37,65.042,7.223,0.63,7.51,44.7,0.0,11.248631
2009-07-28,2009,7,28,29.06,32.46,26.78,78.11,65.674,71.522,0.64,5.82,46.2,0.08,11.957811
2009-07-29,2009,7,29,28.65,31.82,26.69,79.96,65.131,70.457,0.63,6.72,49.9,5.77,11.450453
2009-07-30,2009,7,30,27.7,30.03,26.56,85.1,45.403,6.834,0.44,4.94,47.8,1.95,9.623189
2009-07-31,2009,7,31,27.86,30.19,26.22,85.02,55.546,7.105,0.54,4.57,41.6,1.94,11.080192
2009-08-01,2009,8,1,28.01,30.5,26.3,82.62,61.745,71.143,0.6,6.17,44.9,0.44,12.381283
2009-08-02,2009,8,2,28.51,31.79,26.27,79.21,68.446,71.707,0.66,7.32,43.3,0.47,12.658798
2009-08-03,2009,8,3,28.31,30.78,26.89,82.58,6.673,7.152,0.64,6.28,43.4,1.16,12.434347
2009-08-04,2009,8,4,28.19,30.98,26.62,83.67,54.737,69.754,0.53,4.85,39.3,2.44,10.896178
2009-08-05,2009,8,5,28.43,31.68,26.72,81.6,46.973,69.842,0.45,4.57,50.6,0.71,5.476011
2009-08-06,2009,8,6,27.84,29.98,26.48,84.96,35.854,68.695,0.35,3.34,43.2,7.74,8.67903
2009-08-08,2009,8,8,28.02,30.37,26.46,82.44,50.419,69.571,0.49,6.62,49.4,2.95,10.919808
2009-08-09,2009,8,9,28.09,30.76,26.61,80.42,45.156,69.982,0.44,7.36,49.3,4.31,9.600422
2009-08-10,2009,8,10,28.25,31.17,26.52,82.46,6.703,71.246,0.65,5.64,43.9,0.95,13.080323
2009-08-13,2009,8,13,28.12,30.63,26.84,84.51,48.482,7.015,0.47,5.17,41.2,1.59,9.858808
2009-08-14,2009,8,14,28.36,31.18,26.91,83.79,4.614,6.816,0.44,4.09,36.9,4.41,3.6546524
2009-08-15,2009,8,15,28.21,30.6,26.7,82.58,59.592,69.614,0.57,5.82,43.8,2.86,11.50619
2009-08-16,2009,8,16,28.6,31.86,26.63,77.14,56.088,69.199,0.54,5.76,45.6,0.48,11.545622
2009-08-17,2009,8,17,28.46,31.69,26.33,79.69,59.462,69.986,0.57,5.32,41.1,2.21,11.555879
2009-08-18,2009,8,18,28.08,30.42,26.57,83.59,4.998,70.896,0.48,5.4,45.6,27.03,10.564073
2009-08-19,2009,8,19,28.01,30.34,26.69,83.57,60.802,71.515,0.59,5.35,44.6,10.54,11.777425
2009-08-20,2009,8,20,28.17,31.61,26.05,79.2,62.335,70.399,0.6,5.86,37.0,0.55,11.80874
2009-08-21,2009,8,21,28.05,31.19,26.39,80.32,5.262,68.371,0.51,4.4,41.1,3.03,10.876607
2009-08-22,2009,8,22,28.11,31.12,26.33,85.82,57.053,69.792,0.55,5.39,35.8,11.99,11.475012
2009-08-24,2009,8,24,28.21,30.34,26.6,84.01,59.177,70.464,0.57,4.48,51.1,0.4,12.219084
2009-08-25,2009,8,25,28.24,29.88,27.13,85.47,61.474,6.978,0.59,2.9,56.7,0.49,12.195931
2009-08-26,2009,8,26,28.39,30.32,27.27,84.86,64.358,6.973,0.62,3.85,44.2,0.39,12.3380995
2009-08-27,2009,8,27,28.78,31.08,27.21,83.13,61.478,7.045,0.59,3.52,45.2,0.52,12.117401
2009-08-29,2009,8,29,28.37,31.18,26.98,81.52,40.442,68.215,0.39,5.87,43.9,3.6,9.013512
2009-08-30,2009,8,30,27.99,30.06,26.71,84.86,53.484,68.254,0.52,3.52,55.5,3.75,10.241658
2009-08-31,2009,8,31,29.02,32.33,26.9,79.53,6.39,71.467,0.62,3.54,35.3,2.38,12.195699
2009-09-01,2009,9,1,28.59,31.24,26.93,80.07,68.107,71.578,0.66,5.38,41.4,0.66,12.94034
2009-09-02,2009,9,2,28.61,31.2,27.02,82.64,67.603,70.968,0.65,5.97,40.2,0.72,12.788796
2009-09-03,2009,9,3,28.44,30.63,26.96,85.17,6.108,69.545,0.59,5.11,43.7,0.49,12.337227
2009-09-04,2009,9,4,28.42,31.03,26.84,84.55,53.278,69.154,0.52,3.57,44.7,0.58,9.698099
2009-09-05,2009,9,5,28.72,32.26,26.79,82.2,66.146,7.141,0.64,3.46,43.2,0.31,12.623274
2009-09-06,2009,9,6,29.5,32.86,27.47,80.72,68.897,71.892,0.67,4.97,38.5,0.12,13.50305
2009-09-07,2009,9,7,29.22,31.88,27.47,81.06,67.109,71.498,0.65,5.16,39.2,0.19,12.461693
2009-09-09,2009,9,9,28.55,30.57,27.22,83.1,39.302,68.021,0.38,4.62,44.6,2.6,10.6651535
2009-09-10,2009,9,10,28.65,31.07,27.47,85.15,5.514,68.822,0.54,4.03,33.9,4.88,11.094193
2009-09-11,2009,9,11,28.73,31.4,27.14,83.46,60.319,70.598,0.59,3.53,49.0,5.29,12.144456
2009-09-14,2009,9,14,28.69,31.4,27.16,80.13,61.853,71.395,0.6,4.22,37.1,0.45,11.564866
2009-09-15,2009,9,15,28.57,31.3,26.98,81.77,42.511,68.798,0.42,4.46,38.1,5.02,6.112872
2009-09-16,2009,9,16,27.62,29.06,26.34,86.6,37.704,68.021,0.37,3.05,23.6,8.68,8.230509
2009-09-17,2009,9,17,27.05,28.53,25.88,84.13,28.056,70.783,0.27,2.54,196.2,6.0,3.9498315
2009-09-18,2009,9,18,28.21,30.62,26.22,81.95,63.127,69.929,0.62,3.9,36.6,1.8,13.037163
2009-09-19,2009,9,19,29.0,31.89,27.54,81.6,62.095,70.675,0.61,5.01,38.1,0.74,12.461664
2009-09-20,2009,9,20,28.83,31.01,27.63,82.78,62.393,6.984,0.61,5.44,42.6,1.45,12.004886
2009-09-21,2009,9,21,28.71,30.56,27.69,86.07,5.664,69.598,0.56,4.42,47.5,1.46,11.1975565
2009-09-22,2009,9,22,27.93,29.98,26.48,83.63,48.509,68.779,0.48,2.14,89.8,1.12,10.464306
2009-09-23,2009,9,23,28.64,31.43,26.74,82.39,39.084,68.782,0.39,3.22,37.2,0.03,7.5874085
2009-09-25,2009,9,25,29.3,32.19,27.48,80.01,64.106,69.674,0.63,4.35,46.1,0.02,12.775582
2009-09-26,2009,9,26,29.19,32.04,27.42,81.23,60.571,69.835,0.6,4.71,41.7,0.03,12.1268015
2009-09-27,2009,9,27,28.86,31.21,27.46,84.35,57.065,68.446,0.57,4.47,39.8,1.23,10.62065
2009-09-28,2009,9,28,27.89,29.59,26.39,85.8,45.818,68.899,0.46,5.09,56.6,1.54,10.324816
2009-09-30,2009,9,30,29.22,31.83,27.47,81.46,71.258,71.738,0.71,3.82,50.6,0.51,13.287879
2009-10-01,2009,10,1,29.14,31.68,27.55,82.48,5.556,67.764,0.56,3.32,50.3,1.3,12.092224
2009-10-02,2009,10,2,28.33,30.56,27.12,84.86,37.406,66.067,0.37,4.06,35.3,3.13,8.93814
2009-10-03,2009,10,3,28.64,30.89,27.23,80.95,19.075,65.314,0.19,4.52,69.6,2.56,6.2362123
2009-10-04,2009,10,4,28.5,31.01,26.96,79.86,43.853,65.393,0.44,5.32,48.7,0.84,12.1682005
2009-10-05,2009,10,5,28.91,31.79,27.07,80.29,62.558,68.762,0.63,4.75,47.7,0.86,12.584069
2009-10-06,2009,10,6,28.99,30.88,27.6,80.87,44.825,6.708,0.45,5.51,47.3,0.52,9.1430025
2009-10-07,2009,10,7,29.26,32.07,27.49,79.3,56.686,68.162,0.57,6.64,45.7,0.52,11.497009
2009-10-08,2009,10,8,29.26,31.79,27.5,81.16,58.862,67.752,0.6,4.44,55.9,0.01,12.10594
2009-10-09,2009,10,9,29.45,32.72,27.49,79.15,65.758,68.662,0.67,5.22,43.9,0.01,12.43727
2009-10-11,2009,10,11,28.91,31.38,27.52,79.4,49.291,6.653,0.5,5.52,43.8,0.01,11.489798
2009-10-12,2009,10,12,28.61,31.9,26.76,76.13,34.567,66.662,0.35,5.77,48.5,2.94,5.5492578
2009-10-13,2009,10,13,28.39,31.48,26.45,79.12,58.356,66.713,0.6,4.86,43.9,4.76,11.160951
2009-10-16,2009,10,16,28.47,31.95,26.32,79.57,57.314,65.662,0.59,4.3,41.5,4.04,10.60391
2009-10-17,2009,10,17,28.69,31.61,26.98,82.77,60.228,65.722,0.62,4.06,49.4,6.87,11.3505125
2009-10-18,2009,10,18,27.84,29.88,26.64,86.05,48.036,65.878,0.5,2.77,48.3,16.22,10.332264
2009-10-19,2009,10,19,27.93,30.34,26.62,82.96,42.384,6.414,0.44,3.47,39.2,11.69,9.34926
2009-10-20,2009,10,20,27.46,29.32,26.46,83.38,36.749,64.822,0.38,3.77,36.0,16.49,10.716665
2009-10-21,2009,10,21,27.41,29.24,26.3,82.09,45.979,64.886,0.48,3.14,39.7,7.78,8.949999
2009-10-22,2009,10,22,27.81,29.88,26.62,83.0,52.582,64.282,0.55,3.49,21.2,4.82,11.81464
2009-10-23,2009,10,23,27.36,28.51,26.67,86.01,44.345,63.996,0.47,4.51,32.3,0.95,8.553881
2009-10-24,2009,10,24,27.13,28.86,26.05,84.91,35.386,62.621,0.37,2.31,350.4,1.99,5.8464656
2009-10-25,2009,10,25,27.86,30.54,25.82,83.51,48.614,61.598,0.51,3.55,42.5,1.79,10.294228
2009-10-27,2009,10,27,28.39,30.18,27.06,83.0,54.269,63.924,0.58,4.72,49.4,1.42,10.977025
2009-10-28,2009,10,28,27.97,29.7,26.85,85.79,30.463,61.812,0.32,4.77,46.7,4.52,6.8439565
2009-10-29,2009,10,29,27.96,29.51,27.07,86.04,40.001,62.196,0.43,5.42,38.4,16.23,9.042515
2009-10-30,2009,10,30,27.91,29.61,26.9,84.57,3.629,60.715,0.39,3.71,52.3,5.61,6.503954
2009-11-01,2009,11,1,27.42,29.58,26.21,82.64,52.286,64.193,0.56,3.48,24.0,1.12,10.270069
2009-11-02,2009,11,2,26.79,29.82,24.14,79.34,41.863,62.664,0.45,1.9,340.3,8.3,7.192936
2009-11-03,2009,11,3,26.54,28.6,25.1,82.72,47.534,6.323,0.51,2.16,303.7,13.28,9.791975
2009-11-04,2009,11,4,26.72,28.39,25.28,86.58,51.542,62.438,0.56,3.07,7.2,11.8,10.171237
2009-11-05,2009,11,5,27.45,29.64,26.27,85.21,46.195,61.339,0.5,2.16,19.2,20.24,7.5423713
2009-11-06,2009,11,6,26.44,27.49,25.61,89.18,4.685,6.204,0.51,2.65,359.5,21.33,8.93143
2009-11-07,2009,11,7,27.55,29.56,26.11,83.5,45.211,60.991,0.49,2.53,18.7,4.66,10.829938
2009-11-08,2009,11,8,27.38,29.39,26.28,86.98,45.893,60.701,0.5,4.16,37.1,5.75,9.540467
2009-11-09,2009,11,9,28.14,30.53,26.83,83.34,4.584,59.494,0.5,4.66,43.3,3.56,9.56583
2009-11-10,2009,11,10,28.36,30.82,27.07,83.66,54.602,61.486,0.6,4.71,39.7,5.71,10.546381
2009-11-12,2009,11,12,27.88,29.63,26.91,86.02,5.321,60.958,0.59,3.55,25.6,0.69,10.600057
2009-11-13,2009,11,13,27.75,28.88,27.07,87.18,47.479,60.019,0.53,3.92,18.1,0.62,9.770574
2009-11-14,2009,11,14,28.58,30.53,27.16,82.32,45.137,5.849,0.5,3.05,36.2,0.67,8.630361
2009-11-17,2009,11,17,28.07,29.38,27.26,83.35,47.518,58.978,0.53,5.74,29.9,0.01,9.739664
2009-11-18,2009,11,18,28.15,29.32,27.52,82.82,4.537,58.997,0.51,6.91,36.2,0.02,6.82062
2009-11-19,2009,11,19,28.4,30.75,27.48,81.57,5.621,60.386,0.63,6.61,40.8,0.02,10.457035
2009-11-20,2009,11,20,28.6,31.26,27.05,81.42,58.385,60.917,0.66,6.92,43.0,0.02,10.934508
2009-11-21,2009,11,21,28.69,31.32,27.2,84.62,5.399,60.206,0.61,6.08,44.0,0.14,10.726948
2009-11-22,2009,11,22,28.31,29.8,27.32,87.2,5.105,5.851,0.58,5.87,46.0,0.74,10.572674
2009-11-24,2009,11,24,28.07,29.71,27.07,85.79,4.398,58.332,0.5,6.09,51.2,0.96,8.5885515
2009-11-26,2009,11,26,27.95,30.38,26.8,84.52,55.452,58.289,0.64,5.92,47.2,0.69,10.326941
2009-11-28,2009,11,28,28.18,30.61,26.86,78.43,4.417,59.446,0.51,8.08,41.5,0.0,10.184937
2009-11-29,2009,11,29,28.26,30.84,26.72,80.04,50.316,58.246,0.58,7.29,41.7,0.01,10.026277
2009-11-30,2009,11,30,28.31,31.27,26.42,79.12,55.397,59.119,0.64,7.29,43.3,0.0,10.49684
2009-12-01,2009,12,1,28.23,31.37,26.18,80.07,57.598,59.695,0.67,6.75,44.9,0.01,10.514402
2009-12-03,2009,12,3,28.5,31.86,26.23,79.61,57.312,59.551,0.67,6.99,46.3,0.0,10.422568
2009-12-05,2009,12,5,28.17,31.45,25.82,78.85,5.791,5.909,0.67,6.03,44.7,0.0,10.332088
2009-12-06,2009,12,6,28.03,31.16,26.11,77.14,58.066,6.066,0.68,7.73,42.6,0.0,9.888441
2009-12-07,2009,12,7,28.03,31.22,25.96,78.16,56.942,5.989,0.66,7.97,44.8,0.06,10.27833
2009-12-08,2009,12,8,28.0,31.15,26.04,77.42,56.527,59.054,0.66,6.77,42.2,0.02,9.858524
2009-12-10,2009,12,10,28.09,31.57,26.1,76.73,5.34,57.768,0.63,6.68,44.6,0.06,9.929932
2009-12-12,2009,12,12,28.27,31.35,26.2,72.96,54.612,5.862,0.64,9.44,51.5,0.0,10.232094
2009-12-14,2009,12,14,27.99,31.53,25.97,73.21,58.392,59.729,0.69,8.49,49.3,0.0,10.549797
2009-12-15,2009,12,15,27.63,31.23,25.21,72.42,58.738,59.129,0.69,7.49,49.2,0.0,10.975322
2009-12-16,2009,12,16,26.99,30.77,24.75,76.31,56.179,59.947,0.66,7.34,44.4,0.0,10.339027
2009-12-19,2009,12,19,26.55,29.64,24.64,83.29,48.502,55.238,0.57,3.68,17.8,0.74,9.533719
2009-12-21,2009,12,21,26.95,29.4,25.61,84.94,45.065,55.596,0.53,5.39,37.7,3.15,9.034383
2009-12-22,2009,12,22,27.21,30.02,25.71,85.44,34.447,54.646,0.41,2.32,55.4,9.78,1.4517838
2009-12-23,2009,12,23,25.95,27.48,24.9,87.27,30.528,55.997,0.36,2.03,350.7,7.17,7.1353316
2009-12-24,2009,12,24,26.98,29.75,25.15,83.2,53.779,57.151,0.63,3.16,4.9,1.48,9.950204
2009-12-26,2009,12,26,27.68,30.3,26.1,78.7,54.614,57.977,0.64,7.72,32.3,0.22,9.945032
2009-12-28,2009,12,28,27.84,31.1,26.35,75.83,52.406,57.826,0.61,7.63,39.1,0.21,9.57171
2009-12-30,2009,12,30,27.53,30.36,25.78,76.99,56.287,5.885,0.66,9.52,46.4,0.04,10.342204
2009-12-31,2009,12,31,27.49,31.46,24.73,72.28,59.393,59.902,0.69,8.12,47.8,0.0,10.578844
2010-01-01,2010,1,1,27.37,31.55,24.64,76.54,60.458,60.943,0.71,6.81,46.5,0.0,10.778753
2010-01-02,2010,1,2,27.09,31.06,24.87,77.46,5.904,60.425,0.69,6.53,40.4,0.0,10.412846
2010-01-04,2010,1,4,26.98,31.24,24.83,78.17,59.861,60.744,0.7,5.99,33.1,0.0,10.334787
2010-01-06,2010,1,6,26.95,29.86,25.26,81.48,54.276,57.535,0.63,7.23,32.3,0.0,9.990942
2010-01-07,2010,1,7,27.49,30.5,25.59,75.78,54.384,58.596,0.63,8.24,40.3,0.0,9.002585
2010-01-08,2010,1,8,27.65,31.23,25.11,71.55,5.873,5.933,0.68,7.98,45.5,0.0,10.698727
2010-01-09,2010,1,9,27.33,31.02,24.84,75.17,58.356,59.738,0.67,7.21,39.6,0.0,10.50435
2010-01-11,2010,1,11,26.73,29.19,25.28,77.13,51.113,60.302,0.59,9.33,36.5,0.0,9.603083
2010-01-13,2010,1,13,27.09,30.51,25.22,75.1,6.061,61.692,0.69,8.81,40.7,0.0,10.432925
2010-01-15,2010,1,15,27.32,30.93,24.56,75.75,60.535,60.838,0.69,7.53,45.1,0.0,10.857801
2010-01-16,2010,1,16,27.48,32.01,24.62,74.63,60.991,6.119,0.69,6.89,43.5,0.0,11.144414
2010-01-17,2010,1,17,27.34,31.02,24.7,77.86,5.976,60.641,0.68,6.35,38.3,0.0,10.613936
2010-01-20,2010,1,20,27.78,31.65,24.84,75.38,62.414,62.664,0.7,7.82,45.1,0.0,11.110054
2010-01-22,2010,1,22,28.22,32.92,25.46,76.11,63.089,64.577,0.71,4.13,38.5,0.0,11.071336
2010-01-23,2010,1,23,27.71,31.25,25.51,78.51,52.697,58.085,0.59,5.08,24.0,0.0,9.919711
2010-01-24,2010,1,24,27.68,30.92,25.97,76.62,52.474,58.003,0.58,6.74,37.3,0.0,11.041565
2010-01-25,2010,1,25,28.08,31.85,25.65,72.84,53.321,59.107,0.59,6.83,42.1,0.0,10.308885
2010-01-26,2010,1,26,27.65,31.17,25.49,71.77,59.676,60.823,0.66,7.77,39.8,0.0,11.10538
2010-01-27,2010,1,27,27.57,30.69,25.4,71.14,60.394,61.322,0.67,9.13,43.3,0.0,11.500834
2010-01-28,2010,1,28,27.8,30.88,26.11,70.83,63.698,6.431,0.7,10.81,47.5,0.0,12.037618
2010-01-29,2010,1,29,27.43,30.93,25.14,71.08,6.186,63.622,0.68,9.07,46.2,0.0,11.674487
2010-01-31,2010,1,31,27.49,31.84,24.9,77.74,61.037,61.723,0.67,6.5,38.8,0.0,12.084652
2010-02-01,2010,2,1,27.53,31.4,25.13,75.71,6.211,6.253,0.68,7.47,39.8,0.0,11.941747
2010-02-02,2010,2,2,27.9,32.23,24.9,75.25,62.834,63.074,0.68,7.08,37.3,0.0,12.331264
2010-02-03,2010,2,3,27.4,30.82,25.38,76.02,60.108,62.597,0.65,8.74,36.9,0.0,11.980426
2010-02-05,2010,2,5,27.72,31.24,25.7,76.89,50.266,5.891,0.54,7.35,39.0,0.0,10.561572
2010-02-06,2010,2,6,27.52,31.41,25.15,79.45,48.199,58.795,0.52,6.05,32.4,0.0,7.544265
2010-02-07,2010,2,7,26.58,28.93,25.11,81.67,3.881,60.427,0.42,6.66,21.4,0.0,9.432991
2010-02-08,2010,2,8,27.18,29.91,25.44,75.58,51.367,60.278,0.55,7.97,32.3,0.0,10.99603
2010-02-09,2010,2,9,27.88,32.26,25.26,76.66,61.102,62.534,0.65,6.1,29.8,0.0,12.443253
2010-02-10,2010,2,10,27.09,30.33,25.93,81.03,56.035,60.468,0.59,7.43,34.7,0.0,11.539211
2010-02-11,2010,2,11,27.2,29.6,25.58,75.88,56.064,61.625,0.59,8.89,36.5,0.0,12.081507
2010-02-12,2010,2,12,27.86,32.22,25.54,72.69,63.269,63.677,0.67,5.91,33.3,0.0,12.425296
2010-02-13,2010,2,13,27.48,31.8,25.03,78.82,45.314,59.911,0.48,3.54,5.7,0.0,9.23162
2010-02-14,2010,2,14,27.07,29.88,25.62,78.85,49.039,58.358,0.51,6.18,24.0,0.0,10.454201
2010-02-16,2010,2,16,28.01,32.81,25.63,74.54,52.982,59.021,0.55,6.85,31.4,0.0,12.437211
2010-02-17,2010,2,17,27.09,30.48,25.39,75.58,4.704,61.954,0.49,8.09,30.2,0.0,12.035806
2010-02-18,2010,2,18,27.28,29.98,25.78,75.9,52.481,61.483,0.54,9.18,31.2,0.0,12.51835
2010-02-21,2010,2,21,27.82,31.31,25.9,75.69,52.877,60.017,0.54,6.97,32.6,0.0,12.218519
2010-02-22,2010,2,22,28.37,33.34,25.65,74.33,50.878,59.239,0.52,4.43,36.8,0.0,9.269145
2010-02-23,2010,2,23,27.94,31.96,25.41,78.02,45.773,62.806,0.47,2.78,345.8,0.0,10.340125
2010-02-24,2010,2,24,27.3,30.71,24.91,80.02,4.183,59.378,0.43,2.64,2.3,0.02,9.231377
2010-02-25,2010,2,25,27.02,29.48,25.37,81.37,32.822,5.743,0.33,3.06,3.0,0.11,8.713722
2010-02-26,2010,2,26,27.22,29.97,25.39,79.87,38.731,5.957,0.39,4.34,22.2,0.02,10.323744
2010-02-27,2010,2,27,27.38,29.67,26.13,82.04,49.334,60.334,0.5,5.25,23.4,0.21,11.485569
2010-02-28,2010,2,28,27.48,30.15,25.97,80.0,49.212,59.669,0.5,6.72,31.0,0.02,12.081943
2010-03-01,2010,3,1,28.34,31.85,26.3,75.29,59.311,63.288,0.6,7.46,32.4,0.0,12.967824
2010-03-02,2010,3,2,28.74,32.85,26.23,75.8,46.805,57.511,0.47,4.67,34.4,0.05,11.304899
2010-03-04,2010,3,4,27.69,30.22,26.39,78.93,35.184,53.597,0.35,6.34,22.5,0.05,10.45606
2010-03-05,2010,3,5,27.69,30.56,26.37,80.36,4.409,59.249,0.44,7.57,20.2,0.08,11.166952
2010-03-06,2010,3,6,27.67,29.95,26.3,81.25,47.815,62.206,0.48,7.31,19.8,1.35,9.7766075
2010-03-07,2010,3,7,27.41,29.72,26.2,82.0,35.573,65.402,0.35,8.05,14.5,6.06,8.647101
2010-03-09,2010,3,9,28.07,31.47,26.16,80.42,50.873,65.405,0.5,7.22,29.5,2.75,12.8904505
2010-03-10,2010,3,10,28.44,32.14,26.53,81.1,47.234,64.534,0.47,6.13,38.2,1.22,6.627219
2010-03-11,2010,3,11,28.2,30.94,26.59,82.42,46.046,61.618,0.45,4.07,34.5,0.57,10.755473
2010-03-12,2010,3,12,28.61,32.36,26.37,81.37,48.511,63.007,0.48,3.39,28.1,0.28,11.068302
2010-03-13,2010,3,13,28.37,31.18,26.72,82.28,53.148,64.886,0.52,3.62,4.7,0.14,12.483004
2010-03-14,2010,3,14,28.45,31.51,26.87,77.96,52.927,6.69,0.52,5.98,23.7,0.01,13.4682455
2010-03-15,2010,3,15,28.17,31.2,26.38,77.7,56.796,66.842,0.56,7.38,28.6,0.0,13.289577
2010-03-16,2010,3,16,28.28,32.24,26.33,75.0,57.742,65.902,0.56,7.63,24.6,0.03,13.194577
2010-03-17,2010,3,17,28.23,31.44,26.81,78.89,38.153,58.771,0.37,6.48,23.5,2.46,10.184416
2010-03-18,2010,3,18,27.56,29.27,26.68,85.41,4.284,63.926,0.42,5.18,24.2,4.6,11.375199
2010-03-20,2010,3,20,28.53,31.6,26.83,82.04,55.135,66.432,0.54,6.31,34.6,1.11,13.082128
2010-03-21,2010,3,21,29.11,33.1,26.7,77.62,55.546,66.149,0.54,6.47,36.4,0.59,12.361033
2010-03-22,2010,3,22,29.11,32.33,26.84,73.61,57.029,69.566,0.55,7.37,38.5,0.0,13.623006
2010-03-25,2010,3,25,28.97,33.28,26.35,73.32,67.015,68.662,0.65,7.23,38.7,0.01,13.704932
2010-03-26,2010,3,26,28.98,33.45,26.1,73.72,58.375,67.826,0.56,6.76,32.7,0.0,11.678738
2010-03-27,2010,3,27,28.26,31.38,26.35,75.59,57.842,65.714,0.56,7.81,38.5,0.02,12.406642
2010-03-28,2010,3,28,28.67,32.61,26.42,73.57,65.158,68.131,0.63,8.18,36.8,0.03,14.481191
2010-03-29,2010,3,29,29.08,32.96,26.64,72.16,59.393,6.593,0.57,6.99,41.6,0.31,12.367707
2010-03-30,2010,3,30,28.32,30.84,26.7,76.76,46.747,63.907,0.45,6.47,32.3,0.74,12.177317
2010-03-31,2010,3,31,27.83,30.23,26.42,77.68,51.934,63.694,0.5,8.32,35.7,0.34,12.158933
2010-04-01,2010,4,1,28.31,31.34,26.52,75.33,55.848,64.915,0.53,8.59,36.8,0.13,13.364448
2010-04-02,2010,4,2,28.71,32.29,26.77,72.78,59.249,66.924,0.57,7.59,33.6,0.02,14.3312435
2010-04-03,2010,4,3,28.72,32.43,26.4,72.25,55.378,66.031,0.53,7.35,33.0,0.0,13.22709
2010-04-05,2010,4,5,28.49,31.76,26.66,75.46,51.127,64.123,0.49,8.48,39.4,2.66,12.062269
2010-04-06,2010,4,6,28.18,31.14,26.57,74.72,48.187,66.478,0.46,8.41,41.3,0.01,12.35888
2010-04-07,2010,4,7,28.18,30.7,26.65,76.03,55.843,69.816,0.53,7.91,41.1,0.0,11.896718
2010-04-08,2010,4,8,28.53,32.46,26.27,75.89,56.858,70.908,0.54,6.75,39.4,0.0,13.407284
2010-04-10,2010,4,10,28.06,31.13,26.2,80.49,44.023,67.339,0.42,7.59,36.0,0.36,10.533231
2010-04-12,2010,4,12,28.06,31.25,26.22,78.75,34.176,70.032,0.33,7.08,35.1,2.64,7.0373993
2010-04-13,2010,4,13,27.5,29.44,26.43,83.05,47.722,69.266,0.45,5.8,31.6,3.36,11.709074
2010-04-14,2010,4,14,27.33,29.62,26.23,85.04,30.492,70.202,0.29,5.32,29.6,4.88,6.96838
2010-04-15,2010,4,15,27.47,29.51,26.03,83.91,57.533,7.037,0.55,5.71,30.7,1.21,13.872082
2010-04-16,2010,4,16,27.96,30.4,26.46,81.55,4.615,69.912,0.44,5.99,37.8,0.81,6.701404
2010-04-17,2010,4,17,28.06,31.48,26.28,82.49,63.312,71.527,0.6,3.33,40.7,2.43,14.170783
2010-04-18,2010,4,18,28.66,32.12,26.57,81.24,57.108,70.788,0.54,4.08,25.6,1.57,11.34861
2010-04-19,2010,4,19,28.2,30.37,26.97,86.2,47.304,71.153,0.45,3.59,28.3,8.56,10.074738
2010-04-21,2010,4,21,28.09,30.18,26.62,84.31,5.401,69.434,0.51,5.25,21.7,0.41,13.321807
2010-04-22,2010,4,22,28.68,30.73,27.46,83.31,63.986,70.956,0.61,7.03,34.9,0.24,14.887347
2010-04-23,2010,4,23,29.21,32.02,27.48,81.8,6.402,71.818,0.61,7.01,35.3,0.1,14.676522
2010-04-26,2010,4,26,27.8,29.04,26.84,88.14,35.155,70.714,0.33,2.59,278.8,8.64,7.7002363
2010-04-27,2010,4,27,28.07,30.29,26.51,84.8,4.573,70.726,0.44,2.34,9.9,11.35,10.546449
2010-04-28,2010,4,28,28.73,31.84,27.02,84.46,51.151,7.115,0.49,4.46,26.3,3.07,10.659257
2010-04-29,2010,4,29,28.27,30.49,27.19,87.18,49.627,7.139,0.47,4.43,41.1,23.24,11.895327
2010-04-30,2010,4,30,29.15,32.73,26.69,77.59,52.942,69.046,0.5,6.21,42.4,1.0,12.909825
2010-05-01,2010,5,1,29.11,32.92,26.72,77.35,68.011,71.746,0.65,5.44,49.2,0.2,13.070849
2010-05-02,2010,5,2,29.02,32.5,26.99,77.88,57.158,70.116,0.54,5.76,46.8,2.6,11.502498
2010-05-03,2010,5,3,28.34,30.73,26.65,77.06,41.983,69.278,0.4,5.55,45.0,6.73,9.982366
2010-05-04,2010,5,4,28.23,30.99,26.68,80.53,54.166,7.116,0.52,3.49,51.7,1.42,13.1524315
2010-05-05,2010,5,5,28.8,32.06,26.73,76.72,62.186,70.829,0.59,5.44,43.0,2.65,12.709224
2010-05-07,2010,5,7,29.01,32.88,26.93,74.93,70.454,72.422,0.67,7.05,40.3,0.03,13.509824
2010-05-08,2010,5,8,28.52,30.56,26.96,79.75,68.522,71.242,0.65,6.24,42.2,0.11,13.715372
2010-05-09,2010,5,9,28.36,30.13,27.17,81.96,43.882,69.912,0.42,6.4,39.0,0.27,10.250232
2010-05-10,2010,5,10,28.32,29.94,27.29,82.26,61.608,70.358,0.59,7.32,42.0,0.3,12.786031
2010-05-12,2010,5,12,28.58,30.72,26.94,79.21,58.099,71.556,0.56,7.52,45.6,0.01,11.7242775
2010-05-13,2010,5,13,28.47,31.02,26.88,81.46,45.542,68.832,0.44,6.63,48.9,0.14,7.3855314
2010-05-14,2010,5,14,28.55,31.29,27.0,81.89,51.614,7.183,0.49,6.98,46.4,0.06,10.266759
2010-05-15,2010,5,15,28.3,30.66,26.8,83.39,5.604,70.236,0.54,5.47,47.8,0.09,11.029833
2010-05-16,2010,5,16,28.4,31.1,26.64,82.37,61.733,7.14,0.59,5.24,45.0,0.18,12.493476
2010-05-17,2010,5,17,28.92,32.88,26.63,80.86,64.942,7.159,0.62,5.42,40.0,0.06,13.449538
2010-05-18,2010,5,18,28.88,32.14,26.97,83.2,59.825,69.866,0.57,4.59,39.7,0.13,12.992407
2010-05-19,2010,5,19,28.79,32.04,27.08,84.07,53.532,6.977,0.51,5.08,39.2,0.76,12.362241
2010-05-20,2010,5,20,27.78,29.96,26.69,90.0,26.702,66.466,0.26,2.87,35.7,24.26,6.5189896
2010-05-21,2010,5,21,27.44,29.51,26.39,89.23,27.523,69.406,0.26,3.18,23.3,28.46,6.6808977
2010-05-23,2010,5,23,27.99,29.85,26.86,85.61,47.861,69.869,0.46,3.5,19.9,19.0,11.209748
2010-05-24,2010,5,24,28.43,31.33,26.4,81.68,52.486,71.506,0.51,2.75,14.0,14.44,11.139686
2010-05-25,2010,5,25,27.86,29.37,26.9,85.15,51.295,70.459,0.49,2.6,358.4,9.95,11.521899
2010-05-28,2010,5,28,27.9,30.22,26.22,79.85,47.669,71.753,0.46,3.28,219.1,5.87,10.6136
2010-05-29,2010,5,29,28.19,31.33,25.82,80.63,55.315,72.324,0.53,2.92,255.1,2.42,9.957995
2010-05-30,2010,5,30,28.22,30.48,26.82,82.64,61.949,72.838,0.6,2.76,347.4,1.5,11.480769
2010-05-31,2010,5,31,28.78,31.3,27.11,83.39,52.258,70.627,0.51,5.45,29.6,4.25,10.3625
2010-06-01,2010,6,1,29.24,31.84,27.96,84.37,49.387,70.378,0.48,4.73,38.3,11.76,10.447374
2010-06-02,2010,6,2,29.14,30.85,27.89,83.51,40.714,70.363,0.39,1.51,27.9,13.27,7.6437683
2010-06-03,2010,6,3,28.02,29.32,27.33,87.12,58.987,70.932,0.57,1.74,293.1,7.26,11.877791
2010-06-04,2010,6,4,29.45,31.99,27.37,81.44,57.173,69.653,0.55,3.31,33.3,5.08,11.209749
2010-06-05,2010,6,5,29.39,32.06,27.81,81.69,64.601,69.614,0.63,5.31,46.2,2.87,12.971077
2010-06-06,2010,6,6,28.92,30.69,27.82,86.03,58.742,70.301,0.57,4.77,47.7,3.48,11.301644
2010-06-08,2010,6,8,28.11,29.77,27.08,85.56,36.077,6.721,0.35,2.4,353.7,4.54,11.254104
2010-06-09,2010,6,9,28.09,29.8,26.89,87.67,36.502,67.908,0.35,4.15,39.3,8.57,9.167051
2010-06-10,2010,6,10,27.95,29.49,26.67,86.07,32.575,67.219,0.32,3.58,63.2,10.71,5.286729
2010-06-11,2010,6,11,28.2,30.1,26.71,86.39,56.359,70.301,0.55,3.82,39.2,7.61,10.494362
2010-06-13,2010,6,13,27.87,29.59,26.91,85.86,42.994,69.192,0.42,5.06,51.1,7.12,8.405322
2010-06-14,2010,6,14,27.57,28.68,26.63,88.95,36.137,6.857,0.35,4.65,46.7,12.54,2.3764386
2010-06-15,2010,6,15,27.8,29.16,26.73,86.01,40.433,68.443,0.39,4.58,52.8,7.54,8.320464
2010-06-16,2010,6,16,28.09,29.86,26.89,85.63,39.986,68.261,0.39,5.65,52.8,3.02,10.332242
2010-06-17,2010,6,17,27.98,29.62,26.77,86.43,56.786,69.324,0.55,5.21,48.2,5.35,11.4768715
2010-06-18,2010,6,18,28.19,29.87,27.22,87.11,52.757,68.957,0.51,5.63,45.7,3.61,11.352615
2010-06-19,2010,6,19,28.43,31.28,26.87,85.07,45.518,68.791,0.44,4.25,43.1,11.94,11.508407
2010-06-20,2010,6,20,27.63,29.93,26.44,87.54,29.914,70.375,0.29,2.73,29.8,20.17,6.9710836
2010-06-21,2010,6,21,26.91,28.6,25.65,85.79,59.491,71.158,0.58,3.54,225.3,11.67,12.570629
2010-06-22,2010,6,22,27.76,29.93,25.95,79.59,57.521,71.388,0.56,1.96,14.5,3.26,10.566279
2010-06-24,2010,6,24,28.31,30.64,26.9,83.06,56.395,70.073,0.55,2.52,358.0,6.33,11.79178
2010-06-25,2010,6,25,28.57,30.31,27.3,86.55,56.131,69.149,0.55,4.68,41.9,4.62,10.963512
2010-06-26,2010,6,26,28.53,30.96,27.0,83.24,45.108,69.607,0.44,2.92,58.8,16.44,7.0403285
2010-06-29,2010,6,29,28.78,30.85,27.55,85.08,65.796,70.363,0.64,4.1,54.4,6.48,11.73936
2010-07-01,2010,7,1,28.84,30.89,27.39,84.14,45.502,68.143,0.44,4.56,50.4,4.49,9.626568
2010-07-02,2010,7,2,28.31,29.73,27.18,85.28,43.092,66.778,0.42,2.64,92.8,9.22,10.347225
2010-07-03,2010,7,3,27.58,28.71,26.64,89.27,52.222,68.383,0.51,3.29,352.0,7.8,10.268301
2010-07-04,2010,7,4,28.41,30.63,26.91,84.49,47.731,68.388,0.47,2.78,44.3,7.28,10.556804
2010-07-05,2010,7,5,28.97,32.12,27.17,80.07,37.687,69.022,0.37,4.84,41.9,4.73,8.842286
2010-07-06,2010,7,6,28.35,31.25,26.4,80.37,51.514,69.811,0.5,3.48,30.9,3.8,9.718197
2010-07-07,2010,7,7,27.32,30.31,25.87,76.23,32.518,68.011,0.32,1.64,307.6,7.09,3.663562
2010-07-08,2010,7,8,27.79,29.51,26.07,88.35,40.488,68.254,0.39,5.28,33.5,7.05,8.264738
2010-07-10,2010,7,10,28.37,29.96,27.25,88.14,5.88,70.154,0.57,3.83,52.5,23.34,11.208985
2010-07-12,2010,7,12,28.25,30.8,26.9,84.5,44.016,66.626,0.43,3.71,51.1,14.31,8.887463
2010-07-13,2010,7,13,28.14,29.78,26.97,86.15,51.355,67.217,0.5,5.75,48.7,9.07,10.149899
2010-07-15,2010,7,15,27.35,28.94,26.28,86.7,34.394,69.955,0.33,3.07,100.9,32.18,7.3267736
2010-07-16,2010,7,16,26.43,27.19,25.86,89.4,36.199,70.428,0.35,2.74,241.1,34.59,6.048718
2010-07-17,2010,7,17,26.79,29.44,25.5,82.64,52.248,70.738,0.51,2.19,298.8,11.16,9.053985
2010-07-18,2010,7,18,27.71,30.88,25.59,81.28,54.269,69.619,0.53,2.86,21.6,7.47,12.41439
2010-07-19,2010,7,19,28.13,30.64,26.47,83.37,65.563,70.579,0.64,2.89,28.8,8.95,12.113966
2010-07-20,2010,7,20,28.54,31.48,27.09,84.83,53.928,70.591,0.52,4.0,26.8,7.35,10.3511
2010-07-21,2010,7,21,28.1,30.45,27.14,86.66,48.007,7.109,0.47,3.77,22.6,17.74,8.172873
2010-07-22,2010,7,22,28.14,31.06,27.03,84.2,54.773,70.248,0.53,3.16,31.9,4.46,10.895224
2010-07-23,2010,7,23,28.28,30.3,26.9,85.3,52.927,70.783,0.51,2.5,36.2,8.38,11.461556
2010-07-24,2010,7,24,28.66,30.74,26.95,86.24,6.301,70.625,0.61,4.78,51.2,9.04,11.758746
2010-07-26,2010,7,26,28.22,29.87,27.13,85.26,47.813,70.562,0.46,5.21,54.1,11.92,9.535744
2010-07-27,2010,7,27,28.04,29.66,27.24,86.26,40.442,68.333,0.39,5.49,52.0,4.53,7.398553
2010-07-28,2010,7,28,27.47,28.78,26.92,86.5,39.338,68.215,0.38,4.26,64.1,5.62,10.2494545
2010-07-31,2010,7,31,28.07,30.29,26.53,84.11,50.026,68.717,0.48,3.5,43.2,14.76,9.917458
2010-08-01,2010,8,1,26.76,27.97,25.81,88.07,53.662,70.411,0.52,1.84,12.7,9.93,6.031304
2010-08-02,2010,8,2,27.69,29.66,26.27,86.99,58.217,7.044,0.56,4.98,34.1,6.11,10.747201
2010-08-03,2010,8,3,27.96,29.49,26.94,86.63,42.096,7.027,0.41,3.88,43.4,8.41,10.470778
2010-08-04,2010,8,4,27.68,28.99,26.78,87.21,58.817,72.084,0.57,3.29,52.0,7.71,12.317172
2010-08-05,2010,8,5,28.3,31.44,26.5,82.61,61.253,72.682,0.59,2.96,34.8,1.45,12.313892
2010-08-06,2010,8,6,28.14,31.14,26.51,80.96,43.771,7.081,0.42,2.07,33.1,3.8,11.86875
2010-08-07,2010,8,7,28.17,30.21,26.23,85.96,53.309,70.591,0.51,2.98,27.4,6.64,10.396374
2010-08-08,2010,8,8,28.19,29.71,26.98,84.29,4.62,70.152,0.45,3.59,93.2,9.24,11.638076
2010-08-09,2010,8,9,28.11,30.12,26.91,85.04,5.207,70.385,0.5,3.61,26.3,10.4,9.672467
2010-08-11,2010,8,11,28.22,30.42,27.34,86.2,46.277,70.303,0.45,3.01,33.6,16.16,10.111467
2010-08-12,2010,8,12,28.1,30.43,26.38,86.64,41.237,69.257,0.4,2.39,14.7,19.71,8.40278
2010-08-13,2010,8,13,26.8,27.37,25.94,89.32,38.398,69.588,0.37,3.3,229.9,10.11,9.10782
2010-08-14,2010,8,14,26.76,28.94,24.66,84.98,50.342,68.412,0.49,1.81,21.3,3.12,10.667872
2010-08-16,2010,8,16,28.29,29.91,27.21,84.33,52.454,71.134,0.51,2.94,62.1,7.36,9.990138
2010-08-17,2010,8,17,28.46,30.28,27.25,83.03,47.746,68.707,0.46,4.27,49.4,8.97,5.171359
2010-08-18,2010,8,18,28.12,30.56,26.84,84.44,34.726,66.557,0.33,3.23,24.4,10.74,7.0043063
2010-08-19,2010,8,19,27.89,29.39,26.82,84.87,57.593,70.356,0.55,3.29,49.6,5.34,12.237397
2010-08-20,2010,8,20,28.22,29.91,26.9,84.0,46.296,70.315,0.45,2.83,49.3,3.92,11.069741
2010-08-21,2010,8,21,28.29,30.37,27.17,82.92,50.654,68.098,0.49,3.02,48.6,3.12,10.96755
2010-08-22,2010,8,22,28.26,29.68,27.24,85.82,4.896,69.574,0.47,3.77,50.8,3.54,11.951375
2010-08-23,2010,8,23,28.34,30.05,27.22,86.51,44.746,67.356,0.43,3.58,48.9,4.76,9.762697
2010-08-24,2010,8,24,28.16,29.62,27.01,86.2,42.547,69.264,0.41,3.89,52.3,12.4,10.54073
2010-08-25,2010,8,25,27.85,29.33,26.98,86.49,50.842,69.929,0.49,2.86,29.9,8.9,10.045556
2010-08-27,2010,8,27,27.02,28.93,25.69,87.01,35.057,70.457,0.34,3.44,121.3,9.76,9.090212
2010-08-28,2010,8,28,27.54,30.69,25.78,83.22,5.418,70.795,0.52,2.51,326.2,3.12,10.845759
2010-08-29,2010,8,29,28.07,29.51,26.7,87.02,55.325,71.117,0.53,3.66,31.1,9.22,10.232875
2010-09-01,2010,9,1,27.3,29.21,26.24,84.48,39.718,70.498,0.38,2.21,252.6,9.26,8.006423
2010-09-02,2010,9,2,27.47,29.96,25.84,82.86,45.778,69.367,0.44,2.26,294.1,5.05,6.7920985
2010-09-03,2010,9,3,27.86,29.64,26.5,86.44,46.123,70.258,0.45,4.35,16.5,7.44,10.115386
2010-09-04,2010,9,4,27.84,29.23,27.22,86.33,54.662,70.318,0.53,3.51,53.8,10.24,11.507448
2010-09-05,2010,9,5,27.27,28.17,26.18,85.96,45.938,69.518,0.44,3.03,71.5,4.29,12.0293665
2010-09-06,2010,9,6,27.96,30.14,26.1,84.74,59.198,69.451,0.57,2.59,24.4,4.82,11.874853
2010-09-07,2010,9,7,28.25,30.04,27.41,84.31,40.438,69.871,0.39,4.07,38.6,5.69,9.667721
2010-09-08,2010,9,8,27.6,29.28,26.06,86.67,33.739,68.786,0.33,3.48,13.9,22.3,6.5174875
2010-09-09,2010,9,9,27.62,30.42,25.72,79.02,56.285,70.788,0.55,2.52,340.2,12.7,12.422043
2010-09-10,2010,9,10,28.06,31.09,25.94,78.02,59.465,72.247,0.58,2.54,8.7,11.0,11.6537485
2010-09-12,2010,9,12,27.82,29.63,26.57,80.6,52.774,70.574,0.51,1.75,331.8,14.93,12.152831
2010-09-13,2010,9,13,28.05,30.9,26.34,80.4,53.616,70.867,0.52,2.4,246.5,4.93,11.241961
2010-09-14,2010,9,14,27.62,29.29,26.36,78.34,55.829,7.025,0.54,1.98,52.4,1.83,12.6142025
2010-09-15,2010,9,15,28.17,29.72,26.88,87.21,54.446,68.786,0.53,3.92,31.2,7.62,11.02321
2010-09-17,2010,9,17,28.14,30.42,26.7,79.54,56.748,6.925,0.56,1.52,18.3,15.89,10.732002
2010-09-18,2010,9,18,27.99,30.15,26.55,77.71,38.575,67.872,0.38,1.58,268.4,22.45,7.1693063
2010-09-19,2010,9,19,26.43,27.73,25.59,87.49,35.974,6.923,0.35,1.86,268.0,22.03,5.6924834
2010-09-20,2010,9,20,27.15,29.48,25.48,79.26,48.734,69.936,0.48,1.98,272.9,15.8,7.038513
2010-09-21,2010,9,21,26.47,27.77,25.66,85.62,54.742,69.571,0.54,2.49,288.3,12.17,11.00832
2010-09-22,2010,9,22,27.31,29.07,26.04,86.72,47.731,67.769,0.47,3.49,15.8,16.16,10.181662
2010-09-23,2010,9,23,27.19,28.99,26.29,84.09,49.903,67.776,0.49,2.76,255.4,7.45,10.480388
2010-09-24,2010,9,24,26.31,26.72,25.72,88.95,44.081,69.178,0.44,2.19,226.4,11.66,9.212052
2010-09-25,2010,9,25,27.23,30.24,24.98,80.45,51.379,68.674,0.51,2.2,240.0,3.62,8.806618
2010-09-26,2010,9,26,26.69,27.91,25.7,86.98,50.866,69.694,0.5,2.52,319.4,8.38,8.546649
2010-09-28,2010,9,28,26.95,28.87,25.61,80.47,51.631,69.557,0.51,2.01,247.3,2.03,10.897359
2010-09-29,2010,9,29,27.56,29.85,25.96,79.06,53.033,6.978,0.53,2.43,348.5,0.77,10.313787
2010-09-30,2010,9,30,27.95,30.9,26.25,80.43,48.648,67.862,0.49,4.0,26.5,0.81,10.073183
2010-10-03,2010,10,3,26.72,28.58,25.5,84.82,47.573,68.309,0.48,3.06,257.6,28.11,9.96446
2010-10-04,2010,10,4,27.52,29.86,25.95,81.85,51.974,68.026,0.52,2.57,230.1,27.34,6.034025
2010-10-05,2010,10,5,26.63,27.64,26.05,92.02,46.495,68.993,0.47,3.63,240.0,40.21,8.301458
2010-10-06,2010,10,6,26.58,27.5,25.91,90.61,39.466,67.385,0.4,4.25,211.7,23.02,6.3991375
2010-10-07,2010,10,7,26.87,27.93,26.07,87.79,46.286,67.637,0.47,3.71,241.0,24.47,11.043032
2010-10-08,2010,10,8,27.68,30.18,25.98,84.93,54.509,66.874,0.55,3.19,209.5,1.59,10.915841
2010-10-09,2010,10,9,27.69,29.92,26.09,84.58,46.606,67.118,0.47,1.76,207.4,1.13,11.2670765
2010-10-10,2010,10,10,28.05,29.95,26.85,83.93,50.671,66.149,0.52,1.49,12.9,4.58,9.511096
2010-10-11,2010,10,11,28.54,31.05,26.97,83.2,55.937,66.454,0.57,2.19,26.5,2.88,11.682013
2010-10-12,2010,10,12,29.16,31.43,27.55,84.44,65.753,67.594,0.67,3.41,42.3,2.23,12.105916
2010-10-14,2010,10,14,28.84,31.35,27.77,86.23,56.856,66.178,0.58,5.04,41.6,12.54,11.371827
2010-10-15,2010,10,15,28.58,30.4,27.57,85.94,4.83,64.622,0.5,3.76,46.9,14.2,10.538495
2010-10-16,2010,10,16,28.16,30.63,26.58,84.5,3.702,6.378,0.38,1.67,7.0,15.7,10.421767
2010-10-17,2010,10,17,27.31,29.91,25.75,83.86,36.814,63.869,0.38,1.95,321.5,29.52,5.9244714
2010-10-19,2010,10,19,26.69,28.19,25.63,86.28,50.938,6.558,0.53,2.4,346.5,13.73,9.977224
2010-10-20,2010,10,20,27.3,28.97,26.28,83.58,49.802,66.204,0.52,2.42,7.4,11.13,6.4219437
2010-10-21,2010,10,21,27.61,30.14,25.95,80.37,60.012,66.686,0.63,2.76,8.4,4.18,10.619943
2010-10-22,2010,10,22,27.28,28.49,25.98,86.43,50.606,63.941,0.53,3.54,22.4,17.53,10.486826
2010-10-23,2010,10,23,28.17,30.4,27.05,83.99,46.872,63.622,0.49,4.13,36.5,15.53,9.682845
2010-10-24,2010,10,24,27.74,28.92,26.96,86.16,44.549,6.589,0.47,5.13,45.0,15.48,9.530366
2010-10-25,2010,10,25,27.92,30.65,26.29,81.55,52.714,65.393,0.56,4.99,47.3,9.79,10.031577
2010-10-26,2010,10,26,27.33,28.15,26.76,86.57,45.293,64.994,0.48,3.71,56.6,9.43,9.2174015
2010-10-27,2010,10,27,28.09,30.18,26.84,83.39,53.784,65.174,0.57,6.14,42.8,5.82,10.150519
2010-10-28,2010,10,28,27.87,29.52,26.95,81.97,52.514,65.429,0.56,5.5,40.2,4.38,9.859265
2010-10-30,2010,10,30,28.07,30.65,26.61,82.04,48.554,63.732,0.52,3.49,34.2,9.46,10.406938
2010-10-31,2010,10,31,28.34,30.77,26.86,82.22,45.278,63.569,0.49,4.26,43.4,11.63,8.217185
2010-11-01,2010,11,1,28.03,30.17,26.84,86.54,47.724,62.414,0.51,3.79,42.2,11.94,9.70338
2010-11-04,2010,11,4,26.56,27.38,26.09,90.8,4.152,61.853,0.45,5.68,208.5,35.44,8.171766
2010-11-05,2010,11,5,26.85,27.68,26.33,89.26,35.856,62.412,0.39,4.8,257.1,16.87,5.2118406
2010-11-06,2010,11,6,26.99,28.05,26.31,88.23,24.245,61.738,0.26,3.59,324.8,25.56,4.3756485
2010-11-07,2010,11,7,27.12,28.91,26.05,83.23,43.058,61.788,0.47,3.02,332.5,7.45,9.228027
2010-11-08,2010,11,8,27.07,28.97,25.88,83.68,37.289,62.062,0.41,3.4,342.1,8.33,7.5022926
2010-11-09,2010,11,9,26.46,27.72,25.52,85.06,44.086,61.337,0.48,3.03,12.8,6.66,8.497529
2010-11-10,2010,11,10,27.12,29.09,25.95,86.04,43.685,61.082,0.48,4.7,28.3,9.55,9.330203
2010-11-11,2010,11,11,27.07,27.7,26.67,89.36,44.357,59.285,0.49,5.59,27.0,14.2,8.857542
2010-11-12,2010,11,12,27.4,28.36,26.74,88.57,34.159,57.703,0.38,4.44,39.3,16.05,6.291545
2010-11-13,2010,11,13,26.87,28.86,25.56,86.59,22.032,59.594,0.24,2.73,37.7,9.17,3.9254804
2010-11-15,2010,11,15,25.95,26.97,25.39,89.22,3.955,62.186,0.44,2.12,195.4,12.79,7.9711766
2010-11-16,2010,11,16,25.51,26.7,24.74,89.97,44.129,61.078,0.49,2.6,261.1,7.85,7.9713864
2010-11-17,2010,11,17,26.32,27.54,24.94,85.99,42.809,60.398,0.48,2.31,4.3,11.06,8.858001
2010-11-18,2010,11,18,27.28,29.5,26.08,81.22,39.986,60.962,0.45,6.03,44.2,4.03,8.159074
2010-11-20,2010,11,20,27.35,29.26,26.43,85.81,45.782,60.223,0.52,6.19,46.5,10.1,8.460367
2010-11-22,2010,11,22,27.0,27.89,26.32,85.44,43.334,60.715,0.49,6.7,47.5,5.65,8.459737
2010-11-23,2010,11,23,27.12,28.61,25.93,82.59,43.414,59.311,0.49,5.4,57.5,4.81,8.31232
2010-11-24,2010,11,24,27.01,28.74,25.94,82.76,43.219,59.258,0.49,4.42,58.7,4.6,8.918768
2010-11-25,2010,11,25,27.42,29.65,26.2,83.14,44.981,59.441,0.51,6.24,52.5,4.48,9.105296
2010-11-27,2010,11,27,26.96,28.13,26.32,86.67,43.889,58.937,0.5,6.17,49.1,3.25,8.635944
2010-11-29,2010,11,29,26.57,27.94,25.79,87.7,39.775,57.631,0.46,5.05,60.0,3.92,8.213318
2010-12-01,2010,12,1,26.35,27.02,25.74,87.55,34.217,57.454,0.4,7.02,46.5,15.23,5.693504
2010-12-02,2010,12,2,26.39,27.51,25.73,86.73,33.226,57.048,0.38,6.76,44.3,10.43,6.202504
2010-12-03,2010,12,3,25.48,26.23,24.83,86.89,25.644,55.817,0.3,7.08,46.0,30.65,3.138909
2010-12-06,2010,12,6,26.81,28.68,25.84,86.79,51.554,5.76,0.6,6.9,38.9,11.23,8.631665
2010-12-08,2010,12,8,26.33,27.33,25.61,87.91,3.205,53.678,0.37,4.95,45.0,3.69,6.4466763
2010-12-10,2010,12,10,26.86,28.89,25.63,86.88,32.722,55.466,0.38,4.26,49.9,1.46,7.8206043
2010-12-11,2010,12,11,27.21,29.51,25.92,85.56,49.754,57.614,0.58,5.67,36.0,2.22,8.417771
2010-12-13,2010,12,13,26.16,27.4,25.48,87.71,35.405,5.611,0.42,5.22,12.5,8.68,7.4151373
2010-12-15,2010,12,15,25.6,26.89,24.91,86.58,35.249,57.475,0.41,6.14,15.6,17.67,6.830465
2010-12-17,2010,12,17,26.97,29.59,25.39,83.79,50.587,57.331,0.59,6.0,41.7,0.08,9.282911
2010-12-18,2010,12,18,26.76,28.72,25.47,85.83,49.514,5.599,0.58,4.94,43.4,0.37,8.9130535
2010-12-19,2010,12,19,26.25,27.53,25.51,86.75,48.446,57.278,0.57,4.53,13.0,0.31,8.387753
2010-12-20,2010,12,20,25.79,27.77,24.78,82.14,53.066,58.178,0.62,5.09,11.7,0.03,8.615566
2010-12-22,2010,12,22,26.38,28.76,25.09,82.52,49.673,57.031,0.58,5.0,31.5,0.0,8.575171
2010-12-24,2010,12,24,26.69,28.27,25.52,86.03,52.841,58.579,0.62,6.47,39.0,0.17,8.513576
2010-12-26,2010,12,26,26.6,27.66,26.08,89.9,43.334,55.315,0.51,5.84,40.8,3.1,7.3739967
2010-12-27,2010,12,27,26.6,27.48,25.99,88.49,30.067,54.185,0.35,7.84,35.8,4.86,6.751063
2010-12-29,2010,12,29,27.2,29.52,25.87,80.01,54.427,57.389,0.64,8.21,52.5,0.39,9.203513
2010-12-31,2010,12,31,27.0,29.69,25.42,82.39,56.719,60.242,0.66,7.5,50.9,0.26,9.382313
2011-01-02,2011,1,2,26.33,28.53,25.17,79.17,54.046,59.794,0.63,8.56,44.2,0.1,9.471577
2011-01-03,2011,1,3,26.25,28.34,25.11,79.71,47.143,59.342,0.55,8.8,44.5,0.2,8.0114155
2011-01-04,2011,1,4,26.08,28.17,24.88,81.14,47.263,59.666,0.55,8.8,46.0,0.52,9.058508
2011-01-07,2011,1,7,26.4,28.59,25.43,84.6,37.846,55.106,0.44,5.61,30.6,0.01,6.760315
2011-01-09,2011,1,9,26.84,28.8,25.78,87.77,36.648,58.147,0.42,5.13,46.0,0.03,7.3597784
2011-01-11,2011,1,11,26.72,28.48,25.55,84.06,5.292,58.183,0.61,8.1,51.9,0.0,9.980702
2011-01-12,2011,1,12,26.67,29.56,24.89,79.77,59.556,61.397,0.68,7.92,49.5,0.0,9.946879
2011-01-14,2011,1,14,26.84,30.29,24.8,84.29,58.514,59.213,0.67,5.8,42.1,0.0,10.245637
2011-01-16,2011,1,16,26.35,29.06,24.85,85.25,55.205,58.342,0.63,5.99,40.6,0.01,9.878692
2011-01-18,2011,1,18,26.77,30.48,24.39,81.4,57.144,60.362,0.65,5.5,43.4,0.0,10.639672
2011-01-19,2011,1,19,26.61,29.67,24.66,83.92,50.563,6.055,0.57,6.2,41.9,0.0,9.497739
2011-01-20,2011,1,20,26.4,29.69,24.49,80.89,57.437,62.419,0.65,6.64,47.5,0.0,10.29714
2011-01-21,2011,1,21,26.14,29.2,24.24,80.95,58.006,62.232,0.65,5.8,41.7,0.0,9.954377
2011-01-23,2011,1,23,26.74,29.93,24.95,81.79,55.987,61.118,0.63,6.2,37.8,0.01,10.391596
2011-01-24,2011,1,24,26.73,29.84,24.94,79.72,57.562,61.375,0.64,8.21,47.2,0.02,9.776294
2011-01-25,2011,1,25,26.64,29.92,24.44,78.35,6.119,6.421,0.68,7.58,51.9,0.0,10.73103
2011-01-27,2011,1,27,26.64,30.24,24.31,80.78,58.181,62.395,0.64,6.28,43.5,0.01,10.4798355
2011-01-28,2011,1,28,26.54,29.69,24.41,80.95,58.922,63.026,0.65,6.76,44.8,0.0,10.171258
2011-01-29,2011,1,29,26.45,29.32,24.85,78.47,60.334,63.247,0.66,8.48,41.8,0.0,9.567554
2011-01-30,2011,1,30,26.52,29.75,24.47,79.98,60.722,63.144,0.67,7.71,45.7,0.02,10.536771
2011-01-31,2011,1,31,26.45,29.64,24.35,80.81,61.457,63.898,0.67,6.67,43.4,0.0,11.278868
2011-02-01,2011,2,1,26.57,30.07,24.42,78.79,63.883,6.439,0.7,7.82,44.6,0.0,10.717234
2011-02-03,2011,2,3,26.3,29.54,24.43,79.5,65.518,66.089,0.71,8.9,47.1,0.13,11.208098
2011-02-04,2011,2,4,25.85,29.26,23.67,77.37,65.614,66.742,0.71,8.45,45.9,0.07,11.101965
2011-02-05,2011,2,5,25.86,29.21,23.37,76.74,62.573,66.319,0.67,7.01,42.3,0.0,10.683621
2011-02-08,2011,2,8,26.49,30.12,24.18,80.57,58.202,63.763,0.62,5.92,42.2,0.11,10.260474
2011-02-09,2011,2,9,26.59,30.35,23.91,78.43,60.463,64.476,0.64,6.62,42.5,0.02,9.221357
2011-02-10,2011,2,10,26.58,29.92,24.0,79.36,60.643,65.784,0.64,6.22,42.4,0.0,10.213714
2011-02-11,2011,2,11,26.73,30.04,24.77,77.97,59.712,64.219,0.63,6.91,40.0,0.0,8.618743
2011-02-12,2011,2,12,26.74,29.91,24.8,81.79,60.406,64.188,0.64,7.47,37.0,0.0,10.94898
2011-02-13,2011,2,13,26.61,29.7,24.89,81.09,56.316,63.432,0.59,8.31,36.9,0.0,11.176129
2011-02-14,2011,2,14,26.63,29.64,24.92,79.82,51.833,64.236,0.54,8.28,39.4,0.64,9.5
2011-02-15,2011,2,15,26.54,29.11,24.93,80.56,53.921,63.161,0.56,8.41,37.7,0.45,10.722876
2011-02-16,2011,2,16,26.78,29.59,25.21,81.22,51.132,62.722,0.53,7.44,38.8,0.55,9.95528
2011-02-17,2011,2,17,26.76,30.08,24.66,77.33,54.137,66.024,0.56,7.38,36.8,0.18,10.756725
2011-02-19,2011,2,19,26.37,29.35,24.61,76.2,63.581,68.345,0.66,7.57,34.6,0.0,11.358135
2011-02-20,2011,2,20,26.38,29.52,24.46,74.22,63.038,6.911,0.65,8.16,40.3,0.01,11.139316
2011-02-21,2011,2,21,26.57,29.94,24.51,72.77,68.422,70.526,0.7,8.6,44.1,0.0,12.119715
2011-02-22,2011,2,22,26.7,30.28,24.45,74.26,6.151,67.454,0.63,8.53,44.6,0.01,11.603848
2011-02-24,2011,2,24,26.3,29.09,24.43,81.26,51.967,66.607,0.53,7.67,41.0,0.04,10.207015
2011-02-25,2011,2,25,26.67,29.96,24.48,80.24,59.215,67.178,0.6,6.86,45.3,0.13,7.6384764
2011-02-26,2011,2,26,26.72,29.82,24.82,77.58,61.222,69.055,0.62,8.53,45.2,0.09,11.012082
2011-02-27,2011,2,27,26.67,30.03,24.66,79.1,59.707,67.855,0.6,8.37,44.6,0.13,11.270961
2011-02-28,2011,2,28,26.79,29.63,24.71,77.55,58.416,67.042,0.59,8.61,47.1,0.22,11.198044
2011-03-01,2011,3,1,26.11,28.09,24.82,76.72,51.468,67.918,0.52,8.38,44.1,0.05,10.260795
2011-03-02,2011,3,2,25.85,28.12,24.4,75.45,44.534,68.165,0.45,7.9,39.6,0.13,8.86056
2011-03-03,2011,3,3,25.85,28.47,23.91,74.95,58.651,69.622,0.59,8.26,35.1,0.4,10.992886
2011-03-04,2011,3,4,26.16,29.0,24.43,76.98,63.053,70.445,0.63,7.96,38.0,0.59,11.22477
2011-03-05,2011,3,5,26.48,29.41,24.57,75.02,61.855,69.329,0.62,7.89,37.1,0.05,11.753404
2011-03-07,2011,3,7,26.7,30.15,24.55,77.01,59.614,67.946,0.59,7.04,39.8,0.02,11.759387
2011-03-08,2011,3,8,26.9,30.14,24.96,75.36,65.878,68.695,0.65,8.24,40.4,0.0,12.544389
2011-03-09,2011,3,9,26.78,29.82,24.74,73.99,64.037,6.901,0.63,7.91,40.5,0.0,12.030245
2011-03-12,2011,3,12,26.22,29.36,24.23,68.97,65.321,7.163,0.64,7.94,33.0,0.0,12.217081
2011-03-13,2011,3,13,26.58,29.61,24.52,71.6,62.796,71.496,0.62,7.8,38.9,0.0,5.872011
2011-03-14,2011,3,14,26.51,29.42,24.75,71.06,58.459,73.632,0.57,8.07,42.7,0.0,11.500506
2011-03-15,2011,3,15,26.74,29.75,24.58,71.41,64.476,70.562,0.63,8.55,42.2,0.0,11.654775
2011-03-16,2011,3,16,27.14,30.14,24.73,67.91,64.181,71.285,0.63,8.22,44.9,0.0,12.4701
2011-03-17,2011,3,17,26.91,30.2,24.85,71.68,66.158,71.021,0.65,9.27,40.1,0.0,13.043986
2011-03-19,2011,3,19,26.69,29.16,25.37,76.58,56.611,67.956,0.55,9.46,41.9,0.05,11.931549
2011-03-20,2011,3,20,26.56,28.74,25.3,74.4,5.201,68.462,0.5,8.99,40.7,0.0,12.006698
2011-03-21,2011,3,21,26.65,29.54,25.0,73.82,55.524,69.826,0.54,9.19,38.9,0.17,11.501874
2011-03-23,2011,3,23,26.89,30.63,24.48,68.7,64.332,73.193,0.62,8.14,43.0,0.03,13.107137
2011-03-24,2011,3,24,26.98,30.68,24.35,75.86,67.368,71.777,0.65,7.07,40.5,0.12,13.239149
2011-03-25,2011,3,25,27.08,30.08,25.03,80.91,56.772,67.726,0.55,6.49,40.2,1.2,12.1047
2011-03-26,2011,3,26,27.45,30.71,25.24,81.78,55.027,66.691,0.53,4.23,44.9,2.49,12.289952
2011-03-28,2011,3,28,28.31,32.24,25.94,76.8,64.661,71.004,0.62,5.8,41.1,0.0,13.328643
2011-03-29,2011,3,29,27.7,30.29,26.1,75.47,5.184,68.748,0.5,7.36,40.1,0.0,8.707011
2011-03-30,2011,3,30,27.66,31.62,25.58,78.05,5.219,68.758,0.5,6.8,40.5,0.42,11.850465
2011-03-31,2011,3,31,27.85,31.5,25.66,79.22,5.225,6.493,0.5,4.12,42.1,0.39,9.950568
2011-04-01,2011,4,1,27.8,30.91,25.99,80.48,56.105,6.653,0.54,2.86,32.1,0.45,13.129661
2011-04-02,2011,4,2,28.05,32.27,25.65,77.54,58.032,6.858,0.55,6.44,33.9,0.01,13.872139
2011-04-04,2011,4,4,28.2,31.55,26.06,72.96,52.699,67.836,0.5,8.19,46.7,0.08,12.440549
2011-04-05,2011,4,5,28.24,32.2,26.07,70.95,57.103,68.702,0.54,6.9,45.5,0.03,13.250593
2011-04-06,2011,4,6,27.74,30.4,25.99,75.74,41.712,66.451,0.4,8.11,39.6,0.22,9.901769
2011-04-08,2011,4,8,27.69,30.68,25.95,73.96,4.752,66.538,0.45,6.94,38.8,0.29,11.94152
2011-04-09,2011,4,9,27.69,30.87,25.72,73.11,58.711,69.439,0.56,7.87,39.4,0.03,13.100073
2011-04-10,2011,4,10,27.43,30.57,25.5,74.72,49.961,69.672,0.48,7.24,39.7,0.21,11.4970455
2011-04-13,2011,4,13,27.17,29.86,25.42,76.57,56.966,72.022,0.54,7.15,26.7,0.83,11.67272
2011-04-15,2011,4,15,27.86,30.64,26.03,74.88,56.786,69.941,0.54,7.04,36.9,2.08,11.818166
2011-04-16,2011,4,16,27.42,30.12,25.98,78.17,3.528,7.092,0.34,8.16,32.2,6.01,9.76601
2011-04-17,2011,4,17,27.19,29.85,25.59,76.65,56.177,70.942,0.53,7.74,34.4,4.64,12.918885
2011-04-18,2011,4,18,27.33,30.8,25.14,73.72,5.951,71.998,0.57,7.79,34.3,1.18,12.869391
2011-04-20,2011,4,20,27.02,29.98,25.33,71.64,57.574,71.261,0.55,7.04,33.2,0.03,12.531226
2011-04-21,2011,4,21,26.83,29.79,25.02,72.5,5.226,71.534,0.5,6.4,28.1,0.04,12.187173
2011-04-22,2011,4,22,27.04,30.18,25.13,72.72,5.521,69.684,0.52,5.92,33.0,0.01,12.117907
2011-04-24,2011,4,24,27.35,30.02,25.77,78.98,5.171,69.847,0.49,7.13,39.3,1.09,10.712107
2011-04-25,2011,4,25,27.7,30.54,25.87,79.61,49.879,68.942,0.47,5.61,38.4,1.84,11.241529
2011-04-26,2011,4,26,27.4,29.63,25.82,84.69,49.526,68.086,0.47,4.89,42.9,3.96,11.755383
2011-04-27,2011,4,27,27.41,30.07,25.8,84.19,47.458,70.061,0.45,4.5,45.0,3.16,10.234621
2011-04-29,2011,4,29,28.13,32.01,25.72,78.19,6.456,73.039,0.61,5.91,35.0,0.63,12.925781
2011-04-30,2011,4,30,28.17,31.25,26.14,77.3,63.763,73.063,0.61,6.82,34.9,0.09,9.342446
2011-05-01,2011,5,1,28.3,31.13,26.45,76.99,5.43,71.398,0.52,6.71,37.0,0.14,11.897632
2011-05-02,2011,5,2,27.98,30.44,26.02,80.93,52.354,69.804,0.5,5.43,46.1,1.09,12.897101
2011-05-03,2011,5,3,27.83,29.88,26.3,84.08,55.378,70.999,0.53,5.39,42.8,2.22,11.394731
2011-05-04,2011,5,4,27.81,30.18,26.21,83.67,49.906,70.783,0.48,4.7,43.0,2.06,12.354705
2011-05-06,2011,5,6,28.04,30.42,26.6,81.35,64.094,71.438,0.61,6.55,44.1,0.09,13.403561
2011-05-07,2011,5,7,28.54,31.81,26.65,80.39,55.826,68.666,0.53,6.65,41.4,0.14,13.507769
2011-05-08,2011,5,8,28.28,30.91,26.92,81.55,52.716,68.981,0.5,6.18,37.8,0.15,11.559003
2011-05-10,2011,5,10,28.15,30.6,26.43,82.85,53.626,68.474,0.51,4.75,39.8,1.14,11.574013
2011-05-11,2011,5,11,27.84,30.05,26.6,86.2,47.148,68.234,0.45,4.87,36.8,3.37,11.604982
2011-05-12,2011,5,12,28.03,31.12,26.23,84.18,42.893,70.063,0.41,4.28,21.6,5.9,12.2209835
2011-05-15,2011,5,15,27.27,30.18,25.04,80.88,54.782,71.345,0.53,3.01,352.2,3.52,12.158389
2011-05-16,2011,5,16,27.26,30.1,25.09,77.61,42.497,7.146,0.41,3.28,350.9,9.7,9.148984
2011-05-17,2011,5,17,26.65,30.11,24.17,71.46,46.836,7.139,0.45,2.6,328.0,5.72,10.079746
2011-05-18,2011,5,18,26.48,29.87,23.83,71.92,63.775,71.676,0.61,2.62,336.1,0.12,12.234924
2011-05-19,2011,5,19,27.07,30.66,23.87,74.7,67.171,72.586,0.65,3.53,1.0,0.27,13.012252
2011-05-20,2011,5,20,27.75,30.88,25.57,76.94,6.101,71.772,0.59,3.66,3.0,1.19,12.319883
2011-05-22,2011,5,22,27.36,29.0,26.31,85.53,46.469,70.306,0.45,2.42,20.0,26.5,8.854345
2011-05-23,2011,5,23,27.9,30.63,25.89,81.03,54.406,7.139,0.52,3.06,15.2,4.08,11.932551
2011-05-24,2011,5,24,27.64,29.61,26.6,86.93,51.924,69.475,0.5,3.57,33.7,12.78,11.284376
2011-05-26,2011,5,26,28.43,30.46,27.26,85.09,49.402,68.854,0.48,3.25,47.9,9.79,10.626141
2011-05-27,2011,5,27,28.38,30.19,27.42,86.03,50.366,68.314,0.49,3.91,45.8,12.01,9.759308
2011-05-28,2011,5,28,27.99,30.02,26.96,86.82,23.818,68.518,0.23,3.35,42.4,22.68,9.1808195
2011-05-29,2011,5,29,27.6,29.08,26.75,86.93,36.614,68.935,0.35,5.11,47.1,9.0,9.38752
2011-05-31,2011,5,31,27.88,29.35,27.08,89.2,38.026,69.146,0.37,5.51,42.7,10.83,8.827751
2011-06-01,2011,6,1,27.46,28.4,26.7,88.69,32.318,68.143,0.31,3.14,43.7,14.55,5.9231186
2011-06-02,2011,6,2,26.99,27.73,26.24,85.41,4.236,68.047,0.41,1.77,271.3,6.14,8.551283
2011-06-03,2011,6,3,27.74,30.43,25.51,79.89,37.682,68.563,0.37,2.7,218.0,6.35,10.355179
2011-06-04,2011,6,4,27.14,28.83,26.18,87.0,44.909,70.822,0.44,2.92,248.2,10.17,10.3706
2011-06-05,2011,6,5,27.25,29.81,25.72,83.12,50.947,71.064,0.49,1.9,316.4,2.88,12.213315
2011-06-07,2011,6,7,27.58,29.56,26.13,81.85,5.945,71.698,0.58,2.06,273.5,1.49,11.990778
2011-06-08,2011,6,8,27.66,29.66,26.48,85.84,55.927,71.323,0.54,2.85,13.4,2.15,12.798379
2011-06-09,2011,6,9,28.73,31.3,27.19,85.92,58.781,68.808,0.57,3.75,29.6,1.44,11.272448
2011-06-11,2011,6,11,29.72,33.26,27.95,83.15,66.022,70.462,0.64,3.6,48.1,1.24,12.320475
2011-06-12,2011,6,12,29.71,32.5,28.12,83.95,63.989,71.033,0.62,4.77,51.8,0.48,12.467208
2011-06-13,2011,6,13,29.38,31.56,28.03,83.36,63.996,71.018,0.62,5.6,50.3,0.97,12.561233
2011-06-16,2011,6,16,28.27,30.77,26.74,86.28,45.079,69.396,0.44,2.26,66.9,12.74,9.762259
2011-06-17,2011,6,17,27.68,29.54,26.5,86.44,49.999,66.456,0.49,3.37,48.6,4.98,7.0412416
2011-06-18,2011,6,18,28.13,30.41,26.81,85.91,60.139,69.221,0.59,4.42,50.7,3.33,11.106492
2011-06-19,2011,6,19,28.04,30.19,26.8,86.35,47.978,69.754,0.47,4.54,50.9,4.67,10.222735
2011-06-20,2011,6,20,28.31,30.42,27.18,84.95,50.887,70.512,0.5,3.52,53.6,5.7,8.189385
2011-06-21,2011,6,21,28.62,30.81,27.08,84.05,64.193,71.165,0.63,4.25,52.5,2.12,11.471234
2011-06-23,2011,6,23,28.19,30.64,26.88,86.91,43.238,69.943,0.42,4.8,49.9,5.32,8.103584
2011-06-24,2011,6,24,27.34,28.4,26.51,87.59,20.712,68.141,0.2,3.02,37.2,12.0,6.3775144
2011-06-25,2011,6,25,27.98,30.2,26.67,84.72,47.506,66.725,0.46,4.09,52.1,24.57,9.699008
2011-06-27,2011,6,27,28.25,30.15,27.05,84.32,54.026,7.062,0.53,4.69,59.3,8.07,11.36625
2011-06-28,2011,6,28,28.36,30.18,27.06,85.07,65.702,71.011,0.64,6.18,56.9,7.08,11.591474
2011-06-29,2011,6,29,28.63,30.55,27.26,83.56,63.965,70.373,0.62,5.17,58.2,4.64,10.96023
2011-06-30,2011,6,30,28.28,30.75,27.1,85.34,41.371,6.937,0.4,3.96,60.2,6.76,7.324069
2011-07-02,2011,7,2,28.02,30.45,26.65,85.01,38.868,68.033,0.38,4.45,40.2,9.64,8.923438
2011-07-04,2011,7,4,28.02,30.11,26.58,86.06,47.566,68.892,0.46,2.73,36.8,9.44,9.493843
2011-07-05,2011,7,5,28.76,31.79,26.81,81.53,61.358,69.638,0.6,3.11,44.6,6.46,11.387809
2011-07-06,2011,7,6,28.66,31.34,27.09,83.89,62.278,69.739,0.61,5.56,52.7,6.08,12.236299
2011-07-07,2011,7,7,28.15,30.36,26.72,83.31,48.228,69.934,0.47,3.16,64.5,7.56,7.5322495
2011-07-09,2011,7,9,29.04,32.33,27.27,81.42,60.238,70.157,0.59,4.9,49.2,1.93,11.542894
2011-07-11,2011,7,11,29.13,32.76,27.55,82.91,58.003,69.948,0.56,3.42,54.8,14.99,11.04295
2011-07-13,2011,7,13,27.94,31.26,26.31,83.9,29.338,67.238,0.29,2.36,40.3,18.47,7.4841127
2011-07-14,2011,7,14,26.29,27.29,25.64,88.62,36.341,6.953,0.35,3.08,273.9,25.82,7.8302417
2011-07-15,2011,7,15,25.86,27.33,25.08,87.8,39.874,68.866,0.39,3.45,279.1,7.82,7.005633
2011-07-18,2011,7,18,28.06,30.63,26.54,83.37,45.043,6.841,0.44,4.14,50.4,2.41,8.577012
2011-07-20,2011,7,20,28.56,31.13,26.89,84.44,60.818,70.862,0.59,4.97,46.1,0.39,11.151464
2011-07-21,2011,7,21,28.3,29.63,27.17,86.72,59.273,69.566,0.57,5.06,54.1,0.56,12.082845
2011-07-22,2011,7,22,28.7,31.73,27.21,82.49,68.695,70.908,0.67,5.74,48.5,0.15,12.625152
2011-07-23,2011,7,23,28.38,31.74,26.43,82.3,66.607,7.085,0.65,5.55,45.6,0.14,12.350449
2011-07-25,2011,7,25,28.21,30.44,26.88,84.73,64.423,71.054,0.62,4.19,50.5,2.47,11.802687
2011-07-27,2011,7,27,28.07,29.89,26.77,86.77,55.778,69.854,0.54,3.37,53.8,4.02,11.094928
2011-07-29,2011,7,29,26.78,28.18,25.61,87.77,41.278,69.629,0.4,4.16,105.5,20.29,9.772456
2011-07-30,2011,7,30,26.88,29.14,24.83,83.48,47.189,70.121,0.46,1.93,75.3,22.68,10.971221
2011-07-31,2011,7,31,27.84,30.26,26.31,84.25,6.245,70.829,0.6,3.84,36.5,12.36,11.936659
2011-08-01,2011,8,1,27.93,30.54,26.7,84.78,58.344,69.614,0.56,4.22,53.3,5.59,11.6196
2011-08-03,2011,8,3,27.95,30.23,26.73,84.45,54.768,70.973,0.53,3.82,32.0,8.54,10.733907
2011-08-05,2011,8,5,29.06,31.87,27.09,83.42,66.842,71.352,0.65,3.45,45.0,3.2,12.4900675
2011-08-06,2011,8,6,29.1,31.22,27.87,84.49,65.664,7.116,0.63,6.06,48.7,2.13,12.718431
2011-08-07,2011,8,7,28.82,31.6,26.33,81.29,64.656,71.359,0.62,3.62,68.9,3.54,12.580029
2011-08-08,2011,8,8,28.78,32.56,26.5,82.34,64.049,71.494,0.62,3.18,34.8,1.6,11.914191
2011-08-10,2011,8,10,28.49,31.01,27.22,85.81,54.154,69.847,0.52,4.85,45.7,3.29,10.995701
2011-08-12,2011,8,12,28.06,29.55,26.95,84.49,31.627,69.986,0.3,2.1,45.5,5.96,6.915429
2011-08-14,2011,8,14,27.55,28.74,26.7,88.56,51.931,70.154,0.5,5.32,51.0,22.24,10.224815
2011-08-15,2011,8,15,27.78,29.89,26.71,86.83,48.026,70.594,0.46,4.87,44.1,16.91,12.158133
2011-08-16,2011,8,16,27.82,29.34,26.74,85.89,47.537,70.351,0.46,3.44,53.8,12.77,10.951291
2011-08-19,2011,8,19,28.1,30.6,26.91,83.82,51.737,70.517,0.5,2.86,28.7,5.39,10.093802
2011-08-21,2011,8,21,28.31,31.04,27.22,85.37,64.488,70.632,0.62,4.79,42.3,3.48,12.003137
2011-08-22,2011,8,22,28.12,30.24,26.9,84.32,59.822,70.272,0.58,3.2,42.2,1.63,10.228281
2011-08-23,2011,8,23,27.93,31.06,26.21,82.13,4.673,70.279,0.45,2.49,359.0,0.83,11.274507
2011-08-24,2011,8,24,28.05,30.51,26.55,79.98,50.794,69.235,0.49,2.7,244.7,10.88,10.738882
2011-08-26,2011,8,26,28.27,30.54,26.89,82.32,48.113,70.411,0.46,3.88,30.9,1.42,9.337399
2011-08-28,2011,8,28,27.57,29.15,26.49,84.57,33.334,70.894,0.32,2.81,54.0,2.71,5.739025
2011-08-30,2011,8,30,28.77,30.93,27.45,83.93,66.113,71.402,0.64,3.81,51.8,3.07,12.598354
2011-08-31,2011,8,31,28.95,31.58,27.35,84.15,64.368,70.394,0.62,3.78,53.4,2.52,12.259744
2011-09-01,2011,9,1,28.16,31.14,25.84,85.84,60.794,70.519,0.59,3.13,45.5,7.02,12.728089
2011-09-02,2011,9,2,26.97,29.38,24.93,84.5,45.857,71.028,0.44,1.96,288.8,6.01,10.961116
2011-09-04,2011,9,4,27.79,30.34,26.18,77.4,67.618,71.242,0.65,2.27,13.2,8.68,12.398106
2011-09-06,2011,9,6,28.89,32.19,27.07,83.59,68.786,71.146,0.67,4.4,45.2,3.74,12.115354
2011-09-07,2011,9,7,28.82,31.85,27.14,83.02,5.712,70.166,0.55,5.26,38.7,6.75,11.529693
2011-09-08,2011,9,8,27.93,29.8,27.02,83.21,52.565,70.584,0.51,5.2,21.8,8.81,12.32941
2011-09-09,2011,9,9,26.55,27.5,25.12,85.94,49.706,70.985,0.48,4.19,104.1,21.44,11.399532
2011-09-11,2011,9,11,27.56,29.74,25.96,82.2,53.208,7.015,0.52,1.29,16.4,12.23,10.688278
2011-09-13,2011,9,13,27.72,30.28,26.1,82.11,55.627,70.966,0.54,3.1,42.3,3.9,11.327352
2011-09-15,2011,9,15,28.46,30.63,26.91,84.24,61.246,71.246,0.6,3.7,40.7,4.99,12.901783
2011-09-16,2011,9,16,28.04,29.41,26.71,85.75,40.392,68.174,0.39,3.07,54.1,5.55,7.756462
2011-09-17,2011,9,17,28.14,29.97,27.11,81.89,50.897,68.059,0.5,3.12,53.9,5.28,9.993091
2011-09-20,2011,9,20,27.89,30.21,26.58,80.18,38.486,70.826,0.38,1.97,18.5,5.97,8.062747
2011-09-22,2011,9,22,28.41,30.35,27.36,84.29,49.553,68.808,0.49,4.82,46.3,12.78,9.664359
2011-09-23,2011,9,23,28.62,30.68,27.45,86.0,51.233,69.317,0.51,4.47,45.5,13.16,10.383712
2011-09-24,2011,9,24,28.49,30.28,27.35,86.0,50.808,68.674,0.5,5.07,53.4,24.42,7.5914335
2011-09-25,2011,9,25,28.26,30.13,27.1,83.99,46.682,66.996,0.46,3.69,54.6,12.47,10.113289
2011-09-27,2011,9,27,27.85,30.14,26.39,81.28,65.899,70.212,0.65,2.5,358.9,1.03,12.483268
2011-09-29,2011,9,29,28.4,30.11,27.29,86.57,50.887,6.804,0.51,3.06,36.9,2.2,11.600082
2011-10-01,2011,10,1,28.47,30.33,27.42,86.78,44.431,67.162,0.44,3.68,33.5,11.75,9.26713
2011-10-02,2011,10,2,28.17,29.29,27.48,88.34,54.706,67.937,0.55,3.9,55.9,8.65,10.863397
2011-10-03,2011,10,3,28.35,29.69,27.28,85.99,50.299,68.134,0.5,4.5,55.4,17.3,9.569327
2011-10-04,2011,10,4,28.08,29.97,27.06,82.62,48.413,68.275,0.49,3.4,54.5,18.66,11.18321
2011-10-06,2011,10,6,27.99,30.11,26.69,82.88,46.558,67.418,0.47,2.88,21.7,11.46,8.805765
2011-10-08,2011,10,8,28.49,30.47,26.73,81.37,5.118,66.547,0.52,1.96,142.4,24.33,10.138034
2011-10-10,2011,10,10,27.56,29.39,26.49,79.7,51.619,65.227,0.52,2.08,282.5,11.34,11.769395
2011-10-11,2011,10,11,27.23,28.63,26.03,84.08,37.027,6.503,0.38,2.12,301.7,9.3,9.58329
2011-10-13,2011,10,13,26.42,27.47,25.52,86.92,50.174,66.072,0.51,2.34,253.0,32.61,11.025549
2011-10-15,2011,10,15,26.13,27.22,24.86,89.39,38.568,65.028,0.4,2.81,280.8,49.29,8.089709
2011-10-17,2011,10,17,27.59,30.64,25.94,80.76,43.819,67.075,0.45,3.63,12.5,38.79,9.576241
2011-10-18,2011,10,18,25.75,26.72,25.1,89.66,27.521,66.391,0.29,3.62,269.1,47.8,6.8993554
2011-10-19,2011,10,19,25.61,27.04,24.65,87.99,42.173,64.817,0.44,3.35,250.8,42.67,9.871691
2011-10-22,2011,10,22,26.09,28.27,24.87,82.34,6.073,68.234,0.64,4.07,219.7,3.97,11.791474
2011-10-24,2011,10,24,27.05,29.56,25.21,79.98,50.378,66.307,0.53,3.15,358.7,0.56,10.2487
2011-10-26,2011,10,26,27.67,29.76,26.55,83.75,50.796,64.013,0.54,3.17,50.1,6.52,10.46073
2011-10-27,2011,10,27,27.99,29.93,26.83,84.36,48.334,61.699,0.51,2.29,16.6,8.61,9.802827
2011-10-29,2011,10,29,27.19,28.25,26.35,87.47,41.292,62.554,0.44,3.25,87.8,11.87,9.883921
2011-10-31,2011,10,31,25.61,26.37,24.74,86.58,25.476,62.494,0.27,1.61,325.5,7.92,4.991134
2011-11-02,2011,11,2,27.71,29.59,26.61,84.58,58.308,63.511,0.63,5.09,38.2,2.51,11.045874
2011-11-03,2011,11,3,28.01,29.76,27.1,84.42,52.318,62.825,0.57,4.65,37.5,2.89,9.962374
2011-11-04,2011,11,4,27.85,29.72,26.92,86.01,48.139,62.074,0.52,3.45,22.0,3.84,9.3942995
2011-11-05,2011,11,5,27.52,28.85,26.63,86.85,49.018,6.121,0.53,3.38,15.4,4.2,10.035876
2011-11-07,2011,11,7,28.03,29.46,27.27,85.71,44.825,61.181,0.49,4.97,37.7,4.7,9.027936
2011-11-09,2011,11,9,27.72,29.7,26.61,84.72,44.167,61.138,0.49,2.47,24.6,17.06,8.810348
2011-11-10,2011,11,10,27.55,29.8,26.19,84.26,44.846,61.435,0.49,2.29,19.4,7.63,9.1277075
2011-11-11,2011,11,11,27.25,28.71,26.47,88.3,44.695,59.155,0.49,3.45,26.1,9.34,9.5257635
2011-11-12,2011,11,12,27.86,30.12,26.81,84.57,3.965,60.394,0.44,5.02,46.2,13.87,7.4334483
2011-11-14,2011,11,14,27.03,29.66,25.1,83.49,49.322,59.894,0.55,2.78,70.7,12.9,9.4261
2011-11-16,2011,11,16,27.73,29.35,26.84,83.75,46.584,61.051,0.52,6.21,46.4,9.58,9.427669
2011-11-18,2011,11,18,27.6,29.85,26.35,82.89,43.205,58.798,0.49,3.55,42.5,9.26,8.544681
2011-11-19,2011,11,19,27.33,28.51,26.45,85.62,40.841,60.082,0.46,4.76,52.0,16.63,8.40196
2011-11-20,2011,11,20,27.49,29.36,26.37,82.19,45.948,60.718,0.52,5.0,51.3,8.37,9.247494
2011-11-23,2011,11,23,27.43,29.36,26.24,83.6,45.883,59.206,0.52,3.9,51.2,2.11,8.592001
2011-11-25,2011,11,25,27.3,28.8,26.49,85.02,40.548,55.135,0.46,4.39,51.1,3.44,8.16503
2011-11-27,2011,11,27,26.76,28.08,26.09,88.17,34.522,56.803,0.4,5.42,36.4,21.62,7.610095
2011-11-28,2011,11,28,27.67,30.14,26.06,82.02,36.715,57.677,0.42,3.78,36.0,37.42,7.7736354
2011-11-30,2011,11,30,26.93,28.57,25.94,83.96,37.951,59.122,0.44,5.57,15.9,17.2,7.788682
2011-12-02,2011,12,2,27.47,29.55,26.1,82.36,50.314,59.621,0.58,7.33,32.6,1.44,8.879688
2011-12-04,2011,12,4,27.29,29.23,26.22,79.74,53.676,59.398,0.62,7.97,42.9,0.59,8.9904585
2011-12-05,2011,12,5,27.3,29.14,26.38,81.87,5.058,59.762,0.59,7.3,33.4,0.75,8.646584
2011-12-06,2011,12,6,27.05,29.02,26.2,82.41,47.894,5.953,0.56,6.76,37.2,2.41,9.039102
2011-12-07,2011,12,7,27.01,28.63,26.07,81.94,37.975,58.562,0.44,6.88,28.0,3.34,6.4718647
2011-12-09,2011,12,9,27.43,29.93,25.91,83.93,46.409,57.343,0.54,5.54,46.0,1.94,8.190375
2011-12-11,2011,12,11,26.83,27.95,26.23,87.27,37.284,56.393,0.44,4.17,48.8,1.07,7.4411407
2011-12-12,2011,12,12,26.56,27.48,25.92,90.41,33.929,53.902,0.4,3.95,47.0,7.12,3.9966104
2011-12-13,2011,12,13,26.79,27.7,26.31,88.67,43.723,55.351,0.51,5.79,37.1,7.81,8.2619095
2011-12-14,2011,12,14,26.73,27.62,26.2,88.42,43.318,56.249,0.51,6.45,43.7,7.54,7.9259825
2011-12-16,2011,12,16,26.35,26.98,25.84,88.58,37.459,55.678,0.44,6.61,51.8,11.99,7.3005595
2011-12-18,2011,12,18,26.51,28.0,25.55,84.0,49.675,58.406,0.58,7.61,46.4,4.99,8.430886
2011-12-20,2011,12,20,26.69,29.49,24.76,81.03,50.371,59.124,0.59,6.97,57.2,0.27,9.550113
2011-12-21,2011,12,21,26.98,29.65,25.19,83.9,57.811,58.764,0.68,7.56,54.0,1.36,9.729081
2011-12-22,2011,12,22,27.01,29.27,25.33,85.51,56.009,58.668,0.66,7.05,56.5,0.0,9.354784
2011-12-24,2011,12,24,26.18,28.12,25.13,83.36,4.435,5.905,0.52,7.95,52.8,0.0,8.681441
2011-12-25,2011,12,25,26.24,29.31,24.29,83.2,58.598,6.011,0.69,6.92,51.7,0.0,9.613076
2011-12-26,2011,12,26,25.98,29.09,23.75,84.17,5.911,60.314,0.69,6.65,48.8,0.0,11.115436
2011-12-27,2011,12,27,25.96,28.68,24.2,84.13,58.529,59.189,0.69,6.72,44.9,0.0,9.9723015
2011-12-28,2011,12,28,26.11,28.59,24.66,86.24,55.056,57.624,0.65,6.46,39.0,0.0,8.864253
2011-12-29,2011,12,29,26.21,28.77,24.71,87.0,5.088,56.832,0.6,6.11,42.8,0.02,9.265957
2011-12-30,2011,12,30,26.35,28.79,24.83,86.99,51.106,56.854,0.6,6.95,42.8,0.01,9.15309
2011-12-31,2011,12,31,26.3,29.03,24.61,85.21,53.246,5.791,0.62,7.62,48.6,0.0,9.793916
2012-01-01,2012,1,1,26.15,29.06,24.44,83.28,59.777,60.418,0.7,7.37,48.4,0.0,10.0457735
2012-01-02,2012,1,2,25.96,28.67,24.21,84.58,53.611,59.054,0.63,7.17,41.9,0.0,9.623656
2012-01-03,2012,1,3,25.73,27.72,24.67,86.02,53.021,57.209,0.62,7.8,32.3,0.0,9.34044
2012-01-05,2012,1,5,25.71,27.85,24.5,84.15,54.413,59.719,0.63,8.06,39.9,0.01,9.505637
2012-01-06,2012,1,6,25.82,28.49,24.27,82.27,55.116,59.518,0.64,7.01,43.5,0.0,9.4813175
2012-01-07,2012,1,7,25.82,28.42,24.22,84.55,57.242,59.928,0.66,7.28,43.8,0.0,9.951088
2012-01-08,2012,1,8,25.72,28.3,23.88,85.13,57.672,60.713,0.67,7.29,40.4,0.0,9.688817
2012-01-09,2012,1,9,25.67,28.1,24.19,82.26,58.241,60.655,0.67,7.09,41.3,0.0,10.107094
2012-01-10,2012,1,10,26.2,29.23,24.27,84.31,5.352,58.925,0.62,5.99,41.8,0.0,9.862093
2012-01-11,2012,1,11,26.29,29.48,24.32,84.72,56.678,59.186,0.65,6.18,45.6,0.0,8.473711
2012-01-12,2012,1,12,26.15,28.26,24.82,84.64,51.336,58.786,0.59,7.19,48.9,0.0,8.853424
2012-01-13,2012,1,13,26.44,29.36,24.39,81.83,51.574,58.651,0.59,6.82,46.5,0.0,8.904568
2012-01-14,2012,1,14,26.77,29.86,24.92,82.04,56.686,58.903,0.65,7.02,46.4,0.0,10.647941
2012-01-15,2012,1,15,26.32,28.77,25.08,83.28,37.786,57.341,0.43,9.05,48.2,0.0,7.6956544
2012-01-16,2012,1,16,25.94,28.45,24.53,79.71,56.011,61.805,0.64,9.56,46.4,0.0,10.578749
2012-01-17,2012,1,17,26.22,29.08,24.6,78.58,60.996,62.018,0.69,9.1,47.0,0.0,10.571209
2012-01-18,2012,1,18,25.92,28.95,23.99,80.14,5.951,62.695,0.67,7.23,43.1,0.0,10.503121
2012-01-19,2012,1,19,25.56,28.34,23.74,80.64,60.094,62.822,0.68,7.65,41.3,0.0,10.234836
2012-01-21,2012,1,21,25.54,28.67,23.41,78.89,63.806,64.162,0.72,7.59,46.2,0.0,11.277013
2012-01-22,2012,1,22,25.62,29.18,23.19,81.03,61.853,63.106,0.69,6.78,44.2,0.0,10.895769
2012-01-23,2012,1,23,25.78,29.47,23.29,80.91,60.763,63.444,0.68,6.47,42.6,0.0,10.763648
2012-01-25,2012,1,25,25.6,28.18,24.39,81.64,5.31,61.632,0.59,6.89,45.4,0.0,10.504444
2012-01-26,2012,1,26,25.88,28.83,23.94,76.96,60.346,63.458,0.67,7.84,45.8,0.0,10.669849
2012-01-27,2012,1,27,25.96,29.23,23.53,77.59,60.185,62.916,0.66,7.49,43.9,0.0,8.121277
2012-01-28,2012,1,28,26.22,29.42,23.93,77.92,60.422,6.216,0.67,8.28,48.0,0.0,11.331252
2012-01-29,2012,1,29,25.98,29.24,24.23,77.17,59.537,6.18,0.65,8.16,45.4,0.0,11.399311
2012-01-30,2012,1,30,25.92,28.82,24.0,76.42,6.018,63.122,0.66,8.92,46.2,0.0,11.327617
2012-01-31,2012,1,31,25.86,28.64,24.16,76.11,57.367,6.311,0.63,9.76,46.3,0.0,10.822874
2012-02-01,2012,2,1,25.85,29.09,24.0,75.53,60.914,64.294,0.66,8.92,46.2,0.0,11.6388445
2012-02-02,2012,2,2,25.53,28.83,23.47,76.28,59.952,64.118,0.65,8.01,47.2,0.0,11.029315
2012-02-03,2012,2,3,25.77,28.84,23.55,77.17,57.749,63.722,0.63,7.11,43.4,0.0,11.090842
2012-02-04,2012,2,4,25.8,29.59,23.58,81.2,59.398,63.266,0.64,7.06,46.3,0.0,10.833583
2012-02-06,2012,2,6,26.15,29.28,24.43,83.57,52.524,61.692,0.56,5.65,42.5,0.0,10.23326
2012-02-07,2012,2,7,26.03,28.92,24.34,83.36,54.694,61.838,0.59,7.09,41.0,0.0,10.829194
2012-02-08,2012,2,8,26.25,29.51,24.26,80.36,59.722,63.305,0.64,8.61,37.6,0.0,11.656748
2012-02-09,2012,2,9,25.65,28.24,24.45,83.8,57.002,6.282,0.61,7.81,35.9,0.0,10.972618
2012-02-10,2012,2,10,26.23,29.97,23.85,81.95,58.735,63.514,0.62,6.51,34.9,0.0,11.3918
2012-02-11,2012,2,11,26.08,29.55,24.44,81.5,55.879,63.922,0.59,5.93,39.5,0.0,10.917898
2012-02-12,2012,2,12,25.81,28.85,24.04,79.39,59.609,66.014,0.63,7.72,31.5,0.0,9.514624
2012-02-13,2012,2,13,26.03,29.27,24.2,78.13,63.823,67.529,0.67,8.1,36.7,0.01,11.732408
2012-02-14,2012,2,14,25.62,28.84,23.58,77.24,63.629,6.81,0.67,7.81,38.9,0.0,11.265232
2012-02-15,2012,2,15,26.06,29.71,23.46,78.03,61.654,6.811,0.64,7.35,40.5,0.0,11.828033
2012-02-16,2012,2,16,25.99,29.19,24.14,75.52,66.799,68.815,0.7,7.89,40.2,0.0,12.224278
2012-02-17,2012,2,17,25.78,29.24,23.29,76.94,67.481,68.422,0.7,6.96,37.4,0.0,12.743195
2012-02-18,2012,2,18,25.95,29.74,23.26,78.43,65.832,67.855,0.68,6.28,38.5,0.0,11.906207
2012-02-19,2012,2,19,26.1,29.81,23.51,78.09,61.721,66.866,0.64,6.77,40.0,0.0,11.709292
2012-02-20,2012,2,20,26.05,29.51,23.86,76.24,64.802,67.714,0.67,7.82,37.0,0.0,11.949787
2012-02-22,2012,2,22,26.27,29.93,23.77,75.7,6.985,70.344,0.72,8.45,42.9,0.0,13.170864
2012-02-23,2012,2,23,26.35,29.84,23.56,76.35,65.088,69.394,0.67,7.87,44.4,0.0,12.68019
2012-02-24,2012,2,24,26.54,30.21,23.68,76.95,65.926,68.023,0.67,7.73,44.9,0.0,13.171218
2012-02-26,2012,2,26,26.85,30.75,24.53,71.09,67.507,71.122,0.69,9.15,47.1,0.0,12.864622
2012-02-27,2012,2,27,26.73,30.28,24.29,70.64,61.625,70.102,0.62,9.64,49.3,0.0,11.402681
2012-02-29,2012,2,29,26.45,29.71,24.04,73.19,63.778,6.857,0.64,8.1,40.8,0.0,11.858626
2012-03-01,2012,3,1,26.71,30.57,24.4,74.73,68.206,69.377,0.69,8.28,40.5,0.0,12.224733
2012-03-02,2012,3,2,27.03,30.81,24.74,75.92,65.717,6.738,0.66,7.7,43.9,0.0,12.557361
2012-03-03,2012,3,3,27.05,30.82,24.84,79.36,61.582,66.382,0.62,6.22,41.8,0.0,12.388489
2012-03-04,2012,3,4,26.66,29.7,24.82,81.51,5.604,64.872,0.56,6.03,42.5,0.0,12.801029
2012-03-05,2012,3,5,26.65,29.67,24.84,80.17,48.055,6.481,0.48,7.83,41.4,0.0,10.292703
2012-03-06,2012,3,6,27.13,30.31,25.17,72.11,58.339,67.294,0.58,10.4,47.8,0.0,11.465875
2012-03-07,2012,3,7,27.08,30.73,24.8,67.83,68.482,69.866,0.68,10.58,46.9,0.0,12.273047
2012-03-09,2012,3,9,26.74,30.43,24.18,73.07,68.095,68.916,0.67,8.54,44.0,0.0,12.528084
2012-03-10,2012,3,10,26.23,29.51,24.1,79.19,64.464,68.786,0.64,8.28,37.6,0.0,12.051996
2012-03-11,2012,3,11,26.44,29.8,24.46,78.67,6.563,68.141,0.65,8.95,38.5,0.0,12.962352
2012-03-12,2012,3,12,26.84,29.85,25.01,76.3,67.037,69.302,0.66,9.49,41.5,0.0,12.640551
2012-03-13,2012,3,13,26.96,30.35,25.14,75.02,64.697,68.302,0.63,8.76,43.8,0.0,12.057878
2012-03-14,2012,3,14,27.12,30.94,24.59,75.8,66.449,68.477,0.65,8.02,39.2,0.0,12.647935
2012-03-15,2012,3,15,26.94,30.37,24.61,77.57,67.051,69.427,0.66,7.72,37.4,0.0,9.019444
2012-03-16,2012,3,16,26.75,30.01,24.72,78.66,58.428,6.72,0.57,8.2,34.8,0.01,10.67443
2012-03-17,2012,3,17,26.06,27.94,24.97,83.48,44.364,64.819,0.43,7.54,37.0,0.3,11.09607
2012-03-18,2012,3,18,26.34,28.91,24.75,81.75,47.107,65.129,0.46,7.93,37.7,0.08,9.996822
2012-03-19,2012,3,19,26.26,29.02,24.68,76.81,42.641,65.947,0.41,8.09,36.2,0.0,9.725854
2012-03-20,2012,3,20,26.62,29.94,24.39,76.85,58.728,6.929,0.57,7.6,38.2,0.01,11.173804
2012-03-21,2012,3,21,26.72,29.89,24.68,77.4,56.659,6.858,0.55,7.33,37.4,0.03,11.725134
2012-03-22,2012,3,22,26.57,29.48,24.51,78.22,53.794,69.535,0.52,7.99,38.4,0.06,12.4438305
2012-03-23,2012,3,23,26.59,29.46,24.77,77.83,6.239,70.294,0.6,7.86,32.3,0.01,12.019965
2012-03-25,2012,3,25,27.16,31.23,24.89,78.05,58.872,70.733,0.57,6.99,31.4,1.19,12.446388
2012-03-26,2012,3,26,26.97,30.06,25.06,81.18,59.098,69.202,0.57,6.34,34.4,1.38,13.660121
2012-03-27,2012,3,27,26.94,29.51,25.3,81.08,63.173,69.662,0.61,6.97,33.0,0.06,13.181596
2012-03-29,2012,3,29,27.63,31.18,25.29,76.86,64.872,70.303,0.62,7.45,37.9,0.0,13.482483
2012-03-30,2012,3,30,27.82,31.66,25.13,77.9,53.875,69.223,0.52,6.09,37.6,0.01,10.999022
2012-03-31,2012,3,31,27.88,31.69,25.46,79.34,60.617,69.917,0.58,5.19,39.8,0.21,6.0112324
2012-04-01,2012,4,1,27.79,30.71,25.99,81.06,45.084,67.543,0.43,3.51,49.5,0.51,10.70107
2012-04-02,2012,4,2,27.29,29.59,25.73,82.74,45.202,65.892,0.43,3.59,38.1,0.29,11.342316
2012-04-03,2012,4,3,27.04,29.1,25.71,83.62,39.804,67.051,0.38,5.57,34.5,0.2,9.671516
2012-04-04,2012,4,4,27.29,29.98,25.66,79.7,58.042,6.924,0.55,5.08,45.5,0.12,12.637226
2012-04-05,2012,4,5,27.82,31.73,25.49,76.63,42.773,6.942,0.41,5.25,34.8,2.23,6.7809744
2012-04-06,2012,4,6,27.54,30.86,25.59,78.21,37.673,69.979,0.36,4.99,31.0,0.91,7.9375706
2012-04-07,2012,4,7,27.51,30.97,25.36,79.44,45.967,67.877,0.44,5.43,26.9,0.29,10.63785
2012-04-08,2012,4,8,27.2,30.12,25.68,77.92,44.393,65.412,0.42,7.23,30.0,0.26,10.465967
2012-04-10,2012,4,10,27.05,29.81,25.3,75.48,59.767,71.066,0.57,6.48,27.5,0.14,12.668738
2012-04-11,2012,4,11,27.39,31.05,25.21,74.4,57.557,70.164,0.55,5.4,20.4,1.22,12.560436
2012-04-12,2012,4,12,27.62,30.95,25.64,76.53,5.081,66.655,0.48,5.34,18.7,2.46,10.895945
2012-04-13,2012,4,13,27.27,29.84,25.88,80.12,58.584,70.754,0.56,5.76,28.9,3.76,11.849421
2012-04-14,2012,4,14,27.37,29.4,26.04,78.85,46.181,71.767,0.44,6.83,33.2,0.63,10.657786
2012-04-15,2012,4,15,28.09,31.16,25.9,73.11,63.346,7.313,0.6,7.72,43.6,0.38,13.325818
2012-04-16,2012,4,16,27.98,31.12,25.76,75.25,67.099,73.265,0.64,7.15,40.2,0.1,9.541201
2012-04-17,2012,4,17,28.06,31.7,25.69,75.62,41.899,73.337,0.4,6.08,43.8,0.28,8.834063
2012-04-18,2012,4,18,27.73,31.55,25.58,76.76,58.464,71.014,0.56,5.98,40.8,0.56,10.709161
2012-04-19,2012,4,19,27.26,30.0,25.39,78.93,51.986,7.044,0.49,5.25,41.1,0.17,9.488018
2012-04-20,2012,4,20,27.86,31.27,25.58,78.14,60.667,72.415,0.58,4.79,37.6,2.42,10.59129
2012-04-21,2012,4,21,27.87,31.04,25.91,80.87,62.525,71.678,0.59,3.46,37.6,4.25,13.416394
2012-04-22,2012,4,22,27.9,30.84,26.07,80.42,42.257,68.777,0.4,2.49,349.7,1.47,9.369771
2012-04-23,2012,4,23,27.4,30.35,25.61,80.58,54.691,69.401,0.52,2.88,9.1,2.66,11.940368
2012-04-24,2012,4,24,26.82,28.32,25.98,86.12,4.367,6.995,0.42,3.77,11.8,12.29,8.542174
2012-04-26,2012,4,26,28.34,30.62,26.84,80.77,46.778,68.558,0.44,5.99,57.2,2.8,10.895953
2012-04-27,2012,4,27,27.68,29.51,26.54,82.12,22.051,68.758,0.21,5.63,48.3,2.78,6.2212086
2012-04-28,2012,4,28,27.7,29.89,26.28,81.06,60.185,69.686,0.57,3.7,52.4,0.92,12.71148
2012-04-30,2012,4,30,28.3,31.32,26.64,78.42,66.602,70.308,0.63,5.41,36.4,0.16,12.592417
2012-05-01,2012,5,1,27.79,30.31,26.42,82.6,48.703,68.412,0.46,5.32,39.7,20.72,10.973416
2012-05-02,2012,5,2,27.15,28.09,26.53,87.34,38.837,68.158,0.37,5.47,43.3,8.84,8.38397
2012-05-03,2012,5,3,27.51,29.49,26.4,86.48,59.801,69.065,0.57,4.85,44.2,7.17,11.586423
2012-05-04,2012,5,4,27.25,28.6,26.43,88.77,33.996,69.226,0.32,4.68,32.7,6.66,2.0563073
2012-05-05,2012,5,5,27.29,29.34,26.19,86.57,37.099,67.757,0.35,3.68,24.1,15.09,6.2537656
2012-05-06,2012,5,6,27.47,29.94,25.82,82.88,47.167,68.633,0.45,2.23,13.2,12.94,8.437138
2012-05-07,2012,5,7,27.2,29.1,25.9,84.87,42.701,6.971,0.41,3.34,27.8,16.55,10.724653
2012-05-08,2012,5,8,27.31,29.58,26.05,84.94,63.718,7.067,0.61,4.32,33.3,4.71,12.171361
2012-05-09,2012,5,9,27.8,30.06,26.47,83.57,45.163,69.242,0.43,4.71,37.5,7.51,7.284419
2012-05-10,2012,5,10,28.34,31.36,26.75,83.08,61.078,70.697,0.58,4.44,38.4,8.74,11.737779
2012-05-12,2012,5,12,27.73,29.3,26.88,88.13,49.457,7.014,0.47,5.05,47.4,11.17,9.898697
2012-05-13,2012,5,13,28.49,31.5,26.15,81.46,61.265,69.989,0.59,4.08,60.4,3.87,12.192816
2012-05-14,2012,5,14,28.02,30.7,25.92,82.15,55.418,6.901,0.53,4.41,58.7,2.22,10.376527
2012-05-15,2012,5,15,28.46,31.87,26.47,80.87,64.277,70.538,0.62,5.37,50.5,1.16,12.163231
2012-05-16,2012,5,16,28.34,31.16,26.66,81.57,65.558,7.062,0.63,6.12,44.1,5.98,12.538638
2012-05-17,2012,5,17,28.87,32.45,26.63,80.77,6.391,70.682,0.61,5.56,42.9,5.13,12.150608
2012-05-18,2012,5,18,28.4,31.68,26.74,82.87,5.106,69.684,0.49,4.82,49.6,10.06,6.683298
2012-05-19,2012,5,19,28.04,29.67,26.87,84.66,56.155,70.435,0.54,4.21,46.0,16.6,11.256384
2012-05-20,2012,5,20,26.93,27.92,26.28,89.42,38.698,70.027,0.37,2.69,354.4,16.04,6.8274226
2012-05-21,2012,5,21,27.72,30.07,26.07,84.4,57.578,70.346,0.55,2.77,37.0,3.65,12.037996
2012-05-22,2012,5,22,28.68,31.79,26.5,81.15,58.846,70.759,0.57,4.59,49.2,2.77,11.437425
2012-05-23,2012,5,23,29.25,32.77,27.1,79.43,65.251,70.762,0.63,3.57,78.0,1.67,12.45875
2012-05-24,2012,5,24,29.39,32.85,27.19,80.83,63.326,70.572,0.61,3.73,50.3,2.22,12.11216
2012-05-25,2012,5,25,29.54,33.09,27.69,80.04,38.558,68.681,0.37,4.67,44.3,3.29,9.378565
2012-05-26,2012,5,26,28.02,29.21,27.08,85.68,51.962,70.061,0.5,4.72,54.9,2.7,9.6206875
2012-05-28,2012,5,28,28.99,31.62,27.41,83.28,49.246,7.177,0.48,4.71,50.9,2.32,11.052953
2012-05-29,2012,5,29,28.67,31.07,27.1,84.08,60.593,69.209,0.59,5.0,49.9,1.57,11.698628
2012-05-30,2012,5,30,28.61,31.13,26.83,82.05,37.934,68.986,0.37,4.12,59.8,2.4,6.32829
2012-06-01,2012,6,1,29.06,32.16,27.42,82.58,52.733,69.912,0.51,2.98,45.8,2.6,9.58769
2012-06-02,2012,6,2,29.22,32.29,27.56,81.1,5.677,70.769,0.55,3.86,49.8,2.73,10.742663
2012-06-04,2012,6,4,29.43,33.83,27.1,76.6,67.807,7.159,0.66,5.62,48.5,0.36,11.513161
2012-06-05,2012,6,5,29.02,32.43,26.59,77.83,67.968,72.146,0.66,5.42,50.0,0.18,11.958275
2012-06-06,2012,6,6,29.2,32.42,26.9,78.83,62.364,71.628,0.61,5.06,50.8,0.52,12.102785
2012-06-07,2012,6,7,29.57,33.02,27.04,78.65,66.653,71.594,0.65,5.3,53.4,0.3,12.014687
2012-06-08,2012,6,8,29.3,32.47,27.44,79.64,44.021,6.948,0.43,4.89,53.6,0.29,8.733538
2012-06-09,2012,6,9,28.7,30.97,27.37,81.86,60.156,6.966,0.58,5.14,50.3,0.64,11.212285
2012-06-10,2012,6,10,28.38,30.7,26.89,81.48,65.714,70.183,0.64,6.11,45.7,0.42,12.090547
2012-06-11,2012,6,11,27.91,30.34,26.47,83.48,49.361,70.193,0.48,6.63,48.4,0.93,9.105398
2012-06-13,2012,6,13,27.42,29.89,25.74,86.12,45.876,67.774,0.45,2.81,37.2,3.39,9.872394
2012-06-14,2012,6,14,27.69,30.17,26.3,86.46,46.198,69.528,0.45,3.69,38.0,5.57,8.426302
2012-06-15,2012,6,15,28.04,31.33,26.27,82.33,63.134,7.039,0.62,4.18,58.8,3.01,11.749382
2012-06-16,2012,6,16,27.8,30.9,26.26,82.83,27.521,70.462,0.27,2.94,32.3,2.37,7.205728
2012-06-17,2012,6,17,27.1,28.52,26.03,80.5,5.159,71.002,0.5,1.73,356.3,0.64,11.774338
2012-06-18,2012,6,18,28.13,31.44,25.76,76.93,63.331,71.587,0.62,2.8,22.0,0.49,11.062248
2012-06-19,2012,6,19,29.23,32.83,27.16,78.55,6.739,71.556,0.66,3.97,42.4,0.32,8.780427
2012-06-20,2012,6,20,29.66,33.29,27.43,76.91,64.056,70.666,0.62,4.95,44.9,1.92,11.362571
2012-06-21,2012,6,21,29.24,32.2,27.39,80.7,53.489,70.476,0.52,3.24,41.4,12.96,10.556894
2012-06-22,2012,6,22,29.03,32.74,26.6,74.97,68.774,71.383,0.67,2.23,25.6,10.99,11.993377
2012-06-23,2012,6,23,28.97,31.87,27.31,80.44,54.679,69.665,0.53,4.08,45.4,4.23,10.041345
2012-06-24,2012,6,24,29.18,32.55,27.25,78.17,52.466,69.252,0.51,5.18,46.4,5.32,9.698398
2012-06-25,2012,6,25,28.51,30.86,26.97,80.25,49.421,6.907,0.48,3.27,56.6,3.68,9.264968
2012-06-26,2012,6,26,28.15,30.17,26.71,80.34,34.042,68.638,0.33,2.27,9.6,4.64,8.776855
2012-06-27,2012,6,27,28.59,30.99,26.73,79.45,60.132,69.792,0.59,3.7,51.3,1.89,10.393036
2012-06-29,2012,6,29,28.18,30.28,26.59,78.06,61.531,6.953,0.6,7.35,45.7,0.26,11.449853
2012-06-30,2012,6,30,28.33,31.29,26.38,76.9,5.148,67.759,0.5,5.35,49.3,1.09,9.142054
2012-07-01,2012,7,1,27.99,29.82,26.7,80.92,41.455,67.157,0.4,5.49,51.6,0.5,9.006234
2012-07-03,2012,7,3,28.57,31.14,26.76,78.55,54.979,69.557,0.54,5.95,49.4,0.88,9.929922
2012-07-04,2012,7,4,27.84,29.9,26.49,82.46,43.829,68.496,0.43,6.15,48.0,0.97,8.272938
2012-07-05,2012,7,5,27.53,29.9,26.32,83.74,5.905,68.042,0.58,5.43,41.4,0.97,6.385401
2012-07-06,2012,7,6,27.89,30.6,26.25,83.81,51.302,71.431,0.5,3.78,46.7,0.53,9.768551
2012-07-07,2012,7,7,27.99,30.05,26.24,81.97,60.038,70.356,0.58,5.07,50.7,0.51,11.724607
2012-07-08,2012,7,8,27.98,29.98,26.22,81.0,69.917,71.602,0.68,6.55,46.8,0.11,12.082093
2012-07-09,2012,7,9,28.38,31.43,26.03,80.56,6.612,71.035,0.64,5.27,44.6,0.08,11.475967
2012-07-10,2012,7,10,28.4,31.0,26.63,81.13,63.115,69.482,0.61,5.15,46.5,0.2,11.731871
2012-07-11,2012,7,11,28.62,31.77,26.63,78.17,52.411,69.838,0.51,6.59,47.5,0.18,9.8997135
2012-07-12,2012,7,12,28.35,32.04,26.02,77.85,53.172,68.782,0.52,5.8,44.6,1.06,10.083205
2012-07-13,2012,7,13,27.77,30.41,25.99,81.29,4.933,68.849,0.48,5.25,48.9,1.14,9.201545
2012-07-15,2012,7,15,28.72,32.03,26.54,79.41,61.493,71.203,0.6,5.69,44.1,0.0,11.553971
2012-07-16,2012,7,16,28.92,32.44,26.75,77.35,65.748,70.682,0.64,6.14,46.8,0.0,11.455145
2012-07-17,2012,7,17,28.81,31.82,26.7,79.04,62.664,71.311,0.61,4.38,58.2,0.0,10.523838
2012-07-18,2012,7,18,28.44,30.67,26.86,80.97,5.375,69.787,0.52,6.13,49.9,0.0,10.159963
2012-07-19,2012,7,19,28.29,30.6,26.78,80.86,62.496,70.356,0.61,6.28,45.5,0.02,11.425502
2012-07-20,2012,7,20,27.93,30.74,26.43,82.45,5.646,70.027,0.55,5.76,42.0,1.1,10.600619
2012-07-22,2012,7,22,28.26,31.06,25.96,81.25,66.046,71.983,0.64,4.28,47.4,0.46,11.827818
2012-07-23,2012,7,23,28.6,31.77,26.39,79.72,67.471,71.117,0.65,6.7,51.1,0.68,12.074874
2012-07-24,2012,7,24,28.19,30.35,26.79,82.54,57.288,70.877,0.55,6.17,47.5,1.62,11.314051
2012-07-25,2012,7,25,28.84,32.62,26.64,79.35,68.206,71.539,0.66,4.3,45.3,0.02,11.577998
2012-07-26,2012,7,26,28.76,31.14,26.85,79.72,67.601,71.414,0.65,6.01,50.5,0.22,12.151685
2012-07-27,2012,7,27,28.96,32.24,26.56,74.56,64.896,71.263,0.63,7.73,46.3,0.0,11.251737
2012-07-28,2012,7,28,28.57,31.7,26.72,75.94,56.758,68.462,0.55,6.83,44.1,0.11,11.811383
2012-07-29,2012,7,29,27.64,29.54,26.62,84.85,40.277,69.389,0.39,4.51,56.0,5.33,8.410214
2012-07-31,2012,7,31,27.64,29.88,26.38,83.33,40.296,70.411,0.39,4.45,55.0,1.95,9.963254
2012-08-01,2012,8,1,28.19,31.45,26.23,83.0,5.525,70.104,0.53,3.64,35.2,3.19,9.142908
2012-08-02,2012,8,2,28.34,31.43,26.44,81.93,60.034,70.176,0.58,3.8,42.2,4.08,11.780052
2012-08-04,2012,8,4,28.59,31.91,26.57,76.89,63.266,71.189,0.61,6.68,36.8,0.22,11.225788
2012-08-05,2012,8,5,28.09,31.39,26.27,81.37,44.885,69.204,0.43,3.59,42.6,1.72,8.115283
2012-08-06,2012,8,6,28.21,30.94,26.08,82.88,58.075,69.667,0.56,3.96,48.3,4.27,5.83464
2012-08-07,2012,8,7,28.52,31.27,26.87,82.69,57.667,69.571,0.56,4.78,44.8,3.36,10.253933
2012-08-08,2012,8,8,28.58,31.08,27.13,82.17,55.409,70.111,0.53,4.36,51.6,4.27,8.759952
2012-08-09,2012,8,9,28.78,31.89,26.95,80.34,52.366,6.865,0.5,3.32,54.4,3.37,11.566513
2012-08-10,2012,8,10,28.59,31.05,26.78,81.84,64.766,70.925,0.62,3.7,32.6,3.75,12.322148
2012-08-11,2012,8,11,29.28,32.17,27.63,80.08,50.858,7.121,0.49,5.76,46.2,7.09,10.624574
2012-08-12,2012,8,12,28.92,31.52,27.09,76.99,6.066,70.234,0.58,6.8,45.4,0.57,11.118769
2012-08-13,2012,8,13,28.23,30.48,26.89,81.79,4.909,68.719,0.47,4.51,46.6,7.59,9.878724
2012-08-14,2012,8,14,27.35,29.17,26.47,88.08,4.53,69.583,0.44,3.36,53.8,16.5,7.5692196
2012-08-16,2012,8,16,28.59,31.25,26.94,82.29,62.335,72.569,0.6,5.43,44.8,8.08,10.747124
2012-08-17,2012,8,17,28.31,30.23,27.18,83.26,51.362,71.004,0.49,5.84,45.1,5.52,9.855272
2012-08-18,2012,8,18,27.94,29.81,26.83,84.38,50.196,69.398,0.48,3.27,60.2,6.66,11.374564
2012-08-19,2012,8,19,28.16,30.25,26.63,83.27,50.237,71.069,0.48,3.87,43.6,7.38,11.806944
2012-08-20,2012,8,20,28.28,31.11,26.52,80.72,66.922,71.398,0.64,4.54,51.5,3.78,12.489521
2012-08-21,2012,8,21,28.75,31.99,26.92,75.46,57.077,7.045,0.55,6.08,46.8,1.35,11.237063
2012-08-22,2012,8,22,28.43,31.06,26.8,79.41,62.237,71.057,0.6,5.15,41.6,2.06,7.3041067
2012-08-23,2012,8,23,28.55,31.51,26.97,79.43,47.316,70.483,0.46,4.77,31.1,3.82,10.587408
2012-08-24,2012,8,24,27.91,30.87,26.19,80.1,50.194,6.979,0.48,3.27,271.3,9.17,7.873025
2012-08-25,2012,8,25,28.06,31.27,26.07,82.03,5.861,69.974,0.56,3.36,236.3,8.53,12.758216
2012-08-26,2012,8,26,27.24,28.79,26.37,86.59,50.011,69.818,0.48,2.95,35.6,9.46,9.443218
2012-08-27,2012,8,27,28.58,31.56,27.18,83.06,61.471,70.867,0.59,3.71,70.9,5.56,13.305605
2012-08-28,2012,8,28,28.97,31.56,27.25,80.34,66.854,72.343,0.64,4.22,52.2,0.73,12.564532
2012-08-29,2012,8,29,29.03,31.84,27.27,80.42,60.883,70.085,0.59,4.06,56.9,1.76,12.071187
2012-08-30,2012,8,30,28.96,31.55,27.44,82.78,59.717,71.554,0.58,4.94,51.0,8.38,12.197284
2012-09-01,2012,9,1,28.46,30.75,27.03,82.58,62.635,69.931,0.6,4.81,49.6,5.85,12.618354
2012-09-02,2012,9,2,28.09,30.6,26.83,83.56,62.141,70.123,0.6,5.1,46.1,3.87,12.394164
2012-09-03,2012,9,3,27.85,29.91,26.78,88.58,59.213,69.283,0.57,4.19,41.7,6.15,12.623806
2012-09-05,2012,9,5,27.88,30.43,26.89,86.04,51.466,70.162,0.5,3.18,52.5,7.66,10.270461
2012-09-06,2012,9,6,28.48,31.09,26.85,82.27,57.586,72.245,0.56,3.83,46.6,3.18,11.421766
2012-09-08,2012,9,8,28.05,29.72,26.91,85.21,63.358,72.113,0.61,2.97,52.8,2.69,12.378682
2012-09-09,2012,9,9,28.68,30.84,27.11,83.43,69.737,71.474,0.68,3.13,47.3,1.58,13.098779
2012-09-10,2012,9,10,28.56,30.67,27.49,85.58,54.996,68.767,0.53,5.66,46.1,3.04,11.429162
2012-09-11,2012,9,11,28.24,30.06,27.05,83.4,62.561,70.769,0.61,6.75,43.3,0.93,11.954941
2012-09-12,2012,9,12,28.23,29.94,27.1,84.63,59.832,69.538,0.58,6.43,45.9,1.65,12.363398
2012-09-13,2012,9,13,28.01,29.88,26.81,84.53,42.029,67.399,0.41,3.74,57.2,0.82,9.302754
2012-09-14,2012,9,14,28.38,31.08,26.44,81.65,52.819,6.749,0.52,3.75,47.0,0.53,10.443102
2012-09-15,2012,9,15,29.25,31.89,27.67,81.04,66.149,69.425,0.65,4.4,43.5,0.19,12.627905
2012-09-17,2012,9,17,28.11,29.85,27.25,85.56,64.243,69.883,0.63,5.13,43.0,9.83,11.831644
2012-09-18,2012,9,18,27.68,29.44,26.97,86.02,56.374,69.734,0.55,4.23,30.8,4.68,12.289032
2012-09-19,2012,9,19,28.19,30.23,26.89,84.2,61.046,7.105,0.6,4.3,40.4,3.22,12.633894
2012-09-20,2012,9,20,28.66,31.39,27.13,82.73,63.662,7.121,0.63,4.74,44.6,6.57,11.866756
2012-09-21,2012,9,21,28.7,31.01,27.31,83.47,52.956,68.369,0.52,4.84,43.4,8.48,11.607712
2012-09-22,2012,9,22,28.56,30.4,27.61,85.28,52.224,68.359,0.51,4.06,58.3,8.12,10.949716
2012-09-23,2012,9,23,28.37,29.98,27.58,84.86,57.379,70.051,0.57,3.6,57.4,2.47,7.3959746
2012-09-24,2012,9,24,28.05,29.59,27.21,83.99,51.972,69.883,0.51,5.07,51.7,1.22,10.290423
2012-09-25,2012,9,25,27.47,28.62,26.63,84.29,34.507,67.836,0.34,3.23,70.3,1.96,2.5597415
2012-09-26,2012,9,26,28.3,30.59,26.79,80.4,53.803,66.559,0.53,4.32,52.3,0.99,12.0982895
2012-09-27,2012,9,27,28.35,30.62,27.1,82.25,53.306,67.651,0.53,3.85,50.5,2.36,10.348576
2012-09-28,2012,9,28,28.58,30.94,27.36,81.51,4.091,67.058,0.41,3.24,28.9,3.92,8.000168
2012-09-29,2012,9,29,28.23,30.63,26.93,81.16,45.487,66.439,0.45,3.26,49.6,7.38,9.611593
2012-09-30,2012,9,30,27.85,30.46,26.47,83.54,60.204,67.896,0.6,3.1,36.3,6.76,11.407013
2012-10-01,2012,10,1,27.7,29.86,25.79,88.24,62.626,68.602,0.63,3.29,13.2,3.9,11.92054
2012-10-03,2012,10,3,28.54,30.43,27.15,81.76,6.697,70.198,0.67,6.04,50.4,1.52,12.741013
2012-10-04,2012,10,4,28.39,30.48,27.21,83.27,53.134,67.337,0.53,5.5,47.3,3.5,11.067328
2012-10-05,2012,10,5,28.04,29.56,27.26,84.93,41.186,65.714,0.42,4.83,39.5,5.18,6.450033
2012-10-07,2012,10,7,27.76,29.92,26.33,83.17,41.887,66.478,0.42,2.4,20.7,8.29,10.232219
2012-10-08,2012,10,8,27.97,30.21,26.44,85.08,52.531,6.588,0.53,2.98,38.0,5.15,11.0964365
2012-10-10,2012,10,10,28.64,31.31,27.17,80.81,56.906,68.494,0.58,4.64,41.8,1.4,11.769432
2012-10-11,2012,10,11,28.35,30.72,27.19,83.08,5.934,68.345,0.61,5.25,37.0,1.46,12.607114
2012-10-12,2012,10,12,28.04,29.98,26.97,83.02,59.534,67.697,0.61,4.29,31.5,2.87,11.427102
2012-10-13,2012,10,13,27.99,32.71,26.29,82.66,57.358,67.272,0.59,2.11,6.7,14.02,11.912361
2012-10-14,2012,10,14,27.71,30.56,25.97,82.54,5.13,66.173,0.53,2.49,262.6,9.62,4.627033
2012-10-15,2012,10,15,27.07,28.78,26.11,84.45,48.221,66.046,0.5,3.19,253.5,19.52,10.17824
2012-10-16,2012,10,16,26.75,28.07,25.83,88.56,37.082,63.425,0.38,3.02,203.8,51.9,9.698422
2012-10-17,2012,10,17,26.31,27.19,25.82,91.04,46.442,65.981,0.48,3.71,229.9,20.07,10.264866
2012-10-19,2012,10,19,26.23,27.29,25.35,87.18,41.825,64.339,0.43,2.07,316.8,17.13,9.942114
2012-10-20,2012,10,20,27.06,29.83,25.74,80.37,50.582,65.162,0.53,1.9,335.9,2.0,9.267009
2012-10-21,2012,10,21,27.43,30.17,25.79,77.94,53.755,63.994,0.56,1.78,266.0,6.06,10.767256
2012-10-22,2012,10,22,26.67,28.37,25.49,86.47,48.106,6.475,0.5,3.27,196.2,7.45,9.5667095
2012-10-23,2012,10,23,26.79,28.31,25.69,88.48,30.912,65.806,0.32,6.57,190.6,2.73,8.50156
2012-10-24,2012,10,24,26.84,27.9,26.17,87.99,30.353,66.074,0.32,6.49,203.4,2.19,5.643427
2012-10-25,2012,10,25,27.43,30.12,25.93,81.25,5.705,6.517,0.6,5.06,219.6,0.32,8.986586
2012-10-26,2012,10,26,27.61,30.62,25.91,79.75,53.278,65.249,0.56,3.64,239.2,0.22,10.132722
2012-10-27,2012,10,27,26.86,28.69,25.55,85.36,56.009,64.512,0.59,2.51,325.9,0.15,11.9312725
2012-10-28,2012,10,28,27.56,29.04,26.46,83.23,56.218,6.354,0.6,4.24,15.4,2.31,10.15953
2012-10-29,2012,10,29,26.95,28.0,26.25,83.5,39.101,62.122,0.42,5.16,26.6,2.4,7.7804255
2012-10-30,2012,10,30,26.94,27.63,26.45,88.7,3.133,60.163,0.34,4.96,26.7,8.93,5.349738
2012-10-31,2012,10,31,27.62,30.16,26.02,81.36,53.002,62.573,0.57,3.97,38.3,4.44,10.115723
2012-11-01,2012,11,1,27.79,29.17,27.08,84.7,58.656,63.295,0.63,4.44,43.5,4.25,10.940352
2012-11-02,2012,11,2,28.06,29.94,26.8,83.69,54.449,63.312,0.59,5.25,46.0,2.24,10.662569
2012-11-04,2012,11,4,28.23,30.57,26.58,80.25,57.386,64.097,0.62,6.83,43.9,0.26,11.400214
2012-11-05,2012,11,5,28.03,29.95,26.86,84.48,48.446,61.152,0.53,5.28,45.9,1.53,10.151641
2012-11-06,2012,11,6,27.47,28.29,26.83,89.9,5.383,60.552,0.59,5.32,32.7,2.0,10.987134
2012-11-08,2012,11,8,28.17,29.57,27.43,86.87,52.788,61.956,0.58,5.82,36.3,3.16,11.125207
2012-11-09,2012,11,9,28.29,30.59,27.06,78.38,61.836,64.718,0.68,7.55,42.3,0.13,11.770428
2012-11-11,2012,11,11,28.58,31.68,26.86,78.17,59.203,63.012,0.66,6.4,44.9,1.0,11.050913
2012-11-12,2012,11,12,28.31,30.84,26.79,82.91,46.198,6.077,0.51,4.98,46.7,6.85,7.788984
2012-11-13,2012,11,13,28.04,30.64,26.73,83.04,56.532,61.188,0.63,4.84,36.5,3.17,10.577318
2012-11-14,2012,11,14,27.91,30.12,26.82,82.83,52.243,60.821,0.58,4.78,34.5,0.96,10.387037
2012-11-15,2012,11,15,27.76,29.23,26.96,84.63,47.978,59.623,0.54,4.52,36.2,2.35,10.215088
2012-11-16,2012,11,16,27.62,29.29,26.56,85.6,33.132,59.942,0.37,3.25,41.4,5.94,8.047702
2012-11-17,2012,11,17,27.58,29.43,26.47,83.92,49.855,6.037,0.56,2.69,39.2,4.53,9.579911
2012-11-18,2012,11,18,27.82,30.25,26.46,83.8,29.952,60.194,0.34,3.9,26.2,1.71,6.5924573
2012-11-20,2012,11,20,28.34,31.55,26.7,80.53,56.863,61.063,0.64,5.59,38.3,0.16,10.901512
2012-11-21,2012,11,21,27.85,29.25,27.1,84.85,45.732,59.326,0.52,5.5,36.8,1.2,8.847275
2012-11-22,2012,11,22,27.65,29.3,26.71,83.78,46.786,5.879,0.53,4.78,21.5,3.97,7.280508
2012-11-23,2012,11,23,27.7,29.59,26.57,84.16,4.339,57.936,0.49,5.4,24.0,3.77,8.707702
2012-11-24,2012,11,24,28.07,29.36,27.36,84.16,51.559,57.902,0.59,5.52,38.6,1.31,10.312061
2012-11-25,2012,11,25,28.57,30.7,27.25,81.03,55.793,59.047,0.64,7.13,47.1,1.25,10.279687
2012-11-27,2012,11,27,28.47,30.5,27.19,81.82,46.162,59.633,0.53,7.38,53.1,6.69,9.972047
2012-11-28,2012,11,28,28.28,30.86,26.79,76.49,5.537,6.137,0.64,7.25,46.8,1.11,10.091315
2012-11-29,2012,11,29,27.94,30.12,26.43,76.72,54.792,61.046,0.63,7.72,43.4,3.38,10.378917
2012-11-30,2012,11,30,27.84,30.46,26.38,79.65,48.238,59.467,0.56,6.18,41.0,2.19,9.269744
2012-12-01,2012,12,1,27.52,29.96,26.34,79.59,5.382,59.779,0.62,5.62,36.2,3.98,9.91594
2012-12-02,2012,12,2,27.12,29.58,25.68,79.17,54.396,60.043,0.63,5.43,30.8,0.0,9.987852
2012-12-04,2012,12,4,27.59,30.72,25.81,76.55,57.936,60.401,0.67,5.31,36.2,0.0,10.121496
2012-12-06,2012,12,6,27.54,30.56,25.79,80.03,53.611,58.402,0.62,3.81,27.6,0.01,9.455081
2012-12-07,2012,12,7,27.96,30.87,26.25,80.49,52.884,57.005,0.62,4.68,25.2,0.02,9.327443
2012-12-08,2012,12,8,28.75,31.84,27.12,80.81,54.917,57.353,0.64,5.63,38.5,0.05,9.897802
2012-12-10,2012,12,10,28.44,30.81,26.9,82.8,56.434,58.495,0.66,6.5,50.5,0.01,10.113208
2012-12-11,2012,12,11,28.42,30.86,26.94,78.62,54.574,59.623,0.64,6.25,49.1,0.0,9.762072
2012-12-13,2012,12,13,28.46,31.07,27.15,78.09,47.237,59.405,0.55,7.65,43.9,1.48,8.351593
2012-12-14,2012,12,14,27.92,30.3,26.5,75.95,44.532,58.342,0.52,7.47,38.4,1.91,6.518848
2012-12-15,2012,12,15,27.38,30.29,25.39,74.04,53.194,60.058,0.62,5.4,34.2,0.03,9.467605
2012-12-16,2012,12,16,27.82,31.43,25.57,75.67,57.953,60.314,0.68,5.36,49.9,0.22,9.425888
2012-12-17,2012,12,17,27.66,30.9,25.43,76.16,57.334,60.295,0.67,6.27,47.2,0.0,9.296208
2012-12-18,2012,12,18,27.94,31.23,25.54,74.81,53.026,5.861,0.62,6.64,42.6,0.0,8.914924
2012-12-20,2012,12,20,28.0,30.34,26.56,76.53,52.404,57.103,0.62,8.15,46.8,0.0,8.91524
2012-12-22,2012,12,22,27.11,28.59,26.27,82.6,47.345,56.434,0.56,6.88,36.6,0.2,8.39599
2012-12-23,2012,12,23,27.1,28.43,26.23,83.07,49.054,55.946,0.58,7.44,41.3,0.13,8.755168
2012-12-24,2012,12,24,27.87,31.24,25.66,81.11,5.203,55.841,0.61,5.58,43.4,0.1,9.247986
2012-12-25,2012,12,25,27.73,30.18,26.1,82.77,46.934,55.342,0.55,4.77,48.7,0.12,9.167939
2012-12-26,2012,12,26,27.78,30.24,26.28,82.94,52.198,56.441,0.61,5.74,46.1,0.04,9.655937
2012-12-27,2012,12,27,27.5,29.2,26.24,81.96,46.898,55.776,0.55,7.31,48.9,0.01,9.106656
2012-12-29,2012,12,29,28.04,31.98,25.38,76.68,58.613,60.878,0.69,7.15,48.9,0.0,10.250551
2012-12-30,2012,12,30,27.87,31.04,26.12,76.54,5.723,5.903,0.67,8.12,46.0,0.0,9.9028425
2012-12-31,2012,12,31,27.86,31.04,25.8,74.34,56.426,58.697,0.66,8.99,48.7,0.0,9.991734
2013-01-01,2013,1,1,27.36,30.19,25.59,73.23,5.251,59.417,0.61,7.29,47.6,0.0,9.063053
2013-01-02,2013,1,2,27.2,30.54,24.75,78.2,59.124,59.719,0.69,6.41,47.8,0.0,10.228067
2013-01-03,2013,1,3,27.64,31.13,25.02,77.03,58.795,59.424,0.68,6.86,45.7,0.0,9.826408
2013-01-05,2013,1,5,27.37,30.91,25.22,76.52,59.981,60.746,0.7,8.36,47.2,0.0,9.915764
2013-01-07,2013,1,7,27.2,31.1,24.77,78.34,60.454,61.046,0.7,7.53,46.1,0.0,10.66651
2013-01-08,2013,1,8,27.57,31.88,24.89,75.87,60.497,60.866,0.7,7.83,48.5,0.0,10.869162
2013-01-09,2013,1,9,27.39,30.88,25.1,75.23,61.392,61.639,0.71,9.05,48.9,0.0,11.158447
2013-01-11,2013,1,11,26.69,30.68,24.27,73.44,62.244,62.568,0.71,8.57,47.5,0.0,11.27099
2013-01-12,2013,1,12,25.96,29.22,24.03,77.06,61.841,62.095,0.71,8.36,41.8,0.0,10.866374
2013-01-14,2013,1,14,26.15,29.99,24.07,76.37,60.288,64.262,0.69,7.85,38.4,0.0,11.2505865
2013-01-15,2013,1,15,26.17,30.08,23.89,75.67,58.918,61.123,0.67,7.07,39.1,0.0,10.369316
2013-01-16,2013,1,16,26.1,29.89,23.34,77.14,59.729,61.037,0.68,7.08,40.3,0.0,11.121084
2013-01-17,2013,1,17,26.13,29.69,24.04,76.33,57.797,60.072,0.65,7.03,37.8,0.0,10.68312
2013-01-18,2013,1,18,25.93,28.97,24.01,78.4,56.921,58.733,0.64,8.07,34.8,0.0,11.026814
2013-01-19,2013,1,19,26.12,29.1,24.32,75.48,56.652,58.826,0.64,8.77,38.9,0.0,10.69324
2013-01-20,2013,1,20,26.18,29.59,24.1,74.61,57.874,60.276,0.65,7.99,38.0,0.0,10.545781
2013-01-21,2013,1,21,26.53,30.07,23.94,74.32,59.796,60.732,0.67,7.31,35.4,0.0,11.124026
2013-01-23,2013,1,23,26.14,28.78,24.69,80.16,52.265,56.933,0.58,8.37,35.8,0.0,10.670596
2013-01-24,2013,1,24,26.31,29.62,24.38,77.56,52.694,58.164,0.59,7.45,29.8,0.0,10.377678
2013-01-25,2013,1,25,26.54,29.86,24.68,77.05,56.645,60.055,0.63,8.07,36.1,0.0,10.948709
2013-01-26,2013,1,26,26.63,30.04,24.63,76.34,5.867,61.906,0.65,7.97,36.2,0.0,10.765325
2013-01-27,2013,1,27,26.89,30.34,24.5,75.3,60.029,61.891,0.66,8.1,38.2,0.0,11.515812
2013-01-28,2013,1,28,27.27,30.89,24.85,73.4,61.987,62.453,0.68,8.25,42.1,0.0,11.572645
2013-01-29,2013,1,29,27.22,30.49,25.08,73.51,6.053,62.662,0.66,8.5,42.3,0.0,8.574452
2013-01-30,2013,1,30,27.46,31.67,24.9,71.64,60.826,62.405,0.66,7.59,41.7,0.0,11.454815
2013-02-01,2013,2,1,26.8,29.8,24.93,75.22,6.228,63.818,0.68,10.02,39.0,0.01,11.2107
2013-02-02,2013,2,2,26.82,29.84,24.98,74.43,55.884,62.294,0.61,8.87,39.5,0.0,10.457558
2013-02-03,2013,2,3,26.7,29.78,25.01,74.91,50.474,60.739,0.55,7.08,35.3,0.02,10.060686
2013-02-04,2013,2,4,26.58,29.41,24.98,78.12,48.302,58.829,0.52,8.32,34.7,0.0,10.549138
2013-02-05,2013,2,5,26.64,29.2,25.13,76.14,50.393,59.966,0.54,8.02,39.7,0.03,9.943387
2013-02-06,2013,2,6,26.39,28.34,25.12,74.86,54.151,61.531,0.58,7.94,37.1,0.0,9.9386835
2013-02-08,2013,2,8,26.84,29.86,25.07,78.15,54.744,62.035,0.58,8.06,32.5,0.16,10.46899
2013-02-09,2013,2,9,26.74,29.56,25.1,75.93,55.106,64.128,0.59,8.93,33.2,0.08,10.788247
2013-02-10,2013,2,10,26.91,30.14,25.08,73.37,54.482,65.532,0.58,8.61,38.4,0.0,10.337114
2013-02-12,2013,2,12,27.57,31.09,25.66,68.58,64.846,67.164,0.68,8.38,42.4,0.0,11.773743
2013-02-13,2013,2,13,27.05,30.76,24.35,70.89,63.922,67.008,0.67,6.31,42.4,0.0,11.327512
2013-02-14,2013,2,14,27.3,32.03,24.32,71.79,62.726,6.552,0.66,5.34,43.4,0.0,11.387227
2013-02-15,2013,2,15,27.35,32.01,24.38,74.76,60.454,64.006,0.63,5.82,40.1,0.0,11.775963
2013-02-17,2013,2,17,26.98,29.74,25.29,73.35,53.518,63.962,0.56,9.19,32.2,0.0,11.569978
2013-02-18,2013,2,18,27.2,29.95,25.44,71.17,61.963,6.631,0.64,9.9,41.0,0.0,11.483867
2013-02-19,2013,2,19,27.75,31.25,25.34,71.91,63.612,65.722,0.66,8.99,43.6,0.0,12.060659
2013-02-20,2013,2,20,27.78,31.34,25.74,71.63,63.161,65.722,0.65,8.66,42.1,0.0,12.357274
2013-02-21,2013,2,21,27.7,30.95,25.37,72.41,63.739,65.851,0.65,8.72,41.9,0.0,12.710327
2013-02-22,2013,2,22,27.74,31.28,25.5,72.83,63.142,65.803,0.65,7.59,38.1,0.0,12.695908
2013-02-24,2013,2,24,27.46,30.93,25.27,75.71,63.372,66.545,0.65,7.38,36.9,0.0,13.196425
2013-02-25,2013,2,25,27.77,31.87,25.18,76.01,63.343,66.149,0.64,6.85,37.9,0.0,12.857347
2013-02-26,2013,2,26,27.73,32.14,24.93,76.85,60.077,64.757,0.61,6.66,37.3,0.0,12.8125515
2013-02-27,2013,2,27,27.66,31.44,25.33,76.47,5.731,63.655,0.58,7.66,33.9,0.0,11.824517
2013-02-28,2013,2,28,27.64,31.25,25.76,76.94,5.322,62.014,0.54,7.25,34.4,0.0,12.470371
2013-03-01,2013,3,1,27.14,30.84,25.59,79.54,31.246,61.716,0.31,6.46,37.1,0.0,8.096836
2013-03-02,2013,3,2,27.18,30.82,25.15,79.55,46.891,61.104,0.47,5.62,31.5,0.02,9.984423
2013-03-03,2013,3,3,26.63,28.66,25.37,81.88,36.082,56.126,0.36,7.6,20.4,0.03,9.038539
2013-03-05,2013,3,5,27.39,30.14,25.8,78.86,5.431,64.176,0.54,7.93,37.2,0.03,11.954594
2013-03-06,2013,3,6,27.45,30.75,25.72,77.42,52.694,64.308,0.52,7.1,39.4,0.01,10.666297
2013-03-07,2013,3,7,26.8,28.8,25.73,81.37,50.038,64.152,0.5,7.95,33.4,0.01,11.048272
2013-03-08,2013,3,8,27.22,29.6,25.92,77.5,56.741,64.649,0.56,8.76,36.5,0.0,12.615293
2013-03-09,2013,3,9,27.25,30.0,25.81,76.3,61.198,6.582,0.6,8.92,35.8,0.0,13.094478
2013-03-10,2013,3,10,27.65,30.83,25.82,76.85,55.666,60.886,0.55,8.44,35.4,0.0,12.3630905
2013-03-12,2013,3,12,27.57,30.45,25.93,78.36,52.565,65.362,0.52,9.19,35.8,0.44,11.610699
2013-03-13,2013,3,13,27.29,30.25,25.82,78.43,49.997,65.669,0.49,9.57,36.4,0.2,12.124685
2013-03-14,2013,3,14,26.88,29.07,25.68,77.68,51.146,66.972,0.5,9.24,33.0,0.34,12.85907
2013-03-16,2013,3,16,27.2,30.18,25.45,74.74,56.885,69.499,0.56,9.39,40.1,0.9,12.261378
2013-03-17,2013,3,17,27.73,30.86,25.77,73.63,54.187,67.973,0.53,8.93,40.4,0.01,12.171731
2013-03-18,2013,3,18,27.47,30.26,25.97,76.79,52.027,6.775,0.51,7.64,40.4,0.0,10.359343
2013-03-19,2013,3,19,27.61,30.16,26.04,76.69,50.647,68.455,0.49,6.67,36.6,0.02,10.50923
2013-03-21,2013,3,21,27.07,29.37,25.68,76.88,52.553,69.922,0.51,6.47,19.7,0.4,12.299172
2013-03-22,2013,3,22,27.08,29.45,25.37,79.24,40.255,64.207,0.39,6.61,26.1,0.32,10.635917
2013-03-23,2013,3,23,27.67,30.48,26.05,78.16,46.387,64.572,0.45,6.2,38.5,0.43,11.57936
2013-03-24,2013,3,24,28.09,31.52,25.94,76.56,61.116,67.891,0.59,4.37,40.9,0.02,13.067752
2013-03-25,2013,3,25,28.49,32.74,25.82,76.58,52.481,65.429,0.51,4.64,40.5,0.49,12.896954
2013-03-26,2013,3,26,27.63,30.29,26.19,77.8,60.389,67.481,0.58,6.81,36.2,0.01,13.289464
2013-03-28,2013,3,28,27.49,30.4,25.87,73.04,6.137,69.655,0.59,8.86,34.3,0.0,13.545947
2013-03-29,2013,3,29,27.68,30.87,26.04,76.38,57.218,67.783,0.55,8.82,37.0,0.06,12.986783
2013-03-30,2013,3,30,28.39,32.12,26.17,75.35,61.819,69.377,0.59,8.31,41.4,0.13,13.467909
2013-03-31,2013,3,31,27.93,29.89,26.66,76.96,59.866,6.899,0.57,6.95,44.7,0.09,12.508073
2013-04-01,2013,4,1,28.35,32.03,25.99,74.79,69.454,71.143,0.66,6.72,37.2,0.03,14.337249
2013-04-02,2013,4,2,28.64,33.2,26.19,73.21,5.455,6.773,0.52,6.43,30.4,0.52,12.92673
2013-04-04,2013,4,4,28.41,32.27,26.21,76.25,62.448,70.015,0.6,6.26,38.4,0.01,13.19208
2013-04-05,2013,4,5,27.96,31.07,26.28,76.41,60.847,67.603,0.58,5.66,41.6,0.21,11.198416
2013-04-06,2013,4,6,28.5,32.52,25.96,75.13,56.582,66.828,0.54,6.08,32.7,0.09,13.797811
2013-04-07,2013,4,7,27.93,31.21,25.94,77.63,56.902,6.666,0.54,8.27,33.1,0.23,12.971354
2013-04-08,2013,4,8,28.38,31.9,26.54,75.59,59.374,67.865,0.57,7.99,33.8,0.0,14.26197
2013-04-09,2013,4,9,28.56,31.91,26.46,72.65,56.105,65.546,0.53,7.95,38.4,0.0,12.879262
2013-04-10,2013,4,10,28.59,32.56,26.17,71.47,59.354,67.603,0.57,7.69,41.8,0.0,13.439646
2013-04-11,2013,4,11,28.31,32.42,25.66,74.0,60.139,67.874,0.57,6.31,37.7,0.0,12.484538
2013-04-13,2013,4,13,28.43,31.81,26.33,74.3,62.026,68.263,0.59,7.47,37.8,0.0,13.465473
2013-04-14,2013,4,14,28.43,31.76,26.23,76.86,50.986,64.111,0.48,6.56,38.3,0.0,11.927956
2013-04-15,2013,4,15,28.04,31.53,26.17,79.65,47.314,67.718,0.45,6.47,41.7,0.04,10.68995
2013-04-17,2013,4,17,27.92,31.07,26.27,77.26,50.323,68.458,0.48,7.93,39.7,0.14,11.011181
2013-04-18,2013,4,18,28.12,31.06,26.13,77.48,47.393,68.988,0.45,7.57,39.8,0.68,11.144263
2013-04-19,2013,4,19,27.62,29.89,26.05,80.3,38.753,70.181,0.37,5.71,52.5,1.28,5.8320894
2013-04-20,2013,4,20,27.7,30.32,26.07,78.51,49.207,73.366,0.47,5.47,45.8,0.28,9.515949
2013-04-21,2013,4,21,27.97,31.11,25.74,76.38,54.298,70.776,0.52,6.24,34.1,1.08,3.397111
2013-04-22,2013,4,22,27.7,30.9,25.73,73.72,65.174,72.701,0.62,6.44,29.9,0.27,12.946364
2013-04-23,2013,4,23,27.94,31.66,25.62,75.23,6.133,71.758,0.58,6.14,32.2,0.22,12.511849
2013-04-24,2013,4,24,28.04,31.62,26.0,76.9,63.149,71.803,0.6,7.05,32.6,0.17,12.762421
2013-04-25,2013,4,25,28.16,30.98,26.34,75.08,64.505,72.672,0.61,8.62,33.2,0.17,12.98766
2013-04-26,2013,4,26,28.14,31.24,26.41,73.88,55.536,72.065,0.53,9.07,36.0,0.15,11.185266
2013-04-27,2013,4,27,27.74,30.87,26.0,73.24,5.309,73.193,0.5,8.86,33.9,0.04,10.643863
2013-04-29,2013,4,29,27.95,31.4,25.89,76.86,64.728,70.934,0.62,6.84,37.2,0.17,12.481007
2013-04-30,2013,4,30,27.88,30.16,26.27,79.77,60.298,70.927,0.57,6.57,39.3,0.4,12.085881
2013-05-01,2013,5,1,27.97,31.01,26.12,80.64,53.719,68.916,0.51,4.65,43.5,3.53,12.484308
2013-05-02,2013,5,2,27.48,30.21,25.96,83.88,24.773,68.472,0.24,3.79,15.7,16.54,5.637826
2013-05-03,2013,5,3,27.56,30.47,25.66,81.69,54.067,7.103,0.52,2.62,339.6,4.15,10.796944
2013-05-04,2013,5,4,27.75,31.24,25.35,78.64,63.797,72.365,0.61,2.99,350.0,1.2,12.523203
2013-05-05,2013,5,5,27.38,30.05,25.59,77.76,51.166,68.417,0.49,2.71,330.5,0.95,7.963937
2013-05-06,2013,5,6,27.22,29.96,25.28,78.16,44.885,70.068,0.43,3.59,354.1,0.73,9.665163
2013-05-07,2013,5,7,27.54,30.33,25.64,79.75,59.203,69.163,0.57,4.72,20.4,3.17,12.486412
2013-05-08,2013,5,8,28.17,30.89,26.59,81.55,64.699,70.498,0.62,6.1,38.2,4.71,13.431446
2013-05-09,2013,5,9,28.07,30.2,26.72,83.49,3.678,69.766,0.35,6.11,46.4,6.34,7.236182
2013-05-10,2013,5,10,28.61,32.03,26.47,79.21,37.075,6.84,0.35,5.03,44.0,4.33,12.021077
2013-05-11,2013,5,11,28.62,31.76,26.59,77.2,6.258,7.123,0.6,6.0,42.0,0.42,11.90927
2013-05-12,2013,5,12,28.64,31.87,26.67,75.08,67.853,72.367,0.65,7.16,39.7,0.02,12.331954
2013-05-13,2013,5,13,28.87,32.03,26.65,73.6,69.166,72.233,0.66,7.59,39.7,0.0,12.466743
2013-05-15,2013,5,15,28.44,31.26,26.74,76.22,59.647,70.051,0.57,8.38,38.8,0.05,12.690154
2013-05-16,2013,5,16,28.65,32.42,26.76,76.71,54.934,69.552,0.53,5.81,42.0,0.72,11.42606
2013-05-17,2013,5,17,27.98,30.11,26.43,81.86,44.338,67.001,0.43,4.54,42.7,0.68,11.085948
2013-05-19,2013,5,19,28.02,30.75,26.7,82.45,52.622,68.798,0.51,5.6,44.1,1.67,11.034648
2013-05-20,2013,5,20,27.88,30.2,26.43,83.99,34.498,6.737,0.33,4.55,43.7,3.12,8.194584
2013-05-22,2013,5,22,26.9,28.15,25.99,87.89,19.915,70.358,0.19,2.67,23.4,11.47,4.7239885
2013-05-23,2013,5,23,27.68,30.66,26.14,84.39,44.609,69.574,0.43,4.05,49.7,5.16,9.799575
2013-05-24,2013,5,24,27.79,30.08,26.43,83.88,44.558,68.374,0.43,4.24,52.9,3.93,9.637444
2013-05-25,2013,5,25,28.34,31.24,26.5,80.96,65.064,70.534,0.63,5.97,42.6,2.33,12.14061
2013-05-26,2013,5,26,28.83,31.85,26.77,80.45,67.882,71.561,0.66,5.72,44.1,3.28,12.528854
2013-05-27,2013,5,27,28.76,31.48,27.06,81.23,55.291,70.121,0.53,4.96,51.4,2.62,10.7260475
2013-05-28,2013,5,28,28.53,31.37,26.84,82.93,53.887,70.471,0.52,4.54,52.2,12.63,10.732272
2013-05-29,2013,5,29,28.52,31.22,26.7,81.17,38.057,69.626,0.37,3.49,56.7,9.45,9.035403
2013-05-31,2013,5,31,27.6,30.11,26.05,85.13,30.362,70.651,0.29,2.25,322.8,13.03,6.820084
2013-06-01,2013,6,1,27.32,28.88,25.89,86.7,46.558,68.182,0.45,2.97,36.4,10.24,10.852739
2013-06-02,2013,6,2,28.07,31.23,25.92,82.12,61.855,69.547,0.6,3.43,70.1,2.81,11.761791
2013-06-03,2013,6,3,28.57,30.9,26.99,84.1,65.405,71.018,0.63,3.92,54.9,1.59,11.80444
2013-06-04,2013,6,4,29.24,32.18,27.3,80.58,6.145,7.134,0.6,4.06,49.9,1.82,10.722499
2013-06-05,2013,6,5,29.06,32.69,27.3,80.69,57.319,71.138,0.56,2.86,47.0,9.37,10.215254
2013-06-06,2013,6,6,29.03,31.75,27.62,79.15,56.839,68.635,0.55,2.25,42.5,6.06,6.676448
2013-06-07,2013,6,7,29.35,32.33,27.41,78.54,59.801,68.366,0.58,4.48,56.5,1.7,10.675935
2013-06-08,2013,6,8,28.77,31.23,27.26,81.4,53.129,6.66,0.52,5.56,49.2,1.81,9.830001
2013-06-09,2013,6,9,28.84,31.71,27.2,82.12,59.669,68.969,0.58,4.94,47.2,2.75,9.894917
2013-06-10,2013,6,10,28.47,30.74,27.26,82.44,55.471,68.698,0.54,5.03,50.6,2.3,11.124689
2013-06-11,2013,6,11,28.06,30.05,26.82,86.24,29.875,67.711,0.29,4.41,55.8,11.14,2.1070561
2013-06-12,2013,6,12,27.76,29.97,26.29,87.46,52.822,6.977,0.51,4.06,41.5,7.5,10.312023
2013-06-13,2013,6,13,27.82,29.72,26.73,85.84,56.666,69.139,0.55,4.79,45.7,1.15,11.075789
2013-06-14,2013,6,14,28.34,31.78,26.49,83.26,50.249,6.971,0.49,5.28,44.4,4.58,10.564945
2013-06-16,2013,6,16,28.53,31.78,26.56,83.12,56.513,69.614,0.55,5.22,46.2,1.9,11.087972
2013-06-17,2013,6,17,28.43,30.88,26.82,81.64,61.128,69.967,0.6,6.43,48.8,0.11,11.19184
2013-06-18,2013,6,18,28.96,32.31,26.54,78.67,66.646,71.618,0.65,6.14,47.6,0.88,11.880298
2013-06-20,2013,6,20,27.79,30.29,26.17,83.58,48.564,69.965,0.47,4.2,54.4,1.68,8.223108
2013-06-21,2013,6,21,27.67,29.36,26.58,85.87,61.392,68.988,0.6,4.92,56.8,1.54,10.87499
2013-06-22,2013,6,22,27.85,29.71,26.65,82.0,59.472,69.451,0.58,7.09,47.8,0.33,7.320848
2013-06-23,2013,6,23,28.14,30.92,26.24,79.26,57.223,69.281,0.56,6.47,43.7,0.12,9.791096
2013-06-24,2013,6,24,28.07,30.54,26.45,82.26,44.066,68.815,0.43,5.26,46.2,0.17,9.984623
2013-06-25,2013,6,25,27.71,29.76,26.44,84.89,42.214,69.396,0.41,4.29,53.6,0.74,9.258076
2013-06-26,2013,6,26,28.04,31.08,26.36,83.22,60.521,70.579,0.59,5.56,40.4,0.55,10.119293
2013-06-27,2013,6,27,28.02,31.07,26.35,84.3,47.484,69.122,0.46,5.5,44.1,2.6,8.139092
2013-06-28,2013,6,28,27.89,31.58,26.29,81.22,44.791,69.074,0.44,3.11,58.4,4.0,8.468589
2013-06-29,2013,6,29,27.26,29.11,25.82,85.64,49.361,67.392,0.48,3.13,20.0,3.13,10.018205
2013-06-30,2013,6,30,27.6,29.89,26.24,84.13,55.368,67.349,0.54,4.56,45.5,1.53,10.266792
2013-07-02,2013,7,2,28.6,31.58,27.06,81.43,66.199,70.118,0.65,4.69,49.6,1.89,11.616948
2013-07-03,2013,7,3,29.04,32.95,26.75,75.77,66.158,71.698,0.64,6.35,46.0,0.04,11.030383
2013-07-04,2013,7,4,29.05,32.68,26.82,75.68,65.779,71.225,0.64,6.61,44.1,0.95,10.694268
2013-07-05,2013,7,5,28.85,32.14,26.8,76.49,57.751,69.523,0.56,6.34,46.5,3.19,9.8220215
2013-07-06,2013,7,6,28.39,31.6,26.59,77.38,6.834,71.227,0.67,6.26,45.4,1.05,11.401676
2013-07-07,2013,7,7,28.31,31.46,26.41,80.78,61.363,70.428,0.6,6.07,46.4,2.28,11.057143
2013-07-08,2013,7,8,28.36,31.49,26.74,83.32,5.155,68.542,0.5,4.87,48.0,6.34,6.279587
2013-07-09,2013,7,9,28.35,30.86,26.61,83.2,64.445,70.721,0.63,5.84,45.5,1.99,11.10084
2013-07-10,2013,7,10,28.29,31.9,26.52,81.25,61.195,69.538,0.6,5.18,48.6,1.14,11.232221
2013-07-11,2013,7,11,28.0,30.55,26.33,81.9,45.638,67.843,0.44,3.24,76.5,0.74,9.634413
2013-07-12,2013,7,12,28.3,30.87,26.42,81.83,65.976,7.031,0.64,4.18,46.2,0.43,10.627294
2013-07-13,2013,7,13,28.2,31.07,26.33,81.44,62.902,69.823,0.61,5.12,45.1,0.46,11.056905
2013-07-14,2013,7,14,28.26,31.22,26.22,79.58,66.034,69.427,0.64,5.99,42.6,0.09,10.799787
2013-07-15,2013,7,15,28.56,31.25,26.77,80.84,59.422,68.083,0.58,5.6,43.0,0.25,10.760862
2013-07-16,2013,7,16,28.7,30.89,27.41,82.13,54.446,69.713,0.53,4.75,53.6,0.45,10.039161
2013-07-18,2013,7,18,28.44,31.76,26.79,80.84,58.889,70.548,0.57,5.55,48.6,0.27,10.1886015
2013-07-19,2013,7,19,28.04,30.19,26.61,84.48,51.922,71.551,0.5,4.3,55.4,1.1,10.014611
2013-07-20,2013,7,20,28.15,30.68,26.54,80.83,4.735,6.883,0.46,6.59,52.2,0.72,9.497262
2013-07-22,2013,7,22,28.05,30.51,26.3,81.66,53.928,70.853,0.52,5.58,51.5,0.6,9.496294
2013-07-23,2013,7,23,28.32,31.04,26.44,81.58,61.308,71.234,0.59,5.66,46.9,0.41,10.283902
2013-07-24,2013,7,24,28.13,29.97,26.59,82.99,66.804,70.238,0.65,5.88,51.2,0.44,8.380415
2013-07-25,2013,7,25,28.8,32.39,26.83,79.8,65.479,7.115,0.63,5.38,48.7,0.58,11.18498
2013-07-26,2013,7,26,28.28,31.8,26.5,83.03,58.116,68.983,0.56,4.91,45.5,3.76,11.711946
2013-07-27,2013,7,27,27.95,30.33,26.62,83.75,46.963,69.475,0.45,4.82,45.6,1.87,10.995903
2013-07-28,2013,7,28,28.38,31.7,26.59,81.12,65.206,71.362,0.63,4.4,51.5,1.05,11.403564
2013-07-29,2013,7,29,28.84,32.51,26.64,79.1,63.516,71.882,0.61,4.88,40.4,0.95,11.6518
2013-07-30,2013,7,30,28.48,31.04,27.13,81.46,57.979,69.794,0.56,4.15,44.0,2.14,9.482289
2013-07-31,2013,7,31,28.6,31.32,27.01,80.51,53.789,70.224,0.52,5.34,42.9,1.24,9.641745
2013-08-01,2013,8,1,28.27,30.5,27.01,81.51,43.512,6.985,0.42,5.06,46.3,2.72,8.8009405
2013-08-03,2013,8,3,28.46,30.82,26.7,82.7,60.665,6.889,0.59,5.93,53.2,1.51,11.441573
2013-08-04,2013,8,4,28.59,31.54,26.75,82.03,62.035,69.271,0.6,6.15,50.4,1.43,11.088571
2013-08-05,2013,8,5,28.3,30.46,26.5,83.15,60.818,68.194,0.59,5.84,43.1,0.57,11.665754
2013-08-06,2013,8,6,28.42,31.68,26.54,79.6,63.216,69.072,0.61,6.45,38.3,0.06,11.404763
2013-08-07,2013,8,7,28.64,32.15,26.85,77.93,51.247,66.641,0.49,6.04,35.8,0.92,10.27877
2013-08-08,2013,8,8,27.9,30.29,26.76,82.77,45.876,6.822,0.44,5.46,37.2,7.03,9.323576
2013-08-09,2013,8,9,27.41,29.05,26.56,86.27,40.687,69.883,0.39,3.98,21.2,13.12,7.9683046
2013-08-10,2013,8,10,28.2,30.78,26.54,81.89,55.452,7.195,0.53,4.44,43.3,9.01,9.599045
2013-08-11,2013,8,11,28.01,31.05,26.53,82.32,45.768,68.856,0.44,4.08,47.6,28.38,10.971493
2013-08-12,2013,8,12,27.12,29.0,25.64,82.05,38.822,69.358,0.37,2.68,20.2,5.32,9.94875
2013-08-13,2013,8,13,27.72,30.7,25.56,78.21,49.747,68.904,0.48,2.42,348.3,3.54,8.824942
2013-08-14,2013,8,14,29.29,33.15,26.83,78.61,70.001,7.356,0.67,5.55,44.3,1.15,12.04046
2013-08-15,2013,8,15,29.31,32.89,26.99,79.92,66.048,72.386,0.64,4.72,55.7,1.55,11.47154
2013-08-16,2013,8,16,28.18,30.8,26.77,82.17,4.003,69.744,0.39,5.57,48.0,1.44,9.512724
2013-08-17,2013,8,17,28.21,31.38,26.79,82.14,55.853,69.521,0.54,4.92,45.5,2.14,10.277545
2013-08-19,2013,8,19,28.38,31.38,26.76,81.35,57.041,71.119,0.55,4.93,40.3,1.65,11.322397
2013-08-20,2013,8,20,28.54,31.9,26.72,81.87,5.214,69.737,0.5,4.96,44.3,1.99,10.008087
2013-08-21,2013,8,21,28.73,32.2,26.87,80.38,55.238,71.134,0.53,2.98,35.9,1.54,8.687435
2013-08-23,2013,8,23,29.04,31.83,27.56,79.36,66.247,71.369,0.64,4.44,48.4,2.32,12.026944
2013-08-24,2013,8,24,28.16,30.17,27.2,83.27,4.447,70.025,0.43,5.31,50.4,9.46,8.666598
2013-08-25,2013,8,25,28.23,31.12,26.71,78.42,58.061,70.889,0.56,5.09,47.2,1.65,8.273752
2013-08-26,2013,8,26,28.27,30.88,26.81,83.49,3.99,68.921,0.38,3.55,42.7,10.2,8.514768
2013-08-27,2013,8,27,28.34,31.04,27.01,82.72,41.316,68.594,0.4,2.98,42.0,9.13,11.217522
2013-08-28,2013,8,28,28.26,30.84,26.78,83.17,61.874,7.031,0.6,2.92,40.2,6.14,11.334552
2013-08-29,2013,8,29,28.78,32.15,27.05,80.78,58.318,70.322,0.56,5.3,43.6,3.97,11.066086
2013-08-30,2013,8,30,28.15,31.42,26.39,81.96,44.693,68.304,0.43,2.93,47.9,5.07,10.733559
2013-08-31,2013,8,31,28.17,30.88,26.43,79.48,5.807,70.514,0.56,1.94,3.3,4.7,10.747
2013-09-01,2013,9,1,27.84,30.11,26.09,84.42,43.219,68.323,0.42,3.03,31.7,16.76,9.375005
2013-09-02,2013,9,2,28.04,30.22,26.75,82.58,53.863,70.181,0.52,3.62,39.1,8.26,10.644938
2013-09-04,2013,9,4,27.61,29.41,26.65,83.81,48.211,71.244,0.47,4.28,36.1,9.74,11.251475
2013-09-05,2013,9,5,27.93,30.61,26.3,83.51,51.509,69.739,0.5,2.61,32.4,12.6,10.036474
2013-09-06,2013,9,6,27.07,29.46,25.7,81.01,44.366,70.118,0.43,1.98,6.5,34.35,6.4113855
2013-09-07,2013,9,7,26.57,27.96,25.61,83.49,49.565,70.896,0.48,2.8,225.6,14.1,10.881654
2013-09-08,2013,9,8,27.69,30.34,25.84,77.87,54.149,70.802,0.53,1.95,298.6,3.64,11.460664
2013-09-09,2013,9,9,27.69,29.18,26.56,86.58,50.542,69.634,0.49,3.28,15.7,9.66,10.298954
2013-09-10,2013,9,10,28.7,30.77,27.52,84.54,45.461,70.354,0.44,4.28,42.0,16.67,4.1772223
2013-09-11,2013,9,11,28.39,30.25,27.04,81.16,47.506,70.781,0.46,2.36,57.1,20.77,10.278699
2013-09-12,2013,9,12,27.19,28.37,26.51,85.72,43.714,70.135,0.43,1.6,359.5,11.96,1.704586
2013-09-13,2013,9,13,27.72,29.31,26.68,82.82,51.629,68.758,0.5,2.05,9.2,3.25,10.197969
2013-09-14,2013,9,14,28.39,30.81,26.89,81.81,51.838,69.492,0.51,3.88,43.9,3.22,10.315559
2013-09-15,2013,9,15,28.8,30.89,27.5,84.82,57.943,68.083,0.57,4.18,53.9,3.59,11.782811
2013-09-16,2013,9,16,28.74,31.49,27.05,86.74,47.614,68.441,0.47,3.62,41.5,10.99,9.390079
2013-09-17,2013,9,17,28.64,31.03,27.58,86.21,52.596,69.041,0.51,3.84,51.8,6.03,11.228911
2013-09-18,2013,9,18,28.3,30.02,27.28,84.88,43.745,69.281,0.43,3.06,133.0,14.06,9.393142
2013-09-20,2013,9,20,27.98,31.17,26.06,78.01,61.524,69.574,0.6,2.16,340.2,3.2,12.566256
2013-09-21,2013,9,21,28.47,30.72,27.0,84.83,5.981,69.914,0.59,3.37,44.9,3.1,11.953388
2013-09-22,2013,9,22,28.88,31.4,27.5,85.22,57.288,69.096,0.56,2.91,48.8,3.84,12.278182
2013-09-24,2013,9,24,29.17,30.91,27.82,85.07,4.843,68.182,0.48,3.24,56.2,4.04,9.900504
2013-09-25,2013,9,25,28.95,30.69,27.86,84.25,53.458,67.764,0.53,2.92,55.1,3.1,9.800412
2013-09-26,2013,9,26,28.37,29.85,27.35,85.59,18.977,66.458,0.19,3.09,50.9,6.83,5.0370426
2013-09-27,2013,9,27,27.71,29.52,26.78,85.84,51.614,6.677,0.51,2.36,353.4,6.73,9.916826
2013-09-28,2013,9,28,27.61,29.78,26.22,84.98,17.306,68.417,0.17,2.54,29.1,9.41,4.2209377
2013-09-29,2013,9,29,27.46,29.85,25.73,81.09,60.794,69.002,0.61,2.04,33.3,8.32,11.326713
2013-09-30,2013,9,30,27.39,29.39,25.9,84.76,49.058,68.537,0.49,2.37,5.4,8.78,10.13376
2013-10-01,2013,10,1,27.82,29.22,26.93,86.53,5.196,68.957,0.52,4.6,43.2,4.67,10.357155
2013-10-02,2013,10,2,28.44,31.94,26.31,81.79,63.137,69.732,0.63,4.89,51.1,2.54,11.719395
2013-10-03,2013,10,3,28.61,31.7,27.02,82.92,65.064,6.893,0.65,4.98,43.8,6.25,11.745094
2013-10-04,2013,10,4,27.5,28.62,26.43,86.73,16.889,68.018,0.17,3.47,79.7,6.95,3.1858134
2013-10-06,2013,10,6,28.27,30.23,27.18,84.52,62.441,6.732,0.63,3.2,48.8,3.3,11.894221
2013-10-07,2013,10,7,28.23,29.88,27.24,85.57,46.879,66.024,0.47,3.8,49.9,4.51,9.6065445
2013-10-08,2013,10,8,28.22,30.24,26.96,84.21,54.084,67.174,0.55,4.59,48.7,1.31,11.014501
2013-10-09,2013,10,9,28.26,29.96,27.09,86.35,54.329,67.368,0.55,4.57,44.9,1.86,10.562661
2013-10-10,2013,10,10,28.02,29.33,27.14,86.95,42.581,65.182,0.43,4.6,44.0,3.87,9.940969
2013-10-11,2013,10,11,27.49,28.86,26.72,84.52,31.884,64.836,0.33,3.49,55.9,2.96,7.385368
2013-10-13,2013,10,13,27.8,29.25,27.04,86.96,30.888,66.012,0.32,4.14,36.7,12.66,6.6643386
2013-10-14,2013,10,14,27.62,29.37,26.31,84.85,42.271,65.251,0.43,2.36,45.0,15.83,8.777178
2013-10-15,2013,10,15,27.48,29.81,25.89,83.35,45.199,64.781,0.47,2.14,315.5,7.5,8.022347
2013-10-16,2013,10,16,26.87,28.5,25.72,86.76,21.989,64.512,0.23,2.19,347.9,11.48,1.8449353
2013-10-17,2013,10,17,27.39,29.86,25.86,83.59,56.443,64.826,0.58,2.5,307.5,8.64,11.851865
2013-10-18,2013,10,18,28.23,31.11,26.23,80.77,60.931,66.192,0.63,3.52,40.5,3.92,11.45517
2013-10-19,2013,10,19,28.02,29.95,26.98,84.06,49.589,63.302,0.52,3.5,52.0,3.66,9.843107
2013-10-20,2013,10,20,27.97,29.7,27.08,85.45,59.234,65.323,0.62,4.21,49.6,5.14,10.916525
2013-10-22,2013,10,22,27.94,29.7,26.73,84.51,33.187,63.994,0.35,2.76,48.5,9.16,10.229315
2013-10-23,2013,10,23,27.93,30.03,26.67,84.21,43.982,6.354,0.46,2.26,31.7,3.87,9.806392
2013-10-24,2013,10,24,28.26,30.42,27.01,84.3,54.281,64.118,0.57,3.8,48.1,1.63,10.781244
2013-10-26,2013,10,26,27.95,29.46,27.08,85.5,4.614,63.494,0.49,3.49,67.3,7.92,8.626653
2013-10-27,2013,10,27,28.45,30.85,27.16,84.17,44.623,64.073,0.47,3.04,37.4,9.07,8.980589
2013-10-28,2013,10,28,28.63,31.13,27.32,82.76,53.083,63.979,0.57,4.4,48.0,12.53,6.5870123
2013-10-29,2013,10,29,28.45,31.28,26.64,78.89,6.234,67.032,0.67,6.66,46.4,0.41,11.533513
2013-10-30,2013,10,30,28.31,30.73,26.9,83.87,58.886,64.555,0.63,5.6,48.0,2.88,10.021397
2013-10-31,2013,10,31,28.04,30.25,26.71,81.31,52.246,64.848,0.56,5.78,49.0,6.62,9.394752
2013-11-01,2013,11,1,27.45,29.88,26.12,80.19,48.173,64.572,0.52,3.79,36.4,3.91,10.381547
2013-11-02,2013,11,2,27.26,29.31,25.84,78.59,5.179,64.594,0.56,2.75,264.4,10.27,6.3830094
2013-11-03,2013,11,3,27.17,29.79,25.59,81.42,50.808,63.516,0.55,2.79,267.2,6.65,9.753217
2013-11-04,2013,11,4,27.07,28.93,25.7,81.41,48.866,62.686,0.53,2.29,307.6,3.15,9.4978895
2013-11-05,2013,11,5,27.53,30.09,25.92,79.08,48.655,63.557,0.53,2.01,331.3,0.96,8.917339
2013-11-07,2013,11,7,26.51,27.56,25.54,87.64,37.277,62.042,0.41,2.25,354.2,4.46,7.292653
2013-11-08,2013,11,8,26.98,29.71,25.34,81.8,51.528,62.035,0.57,1.87,319.5,2.08,8.977161
2013-11-09,2013,11,9,27.26,29.0,25.71,86.71,50.225,61.054,0.55,4.48,37.5,3.57,7.9100595
2013-11-10,2013,11,10,27.68,28.76,26.82,86.26,53.326,62.407,0.59,6.28,53.2,1.67,9.575618
2013-11-11,2013,11,11,28.47,31.27,26.79,80.33,58.248,63.041,0.64,6.75,53.2,0.34,10.106532
2013-11-12,2013,11,12,28.64,31.72,26.95,81.68,58.687,62.201,0.65,6.46,47.9,0.16,10.06599
2013-11-13,2013,11,13,28.04,30.02,26.38,85.17,51.434,59.398,0.57,4.63,53.4,0.64,4.8092356
2013-11-14,2013,11,14,27.74,29.12,26.86,87.72,5.141,6.095,0.57,4.8,54.0,0.28,9.763538
2013-11-15,2013,11,15,28.19,30.96,26.48,82.67,51.919,60.278,0.58,5.98,50.8,0.02,9.552094
2013-11-16,2013,11,16,28.15,30.59,26.87,83.72,59.167,61.066,0.66,7.14,42.7,0.04,10.3924885
2013-11-17,2013,11,17,28.05,30.9,26.66,81.18,59.818,62.047,0.67,6.98,42.8,0.01,10.390566
2013-11-18,2013,11,18,27.5,30.07,26.01,79.41,58.159,62.674,0.65,6.5,34.6,0.0,10.399819
2013-11-19,2013,11,19,27.87,31.16,26.04,81.0,55.116,61.978,0.62,3.77,36.9,0.06,9.725424
2013-11-20,2013,11,20,27.94,31.35,25.96,78.54,53.158,60.578,0.6,4.06,32.6,0.03,9.436563
2013-11-21,2013,11,21,27.95,31.0,26.38,79.95,55.822,60.588,0.63,5.73,38.3,0.08,9.619241
2013-11-23,2013,11,23,27.96,30.56,26.54,80.94,5.611,60.199,0.64,5.98,43.1,0.31,9.75893
2013-11-24,2013,11,24,27.69,30.12,26.22,81.85,46.354,59.021,0.53,4.94,44.8,0.94,7.653204
2013-11-25,2013,11,25,27.61,29.73,26.37,81.93,43.663,58.862,0.5,5.14,46.0,0.22,9.084366
2013-11-27,2013,11,27,27.91,30.84,26.35,81.97,5.16,60.252,0.59,5.85,48.7,1.2,9.681596
2013-11-28,2013,11,28,27.59,29.91,26.43,77.11,5.441,60.941,0.63,8.32,42.3,0.23,9.872491
2013-11-30,2013,11,30,27.46,30.08,25.92,77.03,55.231,62.311,0.64,7.16,44.7,0.04,9.383427
2013-12-01,2013,12,1,27.37,30.09,25.78,77.91,53.496,60.756,0.62,6.49,39.5,0.05,8.505729
2013-12-02,2013,12,2,27.46,30.77,25.74,78.58,5.533,59.851,0.64,5.36,34.5,0.0,9.49348
2013-12-03,2013,12,3,26.98,28.84,25.93,85.06,35.686,5.675,0.41,4.91,24.3,0.04,7.6066766
2013-12-04,2013,12,4,27.37,29.18,26.24,84.34,48.067,57.043,0.56,5.63,35.9,0.05,9.404648
2013-12-05,2013,12,5,27.91,30.32,26.63,81.63,50.916,58.159,0.59,7.35,43.2,0.03,8.684217
2013-12-07,2013,12,7,27.73,30.4,26.14,77.81,55.486,59.506,0.65,8.03,46.6,0.08,9.209602
2013-12-09,2013,12,9,27.63,31.16,25.18,77.58,5.291,58.373,0.62,5.0,45.7,0.58,8.49659
2013-12-10,2013,12,10,27.23,29.56,25.95,85.15,47.333,56.477,0.55,4.25,50.5,0.92,8.685373
2013-12-11,2013,12,11,27.57,30.11,25.85,81.77,53.186,57.646,0.62,7.4,47.6,0.23,9.252387
2013-12-12,2013,12,12,27.58,30.52,25.51,78.54,56.273,5.905,0.66,7.49,42.9,0.01,9.304655
2013-12-13,2013,12,13,27.59,29.96,26.09,78.99,53.081,57.941,0.62,8.15,44.9,0.01,9.532297
2013-12-14,2013,12,14,27.76,30.89,25.74,80.07,4.751,57.977,0.56,6.56,51.7,0.01,8.719418
2013-12-16,2013,12,16,27.62,30.45,25.78,80.32,53.676,59.254,0.63,7.1,47.4,0.05,9.788964
2013-12-17,2013,12,17,27.22,29.71,25.54,79.81,48.989,56.402,0.58,7.47,46.5,0.09,8.366791
2013-12-18,2013,12,18,27.3,30.32,25.48,77.36,46.178,57.245,0.54,6.62,43.5,1.62,7.9927006
2013-12-19,2013,12,19,27.06,29.48,25.33,77.58,56.981,59.846,0.67,7.93,49.2,0.28,9.26426
2013-12-20,2013,12,20,27.32,30.8,24.92,73.74,58.162,6.137,0.68,8.0,49.3,0.02,9.600571
2013-12-21,2013,12,21,27.26,31.34,24.55,71.5,60.038,6.185,0.71,8.02,51.7,0.02,9.534658
2013-12-23,2013,12,23,26.99,30.9,24.3,76.05,59.126,60.338,0.7,6.99,46.9,0.0,9.517602
2013-12-25,2013,12,25,26.54,29.69,24.71,76.42,55.469,60.194,0.65,5.71,32.7,0.0,9.122235
2013-12-26,2013,12,26,27.21,31.28,24.82,76.35,53.078,58.166,0.62,5.45,35.5,0.0,8.627338
2013-12-27,2013,12,27,27.58,31.09,25.08,80.01,56.839,57.982,0.67,6.0,40.7,0.0,9.406129
2013-12-29,2013,12,29,28.34,32.52,25.95,72.01,5.855,59.287,0.69,7.69,45.7,0.0,9.735646
2013-12-30,2013,12,30,27.81,31.21,25.63,76.02,58.723,59.107,0.69,8.28,43.4,0.0,9.847926
2014-01-01,2014,1,1,27.65,31.14,25.75,74.75,58.138,61.495,0.68,8.41,48.4,0.0,9.968332
2014-01-02,2014,1,2,27.32,30.79,24.91,77.0,5.603,59.712,0.65,6.14,44.7,0.0,9.15672
2014-01-03,2014,1,3,27.32,31.01,24.65,78.75,55.886,58.303,0.65,6.43,45.6,0.0,9.80637
2014-01-04,2014,1,4,27.59,30.95,25.4,76.23,54.046,57.758,0.63,7.75,45.4,0.0,9.128954
2014-01-05,2014,1,5,27.49,30.96,25.16,76.52,54.686,5.772,0.64,6.79,41.4,0.0,9.483597
2014-01-06,2014,1,6,26.99,30.0,25.13,81.12,49.944,57.686,0.58,6.11,40.0,0.0,9.224993
2014-01-08,2014,1,8,27.55,31.15,25.66,75.84,52.318,59.261,0.6,7.91,45.4,0.0,9.190975
2014-01-10,2014,1,10,27.17,31.48,24.28,71.12,61.474,63.293,0.71,8.17,49.2,0.0,10.263708
2014-01-11,2014,1,11,27.0,31.47,23.94,72.72,62.938,63.151,0.72,7.36,49.5,0.0,10.438265
2014-01-12,2014,1,12,26.68,30.32,24.05,74.92,62.189,62.678,0.71,8.18,45.6,0.0,10.330472
2014-01-13,2014,1,13,26.84,30.7,23.92,73.1,61.219,61.896,0.7,7.77,46.3,0.0,10.375866
2014-01-14,2014,1,14,27.15,31.55,24.23,76.11,60.091,60.382,0.69,6.26,43.8,0.0,10.38717
2014-01-15,2014,1,15,26.95,30.77,24.51,78.23,58.524,59.921,0.67,6.15,39.4,0.0,10.039773
2014-01-17,2014,1,17,26.95,30.53,24.68,74.45,58.992,60.082,0.67,7.7,39.0,0.0,10.305295
2014-01-18,2014,1,18,27.21,30.86,24.76,78.28,58.195,5.965,0.66,6.89,35.5,0.0,10.022792
2014-01-19,2014,1,19,27.21,30.31,25.51,80.52,51.703,57.149,0.58,7.01,36.9,0.0,9.948669
2014-01-20,2014,1,20,27.44,30.57,25.64,77.73,50.165,5.765,0.56,7.36,40.3,0.0,9.470389
2014-01-21,2014,1,21,27.42,30.99,25.08,73.45,55.409,5.959,0.62,6.96,40.9,0.0,10.41211
2014-01-22,2014,1,22,27.0,30.4,25.19,74.07,58.114,60.761,0.65,7.75,34.3,0.0,10.3301735
2014-01-23,2014,1,23,26.86,30.1,25.1,73.9,58.625,61.224,0.65,8.74,38.4,0.0,10.53661
2014-01-24,2014,1,24,27.16,30.33,24.99,75.77,5.767,60.665,0.64,8.49,39.9,0.0,10.268132
2014-01-26,2014,1,26,27.05,30.42,25.04,72.15,60.406,63.144,0.67,7.07,39.1,0.0,10.724394
2014-01-27,2014,1,27,27.26,31.14,24.48,74.49,58.373,61.747,0.64,6.89,40.7,0.0,9.974283
2014-01-28,2014,1,28,27.45,30.93,25.29,74.13,55.807,60.626,0.61,7.78,42.2,0.0,10.080618
2014-01-30,2014,1,30,27.38,30.23,25.24,69.15,57.986,62.261,0.63,8.11,41.2,0.0,10.18508
2014-01-31,2014,1,31,27.18,30.65,24.54,68.14,62.681,63.874,0.68,8.07,46.2,0.0,10.803413
2014-02-01,2014,2,1,26.76,30.1,24.63,70.94,60.578,62.534,0.66,8.29,42.8,0.0,8.309126
2014-02-02,2014,2,2,27.01,31.22,24.09,72.74,60.134,62.014,0.65,6.74,36.2,0.0,10.922206
2014-02-03,2014,2,3,26.95,30.83,24.42,77.44,58.157,62.074,0.63,7.15,36.0,0.0,10.144078
2014-02-04,2014,2,4,27.08,30.84,24.77,73.46,58.795,63.835,0.63,7.9,38.3,0.0,10.697097
2014-02-05,2014,2,5,27.06,30.46,24.86,72.02,5.777,65.263,0.62,7.82,41.7,0.0,10.223828
2014-02-06,2014,2,6,26.83,30.1,25.17,72.97,56.256,64.138,0.6,7.84,40.2,0.0,10.360118
2014-02-07,2014,2,7,27.11,31.04,24.96,74.54,59.196,63.065,0.63,7.94,37.2,0.0,10.908449
2014-02-08,2014,2,8,27.47,31.3,25.01,74.83,60.931,63.386,0.65,8.32,42.5,0.0,11.530003
2014-02-09,2014,2,9,27.4,31.57,24.96,75.38,60.859,63.379,0.65,7.73,38.9,0.0,11.172711
2014-02-11,2014,2,11,27.45,31.04,25.11,75.84,60.391,63.156,0.64,7.39,38.0,0.0,11.64446
2014-02-12,2014,2,12,27.43,31.18,25.03,75.83,58.385,63.134,0.62,7.07,38.5,0.0,11.141449
2014-02-13,2014,2,13,27.53,31.66,25.57,75.98,55.219,62.376,0.58,5.38,41.9,0.0,11.215353
2014-02-14,2014,2,14,26.99,30.34,25.21,80.63,5.333,6.09,0.56,6.87,33.5,0.0,10.459723
2014-02-15,2014,2,15,27.28,31.21,25.27,75.65,55.601,62.309,0.58,8.1,35.2,0.0,11.673163
2014-02-16,2014,2,16,27.0,30.41,25.0,74.89,62.914,65.021,0.66,9.16,37.5,0.0,11.888297
2014-02-17,2014,2,17,27.12,30.38,25.26,70.62,66.456,67.277,0.69,9.58,38.7,0.0,11.107598
2014-02-18,2014,2,18,26.83,30.2,24.95,70.34,66.857,69.403,0.69,9.93,40.6,0.0,12.335775
2014-02-19,2014,2,19,26.96,30.74,24.53,71.02,63.295,66.163,0.65,8.3,39.0,0.0,11.735611
2014-02-20,2014,2,20,27.29,30.98,25.22,72.23,6.185,6.511,0.64,8.0,38.9,0.0,11.834221
2014-02-21,2014,2,21,27.2,30.99,24.62,72.2,63.751,66.768,0.65,7.57,39.1,0.0,11.976231
2014-02-22,2014,2,22,27.02,30.51,24.42,72.88,65.191,67.015,0.67,7.88,40.9,0.0,12.279031
2014-02-23,2014,2,23,27.12,30.95,24.97,72.56,64.183,66.708,0.66,8.64,37.1,0.0,12.000691
2014-02-24,2014,2,24,26.87,30.51,24.67,73.19,60.737,65.254,0.62,7.91,36.6,0.0,11.677447
2014-02-25,2014,2,25,26.87,30.65,24.8,74.98,58.334,64.159,0.59,8.34,33.7,0.0,11.505081
2014-02-27,2014,2,27,26.8,30.38,24.68,78.32,56.623,64.063,0.57,7.05,28.0,0.0,11.453495
2014-02-28,2014,2,28,27.01,30.8,24.96,77.65,45.406,63.053,0.46,6.58,27.6,0.06,10.660497
2014-03-01,2014,3,1,26.65,29.63,24.99,74.8,49.488,65.354,0.5,8.57,28.6,0.01,10.141381
2014-03-03,2014,3,3,27.1,31.2,24.59,72.95,66.881,70.613,0.67,6.93,38.4,0.0,12.046519
2014-03-04,2014,3,4,27.18,31.48,24.19,73.06,61.512,6.625,0.61,6.73,40.5,0.0,11.605169
2014-03-05,2014,3,5,27.28,31.32,24.6,73.58,59.618,65.496,0.59,6.69,39.5,0.0,8.8466625
2014-03-06,2014,3,6,27.29,31.48,24.87,76.04,53.369,61.908,0.53,5.38,39.1,0.0,10.989618
2014-03-07,2014,3,7,27.2,30.76,25.09,77.83,46.445,59.503,0.46,5.29,36.9,0.02,11.048349
2014-03-08,2014,3,8,26.94,30.21,25.19,77.22,40.927,59.429,0.41,6.66,35.4,0.26,10.585418
2014-03-09,2014,3,9,26.37,28.83,24.93,73.67,56.254,67.644,0.56,7.44,31.9,0.02,11.610543
2014-03-10,2014,3,10,26.78,29.77,24.86,70.63,61.735,7.169,0.61,7.4,41.5,0.0,11.362564
2014-03-11,2014,3,11,27.21,31.05,25.05,69.64,51.228,69.914,0.5,6.88,39.5,0.0,10.399212
2014-03-12,2014,3,12,27.39,31.82,24.74,73.21,6.199,67.982,0.61,6.48,35.7,0.0,11.711143
2014-03-13,2014,3,13,27.12,30.85,25.27,75.45,60.554,66.019,0.59,7.28,30.1,0.0,11.607376
2014-03-15,2014,3,15,27.5,31.09,25.47,71.61,63.744,69.641,0.62,8.18,38.3,0.0,12.426731
2014-03-16,2014,3,16,27.38,30.69,24.82,71.03,68.102,70.956,0.66,7.78,40.5,0.0,12.336062
2014-03-17,2014,3,17,27.99,32.75,25.26,73.34,68.052,69.552,0.66,5.64,38.0,0.0,13.028299
2014-03-18,2014,3,18,28.2,32.25,25.78,75.8,6.438,66.533,0.63,7.36,35.5,0.0,12.521124
2014-03-19,2014,3,19,27.75,31.49,25.45,77.56,62.755,67.027,0.61,7.77,35.8,0.0,12.585143
2014-03-20,2014,3,20,28.12,31.87,26.09,73.66,65.623,68.494,0.64,9.06,37.5,0.0,12.8288145
2014-03-22,2014,3,22,27.93,31.75,25.89,76.03,59.609,65.484,0.58,7.69,37.1,0.28,12.87003
2014-03-23,2014,3,23,27.67,31.38,25.95,77.57,60.046,66.178,0.58,7.29,33.7,0.02,12.654072
2014-03-24,2014,3,24,27.49,30.84,25.73,77.16,57.218,65.124,0.55,7.86,37.0,0.0,12.258729
2014-03-25,2014,3,25,27.71,31.37,25.48,74.5,5.135,65.266,0.49,5.82,44.0,0.0,11.601184
2014-03-26,2014,3,26,27.62,31.13,25.72,72.95,53.664,67.128,0.52,7.81,36.8,0.0,11.614413
2014-03-27,2014,3,27,27.85,31.19,26.06,69.55,62.839,71.381,0.6,10.1,43.4,0.0,12.695306
2014-03-28,2014,3,28,28.05,31.71,25.78,69.84,70.284,71.642,0.67,8.89,43.1,0.0,14.131316
2014-03-29,2014,3,29,27.81,31.79,25.31,71.8,71.095,72.276,0.68,7.76,37.5,0.0,13.781582
2014-03-31,2014,3,31,27.37,30.96,25.34,75.69,61.368,69.965,0.59,8.39,33.3,0.0,12.803365
2014-04-01,2014,4,1,27.52,31.17,25.65,73.56,68.791,70.219,0.66,8.14,34.6,0.0,13.724738
2014-04-02,2014,4,2,27.55,30.89,25.32,77.38,65.078,66.566,0.62,7.68,33.9,0.0,13.627145
2014-04-04,2014,4,4,27.77,30.99,25.68,76.11,58.918,69.209,0.56,7.14,37.1,0.0,12.739043
2014-04-05,2014,4,5,27.82,31.53,25.18,75.57,68.263,72.511,0.65,7.42,36.1,0.0,12.857765
2014-04-07,2014,4,7,28.67,32.82,25.95,75.87,63.926,69.374,0.61,5.79,37.7,0.02,13.054878
2014-04-08,2014,4,8,28.42,32.71,25.9,77.52,55.913,67.483,0.53,4.81,33.8,0.06,13.210283
2014-04-09,2014,4,9,28.06,31.66,26.08,78.85,53.294,67.246,0.51,5.67,33.1,0.13,12.050222
2014-04-10,2014,4,10,28.43,32.69,26.18,72.92,61.642,7.043,0.59,8.08,36.8,0.0,12.676487
2014-04-11,2014,4,11,28.55,32.81,26.09,68.2,71.292,72.578,0.68,9.43,43.7,0.0,14.377231
2014-04-12,2014,4,12,28.34,32.12,25.91,67.8,67.867,7.127,0.65,8.01,39.9,0.0,12.983464
2014-04-13,2014,4,13,28.0,32.12,25.73,71.84,63.629,68.959,0.61,6.71,40.2,0.0,12.786726
2014-04-14,2014,4,14,27.5,30.86,25.37,75.11,60.223,67.666,0.57,6.68,33.2,0.0,11.854707
2014-04-16,2014,4,16,27.24,30.51,25.26,77.16,5.551,67.944,0.53,7.17,28.0,0.0,11.722493
2014-04-17,2014,4,17,27.66,30.91,25.72,75.43,64.442,71.515,0.61,8.05,36.8,0.01,12.112005
2014-04-18,2014,4,18,28.09,31.15,25.63,73.85,65.827,7.218,0.63,7.56,37.9,0.0,12.403136
2014-04-19,2014,4,19,28.62,32.73,26.32,74.13,53.906,70.224,0.51,7.22,38.9,0.0,11.349977
2014-04-20,2014,4,20,28.05,30.9,26.56,78.02,5.173,67.294,0.49,6.69,41.5,0.0,11.32661
2014-04-21,2014,4,21,28.07,31.61,26.42,78.98,53.662,70.157,0.51,6.28,37.3,0.0,10.647609
2014-04-22,2014,4,22,27.2,29.47,26.01,82.93,5.155,69.953,0.49,5.17,29.4,0.22,8.32114
2014-04-23,2014,4,23,27.21,29.52,25.95,85.79,47.734,6.81,0.45,6.15,31.0,1.06,9.566034
2014-04-24,2014,4,24,27.91,30.72,26.13,82.41,4.626,67.308,0.44,5.24,39.2,0.66,12.601558
2014-04-25,2014,4,25,28.18,30.97,26.29,80.64,56.954,69.233,0.54,5.64,42.0,0.99,10.381454
2014-04-26,2014,4,26,28.37,31.9,26.06,79.95,4.927,6.971,0.47,5.17,43.4,0.96,10.111477
2014-04-27,2014,4,27,28.58,31.82,26.16,76.56,45.974,6.906,0.44,4.5,44.1,0.46,6.252088
2014-04-28,2014,4,28,28.84,32.74,26.38,76.08,6.492,70.344,0.62,5.67,38.4,0.22,12.272596
2014-04-29,2014,4,29,28.33,30.68,26.91,78.37,60.355,69.641,0.57,4.12,54.9,0.14,11.447901
2014-04-30,2014,4,30,28.41,31.57,26.33,78.87,40.754,68.278,0.39,5.68,39.2,0.04,9.525381
2014-05-02,2014,5,2,28.88,32.12,26.46,75.14,58.063,68.378,0.55,4.89,44.6,3.16,12.596378
2014-05-03,2014,5,3,28.75,32.5,26.64,77.84,55.373,68.618,0.53,4.63,43.0,0.7,12.133738
2014-05-04,2014,5,4,28.88,32.73,26.66,74.53,51.677,6.858,0.49,5.62,37.6,1.94,9.181969
2014-05-06,2014,5,6,28.61,32.47,26.47,74.85,62.964,69.708,0.6,6.38,31.0,0.34,11.796568
2014-05-07,2014,5,7,28.76,32.38,26.56,75.91,53.753,67.274,0.51,6.65,31.3,1.07,10.301373
2014-05-08,2014,5,8,28.3,31.32,26.3,76.48,59.729,69.535,0.57,7.21,33.4,0.3,7.6949463
2014-05-09,2014,5,9,28.25,31.69,26.27,74.74,55.104,7.003,0.53,7.06,33.0,1.55,11.367694
2014-05-10,2014,5,10,28.22,31.72,26.08,74.11,63.979,71.486,0.61,6.36,38.0,5.32,11.560806
2014-05-11,2014,5,11,28.11,31.84,25.77,74.31,65.657,72.797,0.63,5.57,39.4,1.29,11.341468
2014-05-12,2014,5,12,28.43,32.16,26.05,74.5,67.116,72.593,0.64,5.26,33.0,0.27,11.851595
2014-05-13,2014,5,13,29.35,33.37,26.83,73.38,71.117,72.187,0.68,6.54,39.5,0.38,12.451841
2014-05-14,2014,5,14,29.22,33.17,26.75,76.08,62.191,68.873,0.6,5.74,37.8,0.72,11.28399
2014-05-15,2014,5,15,28.55,30.99,26.99,80.42,37.711,65.184,0.36,5.79,43.9,2.27,8.440994
2014-05-16,2014,5,16,28.51,31.62,26.58,77.45,56.825,68.842,0.54,5.82,37.6,0.54,10.531349
2014-05-18,2014,5,18,28.81,32.02,26.62,73.93,63.564,70.085,0.61,6.58,37.3,0.36,11.318081
2014-05-19,2014,5,19,28.6,31.58,26.8,77.94,59.402,69.094,0.57,5.53,39.4,1.55,11.600929
2014-05-20,2014,5,20,28.73,32.09,26.59,76.94,55.661,6.937,0.54,4.81,39.8,2.11,12.496541
2014-05-21,2014,5,21,28.41,31.62,26.57,78.17,4.481,67.375,0.43,6.04,45.4,7.87,10.247664
2014-05-22,2014,5,22,28.74,32.2,26.58,75.76,66.545,70.284,0.64,6.52,43.3,0.71,11.870508
2014-05-23,2014,5,23,28.45,31.02,26.77,77.2,6.486,71.369,0.62,5.69,44.4,0.41,11.467706
2014-05-24,2014,5,24,28.36,30.88,26.72,78.02,55.054,69.746,0.53,5.81,47.2,0.46,9.427002
2014-05-25,2014,5,25,28.8,32.24,26.52,75.69,68.688,73.596,0.66,6.59,45.2,0.11,11.701993
2014-05-26,2014,5,26,28.93,32.11,26.36,74.43,68.016,71.342,0.66,7.26,42.1,0.02,11.326996
2014-05-27,2014,5,27,29.33,32.41,26.78,73.84,65.534,70.495,0.63,5.68,50.3,0.37,11.5701475
2014-05-28,2014,5,28,28.92,32.11,26.6,75.42,62.614,69.905,0.6,4.97,46.7,0.26,12.274437
2014-05-29,2014,5,29,28.61,31.85,26.66,78.14,31.176,70.572,0.3,3.86,46.5,0.35,5.90311
2014-05-30,2014,5,30,28.14,30.55,26.44,80.17,4.543,69.046,0.44,5.03,53.0,1.57,9.914911
2014-05-31,2014,5,31,28.65,32.48,26.16,78.12,57.384,68.486,0.56,5.54,44.6,1.2,11.007306
2014-06-01,2014,6,1,29.09,33.32,26.7,76.72,59.014,70.013,0.57,5.54,38.1,0.87,11.683107
2014-06-03,2014,6,3,28.81,32.33,26.68,78.56,55.481,69.146,0.54,6.19,36.0,0.39,11.772168
2014-06-04,2014,6,4,29.23,33.31,26.73,75.58,65.402,6.997,0.63,5.14,39.9,0.23,11.877468
2014-06-05,2014,6,5,29.57,34.02,26.8,75.01,66.845,70.776,0.65,5.42,41.6,0.01,12.2431555
2014-06-07,2014,6,7,29.05,32.53,26.93,76.37,56.563,68.933,0.55,5.96,37.9,0.12,11.675933
2014-06-08,2014,6,8,28.46,31.4,26.86,80.7,43.726,68.935,0.42,5.54,43.4,1.32,10.255911
2014-06-09,2014,6,9,28.34,31.39,26.47,81.09,60.624,69.386,0.59,5.59,42.2,1.42,8.592769
2014-06-10,2014,6,10,28.45,30.9,26.72,81.31,64.426,69.379,0.63,5.14,47.2,1.31,11.52648
2014-06-11,2014,6,11,28.19,30.57,26.69,82.55,50.628,67.752,0.49,4.69,46.7,0.34,10.962415
2014-06-12,2014,6,12,28.78,31.88,26.74,78.7,67.951,71.275,0.66,6.01,47.4,0.21,12.118546
2014-06-13,2014,6,13,28.33,31.22,26.61,81.77,61.426,70.466,0.6,5.6,45.0,1.5,11.061651
2014-06-14,2014,6,14,28.2,31.69,26.3,82.35,42.698,66.847,0.42,5.56,45.3,1.56,11.871202
2014-06-15,2014,6,15,28.28,30.35,26.69,81.33,56.124,69.125,0.55,5.07,48.7,0.34,10.971752
2014-06-16,2014,6,16,28.57,31.42,26.81,79.09,50.016,67.147,0.49,4.12,57.8,0.35,10.6364765
2014-06-17,2014,6,17,27.95,30.46,26.12,82.34,60.744,69.391,0.59,4.63,43.1,0.55,11.037711
2014-06-19,2014,6,19,28.38,31.24,26.66,78.83,56.722,68.304,0.55,6.14,41.7,0.1,12.016059
2014-06-20,2014,6,20,28.74,32.07,26.55,78.19,56.153,6.755,0.55,4.35,40.1,1.38,11.636559
2014-06-21,2014,6,21,28.53,31.57,26.75,81.95,55.673,69.125,0.54,4.14,35.3,1.6,9.674302
2014-06-22,2014,6,22,28.65,31.43,26.84,81.18,6.228,69.125,0.61,4.68,49.3,0.43,11.528873
2014-06-23,2014,6,23,28.6,31.19,26.79,79.15,47.911,67.627,0.47,5.69,46.9,0.42,10.653683
2014-06-24,2014,6,24,28.65,31.9,26.94,78.52,47.998,68.974,0.47,6.96,42.8,0.14,9.363713
2014-06-25,2014,6,25,28.16,30.3,26.45,79.29,46.044,70.135,0.45,5.56,46.4,0.41,7.2208056
2014-06-26,2014,6,26,28.04,30.68,26.33,81.34,58.428,66.698,0.57,4.85,49.4,0.17,10.95051
2014-06-27,2014,6,27,28.52,31.95,26.41,76.53,53.722,67.284,0.52,5.5,46.6,0.01,11.787101
2014-06-28,2014,6,28,28.19,30.36,26.59,79.04,58.027,68.477,0.57,5.61,46.0,0.1,10.136596
2014-06-29,2014,6,29,28.7,32.02,26.88,78.03,64.999,70.733,0.63,6.56,45.9,0.32,11.803105
2014-06-30,2014,6,30,28.9,32.63,26.43,77.86,55.872,68.777,0.54,6.04,42.1,1.62,10.587356
2014-07-01,2014,7,1,27.97,30.6,26.6,83.86,38.042,67.303,0.37,3.63,56.2,7.15,7.934093
2014-07-02,2014,7,2,28.38,31.01,26.59,83.08,60.679,70.332,0.59,3.88,45.6,2.73,11.038118
2014-07-03,2014,7,3,28.9,32.92,26.59,74.62,67.586,70.968,0.66,6.78,41.8,0.03,11.664313
2014-07-05,2014,7,5,28.25,30.43,26.78,77.18,51.953,68.186,0.51,6.09,47.7,0.07,10.600841
2014-07-06,2014,7,6,28.16,30.71,26.56,77.18,6.072,68.885,0.59,6.36,42.7,0.23,10.873058
2014-07-07,2014,7,7,28.17,30.77,26.41,82.36,60.538,69.715,0.59,5.69,47.0,1.23,10.657121
2014-07-09,2014,7,9,28.87,32.33,26.28,72.57,67.306,70.577,0.66,7.48,44.9,0.07,11.4669075
2014-07-10,2014,7,10,28.46,30.82,26.88,74.55,64.903,70.138,0.63,6.4,46.7,0.01,11.37471
2014-07-11,2014,7,11,28.29,30.35,26.69,78.05,52.195,67.682,0.51,6.44,48.6,0.07,7.4332376
2014-07-12,2014,7,12,28.89,32.22,26.9,73.84,55.356,68.455,0.54,5.58,47.2,0.04,10.703449
2014-07-13,2014,7,13,29.21,33.14,26.68,73.36,66.698,69.758,0.65,6.06,46.1,0.02,12.117404
2014-07-14,2014,7,14,28.64,31.21,26.61,77.05,65.726,6.96,0.64,5.44,47.5,0.04,12.044913
2014-07-15,2014,7,15,28.96,32.29,26.86,76.66,56.544,69.857,0.55,5.4,41.5,0.11,9.559528
2014-07-16,2014,7,16,28.83,31.54,26.92,79.84,60.662,69.835,0.59,3.82,44.8,0.14,11.287427
2014-07-17,2014,7,17,29.16,32.5,26.92,77.24,67.541,71.268,0.66,5.63,47.0,0.15,11.234125
2014-07-18,2014,7,18,28.99,32.14,27.16,77.3,59.971,69.994,0.58,5.24,48.2,0.09,10.668178
2014-07-19,2014,7,19,29.26,32.68,27.29,76.27,65.599,70.826,0.64,6.43,42.6,0.03,11.720981
2014-07-21,2014,7,21,29.16,31.85,27.29,78.05,51.408,6.905,0.5,4.95,51.1,1.46,9.964313
2014-07-22,2014,7,22,29.65,33.19,27.06,70.7,64.853,70.474,0.63,7.36,47.4,0.09,11.039786
2014-07-23,2014,7,23,29.47,32.86,26.83,70.71,70.092,71.861,0.68,7.68,43.7,0.0,11.959408
2014-07-24,2014,7,24,29.48,33.1,27.33,74.26,65.527,70.145,0.63,6.4,46.4,0.08,11.274593
2014-07-25,2014,7,25,29.51,33.11,27.23,73.62,68.011,71.614,0.66,6.12,42.5,0.07,11.491951
2014-07-26,2014,7,26,29.42,33.2,26.81,72.58,5.843,70.339,0.57,6.24,44.0,0.46,10.31935
2014-07-27,2014,7,27,28.54,31.06,26.9,78.97,4.464,69.048,0.43,3.48,49.1,1.01,8.080927
2014-07-28,2014,7,28,29.63,34.04,26.53,74.31,66.175,71.506,0.64,6.37,44.1,0.05,11.894506
2014-07-29,2014,7,29,29.51,33.03,27.23,74.05,56.923,71.554,0.55,6.12,42.6,0.18,11.408322
2014-07-30,2014,7,30,28.96,31.54,27.32,77.24,66.187,70.608,0.64,5.59,40.1,0.27,11.819496
2014-07-31,2014,7,31,28.74,31.71,27.22,79.33,57.907,69.648,0.56,4.36,45.8,0.08,10.520065
2014-08-01,2014,8,1,28.95,32.16,27.06,78.22,6.468,71.263,0.62,6.16,35.4,0.03,11.406938
2014-08-02,2014,8,2,29.09,32.27,27.1,77.61,45.571,68.983,0.44,4.62,40.0,0.66,8.765032
2014-08-03,2014,8,3,28.01,31.22,26.15,79.45,46.831,6.935,0.45,2.87,334.0,0.86,10.25659
2014-08-04,2014,8,4,28.86,33.18,25.52,73.96,62.962,71.575,0.61,5.76,34.3,1.62,11.087727
2014-08-06,2014,8,6,29.22,32.98,26.87,75.4,61.819,71.647,0.6,6.11,34.8,2.14,10.96313
2014-08-07,2014,8,7,28.16,30.8,27.05,81.56,52.351,68.414,0.5,3.63,55.4,6.12,9.829738
2014-08-08,2014,8,8,27.99,30.56,26.59,82.84,58.099,70.394,0.56,4.28,45.6,4.45,10.271562
2014-08-10,2014,8,10,28.72,31.9,27.0,80.12,47.863,70.433,0.46,4.98,41.2,2.31,9.168859
2014-08-11,2014,8,11,29.09,32.65,26.89,74.31,64.339,72.118,0.62,6.53,41.6,0.32,11.36696
2014-08-12,2014,8,12,28.73,31.23,27.06,78.54,60.494,71.405,0.58,4.58,46.6,0.38,9.007801
2014-08-13,2014,8,13,28.93,31.67,27.18,79.6,62.376,70.762,0.6,4.34,39.1,1.81,11.42619
2014-08-14,2014,8,14,28.59,30.93,27.2,80.87,49.973,68.894,0.48,6.28,47.5,0.72,11.78283
2014-08-15,2014,8,15,29.6,34.09,26.82,74.95,67.762,72.394,0.65,6.23,44.1,0.1,12.430617
2014-08-16,2014,8,16,29.24,32.32,27.32,77.17,67.373,7.068,0.65,6.47,44.3,0.42,11.876969
2014-08-17,2014,8,17,28.69,31.49,26.94,80.88,60.876,70.483,0.59,4.65,45.3,1.28,12.686871
2014-08-18,2014,8,18,28.41,31.0,26.72,81.29,49.922,68.846,0.48,4.1,48.9,1.04,10.440069
2014-08-19,2014,8,19,27.33,29.11,26.46,84.54,4.884,68.316,0.47,3.44,50.8,3.71,9.82459
2014-08-20,2014,8,20,28.23,30.98,26.54,81.3,63.358,68.969,0.61,5.35,41.4,1.43,11.733264
2014-08-22,2014,8,22,28.51,31.81,26.37,77.68,56.741,69.163,0.55,5.18,36.9,2.97,9.497154
2014-08-23,2014,8,23,28.12,31.29,26.07,78.9,52.627,70.447,0.51,2.84,344.5,12.16,10.528989
2014-08-24,2014,8,24,28.06,31.0,26.31,78.12,56.914,69.926,0.55,2.04,309.0,9.45,11.818013
2014-08-25,2014,8,25,27.98,30.55,26.52,81.79,46.577,68.777,0.45,3.11,14.8,8.22,10.096509
2014-08-26,2014,8,26,28.21,30.56,26.15,82.76,54.118,71.057,0.52,4.42,43.8,20.18,10.761029
2014-08-27,2014,8,27,27.84,29.93,26.38,84.09,56.105,71.155,0.54,2.66,24.0,11.51,10.887855
2014-08-28,2014,8,28,27.98,29.98,26.35,80.88,53.669,70.483,0.52,2.61,42.1,8.25,9.313558
2014-08-29,2014,8,29,27.55,30.0,25.91,80.95,65.222,71.215,0.63,2.9,37.3,2.27,12.983947
2014-08-30,2014,8,30,29.47,33.44,27.19,77.58,70.512,72.922,0.68,5.0,48.0,0.6,13.109394
2014-08-31,2014,8,31,29.72,33.69,27.17,75.51,70.668,73.934,0.68,6.37,47.1,0.2,12.794444
2014-09-01,2014,9,1,29.63,33.42,27.15,77.38,67.536,71.462,0.65,5.87,42.2,0.35,12.873826
2014-09-02,2014,9,2,28.91,31.4,27.5,81.72,43.632,69.084,0.42,5.91,41.4,2.33,12.360966
2014-09-03,2014,9,3,28.12,30.07,26.99,85.92,43.452,69.038,0.42,3.79,56.1,12.34,9.873182
2014-09-04,2014,9,4,28.64,30.94,27.32,83.1,64.282,70.457,0.62,4.49,53.4,7.33,12.533336
2014-09-05,2014,9,5,28.72,31.56,27.03,83.05,68.136,71.155,0.66,3.77,48.5,2.44,12.096606
2014-09-07,2014,9,7,28.56,31.45,27.07,83.29,56.299,6.943,0.55,3.26,60.0,3.56,11.410759
2014-09-08,2014,9,8,28.66,31.92,26.19,80.41,54.744,69.581,0.53,3.32,52.5,2.04,11.395036
2014-09-09,2014,9,9,29.15,32.76,27.16,80.7,64.039,70.219,0.62,4.15,47.8,3.92,12.209494
2014-09-11,2014,9,11,28.36,30.4,27.16,81.8,44.172,6.901,0.43,4.68,53.0,1.32,8.632325
2014-09-12,2014,9,12,28.2,30.09,27.21,83.93,35.753,6.977,0.35,3.37,56.7,3.24,6.827927
2014-09-13,2014,9,13,28.14,30.34,27.05,83.66,44.194,68.244,0.43,4.97,43.4,6.9,8.517846
2014-09-14,2014,9,14,28.49,30.96,26.96,81.75,41.887,68.369,0.41,5.07,48.3,6.74,9.46362
2014-09-15,2014,9,15,27.83,29.26,26.94,84.76,46.483,67.663,0.45,3.71,54.6,5.72,12.167528
2014-09-16,2014,9,16,28.0,30.27,26.89,85.55,52.841,68.722,0.52,4.76,32.3,15.33,7.415807
2014-09-17,2014,9,17,28.29,31.23,26.97,83.16,55.644,69.502,0.54,5.47,33.1,25.86,11.117563
2014-09-18,2014,9,18,28.11,30.09,27.01,82.9,47.794,69.142,0.47,5.07,44.3,20.02,9.875233
2014-09-19,2014,9,19,28.32,31.45,26.8,82.24,60.055,69.977,0.59,4.64,49.0,4.13,11.17642
2014-09-20,2014,9,20,27.9,29.39,27.09,86.26,49.606,68.995,0.49,3.28,36.2,15.21,10.427368
2014-09-21,2014,9,21,27.64,29.66,26.43,84.35,50.515,69.302,0.5,2.29,24.7,14.37,9.648952
2014-09-23,2014,9,23,28.06,30.31,26.75,81.25,49.442,67.253,0.49,2.42,23.2,8.79,11.997389
2014-09-24,2014,9,24,27.83,29.66,26.46,84.14,59.126,70.142,0.58,2.7,22.2,3.12,11.143468
2014-09-25,2014,9,25,28.71,31.21,27.2,82.65,66.396,70.457,0.66,3.66,42.8,5.19,12.160116
2014-09-26,2014,9,26,28.17,30.19,26.7,84.79,5.519,69.298,0.55,2.94,23.0,4.78,11.750212
2014-09-27,2014,9,27,28.54,32.09,26.38,78.72,64.344,70.582,0.64,3.02,39.2,2.03,12.835483
2014-09-28,2014,9,28,28.84,31.38,27.42,81.41,50.194,68.995,0.5,2.53,30.3,0.24,9.589361
2014-09-29,2014,9,29,28.78,31.23,27.26,83.31,61.618,68.554,0.61,3.35,42.0,0.19,8.341444
2014-09-30,2014,9,30,28.61,31.06,26.76,83.85,6.601,68.177,0.66,2.92,51.5,0.07,12.15534
2014-10-01,2014,10,1,29.29,32.21,27.73,81.89,65.407,68.446,0.65,4.38,50.0,0.16,12.316931
2014-10-02,2014,10,2,28.75,30.62,27.66,83.38,59.899,67.915,0.6,5.33,51.1,0.3,11.654494
2014-10-03,2014,10,3,28.64,30.85,27.46,83.83,50.666,6.601,0.51,4.45,50.7,0.79,10.323804
2014-10-04,2014,10,4,27.93,29.2,27.28,85.87,48.336,65.635,0.49,5.47,53.4,0.52,10.699316
2014-10-05,2014,10,5,27.72,29.23,26.8,86.7,53.213,66.194,0.54,4.27,48.6,1.87,10.146623
2014-10-06,2014,10,6,27.58,28.96,26.72,87.7,3.948,66.394,0.4,4.98,56.8,1.41,8.585897
2014-10-07,2014,10,7,27.36,28.64,26.72,89.09,45.434,67.392,0.46,4.57,46.3,8.73,9.152502
2014-10-09,2014,10,9,26.89,28.24,25.9,88.83,3.179,66.883,0.32,3.65,6.0,7.67,8.505867
2014-10-10,2014,10,10,26.82,28.46,25.78,85.85,56.815,67.294,0.58,2.67,319.2,5.07,11.328413
2014-10-11,2014,10,11,27.08,28.41,25.97,86.23,43.116,6.575,0.44,2.77,23.2,6.34,9.062681
2014-10-13,2014,10,13,27.84,29.6,26.78,86.98,48.077,65.902,0.49,3.15,55.9,9.36,10.337818
2014-10-14,2014,10,14,27.79,30.18,26.53,85.26,3.324,65.299,0.34,1.89,55.8,4.23,6.654048
2014-10-15,2014,10,15,27.99,30.17,26.7,82.48,51.588,65.095,0.53,1.92,28.9,3.03,8.694123
2014-10-16,2014,10,16,27.77,29.87,26.85,86.6,51.082,64.951,0.53,4.24,28.5,2.88,8.768046
2014-10-17,2014,10,17,28.3,30.09,27.12,85.12,46.375,64.474,0.48,3.54,44.5,6.03,4.8487425
2014-10-18,2014,10,18,28.19,30.64,26.69,80.39,44.849,6.469,0.46,2.53,48.3,5.13,8.807753
2014-10-19,2014,10,19,26.83,28.7,25.33,85.34,4.577,64.106,0.48,3.02,46.2,5.49,9.766198
2014-10-20,2014,10,20,26.73,28.84,25.28,85.52,49.471,64.109,0.52,3.73,40.0,4.03,10.680313
2014-10-21,2014,10,21,27.54,29.25,26.26,81.45,56.743,65.078,0.59,2.68,53.3,1.56,11.529894
2014-10-22,2014,10,22,28.28,30.72,26.68,84.17,59.491,64.853,0.62,3.32,41.9,5.79,10.851709
2014-10-23,2014,10,23,28.73,30.75,27.41,83.07,52.411,64.478,0.55,2.34,43.8,21.57,10.614082
2014-10-25,2014,10,25,28.21,30.39,27.04,84.49,49.387,6.467,0.52,3.94,11.2,19.48,9.449784
2014-10-26,2014,10,26,27.92,30.2,26.42,83.31,56.069,64.824,0.59,2.6,347.5,41.33,10.5217905
2014-10-27,2014,10,27,26.45,27.86,25.62,87.42,56.508,64.793,0.6,2.17,328.8,15.6,11.59487
2014-10-28,2014,10,28,27.59,30.63,25.03,80.75,56.453,6.473,0.6,3.4,60.1,1.43,10.506696
2014-10-29,2014,10,29,28.55,31.14,27.19,81.33,62.011,64.512,0.66,5.64,42.4,1.88,11.188419
2014-10-30,2014,10,30,27.88,29.25,26.8,85.8,49.942,62.148,0.53,3.83,45.3,5.75,9.56131
2014-11-01,2014,11,1,27.05,28.06,26.13,89.0,51.118,60.756,0.55,4.66,318.7,7.57,9.456309
2014-11-03,2014,11,3,28.63,31.19,27.11,80.11,60.089,6.468,0.65,7.52,45.9,0.51,11.005584
2014-11-04,2014,11,4,28.47,31.07,26.92,78.84,62.894,65.633,0.68,7.06,45.1,0.75,11.03953
2014-11-06,2014,11,6,27.9,30.06,26.63,83.72,54.785,63.317,0.6,4.53,35.2,4.55,9.793116
2014-11-08,2014,11,8,27.81,30.22,26.31,84.37,59.326,62.863,0.65,4.09,17.0,4.39,10.761558
2014-11-10,2014,11,10,27.12,28.28,26.4,89.6,33.758,59.597,0.37,4.01,5.8,11.59,7.4205885
2014-11-11,2014,11,11,26.92,27.88,26.41,90.12,42.929,59.362,0.47,4.07,8.3,11.44,9.446448
2014-11-12,2014,11,12,27.82,30.07,26.52,84.09,42.828,61.114,0.47,4.13,21.9,3.64,8.029944
2014-11-15,2014,11,15,27.79,29.8,26.42,83.03,5.653,61.565,0.63,5.43,46.5,4.22,9.937778
2014-11-17,2014,11,17,27.96,29.76,26.73,85.67,52.932,57.802,0.59,4.18,55.2,0.52,10.346145
2014-11-19,2014,11,19,28.19,30.95,26.81,81.78,52.975,61.498,0.6,7.38,44.6,1.07,10.419143
2014-11-20,2014,11,20,28.12,31.02,26.54,80.43,48.029,61.658,0.54,6.4,45.5,0.61,9.44218
2014-11-22,2014,11,22,28.05,30.65,26.52,81.09,55.298,60.986,0.63,6.31,44.7,0.47,10.227481
2014-11-24,2014,11,24,28.56,31.57,26.94,83.01,57.578,59.926,0.66,5.81,51.7,0.11,10.083322
2014-11-26,2014,11,26,28.16,31.07,26.55,80.2,4.47,59.707,0.51,5.46,49.5,0.04,9.653823
2014-11-27,2014,11,27,27.86,30.48,26.27,79.8,52.157,5.982,0.6,6.1,46.5,0.0,10.027364
2014-11-28,2014,11,28,27.69,30.26,26.33,80.3,58.637,59.798,0.67,7.46,40.5,0.0,10.490916
2014-11-29,2014,11,29,27.75,30.08,26.46,81.8,57.257,58.622,0.66,7.64,41.8,0.0,10.186046
2014-12-01,2014,12,1,27.97,30.72,26.25,82.33,56.962,59.378,0.66,7.04,49.8,0.08,10.125825
2014-12-03,2014,12,3,26.92,28.07,26.15,89.72,45.149,57.283,0.52,5.23,46.3,0.54,7.75535
2014-12-05,2014,12,5,26.93,28.31,26.21,89.68,4.013,5.495,0.47,5.08,42.1,0.8,6.2017717
2014-12-06,2014,12,6,26.99,29.28,26.1,86.05,37.265,56.563,0.43,5.99,41.2,1.21,7.2395844
2014-12-08,2014,12,8,27.05,29.13,25.81,82.97,53.076,57.158,0.62,7.02,38.1,3.42,9.530173
2014-12-10,2014,12,10,26.89,28.56,26.01,87.52,37.714,56.486,0.44,5.76,43.7,19.05,6.023479
2014-12-12,2014,12,12,27.08,29.0,26.01,84.59,51.624,55.162,0.6,5.34,50.1,2.62,9.373516
2014-12-13,2014,12,13,26.97,28.95,25.92,84.8,41.878,56.179,0.49,4.97,45.2,8.41,7.377292
2014-12-14,2014,12,14,26.34,27.9,25.36,86.68,29.126,56.448,0.34,2.05,352.4,9.34,5.2013083
2014-12-17,2014,12,17,27.75,31.09,25.96,79.95,54.842,58.032,0.64,6.46,40.8,0.05,9.297988
2014-12-19,2014,12,19,27.51,30.15,25.89,78.52,55.507,58.145,0.65,7.63,46.4,0.14,9.297995
2014-12-21,2014,12,21,27.74,30.87,25.8,78.07,5.389,58.483,0.63,6.88,45.6,0.01,9.634178
2014-12-22,2014,12,22,27.85,31.11,25.58,78.28,5.526,59.021,0.65,6.4,50.0,0.0,9.63641
2014-12-24,2014,12,24,28.16,31.71,26.16,81.24,58.685,59.062,0.69,6.04,49.2,0.0,10.201117
2014-12-26,2014,12,26,27.66,31.06,25.91,77.15,59.834,60.401,0.7,7.92,47.7,0.0,10.076526
2014-12-28,2014,12,28,27.56,30.74,25.74,78.91,58.812,59.414,0.69,7.91,44.7,0.0,9.903524
2014-12-29,2014,12,29,27.35,30.16,25.55,80.58,5.742,58.452,0.67,7.56,43.6,0.0,9.742246
2014-12-30,2014,12,30,27.81,31.11,25.69,79.08,57.276,5.833,0.67,7.81,46.9,0.0,9.673771
2014-12-31,2014,12,31,27.53,30.98,25.64,76.28,57.442,59.381,0.67,8.57,46.0,0.0,9.535698
2015-01-02,2015,1,2,27.51,31.12,25.3,75.71,59.016,59.273,0.69,8.56,51.1,0.0,10.155449
2015-01-04,2015,1,4,27.18,31.08,24.73,72.5,60.461,60.806,0.7,8.85,51.4,0.0,10.707776
2015-01-06,2015,1,6,26.53,29.85,24.73,75.01,61.961,62.114,0.72,9.66,48.1,0.0,10.5163555
2015-01-07,2015,1,7,26.15,29.48,24.14,76.95,6.143,61.507,0.71,8.7,46.7,0.0,10.434703
2015-01-09,2015,1,9,26.13,29.45,23.85,77.9,59.431,59.837,0.68,7.88,42.3,0.0,10.384865
2015-01-11,2015,1,11,26.66,30.56,24.43,80.33,57.694,58.673,0.66,7.5,42.8,0.0,10.362578
2015-01-13,2015,1,13,26.96,30.98,24.3,79.81,57.799,59.306,0.66,6.81,41.6,0.0,10.570796
2015-01-14,2015,1,14,26.65,30.25,24.49,82.57,52.584,5.839,0.6,6.15,38.5,0.0,9.65363
2015-01-15,2015,1,15,26.49,29.44,24.61,83.89,52.975,58.714,0.6,6.6,36.3,0.0,10.103778
2015-01-18,2015,1,18,26.6,28.98,25.07,81.01,56.165,59.594,0.63,7.16,35.5,0.0,9.903026
2015-01-20,2015,1,20,26.89,30.26,24.87,76.11,46.272,61.135,0.52,6.89,39.9,0.0,9.519814
2015-01-22,2015,1,22,26.81,29.79,25.23,77.9,55.282,60.022,0.62,7.52,39.6,0.06,10.401058
2015-01-23,2015,1,23,26.84,30.12,25.04,76.81,56.282,6.12,0.63,6.93,40.3,0.05,10.239612
2015-01-25,2015,1,25,26.93,30.23,24.78,77.31,59.335,62.402,0.66,7.01,37.7,0.01,10.868065
2015-01-27,2015,1,27,26.83,29.77,25.06,77.46,55.301,61.344,0.61,7.78,29.7,0.0,10.327323
2015-01-29,2015,1,29,27.06,30.08,25.43,71.02,5.987,62.246,0.66,8.59,39.9,0.0,11.378704
2015-01-30,2015,1,30,27.35,30.71,25.27,74.63,59.592,61.435,0.65,8.46,39.2,0.0,11.442528
2015-01-31,2015,1,31,27.09,30.04,25.42,76.58,53.011,59.294,0.58,8.08,36.5,0.13,10.856442
2015-02-01,2015,2,1,27.39,30.39,25.56,77.41,57.862,61.946,0.63,8.83,41.4,0.04,10.618816
2015-02-03,2015,2,3,27.68,31.03,25.52,73.84,6.197,6.337,0.67,8.27,41.7,0.02,11.142731
2015-02-05,2015,2,5,27.94,32.23,25.25,76.71,61.922,63.024,0.67,5.9,36.0,0.18,11.574053
2015-02-07,2015,2,7,27.01,30.2,25.19,73.94,48.533,6.318,0.52,7.51,33.3,0.12,10.744521
2015-02-08,2015,2,8,27.23,30.25,25.39,75.24,4.872,62.083,0.52,6.21,34.6,0.32,9.902717
2015-02-10,2015,2,10,26.49,29.85,24.58,78.54,50.064,61.613,0.53,3.47,352.6,2.42,10.563425
2015-02-11,2015,2,11,26.49,29.38,24.58,77.81,48.115,62.645,0.51,4.7,10.9,2.83,9.470346
2015-02-12,2015,2,12,27.03,29.86,25.37,76.26,5.718,62.182,0.6,7.12,25.4,0.11,10.785294
2015-02-14,2015,2,14,27.3,29.47,25.92,83.06,54.816,62.095,0.57,8.33,31.5,10.03,10.996038
2015-02-15,2015,2,15,27.64,30.38,26.29,76.69,58.428,64.382,0.61,9.51,39.5,0.02,11.501599
2015-02-16,2015,2,16,27.88,31.47,25.55,71.28,65.947,68.076,0.69,8.8,44.4,0.0,12.170732
2015-02-18,2015,2,18,28.11,32.33,25.46,76.27,62.462,66.648,0.65,5.65,37.9,0.0,11.873635
2015-02-19,2015,2,19,27.34,30.33,25.86,76.41,5.227,66.094,0.54,8.3,30.9,0.05,10.584585
2015-02-21,2015,2,21,27.69,30.92,25.61,73.23,65.592,69.437,0.67,8.31,42.6,0.06,12.264669
2015-02-22,2015,2,22,28.11,31.97,25.69,70.99,64.956,68.873,0.67,8.86,44.8,0.01,12.922206
2015-02-23,2015,2,23,27.64,30.88,25.57,71.18,67.699,69.295,0.69,9.09,43.0,0.0,12.74051
2015-02-24,2015,2,24,27.63,30.8,25.64,71.91,64.006,68.314,0.65,8.41,39.0,0.0,12.359093
2015-02-25,2015,2,25,28.08,31.66,25.48,71.06,66.058,68.364,0.67,7.03,40.1,0.03,12.1204195
2015-02-26,2015,2,26,28.27,32.22,25.39,72.14,63.866,67.519,0.65,6.52,43.6,0.06,11.981151
2015-02-27,2015,2,27,28.17,31.71,25.89,73.39,65.251,67.481,0.66,8.15,40.3,0.03,12.355624
2015-02-28,2015,2,28,28.37,31.78,26.11,73.7,61.704,67.733,0.62,9.28,43.9,0.23,11.253902
2015-03-02,2015,3,2,27.3,30.32,25.57,71.08,63.079,69.523,0.63,10.08,43.9,0.0,12.554085
2015-03-03,2015,3,3,27.48,30.56,25.45,68.5,68.842,71.832,0.69,9.91,44.0,0.0,12.581156
2015-03-04,2015,3,4,27.79,31.55,25.41,69.65,71.287,72.487,0.71,9.31,44.7,0.0,13.064672
2015-03-05,2015,3,5,27.86,31.62,25.41,70.51,70.034,70.718,0.7,9.32,46.0,0.0,12.309611
2015-03-06,2015,3,6,27.55,30.86,25.49,69.65,68.328,70.037,0.68,9.95,44.6,0.0,12.372095
2015-03-07,2015,3,7,27.01,30.27,24.82,70.05,65.532,69.382,0.65,9.38,42.4,0.0,12.122357
2015-03-08,2015,3,8,27.14,30.73,24.85,68.28,66.838,68.424,0.66,9.94,45.2,0.0,10.731665
2015-03-09,2015,3,9,27.03,30.86,24.36,67.81,67.442,6.924,0.67,9.4,43.9,0.0,13.006342
2015-03-10,2015,3,10,27.41,32.01,24.31,70.73,68.818,69.629,0.68,8.08,41.7,0.0,13.77644
2015-03-11,2015,3,11,27.44,31.44,24.57,71.09,67.649,68.813,0.67,8.51,41.6,0.0,13.437353
2015-03-12,2015,3,12,27.24,31.18,24.74,70.36,67.241,68.378,0.66,8.82,39.6,0.0,13.043262
2015-03-13,2015,3,13,26.97,30.15,24.86,71.56,65.758,69.326,0.65,9.44,40.0,0.0,13.291866
2015-03-14,2015,3,14,27.2,30.69,24.97,70.11,6.655,6.869,0.65,8.38,41.4,0.0,12.662896
2015-03-15,2015,3,15,27.05,31.32,24.65,72.15,66.394,6.863,0.65,8.04,38.1,0.0,13.201286
2015-03-16,2015,3,16,26.43,29.28,24.81,75.8,59.198,6.695,0.58,8.72,35.7,0.0,12.084355
2015-03-18,2015,3,18,26.43,29.6,24.59,75.55,62.472,67.862,0.61,7.81,29.7,0.0,12.234666
2015-03-19,2015,3,19,26.68,30.01,24.73,74.53,51.264,65.369,0.5,7.01,33.8,0.0,11.40317
2015-03-20,2015,3,20,26.47,29.49,24.76,77.35,4.429,65.674,0.43,7.89,35.1,0.0,11.044453
2015-03-22,2015,3,22,26.45,29.46,24.45,73.02,66.252,72.677,0.64,7.35,31.4,0.01,12.293353
2015-03-23,2015,3,23,27.02,31.04,24.79,72.67,69.446,72.242,0.67,6.28,31.7,0.01,12.783944
2015-03-25,2015,3,25,27.41,31.01,25.51,74.22,64.166,71.122,0.62,8.18,34.9,0.02,12.195095
2015-03-26,2015,3,26,27.69,31.42,25.43,73.83,66.185,7.009,0.64,7.04,31.6,0.09,12.700968
2015-03-27,2015,3,27,28.12,33.18,25.28,75.0,6.781,70.318,0.65,5.99,38.1,0.0,13.561359
2015-03-28,2015,3,28,27.69,31.58,25.59,78.15,56.066,66.823,0.54,7.45,35.4,0.0,11.678981
2015-03-29,2015,3,29,26.76,28.74,25.62,79.48,36.648,64.999,0.35,7.37,34.6,0.03,9.638733
2015-03-30,2015,3,30,26.97,29.83,25.32,78.64,4.385,67.632,0.42,7.39,36.8,0.01,9.296689
2015-03-31,2015,3,31,27.34,30.66,25.42,74.45,59.858,69.204,0.57,7.72,33.8,0.0,12.631995
2015-04-01,2015,4,1,27.89,31.93,25.74,72.71,64.056,69.029,0.61,8.0,36.5,0.02,12.813478
2015-04-03,2015,4,3,27.59,30.41,26.03,74.71,5.647,69.586,0.54,8.28,37.4,0.11,12.384501
2015-04-04,2015,4,4,27.44,30.41,25.65,76.22,54.756,69.612,0.52,9.16,37.2,0.14,12.103743
2015-04-05,2015,4,5,27.58,31.09,25.58,71.45,65.894,72.888,0.63,9.37,36.9,0.02,12.956003
2015-04-06,2015,4,6,27.77,30.98,25.84,73.18,63.998,72.252,0.61,9.15,40.7,0.01,12.686657
2015-04-07,2015,4,7,27.79,30.54,25.97,73.22,58.654,71.407,0.56,8.41,43.7,0.01,13.810568
2015-04-08,2015,4,8,27.84,30.7,26.09,74.01,53.206,68.604,0.51,8.09,42.2,0.06,10.524887
2015-04-10,2015,4,10,28.12,31.48,26.27,75.33,62.381,69.408,0.59,7.8,45.3,0.16,12.307251
2015-04-11,2015,4,11,28.11,31.48,26.08,76.79,46.243,66.413,0.44,6.14,43.4,0.35,13.110396
2015-04-12,2015,4,12,27.67,30.33,25.95,80.31,52.733,66.581,0.5,5.5,45.2,0.37,11.099745
2015-04-13,2015,4,13,27.72,30.48,25.79,79.42,49.049,67.049,0.47,5.21,42.5,0.42,11.02807
2015-04-14,2015,4,14,27.88,31.38,26.01,77.98,52.195,67.423,0.5,6.5,41.7,0.77,8.466791
2015-04-15,2015,4,15,28.06,31.67,25.79,76.34,57.775,69.055,0.55,6.6,41.8,1.87,11.848524
2015-04-16,2015,4,16,27.48,30.34,25.61,79.54,53.846,68.902,0.51,6.56,45.5,2.49,9.786813
2015-04-17,2015,4,17,27.72,31.63,25.69,78.5,48.818,67.327,0.46,6.01,42.4,3.05,10.083877
2015-04-19,2015,4,19,27.47,30.45,25.64,82.79,53.122,69.005,0.5,5.71,38.7,3.59,10.791557
2015-04-20,2015,4,20,27.04,29.6,25.68,86.36,4.991,68.038,0.47,4.2,42.6,3.89,11.99192
2015-04-21,2015,4,21,27.36,29.91,25.87,83.44,40.214,68.878,0.38,5.14,39.6,0.18,11.762237
2015-04-23,2015,4,23,28.0,31.91,26.14,73.12,68.412,72.638,0.65,7.96,37.8,0.0,13.355921
2015-04-24,2015,4,24,27.93,31.62,25.74,75.6,65.988,71.141,0.63,7.16,32.2,0.01,12.993147
2015-04-25,2015,4,25,27.91,31.65,25.95,79.63,56.856,65.717,0.54,6.65,33.3,0.6,10.775144
2015-04-26,2015,4,26,27.85,31.61,26.03,84.31,48.967,69.384,0.47,5.39,34.4,1.47,9.609272
2015-04-27,2015,4,27,29.01,32.98,26.48,79.66,6.72,71.429,0.64,3.51,34.9,0.3,12.672083
2015-04-28,2015,4,28,29.24,33.71,26.89,79.75,68.141,71.534,0.65,2.87,22.4,1.8,13.373863
2015-04-29,2015,4,29,29.47,34.04,26.97,77.04,61.214,70.685,0.58,2.64,353.3,0.28,12.611656
2015-04-30,2015,4,30,28.74,32.71,26.49,78.48,58.166,69.653,0.55,3.05,15.9,1.84,11.899099
2015-05-01,2015,5,1,28.56,31.77,26.34,78.81,57.583,6.737,0.55,3.96,25.9,5.81,12.5401325
2015-05-02,2015,5,2,28.16,31.63,26.27,77.6,59.304,69.588,0.56,6.18,32.8,3.19,12.023307
2015-05-03,2015,5,3,28.54,32.33,26.37,75.62,63.624,68.854,0.61,6.69,37.4,1.26,12.402359
2015-05-05,2015,5,5,28.51,31.69,26.38,79.33,63.324,66.948,0.6,5.12,50.1,6.71,12.608987
2015-05-06,2015,5,6,28.5,31.81,26.51,78.08,67.303,68.918,0.64,5.12,51.2,0.75,13.4658375
2015-05-07,2015,5,7,28.54,32.09,26.43,79.4,61.735,67.351,0.59,5.11,46.6,2.02,12.738078
2015-05-08,2015,5,8,28.34,31.04,26.53,78.88,47.124,65.453,0.45,5.88,45.0,1.42,9.498506
2015-05-09,2015,5,9,28.78,31.96,26.66,76.24,59.568,67.178,0.57,5.69,47.7,1.41,12.92612
2015-05-10,2015,5,10,28.34,30.59,26.86,77.27,5.393,68.177,0.52,5.2,50.7,1.01,10.442451
2015-05-11,2015,5,11,28.51,31.13,26.74,76.81,58.361,68.875,0.56,6.68,46.2,0.16,11.034898
2015-05-12,2015,5,12,28.84,31.74,26.93,75.39,61.829,71.846,0.59,6.83,46.2,0.02,12.156536
2015-05-14,2015,5,14,28.31,30.66,26.92,76.77,58.114,68.292,0.56,6.26,45.4,0.89,12.145691
2015-05-15,2015,5,15,27.75,29.94,26.27,79.56,32.988,63.938,0.32,6.06,51.1,0.68,7.8384476
2015-05-16,2015,5,16,27.13,29.11,25.84,84.33,43.214,68.016,0.41,5.97,43.2,2.92,11.2554
2015-05-17,2015,5,17,27.44,29.81,25.78,81.37,40.303,67.171,0.39,5.72,44.5,0.64,10.45552
2015-05-18,2015,5,18,27.29,29.45,25.81,82.1,53.842,67.939,0.52,5.36,45.9,0.94,12.051991
2015-05-19,2015,5,19,27.29,29.79,25.8,83.77,46.447,68.964,0.45,6.01,43.2,1.25,9.735503
2015-05-21,2015,5,21,27.29,29.31,26.14,86.38,3.715,69.262,0.36,5.62,42.4,2.13,8.266107
2015-05-22,2015,5,22,27.67,29.69,26.45,83.85,43.303,67.541,0.42,6.51,43.7,0.66,8.750335
2015-05-23,2015,5,23,28.27,31.1,26.25,78.71,63.581,69.574,0.61,7.17,45.1,0.36,12.3707485
2015-05-25,2015,5,25,28.01,30.36,26.3,77.75,45.266,67.142,0.44,6.29,41.8,1.0,9.574003
2015-05-26,2015,5,26,27.52,29.43,25.93,79.78,55.757,6.821,0.54,5.33,47.8,1.8,11.162164
2015-05-27,2015,5,27,27.84,30.79,25.97,77.08,60.427,68.326,0.58,6.58,38.8,1.59,9.809729
2015-05-28,2015,5,28,27.14,29.78,25.73,80.81,30.134,6.563,0.29,5.37,41.5,5.13,6.3209443
2015-05-29,2015,5,29,26.77,28.31,25.8,87.77,40.644,6.631,0.39,5.56,36.9,7.61,8.8108835
2015-05-30,2015,5,30,27.39,29.2,25.96,83.62,44.167,67.613,0.43,6.15,46.0,4.05,7.6213183
2015-05-31,2015,5,31,27.83,30.19,26.26,83.88,57.586,69.322,0.56,4.47,48.2,0.99,11.323166
2015-06-01,2015,6,1,28.37,31.78,26.55,82.59,45.286,67.435,0.44,4.74,51.4,0.88,9.017693
2015-06-02,2015,6,2,28.53,31.15,26.76,83.02,57.542,70.154,0.56,3.09,58.1,1.58,11.316266
2015-06-03,2015,6,3,28.52,32.22,26.47,82.91,56.424,68.018,0.55,3.39,43.6,2.22,12.105066
2015-06-04,2015,6,4,28.68,31.54,26.88,83.41,54.542,68.738,0.53,3.62,38.8,2.22,10.8034725
2015-06-06,2015,6,6,28.05,30.37,26.71,85.43,5.363,69.338,0.52,2.55,40.2,7.6,10.090098
2015-06-07,2015,6,7,27.23,28.63,26.19,83.34,43.831,68.158,0.43,2.79,57.6,15.19,9.389184
2015-06-08,2015,6,8,27.88,30.38,26.37,85.43,44.894,67.992,0.44,2.4,27.6,9.27,9.608582
2015-06-09,2015,6,9,27.71,29.29,26.48,84.27,5.148,68.899,0.5,3.4,36.3,6.01,10.843682
2015-06-10,2015,6,10,28.17,31.34,26.07,79.79,54.643,6.971,0.53,4.27,50.1,5.08,10.853688
2015-06-11,2015,6,11,28.34,31.5,26.05,78.46,5.851,69.209,0.57,5.56,51.8,3.86,11.169069
2015-06-12,2015,6,12,28.86,32.42,26.4,80.14,60.722,69.662,0.59,5.08,48.6,2.47,8.63002
2015-06-13,2015,6,13,28.95,32.63,26.66,79.52,62.954,72.754,0.61,5.58,43.3,3.25,11.435217
2015-06-14,2015,6,14,28.45,31.74,26.53,80.97,59.844,69.314,0.58,5.85,50.3,4.65,11.378821
2015-06-15,2015,6,15,28.63,31.81,26.53,79.5,53.585,68.059,0.52,6.16,49.8,0.1,11.303794
2015-06-16,2015,6,16,28.78,32.41,26.63,77.94,64.706,70.289,0.63,7.06,46.2,0.05,11.054431
2015-06-17,2015,6,17,29.07,32.87,26.67,76.82,56.042,69.038,0.55,5.82,47.2,0.15,11.806101
2015-06-18,2015,6,18,28.37,31.1,26.49,80.49,66.358,6.983,0.65,6.58,48.1,0.09,11.935026
2015-06-19,2015,6,19,28.54,32.01,26.36,80.63,66.458,70.802,0.65,6.5,44.8,0.08,11.787851
2015-06-20,2015,6,20,28.4,32.27,26.39,79.24,60.269,68.902,0.59,6.42,43.3,0.01,11.072236
2015-06-22,2015,6,22,27.61,29.83,26.18,81.68,53.846,68.338,0.53,6.03,46.7,0.01,10.439733
2015-06-23,2015,6,23,28.52,31.88,26.3,78.74,65.374,70.668,0.64,5.96,49.7,0.0,12.030188
2015-06-24,2015,6,24,29.42,33.75,26.75,74.89,7.002,72.115,0.68,6.75,51.3,0.0,12.291241
2015-06-26,2015,6,26,28.61,32.1,26.27,76.07,68.124,7.091,0.66,7.19,46.9,0.0,11.849041
2015-06-27,2015,6,27,28.47,32.11,26.22,78.86,67.382,70.656,0.66,6.12,43.8,0.0,11.824158
2015-06-28,2015,6,28,28.04,30.51,26.7,81.57,54.994,68.666,0.54,5.39,53.2,0.02,10.545203
2015-06-29,2015,6,29,27.67,30.47,25.84,80.7,54.106,70.694,0.53,6.5,43.7,0.01,9.615033
2015-06-30,2015,6,30,28.24,32.08,25.86,74.01,56.107,70.507,0.55,7.53,45.3,0.01,11.482092
2015-07-01,2015,7,1,28.25,31.08,26.45,77.4,70.685,71.554,0.69,6.69,45.4,0.01,12.318053
2015-07-02,2015,7,2,28.41,32.1,25.94,76.93,69.106,7.151,0.67,6.61,45.6,0.0,11.791143
2015-07-03,2015,7,3,27.99,31.06,26.16,77.21,7.093,7.159,0.69,7.44,44.8,0.0,12.09952
2015-07-04,2015,7,4,28.48,31.97,26.11,76.43,6.972,71.779,0.68,6.82,44.3,0.06,11.757501
2015-07-05,2015,7,5,28.32,31.41,25.99,75.81,65.654,70.421,0.64,7.28,46.4,0.4,11.207744
2015-07-06,2015,7,6,28.03,31.93,25.58,77.68,56.666,69.804,0.55,6.88,47.8,2.63,8.91815
2015-07-08,2015,7,8,27.8,31.14,25.65,80.32,53.513,68.472,0.52,5.96,44.9,1.43,10.380221
2015-07-09,2015,7,9,27.57,30.16,26.09,82.12,58.783,69.451,0.57,5.68,44.7,2.86,10.482519
2015-07-10,2015,7,10,27.72,30.85,25.88,80.98,58.692,6.841,0.57,5.95,43.5,6.41,11.265529
2015-07-11,2015,7,11,26.82,28.96,25.67,86.11,56.066,6.846,0.55,7.33,47.4,7.97,9.954655
2015-07-12,2015,7,12,27.4,29.73,25.61,82.22,55.867,69.986,0.54,6.86,46.5,3.76,11.033
2015-07-13,2015,7,13,27.57,30.26,26.1,84.08,5.413,68.371,0.53,4.35,51.2,4.99,10.51725
2015-07-14,2015,7,14,27.62,29.81,26.0,83.11,57.622,68.628,0.56,5.28,41.7,4.66,10.176215
2015-07-15,2015,7,15,27.92,30.2,26.21,82.58,43.639,68.986,0.42,5.66,45.7,0.88,8.105077
2015-07-16,2015,7,16,27.91,30.43,26.37,81.67,50.983,68.695,0.5,5.6,48.7,1.0,10.7108755
2015-07-17,2015,7,17,27.97,30.36,26.31,83.1,53.059,68.947,0.52,4.15,48.8,1.1,10.422525
2015-07-18,2015,7,18,27.7,29.48,26.39,84.57,33.586,66.866,0.33,4.11,50.3,1.8,4.4430857
2015-07-19,2015,7,19,27.26,29.1,26.26,81.72,49.258,67.872,0.48,5.54,48.2,0.98,5.899375
2015-07-20,2015,7,20,27.74,31.25,25.88,79.81,51.838,67.068,0.5,5.89,43.5,2.49,9.4931965
2015-07-21,2015,7,21,28.35,32.15,26.33,80.39,56.292,68.873,0.55,5.95,38.8,2.15,10.539708
2015-07-22,2015,7,22,28.3,31.19,26.57,82.92,5.701,7.003,0.55,3.91,45.5,3.74,9.983465
2015-07-24,2015,7,24,28.26,30.74,26.47,82.53,65.273,71.218,0.63,5.51,51.6,1.86,11.719439
2015-07-25,2015,7,25,28.96,32.72,26.67,76.41,71.832,72.257,0.7,6.91,43.6,0.25,12.565602
2015-07-26,2015,7,26,29.06,32.91,26.23,76.55,71.273,72.341,0.69,6.46,43.7,0.15,12.213271
2015-07-28,2015,7,28,28.91,32.8,26.27,75.3,6.774,71.021,0.66,6.19,43.1,0.76,11.485872
2015-07-29,2015,7,29,27.93,30.35,26.35,83.03,53.849,68.573,0.52,5.5,49.1,2.59,10.011431
2015-07-30,2015,7,30,27.7,29.76,26.22,80.62,6.151,68.642,0.59,6.04,44.2,0.28,9.387357
2015-07-31,2015,7,31,28.07,30.84,26.3,82.39,5.389,67.327,0.52,5.26,42.1,0.48,10.810995
2015-08-01,2015,8,1,28.16,31.04,26.4,83.54,62.386,69.646,0.6,4.88,40.3,0.5,12.6893635
2015-08-02,2015,8,2,28.33,31.62,26.46,80.21,68.791,71.866,0.66,6.11,44.6,0.23,12.048587
2015-08-03,2015,8,3,28.67,32.31,26.7,76.71,70.762,71.957,0.68,6.75,40.2,0.19,12.099673
2015-08-04,2015,8,4,28.76,31.38,26.72,78.31,64.594,70.656,0.62,5.89,45.0,0.2,12.02564
2015-08-05,2015,8,5,29.13,32.86,26.79,77.44,66.005,71.738,0.64,6.87,42.8,0.16,11.976854
2015-08-06,2015,8,6,28.8,32.19,26.52,79.62,66.636,71.626,0.64,6.17,37.3,0.09,11.933523
2015-08-07,2015,8,7,28.89,32.66,26.71,79.92,6.251,70.195,0.6,5.78,41.3,0.18,10.936431
2015-08-09,2015,8,9,28.03,30.6,26.71,82.44,39.154,68.174,0.38,4.07,57.5,2.73,9.731305
2015-08-10,2015,8,10,28.06,30.23,26.34,83.14,52.807,70.678,0.51,3.94,42.3,1.57,9.962112
2015-08-11,2015,8,11,28.42,30.69,26.97,81.05,59.592,69.979,0.57,4.9,45.3,1.05,11.400881
2015-08-12,2015,8,12,29.11,33.07,26.75,76.53,68.683,71.734,0.66,6.2,41.2,0.68,12.094124
2015-08-13,2015,8,13,28.86,31.74,27.16,80.53,52.958,71.107,0.51,4.57,40.7,2.01,8.545294
2015-08-14,2015,8,14,28.35,31.22,26.43,82.46,58.462,6.979,0.56,5.06,44.1,3.05,10.142275
2015-08-15,2015,8,15,28.1,30.32,26.68,83.36,53.834,68.542,0.52,4.78,43.0,2.19,10.074371
2015-08-16,2015,8,16,28.16,30.36,26.76,86.32,49.296,67.903,0.47,4.54,36.7,3.97,9.7688
2015-08-17,2015,8,17,28.13,30.78,26.69,84.51,54.588,6.948,0.53,5.17,40.2,3.21,11.707636
2015-08-18,2015,8,18,27.89,30.05,26.67,83.72,67.157,71.758,0.65,6.05,46.6,5.63,12.011746
2015-08-19,2015,8,19,28.36,31.04,26.52,81.81,69.684,72.077,0.67,5.25,44.4,1.5,11.9992695
2015-08-20,2015,8,20,28.55,31.46,26.63,80.25,65.918,71.273,0.63,6.3,38.5,1.87,11.863773
2015-08-21,2015,8,21,28.16,30.76,26.61,84.19,50.273,69.206,0.48,4.72,47.7,6.28,9.274179
2015-08-22,2015,8,22,27.34,29.1,26.4,85.4,4.596,68.186,0.44,2.39,51.1,6.28,6.4555
2015-08-23,2015,8,23,28.11,30.97,26.75,82.4,55.387,69.864,0.53,5.66,42.1,7.08,10.0051
2015-08-25,2015,8,25,28.2,30.66,26.72,83.59,43.058,70.603,0.42,3.96,40.2,1.47,9.778004
2015-08-26,2015,8,26,28.57,31.07,26.96,83.04,5.023,67.733,0.48,4.22,37.1,1.3,10.122293
2015-08-27,2015,8,27,28.86,32.39,26.91,78.67,53.381,69.226,0.51,5.71,37.5,0.47,11.332322
2015-08-29,2015,8,29,29.5,33.48,27.47,81.44,69.161,71.738,0.67,3.16,32.4,1.11,12.346197
2015-08-30,2015,8,30,29.38,33.29,27.48,79.83,62.405,70.925,0.6,4.41,57.3,1.5,11.271118
2015-09-01,2015,9,1,28.84,31.09,27.63,83.02,59.426,69.934,0.57,4.61,44.8,2.35,11.395243
2015-09-02,2015,9,2,29.12,32.45,27.35,81.16,66.538,70.272,0.64,4.22,48.6,4.86,11.335679
2015-09-03,2015,9,3,28.53,30.9,27.19,83.15,4.717,68.129,0.46,3.02,48.8,8.58,5.396076
2015-09-04,2015,9,4,28.93,31.88,27.31,83.79,6.121,69.422,0.59,4.35,44.6,5.93,10.687727
2015-09-05,2015,9,5,28.91,31.47,27.42,82.67,57.338,69.295,0.55,5.58,43.4,5.92,9.5518875
2015-09-06,2015,9,6,29.04,31.89,27.55,80.27,53.873,6.708,0.52,6.89,40.3,4.98,10.27747
2015-09-07,2015,9,7,28.97,32.01,27.36,83.37,62.712,69.622,0.61,5.31,40.7,4.21,11.528592
2015-09-08,2015,9,8,28.95,31.47,27.35,82.72,68.597,71.479,0.67,6.32,42.6,2.6,11.586894
2015-09-10,2015,9,10,28.12,29.39,26.96,85.51,49.716,70.474,0.48,3.29,60.1,14.74,9.121047
2015-09-11,2015,9,11,28.05,29.78,26.9,85.06,32.942,70.286,0.32,2.21,41.1,15.11,7.536971
2015-09-12,2015,9,12,28.51,31.06,26.76,82.77,67.409,70.519,0.66,3.44,35.7,1.28,12.318424
2015-09-13,2015,9,13,29.36,32.64,27.15,79.45,70.282,71.873,0.68,4.55,45.2,1.62,12.1228285
2015-09-14,2015,9,14,28.89,31.44,27.07,82.14,6.659,70.066,0.65,5.69,47.4,3.92,11.655353
2015-09-15,2015,9,15,28.85,31.5,27.42,83.65,62.129,70.318,0.61,4.6,48.5,2.38,11.271415
2015-09-16,2015,9,16,28.91,31.42,27.51,84.54,61.805,68.698,0.6,4.63,41.1,8.29,9.637482
2015-09-17,2015,9,17,28.74,31.2,27.43,85.94,41.021,66.516,0.4,3.88,44.4,5.17,7.282215
2015-09-18,2015,9,18,28.7,31.12,27.43,83.99,35.102,66.737,0.34,2.97,48.3,7.06,9.552805
2015-09-19,2015,9,19,28.81,31.03,27.33,84.01,57.682,68.314,0.57,2.61,38.7,5.56,11.052685
2015-09-20,2015,9,20,27.97,29.51,26.95,86.85,5.173,6.876,0.51,3.47,52.2,12.1,10.124041
2015-09-21,2015,9,21,28.46,30.67,27.18,86.2,67.841,6.955,0.67,3.97,41.2,6.05,12.785518
2015-09-22,2015,9,22,28.97,31.78,27.37,85.06,63.382,6.954,0.62,2.29,47.0,7.23,11.944305
2015-09-23,2015,9,23,27.19,29.06,26.15,88.66,50.414,6.829,0.5,2.24,306.2,8.23,9.47986
2015-09-24,2015,9,24,27.89,30.64,26.35,86.42,44.047,6.875,0.43,2.31,23.9,10.18,8.638044
2015-09-26,2015,9,26,28.9,31.04,27.35,84.51,59.686,68.453,0.59,3.53,42.4,6.67,10.814677
2015-09-27,2015,9,27,28.27,30.82,26.34,83.34,63.041,68.753,0.63,2.12,44.8,5.46,11.56843
2015-09-28,2015,9,28,29.25,32.02,27.67,82.93,65.266,69.305,0.65,4.29,38.5,0.91,11.728839
2015-09-30,2015,9,30,28.58,30.83,27.52,84.33,53.597,67.934,0.53,4.11,32.9,2.07,9.595986
2015-10-01,2015,10,1,27.73,29.31,26.71,85.55,5.43,67.944,0.54,2.39,353.1,1.5,10.779589
2015-10-03,2015,10,3,28.83,32.24,26.79,75.01,60.598,67.728,0.61,2.21,338.4,0.13,11.615279
2015-10-04,2015,10,4,28.94,31.88,27.19,81.19,54.331,67.709,0.55,4.54,23.4,2.34,11.252212
2015-10-05,2015,10,5,29.3,32.13,28.03,85.01,66.154,68.741,0.67,4.41,29.8,4.84,12.253021
2015-10-06,2015,10,6,29.35,32.22,27.94,84.9,62.393,6.798,0.63,3.85,44.4,5.92,11.765984
2015-10-07,2015,10,7,28.48,30.41,26.86,86.51,46.997,65.474,0.47,3.27,42.8,9.43,9.918845
2015-10-08,2015,10,8,28.52,30.91,27.47,84.97,54.593,66.007,0.55,5.08,45.5,6.97,10.763001
2015-10-09,2015,10,9,28.38,30.6,27.26,85.72,52.373,66.394,0.53,5.33,38.9,6.51,8.923385
2015-10-10,2015,10,10,28.12,29.71,27.09,87.17,48.444,64.649,0.49,3.92,48.4,11.3,9.145427
2015-10-12,2015,10,12,28.1,30.34,26.72,82.75,39.185,64.646,0.4,2.95,21.0,3.03,9.378496
2015-10-13,2015,10,13,27.68,29.11,26.59,90.55,42.898,64.051,0.44,4.24,39.2,16.25,7.0408664
2015-10-14,2015,10,14,27.44,28.51,26.21,87.48,31.073,64.805,0.32,3.32,74.9,8.44,7.904997
2015-10-15,2015,10,15,26.95,28.4,25.52,90.87,54.758,6.607,0.56,2.48,12.7,7.66,9.984008
2015-10-16,2015,10,16,28.47,31.44,26.89,82.79,49.649,6.487,0.51,3.51,51.8,3.88,10.834603
2015-10-17,2015,10,17,28.89,31.75,27.04,81.22,6.311,66.314,0.65,2.71,21.4,2.54,11.360517
2015-10-18,2015,10,18,28.8,31.43,27.01,82.22,60.852,65.412,0.63,2.75,26.4,1.27,10.187855
2015-10-19,2015,10,19,28.44,30.43,27.19,85.95,62.438,66.353,0.65,3.84,28.6,1.75,10.922621
2015-10-20,2015,10,20,28.85,31.35,27.57,84.53,62.808,65.894,0.65,3.55,38.8,1.24,10.557342
2015-10-21,2015,10,21,28.7,30.73,27.34,84.18,63.389,65.726,0.66,3.37,45.5,1.55,11.750826
2015-10-22,2015,10,22,28.78,30.66,27.52,83.46,59.239,6.491,0.62,2.94,33.3,1.12,10.925662
2015-10-23,2015,10,23,29.01,31.41,27.33,80.43,49.937,63.778,0.52,4.79,46.6,1.43,10.536299
2015-10-24,2015,10,24,28.49,29.9,27.46,83.35,36.806,65.138,0.39,2.42,67.1,2.22,6.982461
2015-10-25,2015,10,25,27.65,29.15,26.88,86.11,55.889,65.472,0.59,1.45,62.2,1.65,10.430645
2015-10-26,2015,10,26,27.95,29.81,26.74,78.37,36.115,64.392,0.38,1.24,29.0,0.79,6.719681
2015-10-28,2015,10,28,29.07,32.13,27.32,78.59,57.967,62.815,0.62,3.89,46.0,0.93,10.615768
2015-10-29,2015,10,29,28.88,31.65,27.32,81.42,52.574,62.383,0.56,5.11,43.9,1.35,9.893503
2015-10-30,2015,10,30,28.8,31.52,27.52,81.01,50.035,63.641,0.53,4.58,44.9,1.78,10.669252
2015-11-01,2015,11,1,28.42,30.6,27.2,80.72,39.283,6.305,0.42,2.77,49.9,2.46,5.9626184
2015-11-02,2015,11,2,27.41,28.7,26.71,85.06,43.123,61.745,0.46,3.87,31.3,14.88,7.926747
2015-11-04,2015,11,4,27.68,30.04,26.05,84.22,48.132,61.334,0.52,3.05,42.3,18.87,8.819221
2015-11-06,2015,11,6,28.74,31.51,26.74,79.78,50.897,62.378,0.55,5.02,50.9,4.75,10.429659
2015-11-07,2015,11,7,28.42,31.44,26.72,77.99,57.998,64.481,0.63,5.25,47.1,0.42,10.167423
2015-11-09,2015,11,9,28.23,29.97,27.17,85.96,50.621,61.092,0.56,3.36,61.9,1.04,8.943474
2015-11-11,2015,11,11,27.7,28.85,27.12,86.26,39.362,59.878,0.43,4.23,57.6,1.32,7.6664743
2015-11-13,2015,11,13,28.09,29.97,27.16,85.7,50.244,58.906,0.56,5.82,47.0,0.9,9.99147
2015-11-14,2015,11,14,28.19,30.25,26.75,84.57,5.448,59.825,0.61,5.82,48.8,0.82,10.020524
2015-11-15,2015,11,15,27.93,29.74,26.63,86.39,51.295,58.435,0.57,6.07,48.0,2.4,9.204975
2015-11-16,2015,11,16,27.49,29.48,26.5,87.47,26.078,57.886,0.29,3.85,58.4,7.07,3.9455225
2015-11-18,2015,11,18,26.44,28.69,24.79,88.86,2.047,56.726,0.23,2.48,38.1,27.81,4.5589805
2015-11-20,2015,11,20,28.14,31.03,26.31,79.04,52.025,59.822,0.59,4.75,48.0,2.41,9.284619
2015-11-22,2015,11,22,28.22,31.73,26.22,80.93,59.522,61.498,0.68,5.55,46.2,0.01,10.228865
2015-11-23,2015,11,23,27.97,30.41,26.53,83.2,57.646,59.525,0.66,6.81,38.5,0.02,10.052917
2015-11-25,2015,11,25,28.1,30.59,26.71,80.81,5.449,5.917,0.62,7.11,43.7,0.05,9.624363
2015-11-27,2015,11,27,28.21,31.73,26.14,81.45,56.424,58.291,0.65,5.86,39.6,0.06,9.793905
2015-11-29,2015,11,29,27.82,30.58,26.03,83.4,54.478,57.984,0.63,4.94,38.0,0.08,10.1014385
2015-11-30,2015,11,30,28.4,32.42,26.31,82.93,52.238,58.409,0.6,4.63,38.0,0.1,9.05611
2015-12-01,2015,12,1,28.18,30.24,26.95,85.37,50.249,56.352,0.58,4.39,55.9,0.2,9.182199
2015-12-04,2015,12,4,28.5,30.98,27.01,83.61,47.729,57.144,0.55,4.35,51.4,0.33,9.059511
2015-12-06,2015,12,6,28.03,30.78,26.06,80.34,54.926,58.202,0.64,6.46,46.2,0.04,9.639941
2015-12-08,2015,12,8,27.73,30.1,26.15,83.85,47.664,56.774,0.56,4.08,49.3,0.04,9.45114
2015-12-09,2015,12,9,28.38,31.79,26.3,81.94,53.261,56.832,0.62,3.75,36.3,0.04,9.035997
2015-12-11,2015,12,11,28.63,32.43,26.61,81.45,54.156,57.473,0.63,5.6,39.3,0.16,9.481802
2015-12-13,2015,12,13,27.71,29.84,26.44,85.05,46.963,54.919,0.55,4.92,47.7,1.6,8.367606
2015-12-15,2015,12,15,28.1,31.02,26.49,81.98,38.114,55.572,0.45,2.07,34.6,2.25,7.5479174
2015-12-16,2015,12,16,28.09,31.1,26.23,81.27,50.638,55.877,0.59,3.22,26.7,2.12,8.426302
2015-12-17,2015,12,17,28.77,32.38,26.5,80.11,54.499,56.498,0.64,4.79,41.2,0.01,9.383534
2015-12-18,2015,12,18,28.58,31.78,26.72,81.72,49.874,56.016,0.59,4.9,50.9,0.01,8.92478
2015-12-20,2015,12,20,28.43,31.5,26.83,78.24,53.369,57.557,0.63,7.69,48.1,0.0,9.608344
2015-12-22,2015,12,22,28.19,31.68,26.05,77.58,55.454,57.235,0.65,6.74,51.4,0.0,10.086972
2015-12-24,2015,12,24,27.91,31.57,25.78,76.44,58.582,59.165,0.69,7.31,48.0,0.0,10.348974
2015-12-25,2015,12,25,27.8,31.8,24.95,74.18,59.146,59.436,0.69,7.99,52.0,0.0,10.406931
2015-12-27,2015,12,27,27.56,31.72,24.99,75.95,59.105,59.371,0.69,6.95,45.9,0.0,9.971945
2015-12-29,2015,12,29,27.61,31.21,25.35,78.58,57.926,58.248,0.68,6.09,48.3,0.0,9.547369
2015-12-31,2015,12,31,27.8,31.18,25.36,75.5,56.474,57.874,0.66,8.08,47.8,0.07,9.646001
2016-01-01,2016,1,1,27.71,31.52,25.56,77.51,43.164,56.448,0.5,6.74,46.2,0.83,6.8370304
2016-01-02,2016,1,2,27.12,30.77,25.01,81.09,46.404,56.798,0.54,5.55,43.5,1.15,8.695524
2016-01-05,2016,1,5,27.34,30.63,25.55,82.46,51.876,56.239,0.6,6.59,33.0,0.38,9.177847
2016-01-07,2016,1,7,27.23,29.95,25.44,81.01,53.124,56.158,0.62,6.18,34.0,0.01,9.399565
2016-01-09,2016,1,9,27.59,31.05,25.8,75.89,55.598,58.582,0.64,6.43,37.7,0.0,9.666644
2016-01-10,2016,1,10,27.11,30.13,25.47,77.16,53.311,58.476,0.61,6.27,36.4,0.06,9.161709
2016-01-12,2016,1,12,27.54,31.18,25.78,76.88,55.498,5.947,0.64,5.89,40.5,0.0,9.601526
2016-01-14,2016,1,14,27.46,31.47,24.8,73.49,58.646,59.897,0.67,6.57,44.2,0.0,10.271788
2016-01-16,2016,1,16,27.3,31.16,24.61,76.71,5.933,60.758,0.67,6.43,39.0,0.0,10.829662
2016-01-17,2016,1,17,27.29,31.24,24.98,77.32,59.854,61.181,0.68,5.62,38.1,0.0,10.692514
2016-01-18,2016,1,18,27.01,30.24,25.45,78.37,55.608,60.679,0.63,7.35,32.0,0.0,10.494596
2016-01-19,2016,1,19,26.95,29.35,25.49,79.59,55.901,61.819,0.63,9.06,38.7,0.0,10.221966
2016-01-21,2016,1,21,27.29,30.62,25.26,73.36,56.062,6.121,0.63,7.4,38.8,0.0,10.8176775
2016-01-23,2016,1,23,27.3,30.74,24.94,77.86,5.273,59.278,0.59,5.21,23.4,0.0,10.073821
2016-01-25,2016,1,25,27.55,30.92,25.66,73.85,57.792,6.059,0.64,8.4,37.9,0.0,11.270074
2016-01-26,2016,1,26,27.88,31.56,24.9,70.41,60.974,62.378,0.68,7.34,46.0,0.0,11.20248
2016-01-28,2016,1,28,28.18,32.94,25.16,74.96,54.862,6.011,0.6,4.54,39.5,0.0,10.480368
2016-01-30,2016,1,30,27.65,30.66,25.82,72.63,52.723,61.762,0.58,8.1,35.9,0.0,10.881572
2016-02-01,2016,2,1,27.85,31.54,25.34,71.44,62.105,62.906,0.68,6.53,39.7,0.0,11.551323
2016-02-02,2016,2,2,28.2,32.4,25.77,69.85,61.433,62.042,0.67,7.36,40.6,0.0,11.4132595
2016-02-03,2016,2,3,27.92,31.37,25.55,71.28,62.042,6.27,0.67,7.52,37.9,0.0,11.738035
2016-02-06,2016,2,6,27.66,31.75,25.43,72.72,64.085,64.337,0.69,7.96,33.1,0.0,11.845169
2016-02-08,2016,2,8,27.8,30.88,25.8,77.4,5.867,60.857,0.63,7.72,27.5,0.0,11.714783
2016-02-10,2016,2,10,27.73,30.75,25.82,75.97,55.272,6.09,0.59,8.8,33.8,0.0,11.520483
2016-02-11,2016,2,11,28.29,31.66,26.6,67.54,59.587,63.972,0.63,10.03,41.8,0.0,12.161231
2016-02-12,2016,2,12,27.73,30.88,25.88,69.94,62.834,6.487,0.66,9.09,41.2,0.0,12.823625
2016-02-13,2016,2,13,27.49,30.93,25.16,74.18,60.799,62.369,0.64,8.02,39.4,0.0,12.094572
2016-02-14,2016,2,14,27.5,30.37,25.7,72.89,57.866,61.759,0.61,9.61,40.0,0.0,11.747375
2016-02-15,2016,2,15,27.82,31.51,25.78,71.85,61.397,62.174,0.64,8.2,39.5,0.0,12.185132
2016-02-17,2016,2,17,27.91,31.55,25.89,78.61,51.286,6.114,0.53,8.03,33.3,0.0,11.445736
2016-02-18,2016,2,18,27.68,30.6,25.77,75.44,57.283,62.378,0.59,9.26,35.3,0.0,11.9059305
2016-02-19,2016,2,19,27.74,31.11,25.96,72.47,64.337,65.311,0.67,10.04,37.5,0.0,13.090849
2016-02-20,2016,2,20,27.66,30.67,25.79,71.16,6.365,64.526,0.66,9.84,39.5,0.04,12.741763
2016-02-21,2016,2,21,27.84,31.62,25.81,72.39,60.454,63.415,0.62,8.12,37.7,0.01,12.373179
2016-02-22,2016,2,22,27.79,31.43,25.67,72.52,62.458,64.495,0.64,7.78,37.1,0.02,12.29475
2016-02-24,2016,2,24,28.2,32.71,25.8,75.56,59.726,63.974,0.61,6.46,35.2,0.09,12.418034
2016-02-25,2016,2,25,27.75,31.11,26.01,77.43,43.416,61.862,0.44,8.45,32.4,0.0,10.295884
2016-02-26,2016,2,26,27.35,29.92,25.7,73.42,40.126,65.594,0.41,9.35,34.4,0.0,10.263011
2016-02-27,2016,2,27,27.63,31.07,25.76,71.75,65.741,6.852,0.67,8.93,35.1,0.0,13.158944
2016-02-28,2016,2,28,27.8,31.0,25.96,69.24,64.349,67.174,0.65,8.76,38.1,0.0,12.993412
2016-02-29,2016,2,29,27.82,30.94,25.77,73.93,57.806,64.207,0.58,8.08,35.6,0.0,12.84148
2016-03-01,2016,3,1,27.73,30.96,25.71,75.99,54.785,61.212,0.55,8.31,34.8,0.0,13.059401
2016-03-02,2016,3,2,27.8,31.09,25.86,74.01,61.565,6.57,0.62,8.79,33.0,0.0,13.057785
2016-03-04,2016,3,4,27.96,31.76,26.07,73.83,56.928,63.593,0.57,6.91,30.5,0.0,13.668526
2016-03-05,2016,3,5,27.62,31.3,25.81,74.37,58.716,65.234,0.58,7.74,29.0,0.0,12.867791
2016-03-06,2016,3,6,27.41,30.78,25.52,76.01,59.726,65.794,0.59,6.55,21.7,0.0,13.591143
2016-03-08,2016,3,8,28.01,31.97,25.83,73.24,62.921,66.065,0.62,7.96,38.3,0.01,13.342544
2016-03-09,2016,3,9,28.0,31.84,25.65,70.86,67.306,69.586,0.66,8.79,41.1,0.0,13.481571
2016-03-11,2016,3,11,27.86,31.01,25.57,68.84,68.234,72.451,0.67,8.76,43.5,0.0,13.311263
2016-03-12,2016,3,12,27.44,30.81,25.32,68.52,70.142,70.831,0.69,7.61,37.5,0.0,13.312342
2016-03-13,2016,3,13,27.62,31.85,25.17,70.49,55.675,68.866,0.55,6.55,34.9,0.0,14.049219
2016-03-14,2016,3,14,27.5,31.62,25.23,75.2,58.668,63.665,0.57,6.73,30.9,0.0,12.275083
2016-03-15,2016,3,15,27.48,31.3,25.36,77.64,57.965,60.842,0.57,7.72,31.4,0.0,12.858624
2016-03-16,2016,3,16,27.65,31.53,25.54,77.8,55.848,59.062,0.54,8.29,32.3,0.0,12.892144
2016-03-17,2016,3,17,27.94,31.63,25.67,75.2,54.322,6.235,0.53,7.83,33.5,0.0,12.349834
2016-03-18,2016,3,18,28.02,31.46,26.35,75.33,50.388,61.613,0.49,7.03,39.0,0.0,12.106489
2016-03-20,2016,3,20,28.12,32.22,25.98,78.35,5.401,63.516,0.52,7.14,32.8,0.0,13.778944
2016-03-21,2016,3,21,28.04,31.51,26.15,80.22,60.113,65.359,0.58,7.35,27.8,0.0,13.368676
2016-03-22,2016,3,22,28.49,31.74,26.54,73.91,60.982,65.074,0.59,10.39,36.7,0.0,14.536188
2016-03-23,2016,3,23,28.64,32.64,26.2,70.13,68.657,70.068,0.66,9.47,40.4,0.0,13.616147
2016-03-24,2016,3,24,28.82,32.9,26.47,70.59,67.337,67.898,0.65,7.93,40.8,0.0,14.316476
2016-03-25,2016,3,25,28.68,33.07,25.89,72.23,65.059,67.342,0.63,7.48,41.7,0.0,13.509095
2016-03-27,2016,3,27,28.65,32.43,26.16,70.65,54.806,63.408,0.53,8.12,39.3,0.0,12.931044
2016-03-28,2016,3,28,28.45,32.91,26.15,71.89,59.806,62.489,0.57,7.36,37.9,0.0,12.436708
2016-03-29,2016,3,29,28.28,32.69,25.75,73.96,57.977,62.657,0.56,7.02,36.3,0.0,13.430038
2016-03-30,2016,3,30,28.1,31.72,25.64,75.83,53.731,57.312,0.52,6.93,34.4,0.0,12.641999
2016-03-31,2016,3,31,28.08,32.01,25.49,78.69,50.431,58.394,0.48,5.97,26.0,0.07,12.7899065
2016-04-01,2016,4,1,28.34,32.36,25.93,79.51,46.445,55.783,0.44,5.47,31.2,3.13,11.789262
2016-04-02,2016,4,2,28.26,32.27,26.2,79.69,51.926,62.938,0.5,6.51,24.1,1.41,12.972251
2016-04-03,2016,4,3,28.2,31.6,25.92,74.47,56.249,69.559,0.54,7.69,29.6,0.27,12.512173
2016-04-05,2016,4,5,28.26,31.41,26.45,73.81,4.681,67.342,0.45,7.99,32.7,0.48,11.648741
2016-04-06,2016,4,6,28.21,31.18,26.62,74.49,66.869,70.471,0.64,8.49,34.5,0.0,13.514702
2016-04-07,2016,4,7,28.44,31.48,26.75,74.6,59.393,69.204,0.57,8.32,34.0,0.0,13.191485
2016-04-09,2016,4,9,28.55,31.55,26.87,74.85,62.902,68.621,0.6,9.8,35.4,0.0,13.399733
2016-04-10,2016,4,10,28.3,31.39,26.59,73.9,5.893,68.791,0.56,9.67,34.1,0.05,12.83501
2016-04-12,2016,4,12,27.78,30.45,26.0,73.66,63.946,75.223,0.61,7.68,26.6,0.13,13.315443
2016-04-13,2016,4,13,27.8,31.25,25.77,72.89,53.256,70.397,0.51,6.03,23.7,0.02,12.612585
2016-04-14,2016,4,14,27.92,30.89,25.69,74.9,58.596,69.214,0.56,6.73,28.4,0.08,13.018424
2016-04-15,2016,4,15,28.55,32.46,26.41,73.4,66.185,69.139,0.63,6.86,33.4,0.05,14.151803
2016-04-16,2016,4,16,28.7,32.28,26.34,76.44,62.544,67.769,0.59,6.84,33.9,0.34,12.900095
2016-04-17,2016,4,17,28.6,32.52,26.65,79.8,47.366,61.042,0.45,7.18,28.3,0.71,10.893109
2016-04-18,2016,4,18,28.12,30.98,26.67,82.6,56.844,68.198,0.54,7.34,24.4,1.95,13.07266
2016-04-19,2016,4,19,27.6,29.11,26.74,84.31,47.098,68.899,0.45,7.32,30.5,1.09,9.443107
2016-04-21,2016,4,21,28.01,29.96,26.58,85.16,4.783,71.155,0.45,5.99,34.4,0.87,12.887147
2016-04-22,2016,4,22,28.76,31.52,26.85,82.7,55.224,68.508,0.52,4.52,39.2,1.13,13.042433
2016-04-23,2016,4,23,28.59,31.24,26.91,83.33,4.315,67.301,0.41,3.84,40.2,1.73,10.042255
2016-04-24,2016,4,24,28.3,30.93,26.82,84.54,36.134,6.864,0.34,2.67,13.8,1.62,8.731093
2016-04-25,2016,4,25,27.95,30.47,26.42,84.33,42.643,69.053,0.41,3.65,25.2,1.38,8.879742
2016-04-26,2016,4,26,28.57,31.82,26.81,81.87,6.209,69.523,0.59,5.22,28.4,2.12,13.0304985
2016-04-28,2016,4,28,28.68,31.12,26.99,83.78,36.298,70.531,0.35,2.59,45.8,4.23,8.628065
2016-04-29,2016,4,29,28.38,31.02,26.77,83.77,62.388,70.176,0.59,2.01,29.8,3.23,12.90491
2016-04-30,2016,4,30,28.49,31.0,26.85,83.8,53.126,70.481,0.51,3.17,51.7,12.29,9.935925
2016-05-01,2016,5,1,28.28,30.54,26.83,84.4,53.059,70.229,0.51,2.17,44.7,37.87,11.632768
2016-05-02,2016,5,2,27.81,29.38,26.79,87.75,44.707,70.135,0.43,2.9,157.1,31.71,7.655524
2016-05-03,2016,5,3,28.31,31.64,26.29,79.88,62.167,71.076,0.59,2.06,324.2,6.38,12.506829
2016-05-04,2016,5,4,28.89,31.75,26.99,81.77,58.531,71.386,0.56,3.71,25.6,12.69,12.208464
2016-05-05,2016,5,5,29.21,32.25,27.57,81.92,6.211,71.832,0.59,2.98,10.1,15.03,12.233207
2016-05-07,2016,5,7,29.12,32.33,27.42,76.74,54.283,71.549,0.52,3.33,328.5,2.15,12.382046
2016-05-08,2016,5,8,28.42,30.73,27.07,82.22,38.753,70.222,0.37,4.97,22.4,7.47,10.647873
2016-05-09,2016,5,9,29.0,31.46,27.25,82.61,4.319,7.038,0.41,4.23,39.7,20.41,6.3187566
2016-05-11,2016,5,11,28.61,30.77,27.25,78.69,60.329,71.731,0.58,5.23,49.3,0.0,11.806525
2016-05-12,2016,5,12,28.52,30.39,27.09,81.97,66.965,71.626,0.64,5.98,44.8,0.0,12.9447155
2016-05-14,2016,5,14,28.49,30.44,27.43,87.51,47.765,72.182,0.46,5.11,44.5,0.0,9.950463
2016-05-15,2016,5,15,28.89,31.58,27.23,85.68,59.218,70.442,0.57,4.03,45.8,0.42,14.396461
2016-05-16,2016,5,16,28.84,30.96,27.61,85.48,55.661,69.607,0.53,5.28,49.6,1.64,13.680851
2016-05-17,2016,5,17,28.93,31.94,27.29,82.81,56.402,70.555,0.54,6.32,44.3,1.03,10.627086
2016-05-18,2016,5,18,28.51,31.13,27.05,85.63,52.985,69.922,0.51,4.99,47.9,1.36,9.262123
2016-05-19,2016,5,19,28.73,31.16,27.21,84.13,67.747,70.908,0.65,4.84,46.5,1.61,13.240575
2016-05-20,2016,5,20,29.36,32.8,27.29,79.34,67.798,70.954,0.65,6.66,42.6,0.51,13.288626
2016-05-21,2016,5,21,29.25,32.35,27.29,80.39,68.326,71.244,0.66,5.83,42.0,0.05,12.916047
2016-05-23,2016,5,23,29.2,32.7,27.28,82.67,53.018,70.922,0.51,3.68,57.4,0.11,9.398343
2016-05-24,2016,5,24,29.15,31.46,27.71,83.61,3.228,6.876,0.31,3.48,50.2,0.08,6.656387
2016-05-25,2016,5,25,28.64,30.74,27.58,87.13,37.598,66.679,0.36,3.06,66.5,6.54,5.6236625
2016-05-26,2016,5,26,28.38,30.29,27.2,83.32,59.153,69.984,0.57,3.81,46.0,4.95,12.290069
2016-05-27,2016,5,27,28.02,29.68,26.89,84.94,35.914,70.109,0.35,3.03,50.7,5.46,5.3836107
2016-05-28,2016,5,28,28.61,30.95,27.07,82.41,53.066,69.487,0.51,2.27,23.4,5.09,10.9824
2016-06-15,2016,6,15,28.65,31.15,26.84,83.37,50.988,69.722,0.5,3.28,41.3,6.57,10.822643
2016-06-16,2016,6,16,29.18,32.45,27.28,80.07,67.111,71.921,0.65,5.46,49.3,3.41,12.4407625
2016-06-17,2016,6,17,28.7,32.32,26.46,78.5,71.808,72.828,0.7,5.71,47.2,1.67,12.531204
2016-06-18,2016,6,18,28.59,31.28,27.1,82.49,6.461,70.838,0.63,5.12,46.1,5.24,11.434302
2016-06-19,2016,6,19,28.31,30.57,27.08,84.42,59.714,69.542,0.58,6.17,47.8,4.41,11.510053
2016-06-20,2016,6,20,28.03,29.64,26.91,85.51,30.821,66.847,0.3,3.45,51.0,5.65,6.2646465
2016-06-21,2016,6,21,27.45,29.22,26.98,85.97,45.355,6.726,0.44,4.54,56.2,4.61,11.858534
2016-06-22,2016,6,22,28.47,31.92,26.5,82.83,62.213,69.595,0.61,4.73,48.9,3.72,11.93163
2016-06-24,2016,6,24,28.51,31.08,27.13,83.97,4.777,69.715,0.47,5.25,48.5,5.85,10.505965
2016-06-25,2016,6,25,27.39,28.59,27.0,89.18,29.395,67.428,0.29,4.19,59.8,8.99,6.1233554
2016-06-26,2016,6,26,28.1,30.71,26.53,83.24,60.386,69.168,0.59,4.99,57.5,3.73,11.461784
2016-06-27,2016,6,27,28.61,31.56,27.0,80.4,70.027,71.239,0.68,5.58,52.1,2.79,12.668871
2016-06-28,2016,6,28,28.73,31.84,26.65,81.99,69.024,71.196,0.67,5.08,48.5,2.93,12.894208
2016-06-29,2016,6,29,28.65,31.15,27.0,84.21,55.877,70.334,0.54,4.84,49.7,3.24,10.823935
2016-07-01,2016,7,1,28.11,29.98,26.94,84.26,47.806,71.251,0.47,5.73,47.9,1.25,9.285256
2016-07-02,2016,7,2,27.72,29.73,26.52,85.94,35.374,69.554,0.34,4.72,50.4,4.42,7.9183245
2016-07-03,2016,7,3,27.76,29.97,26.58,86.72,46.308,68.513,0.45,4.46,51.2,2.48,10.775583
2016-07-04,2016,7,4,28.3,31.35,26.16,80.08,5.988,71.933,0.58,7.2,44.8,0.08,10.949646
2016-07-05,2016,7,5,28.04,30.79,26.38,84.99,55.978,70.226,0.55,6.17,45.5,1.77,10.765486
2016-07-06,2016,7,6,28.01,29.97,26.56,85.8,53.981,68.683,0.53,5.24,52.2,1.52,9.908421
2016-07-07,2016,7,7,29.24,33.64,26.74,78.9,56.081,68.124,0.55,5.92,49.8,1.28,11.877403
2016-07-08,2016,7,8,28.74,31.95,26.91,81.79,63.086,71.028,0.61,6.25,47.0,1.06,11.998737
2016-07-10,2016,7,10,28.7,31.63,26.86,78.62,54.235,70.272,0.53,5.39,53.3,0.14,11.191724
2016-07-11,2016,7,11,28.75,31.94,26.88,81.09,5.977,70.337,0.58,4.94,50.0,0.24,10.4511
2016-07-12,2016,7,12,28.4,30.66,26.85,82.89,57.684,70.642,0.56,6.14,50.7,0.21,11.218634
2016-07-14,2016,7,14,27.95,29.92,26.68,83.48,51.338,68.842,0.5,5.46,45.1,5.93,10.878964
2016-07-15,2016,7,15,27.57,29.27,26.66,87.21,53.957,68.954,0.52,4.58,48.9,19.55,10.367376
2016-07-17,2016,7,17,27.64,30.02,26.43,87.04,47.618,71.086,0.46,4.71,56.5,18.98,9.813504
2016-07-18,2016,7,18,27.76,29.69,26.36,85.98,31.872,69.938,0.31,4.54,46.8,11.83,9.4917
2016-07-19,2016,7,19,27.96,30.49,26.54,82.63,66.758,70.692,0.65,5.28,43.2,6.38,11.729893
2016-07-20,2016,7,20,28.12,30.7,26.77,84.01,64.462,70.874,0.63,4.94,47.5,2.78,11.02837
2016-07-21,2016,7,21,28.29,30.91,26.66,84.55,5.123,6.917,0.5,5.94,43.7,4.97,11.332648
2016-07-22,2016,7,22,28.11,29.89,27.19,86.13,5.209,68.129,0.51,3.99,55.5,6.65,10.561345
2016-07-23,2016,7,23,28.16,30.56,26.87,85.44,5.461,70.464,0.53,5.41,48.0,4.6,10.071591
2016-07-24,2016,7,24,28.2,31.18,26.41,80.06,64.694,71.304,0.63,6.38,41.1,0.7,11.104238
2016-07-26,2016,7,26,28.4,30.79,26.89,81.67,65.066,71.743,0.63,5.98,45.5,0.15,12.2148905
2016-07-27,2016,7,27,28.48,31.72,26.33,80.83,68.354,71.914,0.66,6.05,45.7,0.16,11.759307
2016-07-28,2016,7,28,28.45,31.93,25.28,79.71,6.883,71.086,0.67,4.98,64.4,0.4,12.188582
2016-07-29,2016,7,29,28.22,30.05,27.09,83.16,48.744,7.013,0.47,5.21,46.8,0.37,8.891163
2016-07-30,2016,7,30,27.77,29.21,26.8,85.82,4.337,68.227,0.42,5.73,45.5,1.12,10.0403595
2016-07-31,2016,7,31,28.22,31.34,26.68,83.11,55.781,69.662,0.54,6.34,43.8,0.92,10.047289
2016-08-02,2016,8,2,28.04,31.35,26.56,85.73,5.959,68.794,0.58,3.4,51.4,1.56,11.389084
2016-08-03,2016,8,3,27.43,30.35,25.63,86.25,43.656,69.629,0.42,2.94,63.1,4.96,10.535252
2016-08-04,2016,8,4,27.41,30.4,25.5,81.41,48.266,69.494,0.47,3.02,65.4,8.05,10.52495
2016-08-05,2016,8,5,28.31,31.52,26.55,82.77,63.684,72.355,0.61,4.34,54.8,4.8,11.6655855
2016-08-06,2016,8,6,29.11,32.89,27.03,80.41,63.845,71.784,0.62,5.3,41.1,2.88,11.812963
2016-08-07,2016,8,7,28.67,31.1,27.16,83.74,5.903,71.484,0.57,4.78,34.5,5.69,10.946439
2016-08-08,2016,8,8,28.88,31.75,27.54,85.87,64.454,71.801,0.62,4.59,40.9,3.13,11.789838
2016-08-09,2016,8,9,28.69,30.75,27.38,85.37,65.762,71.429,0.63,5.88,51.9,1.75,11.566399
2016-08-11,2016,8,11,28.17,30.79,26.92,83.66,53.434,70.627,0.51,4.18,55.1,2.18,9.9988785
2016-08-12,2016,8,12,28.01,30.03,26.71,85.41,57.934,69.494,0.56,3.63,52.2,1.79,11.151647
2016-08-13,2016,8,13,28.11,30.67,26.97,85.84,65.904,70.992,0.64,4.41,45.2,1.81,12.566261
2016-08-15,2016,8,15,28.61,31.59,26.89,82.5,66.653,72.329,0.64,4.27,53.4,2.44,11.776971
2016-08-16,2016,8,16,28.36,30.48,27.11,85.12,63.286,70.618,0.61,4.9,54.9,2.33,11.010978
2016-08-18,2016,8,18,28.79,32.2,26.79,80.18,56.201,72.034,0.54,6.02,43.9,0.7,10.827326
2016-08-19,2016,8,19,28.47,31.41,26.85,81.81,62.786,70.534,0.6,5.4,50.6,0.42,12.26731
2016-08-20,2016,8,20,28.87,32.34,26.69,80.34,65.556,71.568,0.63,5.44,44.3,0.42,11.413531
2016-08-21,2016,8,21,29.03,32.29,27.02,81.27,69.348,72.156,0.67,5.3,48.0,0.25,12.396582
2016-08-22,2016,8,22,29.0,32.37,27.33,80.0,67.522,7.219,0.65,6.4,45.0,0.27,12.531451
2016-08-23,2016,8,23,28.74,32.27,27.16,81.45,61.075,71.743,0.59,6.44,41.8,0.92,10.995767
2016-08-24,2016,8,24,28.74,32.54,26.83,80.14,57.979,70.781,0.56,5.83,34.6,1.06,12.034068
2016-08-25,2016,8,25,27.27,28.46,26.31,87.13,51.794,68.362,0.5,4.57,36.4,6.89,9.753692
2016-08-27,2016,8,27,27.21,29.2,25.57,81.29,60.806,71.412,0.59,2.27,241.1,9.86,12.396196
2016-08-28,2016,8,28,27.74,30.27,25.97,81.29,57.427,69.634,0.55,2.78,54.5,2.58,11.512457
2016-08-29,2016,8,29,28.95,32.72,26.77,81.15,59.568,71.323,0.57,2.93,30.2,6.4,11.299873
2016-08-30,2016,8,30,28.69,31.87,26.96,83.58,54.406,70.778,0.53,3.1,39.8,8.98,11.073468
2016-08-31,2016,8,31,27.6,30.14,26.49,84.66,61.289,70.795,0.59,2.85,352.7,27.26,12.424947
2016-09-01,2016,9,1,27.87,29.35,26.42,85.39,5.117,70.918,0.49,2.95,68.4,15.61,10.340857
2016-09-03,2016,9,3,28.58,31.6,26.68,81.92,56.659,7.045,0.55,4.9,42.7,1.39,11.100056
2016-09-04,2016,9,4,28.3,30.15,26.9,83.95,57.984,70.505,0.56,6.18,48.8,1.02,12.307536
2016-09-05,2016,9,5,28.21,30.83,26.82,83.49,43.788,67.745,0.42,5.77,44.9,2.79,8.810057
2016-09-06,2016,9,6,28.53,30.97,26.8,84.13,62.561,69.883,0.61,3.85,43.1,3.17,12.456903
2016-09-07,2016,9,7,27.1,29.42,26.02,83.69,53.674,69.986,0.52,2.19,5.0,7.09,13.163852
2016-09-08,2016,9,8,28.53,31.2,26.26,80.52,68.059,70.625,0.66,2.32,56.1,2.64,12.808174
2016-09-09,2016,9,9,27.93,29.42,27.26,86.38,45.802,68.232,0.44,4.6,51.0,4.47,11.2720175
2016-09-10,2016,9,10,27.59,29.71,26.63,87.14,36.053,69.691,0.35,3.72,57.4,8.3,7.313653
2016-09-12,2016,9,12,28.17,29.96,27.01,85.63,20.016,69.425,0.19,3.12,49.3,4.74,6.595201
2016-09-13,2016,9,13,27.66,29.06,26.91,87.51,49.447,68.945,0.48,3.2,59.0,4.85,10.386171
2016-09-14,2016,9,14,28.39,30.69,27.15,84.38,49.826,68.717,0.49,4.76,46.7,4.0,9.266501
2016-09-16,2016,9,16,27.87,30.15,25.49,85.78,67.546,71.633,0.66,3.31,31.2,5.07,13.087834
2016-09-17,2016,9,17,28.89,31.66,27.32,83.02,69.178,7.182,0.68,5.58,41.5,1.77,12.76434
2016-09-19,2016,9,19,28.29,30.34,27.29,86.17,6.497,70.318,0.64,3.16,51.0,2.03,12.702443
2016-09-20,2016,9,20,28.36,31.18,27.05,85.04,58.817,68.669,0.58,2.8,63.1,1.16,12.249077
2016-09-21,2016,9,21,27.69,29.07,26.79,87.52,3.727,68.578,0.37,4.81,39.5,1.7,9.600584
2016-09-22,2016,9,22,27.75,29.25,26.99,86.61,48.353,68.914,0.48,3.44,41.6,1.44,10.404742
2016-09-23,2016,9,23,28.37,30.08,27.28,85.06,62.098,68.347,0.61,3.9,48.9,1.42,12.359392
2016-09-24,2016,9,24,28.84,31.14,27.34,84.32,58.037,68.496,0.57,3.91,48.5,1.31,11.437359
2016-09-25,2016,9,25,28.43,30.02,27.43,84.53,52.704,68.107,0.52,2.92,65.7,2.48,11.346984
2016-09-26,2016,9,26,28.53,30.28,27.13,82.98,64.867,69.917,0.64,3.92,53.9,1.76,11.723333
2016-09-28,2016,9,28,28.73,30.8,27.51,84.49,62.726,70.421,0.62,5.97,42.4,13.92,12.251324
2016-09-29,2016,9,29,28.57,31.07,27.18,82.67,53.705,6.889,0.54,6.37,40.0,7.25,11.295221
2016-09-30,2016,9,30,28.02,29.82,27.16,85.67,53.724,69.053,0.54,5.36,16.7,11.83,10.756974
2016-10-01,2016,10,1,27.22,27.95,26.63,90.81,20.402,6.893,0.2,5.33,276.2,76.34,4.6157703
2016-10-02,2016,10,2,26.55,27.1,26.01,89.02,15.379,68.794,0.15,7.28,227.7,68.34,4.84416
2016-10-03,2016,10,3,27.25,29.6,26.09,84.21,54.096,68.539,0.54,5.19,225.3,5.03,10.341671
2016-10-05,2016,10,5,28.7,33.78,26.54,78.07,50.434,66.612,0.51,1.93,350.8,6.1,10.526755
2016-10-06,2016,10,6,27.79,29.26,26.87,88.17,55.404,66.106,0.56,3.77,26.4,8.98,11.951536
2016-10-07,2016,10,7,27.97,30.02,26.85,86.3,43.224,66.826,0.44,3.02,49.3,11.3,9.412184
2016-10-08,2016,10,8,27.59,29.33,26.58,86.15,46.303,66.782,0.47,3.0,18.2,9.93,10.948503
2016-10-09,2016,10,9,27.25,29.54,25.6,83.06,51.365,66.266,0.52,2.03,349.1,10.39,10.380265
2016-10-10,2016,10,10,26.42,29.47,25.24,87.38,46.651,6.599,0.48,2.3,329.9,8.53,8.907227
2016-10-11,2016,10,11,27.34,28.82,25.75,89.03,44.482,6.527,0.45,3.01,0.6,9.71,10.021963
2016-10-12,2016,10,12,27.87,30.51,26.69,85.84,2.148,65.534,0.22,2.81,345.9,17.5,4.772512
2016-10-14,2016,10,14,28.32,30.0,27.28,87.14,49.992,64.469,0.51,4.68,47.9,9.23,10.869049
2016-10-15,2016,10,15,27.98,29.22,26.99,89.97,56.417,65.119,0.58,5.08,51.5,19.65,11.392521
2016-10-16,2016,10,16,27.97,29.97,26.43,86.46,25.303,64.291,0.26,1.99,182.7,14.62,7.398486
2016-10-18,2016,10,18,27.21,28.55,26.16,83.63,34.109,64.214,0.35,1.75,252.5,1.35,6.026204
2016-10-19,2016,10,19,27.22,29.56,25.78,83.07,53.278,66.014,0.55,1.73,308.3,1.41,10.84761
2016-10-21,2016,10,21,27.9,29.03,27.24,87.6,54.898,64.452,0.57,4.12,25.2,1.92,11.136476
2016-10-22,2016,10,22,28.44,30.17,27.51,87.32,49.822,63.494,0.52,5.16,30.0,3.21,11.554076
2016-10-23,2016,10,23,28.81,31.71,27.43,82.11,49.944,65.306,0.53,5.95,37.8,3.15,10.902934
2016-10-24,2016,10,24,28.4,30.49,27.29,83.83,50.453,65.486,0.53,5.93,41.2,3.94,10.3510685
2016-10-25,2016,10,25,27.37,28.14,26.86,86.15,44.832,6.402,0.47,4.99,43.5,8.91,7.541513
2016-10-26,2016,10,26,27.23,28.52,25.6,85.32,37.742,63.667,0.4,2.93,354.7,6.72,8.685562
2016-10-27,2016,10,27,27.16,30.04,25.25,81.98,51.965,6.426,0.55,2.09,287.9,1.76,10.592889
2016-10-28,2016,10,28,27.37,29.64,25.92,80.56,48.053,64.382,0.51,1.76,320.8,0.39,9.418447
2016-10-30,2016,10,30,27.79,29.94,26.13,83.91,50.342,62.755,0.54,1.95,5.0,14.13,10.983977
2016-10-31,2016,10,31,28.19,30.14,27.16,86.46,5.112,62.635,0.55,3.4,22.3,17.13,10.697509
2016-11-01,2016,11,1,27.88,29.23,27.01,84.52,36.216,63.763,0.39,3.11,357.1,11.67,8.704346
2016-11-02,2016,11,2,27.29,28.81,26.17,84.64,40.793,62.191,0.44,3.15,19.9,4.2,8.990238
2016-11-04,2016,11,4,28.06,29.45,27.03,84.35,55.164,63.739,0.6,4.83,38.4,8.9,10.948233
2016-11-06,2016,11,6,28.03,30.68,26.8,84.08,37.702,59.705,0.41,2.37,355.9,13.52,7.8409166
2016-11-08,2016,11,8,27.76,29.89,26.54,82.03,51.434,60.262,0.56,1.49,358.3,15.25,10.324072
2016-11-09,2016,11,9,28.3,30.87,26.75,84.94,51.504,61.054,0.57,4.37,35.2,14.73,9.547225
2016-11-11,2016,11,11,28.35,30.08,27.43,86.62,35.621,60.991,0.39,4.66,44.8,11.78,6.981655
2016-11-13,2016,11,13,28.3,30.42,26.94,83.91,46.433,59.026,0.52,2.22,31.6,17.01,9.193642
2016-11-15,2016,11,15,27.56,28.74,26.5,86.25,37.493,61.421,0.42,3.28,25.8,44.32,9.743554
2016-11-16,2016,11,16,27.37,29.65,25.83,82.06,44.093,61.464,0.49,2.19,291.4,15.04,9.407546
2016-11-17,2016,11,17,27.0,28.92,25.67,83.3,46.339,60.427,0.52,2.54,9.6,2.3,9.04058
2016-11-20,2016,11,20,26.38,28.59,25.24,85.86,34.008,60.127,0.38,1.79,299.7,25.29,7.67221
2016-11-22,2016,11,22,27.52,30.46,25.76,81.93,55.073,60.329,0.63,2.9,31.2,0.39,10.181343
2016-11-24,2016,11,24,28.2,29.3,27.4,84.87,41.873,57.427,0.48,4.75,48.7,0.53,9.562581
2016-11-25,2016,11,25,27.95,29.21,27.04,85.22,27.139,57.187,0.31,2.91,86.5,0.46,7.1195793
2016-11-27,2016,11,27,27.64,30.34,26.17,83.87,36.516,58.344,0.42,2.66,350.5,3.58,6.81385
2016-11-29,2016,11,29,27.78,29.91,26.53,84.49,47.398,59.326,0.55,5.34,35.6,6.92,9.413808
2016-12-01,2016,12,1,27.99,30.34,26.68,80.61,54.478,5.917,0.63,5.45,34.7,1.05,9.53954
2016-12-02,2016,12,2,27.65,29.42,26.56,84.95,45.295,57.516,0.53,3.81,18.7,2.74,8.383923
2016-12-03,2016,12,3,27.78,30.27,26.47,86.3,42.768,56.556,0.5,2.03,19.1,6.74,8.319187
2016-12-04,2016,12,4,27.94,30.48,26.36,85.68,49.759,58.274,0.58,2.24,36.9,5.77,9.309981
2016-12-06,2016,12,6,28.07,30.36,26.34,81.45,55.042,59.177,0.64,6.9,48.2,1.14,9.247759
2016-12-08,2016,12,8,28.02,29.75,27.0,82.64,46.817,57.665,0.55,5.48,58.6,3.73,8.820977
2016-12-10,2016,12,10,27.46,29.19,26.34,83.15,4.447,55.728,0.52,5.67,60.6,3.91,8.952251
2016-12-11,2016,12,11,27.5,28.85,26.55,86.72,44.376,56.064,0.52,6.76,56.8,2.73,8.696449
2016-12-13,2016,12,13,28.07,30.21,26.61,84.02,49.714,57.528,0.58,6.03,49.9,0.05,9.200021
2016-12-15,2016,12,15,27.72,30.05,26.16,82.9,52.682,59.887,0.62,6.93,46.4,0.0,9.300516
2016-12-17,2016,12,17,27.52,30.02,25.89,81.34,53.686,59.484,0.63,7.31,50.4,0.0,9.892818
2016-12-18,2016,12,18,27.4,29.8,25.66,81.48,56.359,5.915,0.66,7.57,54.7,0.0,9.820018
2016-12-19,2016,12,19,26.88,29.15,25.47,80.7,58.997,61.442,0.69,9.1,49.7,0.01,9.901973
2016-12-22,2016,12,22,26.54,29.74,24.52,82.99,52.687,58.805,0.62,4.65,44.3,0.08,8.898858
2016-12-24,2016,12,24,27.04,29.69,25.63,85.02,55.306,57.485,0.65,7.24,42.1,0.15,9.524169
2016-12-26,2016,12,26,26.72,28.92,25.38,80.53,48.389,57.946,0.57,9.6,49.8,0.05,8.826035
2016-12-27,2016,12,27,26.63,29.23,25.13,80.24,50.172,60.204,0.59,7.77,50.5,0.01,8.564517
2016-12-29,2016,12,29,26.49,29.15,24.8,83.23,59.126,60.202,0.69,7.34,41.8,0.01,9.9720125
2016-12-31,2016,12,31,26.71,28.97,25.45,84.53,53.234,58.817,0.62,8.1,44.2,0.1,9.129264
2017-01-02,2017,1,2,26.42,29.41,24.64,81.28,60.312,61.361,0.7,7.4,49.0,0.0,10.494112
2017-01-03,2017,1,3,26.15,29.48,24.01,83.08,60.542,61.231,0.7,5.49,43.9,0.0,10.320898
2017-01-04,2017,1,4,26.17,29.54,24.35,83.53,58.906,60.574,0.68,5.55,41.3,0.0,9.910123
2017-01-05,2017,1,5,26.56,30.22,24.59,82.31,58.829,59.928,0.68,6.22,37.6,0.01,9.883084
2017-01-07,2017,1,7,26.68,29.14,25.26,87.14,43.483,56.892,0.5,5.61,48.8,0.71,7.454791
2017-01-09,2017,1,9,25.91,27.46,25.01,82.2,40.387,58.721,0.47,9.47,40.4,0.06,7.958903
2017-01-11,2017,1,11,26.01,28.76,24.12,75.08,58.882,63.442,0.68,8.69,48.7,0.0,10.977562
2017-01-12,2017,1,12,26.15,28.77,24.43,78.56,58.594,61.358,0.67,9.0,47.2,0.0,10.333407
2017-01-14,2017,1,14,25.7,28.12,24.18,74.93,59.074,61.889,0.67,9.42,46.3,0.0,10.141305
2017-01-16,2017,1,16,25.59,28.22,23.43,79.86,61.099,62.964,0.69,7.48,45.8,0.0,9.971175
2017-01-18,2017,1,18,25.74,28.65,23.93,79.43,61.711,63.338,0.7,7.55,43.0,0.0,10.49447
2017-01-19,2017,1,19,25.78,28.8,23.59,80.64,60.022,63.173,0.68,6.56,38.5,0.0,10.110991
2017-01-20,2017,1,20,26.11,29.77,23.98,79.04,5.735,61.807,0.64,6.35,37.8,0.0,10.430955
2017-01-23,2017,1,23,25.43,29.04,23.09,78.75,60.487,62.566,0.67,2.62,352.1,0.01,10.453988
2017-01-25,2017,1,25,26.11,28.78,24.03,76.68,55.646,61.517,0.62,6.85,32.6,0.0,10.133203
2017-01-27,2017,1,27,27.39,31.24,24.77,75.92,61.512,63.708,0.68,7.46,43.2,0.0,10.918956
2017-01-28,2017,1,28,26.99,30.14,24.5,75.14,6.253,63.787,0.69,7.38,42.5,0.0,11.091294
2017-01-30,2017,1,30,27.21,30.53,25.28,79.36,58.918,61.234,0.64,7.95,35.1,0.01,10.626713
2017-02-01,2017,2,1,26.69,28.98,25.27,78.3,60.583,64.106,0.66,9.45,40.7,0.01,10.576547
2017-02-03,2017,2,3,26.85,29.94,24.55,80.47,62.489,63.919,0.68,6.88,37.6,0.01,11.547582
2017-02-04,2017,2,4,27.08,30.24,24.62,80.26,6.125,63.521,0.66,8.01,41.1,0.04,11.216563
2017-02-05,2017,2,5,27.31,30.67,25.07,77.9,63.888,64.553,0.69,8.41,40.1,0.0,12.023175
2017-02-06,2017,2,6,27.64,31.72,25.06,77.02,63.886,64.226,0.68,7.45,41.2,0.0,11.986644
2017-02-08,2017,2,8,27.4,30.91,25.08,79.04,63.924,6.468,0.68,6.18,39.6,0.0,11.790405
2017-02-10,2017,2,10,26.77,29.25,25.23,73.78,57.434,65.066,0.61,11.09,42.0,0.0,11.427574
2017-02-12,2017,2,12,26.72,29.72,24.77,74.21,64.867,67.692,0.68,9.12,42.6,0.0,11.772782
2017-02-13,2017,2,13,26.52,30.34,24.07,75.47,61.087,66.336,0.64,6.45,41.2,0.0,11.492958
2017-02-14,2017,2,14,26.39,30.29,23.93,76.42,60.682,6.6,0.64,6.31,38.7,0.01,10.596009
2017-02-15,2017,2,15,26.73,31.01,24.0,76.14,60.617,6.607,0.63,5.44,33.5,0.02,11.675875
2017-02-16,2017,2,16,26.46,29.72,24.59,77.8,59.597,66.142,0.62,6.16,32.4,0.01,11.322165
2017-02-17,2017,2,17,26.35,29.49,24.75,77.78,63.994,67.908,0.66,6.46,28.5,0.0,11.736602
2017-02-19,2017,2,19,26.99,30.99,24.08,69.89,66.288,67.567,0.68,6.79,39.1,0.0,12.432213
2017-02-20,2017,2,20,27.07,31.22,24.76,74.5,63.449,67.555,0.65,6.33,34.0,0.0,11.658873
2017-02-21,2017,2,21,26.27,29.11,24.59,75.54,64.186,68.738,0.66,5.98,20.6,0.0,11.706261
2017-02-23,2017,2,23,26.12,29.85,23.59,73.44,6.787,70.111,0.69,2.91,353.1,0.0,11.765143
2017-02-24,2017,2,24,26.9,31.52,23.3,74.28,69.401,70.879,0.71,4.01,19.0,0.0,12.380725
2017-02-26,2017,2,26,27.53,30.66,25.75,75.22,57.804,65.393,0.59,8.13,40.1,0.0,11.157001
2017-02-27,2017,2,27,27.48,30.47,25.49,72.47,55.135,67.502,0.56,8.93,40.1,0.0,11.834256
2017-02-28,2017,2,28,27.91,30.89,26.0,69.9,67.927,70.366,0.69,9.96,43.6,0.0,13.171224
2017-03-01,2017,3,1,27.72,30.92,25.66,71.66,67.766,70.843,0.68,9.17,42.7,0.0,12.142071
2017-03-02,2017,3,2,28.03,31.47,25.61,69.54,6.797,70.759,0.68,8.94,45.1,0.0,13.017925
2017-03-03,2017,3,3,27.93,31.24,25.8,70.53,63.262,70.051,0.63,9.82,46.3,0.02,12.13141
2017-03-04,2017,3,4,27.35,30.03,25.87,74.8,56.822,68.263,0.57,10.07,42.4,0.0,11.925878
2017-03-05,2017,3,5,27.37,30.07,25.68,74.73,6.341,69.466,0.63,10.54,42.9,0.02,11.833511
2017-03-07,2017,3,7,27.67,30.94,25.82,71.91,51.355,69.096,0.51,9.14,43.3,0.0,11.898033
2017-03-08,2017,3,8,27.68,30.35,25.93,71.36,56.412,69.523,0.56,9.61,46.4,0.01,11.582776
2017-03-09,2017,3,9,27.29,30.35,25.61,70.86,63.468,70.466,0.63,9.67,43.8,0.0,12.694103
2017-03-10,2017,3,10,27.42,31.11,25.07,75.47,66.518,69.262,0.66,7.15,32.7,0.01,13.058769
2017-03-11,2017,3,11,27.2,30.91,25.29,79.96,59.083,67.022,0.58,7.15,31.7,0.14,11.91685
2017-03-18,2017,3,18,27.49,30.91,25.49,68.29,69.322,7.301,0.67,9.17,38.9,0.0,12.740961
2017-03-19,2017,3,19,27.18,30.45,25.33,70.93,61.546,7.277,0.6,7.32,33.2,0.01,11.717944
2017-03-20,2017,3,20,27.33,31.36,25.18,74.85,61.781,70.654,0.6,6.36,31.8,0.02,12.227129
2017-03-21,2017,3,21,27.17,30.04,25.31,74.86,61.966,71.472,0.6,7.42,30.0,0.04,11.7922
2017-03-23,2017,3,23,26.65,28.7,25.51,77.21,28.238,6.39,0.27,7.45,31.5,0.57,6.973905
2017-03-24,2017,3,24,27.4,30.94,25.3,74.89,30.146,65.657,0.29,6.65,24.1,0.39,7.338148
2017-03-25,2017,3,25,27.47,30.65,25.33,77.02,55.246,69.247,0.53,5.11,28.6,1.15,10.94187
2017-03-27,2017,3,27,27.44,30.37,25.59,78.14,54.362,69.727,0.52,5.85,24.4,0.97,11.838842
2017-03-28,2017,3,28,27.68,30.83,25.64,77.43,63.917,70.879,0.61,6.24,21.4,0.2,12.620302
2017-03-30,2017,3,30,28.03,31.46,25.86,78.93,44.573,67.918,0.43,5.83,37.2,10.31,10.417347
2017-03-31,2017,3,31,27.81,30.97,25.99,82.0,47.638,68.491,0.46,5.86,43.9,16.99,12.666317
2017-04-01,2017,4,1,28.37,32.04,26.05,78.12,5.507,67.706,0.53,6.62,37.4,0.08,13.733708
2017-04-02,2017,4,2,28.78,32.85,26.57,78.29,66.158,70.944,0.63,6.81,39.7,0.05,14.164034
2017-04-03,2017,4,3,28.5,31.99,26.34,79.56,57.211,69.043,0.55,6.78,40.6,0.02,12.27784
2017-04-04,2017,4,4,28.5,32.3,26.06,78.08,6.799,7.001,0.65,6.34,41.9,0.0,13.820072
2017-04-05,2017,4,5,28.95,33.4,26.1,74.89,70.349,71.158,0.67,7.24,43.2,0.07,14.406212
2017-04-06,2017,4,6,28.83,32.43,26.58,74.87,69.617,70.898,0.66,6.72,41.5,0.94,14.313792
2017-04-08,2017,4,8,27.72,30.45,26.1,74.71,49.704,68.294,0.47,8.97,32.2,0.62,12.86958
2017-04-09,2017,4,9,27.65,30.6,25.99,78.13,50.119,6.683,0.48,7.9,31.4,5.95,11.581914
2017-04-10,2017,4,10,27.58,30.43,25.79,76.24,60.341,70.354,0.57,8.35,32.6,12.07,13.390514
2017-04-11,2017,4,11,27.73,30.55,26.0,72.17,66.926,72.386,0.64,7.82,37.1,0.07,13.162738
2017-04-12,2017,4,12,28.02,31.38,26.05,73.65,61.452,70.375,0.58,7.71,36.5,0.42,12.702917
2017-04-13,2017,4,13,27.56,30.03,26.21,78.67,60.878,69.838,0.58,8.21,35.9,0.24,12.177082
2017-04-15,2017,4,15,27.74,30.63,26.18,83.25,57.218,69.701,0.54,7.27,35.0,3.03,11.969958
2017-04-16,2017,4,16,28.16,31.34,26.4,81.89,6.354,71.539,0.6,6.92,39.8,0.98,13.819423
2017-04-17,2017,4,17,27.69,29.85,26.28,85.1,37.421,70.174,0.36,4.42,44.4,2.14,11.123388
2017-04-18,2017,4,18,27.98,30.82,26.26,83.95,58.642,70.022,0.56,4.1,36.8,2.76,13.288286
2017-04-19,2017,4,19,28.26,31.13,26.41,81.89,35.647,68.904,0.34,3.12,47.3,1.96,3.1776316
2017-04-20,2017,4,20,27.61,29.61,26.31,82.16,22.651,71.628,0.22,2.63,30.0,3.29,4.9544687
2017-04-21,2017,4,21,27.95,31.26,25.9,78.97,61.829,71.621,0.59,2.44,355.9,1.16,13.358687
2017-04-22,2017,4,22,28.42,32.13,26.13,78.21,69.199,73.637,0.66,3.06,14.4,0.35,12.817603
2017-04-24,2017,4,24,28.39,31.34,26.46,83.07,45.833,71.614,0.44,2.73,6.4,0.52,10.622469
2017-04-25,2017,4,25,28.32,31.36,26.58,82.83,48.091,69.982,0.46,3.97,3.3,1.31,9.081515
2017-04-26,2017,4,26,28.35,30.81,26.56,83.82,53.486,69.862,0.51,3.39,33.0,3.05,10.159728
2017-04-28,2017,4,28,29.28,33.19,27.05,77.16,6.72,70.858,0.64,6.23,40.9,0.88,13.52582
2017-04-29,2017,4,29,29.61,34.11,27.02,77.43,66.346,71.381,0.63,5.51,45.4,1.86,13.21137
2017-05-01,2017,5,1,28.35,31.08,26.64,80.39,48.314,70.836,0.46,4.2,47.8,9.41,9.596116
2017-05-02,2017,5,2,28.68,32.7,26.34,79.64,59.302,70.608,0.57,3.82,40.4,6.23,12.99911
2017-05-03,2017,5,3,28.89,31.81,26.62,78.72,60.295,71.338,0.57,4.66,47.9,2.22,12.71103
2017-05-04,2017,5,4,28.63,32.14,26.35,81.22,60.396,71.726,0.58,4.71,38.5,2.76,11.922596
2017-05-05,2017,5,5,28.56,31.03,26.84,83.15,53.782,71.364,0.51,3.08,46.5,7.94,8.861946
2017-05-06,2017,5,6,27.42,28.43,26.44,87.57,33.432,70.358,0.32,2.87,265.3,15.04,7.449588
2017-05-07,2017,5,7,26.88,28.91,25.95,87.35,32.021,70.001,0.31,3.87,339.8,24.89,9.221444
2017-05-08,2017,5,8,27.68,29.77,26.36,84.72,4.597,70.836,0.44,4.36,42.0,3.93,9.386648
2017-05-10,2017,5,10,28.2,31.13,26.68,82.01,49.126,71.287,0.47,4.7,39.2,6.87,10.506526
2017-05-11,2017,5,11,28.38,31.89,26.74,82.45,46.392,71.378,0.44,4.85,28.1,8.21,8.360217
2017-05-12,2017,5,12,28.13,30.97,26.36,79.52,38.242,72.079,0.37,3.75,16.3,3.86,10.235618
2017-05-13,2017,5,13,28.11,30.72,26.3,81.92,60.571,72.269,0.58,3.1,16.4,6.7,11.305743
2017-05-17,2017,5,17,27.69,30.38,26.22,87.66,50.314,71.028,0.48,3.5,3.7,77.65,11.156924
2017-05-18,2017,5,18,28.04,29.89,26.7,88.61,51.886,71.052,0.5,5.56,41.8,104.86,9.743176
2017-05-19,2017,5,19,28.85,31.55,27.34,83.8,70.663,73.202,0.68,5.72,49.1,13.65,12.723435
2017-05-20,2017,5,20,28.05,29.54,27.14,86.31,50.491,6.972,0.49,6.63,49.0,15.45,9.190309
2017-05-21,2017,5,21,28.14,30.1,26.69,84.2,37.481,68.534,0.36,4.92,48.1,0.9,5.6680784
2017-05-22,2017,5,22,27.68,28.73,26.9,88.64,58.606,69.451,0.56,5.12,50.0,0.69,10.714852
2017-05-23,2017,5,23,27.93,29.64,26.87,88.1,51.072,68.827,0.49,3.56,55.8,0.58,10.8102
2017-05-24,2017,5,24,28.53,31.06,26.99,86.96,61.925,70.478,0.6,3.38,48.2,0.78,10.152825
2017-05-26,2017,5,26,28.25,31.07,27.0,85.91,52.951,70.829,0.51,5.15,49.3,1.84,8.194358
2017-05-27,2017,5,27,27.94,30.4,26.18,83.37,53.354,68.434,0.52,5.34,49.4,0.64,10.804623
2017-05-28,2017,5,28,27.8,30.19,26.35,83.65,66.775,70.459,0.65,5.31,50.6,1.2,12.367778
2017-05-30,2017,5,30,27.85,29.06,26.99,87.98,55.123,70.452,0.53,3.26,52.7,3.76,10.926923
2017-05-31,2017,5,31,28.23,30.35,26.76,85.81,59.935,7.121,0.58,4.41,53.1,0.63,10.904832
2017-06-02,2017,6,2,28.66,32.09,26.92,81.95,68.664,71.045,0.67,4.96,48.7,0.22,11.8394985
2017-06-03,2017,6,3,28.86,32.32,26.52,81.66,65.974,72.408,0.64,5.49,43.6,0.13,12.080534
2017-06-04,2017,6,4,29.24,32.86,27.02,82.3,65.602,71.513,0.64,4.61,47.9,0.55,11.837582
2017-06-05,2017,6,5,28.76,31.61,27.29,84.95,44.772,70.068,0.43,3.49,49.6,2.01,7.3941493
2017-06-06,2017,6,6,28.83,32.26,27.12,85.03,57.175,70.267,0.56,3.85,49.0,2.33,9.949503
2017-06-07,2017,6,7,28.36,30.46,27.2,86.38,42.696,68.602,0.41,3.13,57.7,2.23,9.748996
2017-06-08,2017,6,8,27.87,29.97,26.3,85.08,21.103,68.772,0.21,2.22,19.9,1.76,6.7310534
2017-06-09,2017,6,9,27.22,28.78,26.06,86.66,41.683,70.046,0.41,2.61,6.5,3.69,7.9243493
2017-06-11,2017,6,11,28.72,31.76,27.15,82.83,56.981,70.822,0.55,6.75,43.9,2.19,9.74792
2017-06-12,2017,6,12,28.06,30.58,26.76,82.85,35.837,69.067,0.35,6.13,46.0,3.69,7.511507
2017-06-13,2017,6,13,26.62,27.1,26.08,88.18,41.189,67.956,0.4,4.08,63.6,24.83,9.993986
2017-06-14,2017,6,14,27.92,30.32,26.38,85.02,61.776,69.492,0.6,3.36,48.5,17.1,12.362466
2017-06-15,2017,6,15,28.26,30.62,26.71,85.21,31.817,68.784,0.31,3.81,42.0,23.45,6.9000926
2017-06-16,2017,6,16,27.91,30.21,26.93,85.67,55.644,70.099,0.54,3.55,26.0,12.21,10.3021145
2017-06-18,2017,6,18,27.84,30.08,26.78,84.95,47.352,68.534,0.46,2.79,47.8,28.5,8.835169
2017-06-19,2017,6,19,27.78,30.1,26.51,85.93,5.934,70.397,0.58,2.96,71.9,18.27,11.311511
2017-06-20,2017,6,20,28.68,31.05,27.11,84.44,65.383,7.117,0.64,4.66,60.4,4.2,11.434652
2017-06-21,2017,6,21,27.5,28.97,26.59,85.33,4.289,69.662,0.42,3.37,63.5,3.85,9.740029
2017-06-22,2017,6,22,27.78,30.05,26.45,86.14,55.596,68.678,0.54,4.03,34.7,6.29,11.267914
2017-06-23,2017,6,23,28.36,31.61,26.75,81.62,6.0,69.984,0.59,6.71,42.8,2.16,11.35687
2017-06-24,2017,6,24,28.28,31.35,26.3,81.02,65.002,70.949,0.63,5.87,43.2,1.36,12.025937
2017-06-25,2017,6,25,28.13,30.53,26.72,85.77,49.397,68.335,0.48,4.3,50.6,32.33,10.134767
2017-06-27,2017,6,27,27.8,29.94,26.68,85.81,58.615,68.935,0.57,4.12,45.3,4.45,12.130829
2017-06-28,2017,6,28,28.1,31.03,26.3,81.79,60.643,70.015,0.59,6.62,47.4,0.66,11.913314
2017-06-29,2017,6,29,27.91,30.17,26.51,84.12,6.27,70.289,0.61,6.77,46.7,1.24,11.90476
2017-07-01,2017,7,1,28.2,30.84,26.69,86.04,69.002,71.254,0.67,5.14,49.1,1.42,12.599147
2017-07-02,2017,7,2,27.98,29.75,26.71,86.96,63.931,7.163,0.62,5.96,45.4,1.85,11.594595
2017-07-04,2017,7,4,27.85,30.08,26.58,86.75,61.013,70.817,0.59,4.51,47.2,1.18,11.585226
2017-07-05,2017,7,5,28.08,30.77,26.28,85.18,61.778,70.558,0.6,5.38,41.6,1.12,12.267061
2017-07-06,2017,7,6,27.8,29.2,26.88,88.06,58.968,69.113,0.57,4.7,57.8,4.2,11.994921
2017-07-07,2017,7,7,28.19,31.12,26.65,83.52,64.531,70.915,0.63,5.64,47.3,1.39,11.1001005
2017-07-08,2017,7,8,27.74,29.33,26.61,88.14,53.177,70.596,0.52,5.22,42.3,2.02,9.259107
2017-07-09,2017,7,9,27.88,29.76,26.78,87.95,51.444,69.859,0.5,5.14,46.1,2.48,10.33296
2017-07-10,2017,7,10,28.09,30.33,26.73,87.24,55.973,67.987,0.55,4.0,45.5,2.92,10.965696
2017-07-11,2017,7,11,27.7,29.79,26.53,87.93,38.942,69.458,0.38,2.98,36.4,6.2,8.855741
2017-07-13,2017,7,13,27.89,30.05,26.45,86.26,64.634,71.645,0.63,4.89,45.2,2.07,10.831434
2017-07-14,2017,7,14,27.79,29.94,26.71,87.3,52.802,69.842,0.51,3.7,44.3,8.04,9.607226
2017-07-15,2017,7,15,27.08,28.28,26.38,89.44,48.446,6.972,0.47,3.63,45.9,35.85,10.701464
2017-07-16,2017,7,16,27.76,29.89,26.59,85.73,59.986,70.414,0.58,3.36,52.4,106.39,10.514737
2017-07-17,2017,7,17,28.01,29.79,26.89,86.63,50.539,68.798,0.49,4.81,52.4,22.83,10.620289
2017-07-18,2017,7,18,28.48,31.22,26.82,84.77,62.014,71.105,0.6,6.4,49.2,24.84,11.329057
2017-07-20,2017,7,20,26.52,27.02,25.49,87.14,2.317,69.679,0.22,3.4,68.2,34.91,4.1216936
2017-07-21,2017,7,21,27.74,30.26,26.3,84.45,69.396,7.123,0.67,5.77,45.6,9.21,12.978793
2017-07-22,2017,7,22,28.15,30.22,26.69,86.39,66.857,71.076,0.65,5.06,48.3,8.32,12.299463
2017-07-23,2017,7,23,28.34,30.7,27.22,87.43,5.509,69.504,0.53,3.73,49.5,11.99,10.918344
2017-07-24,2017,7,24,28.42,30.72,26.97,85.39,57.547,69.982,0.56,6.26,49.1,4.87,11.879421
2017-07-25,2017,7,25,28.37,30.38,27.01,86.58,54.982,7.039,0.53,5.25,54.5,2.04,10.797904
2017-07-26,2017,7,26,28.28,30.32,27.19,86.64,50.585,69.168,0.49,4.5,46.7,1.97,11.419897
2017-07-27,2017,7,27,27.83,29.35,26.78,88.81,57.547,69.785,0.56,3.96,54.8,1.76,11.104236
2017-07-29,2017,7,29,28.43,30.57,27.14,87.0,42.595,69.516,0.41,3.71,53.0,3.44,8.926957
2017-07-30,2017,7,30,27.74,29.1,26.82,88.86,43.277,68.537,0.42,2.86,59.3,21.38,7.477399
2017-07-31,2017,7,31,26.74,27.15,26.18,91.14,42.358,69.943,0.41,3.52,306.4,108.04,11.816406
2017-08-02,2017,8,2,28.1,30.47,26.62,83.64,61.435,7.265,0.59,6.59,44.2,1.98,11.593962
2017-08-03,2017,8,3,28.48,31.44,26.87,84.59,66.912,71.894,0.65,5.42,49.5,3.46,11.965453
2017-08-05,2017,8,5,27.85,29.62,26.74,83.91,40.982,69.451,0.4,2.84,63.8,11.29,9.179391
2017-08-06,2017,8,6,28.27,31.39,26.73,84.27,64.097,71.594,0.62,4.07,56.1,2.77,12.042172
2017-08-07,2017,8,7,28.68,31.15,27.26,84.63,69.247,72.173,0.67,4.36,51.6,2.78,12.58096
2017-08-08,2017,8,8,28.53,30.28,27.3,86.86,62.782,71.333,0.61,3.24,57.0,3.26,11.688779
2017-08-09,2017,8,9,28.47,30.35,27.56,86.26,39.475,71.189,0.38,3.1,48.5,3.57,2.3072667
2017-08-10,2017,8,10,27.92,29.49,26.96,87.4,5.556,69.545,0.54,5.27,48.0,4.36,10.322274
2017-08-11,2017,8,11,28.0,29.81,26.99,86.32,54.036,70.114,0.52,4.08,49.7,3.85,11.423748
2017-08-12,2017,8,12,28.07,30.17,26.97,84.89,45.845,71.822,0.44,3.06,42.4,3.96,8.860186
2017-08-14,2017,8,14,28.47,31.48,26.59,81.6,66.055,72.742,0.64,5.92,45.1,1.89,12.438293
2017-08-15,2017,8,15,28.54,30.84,26.9,85.31,67.193,72.228,0.65,5.27,50.1,4.04,12.3778305
2017-08-16,2017,8,16,27.9,29.58,27.05,87.97,44.405,70.987,0.43,6.13,50.6,4.06,10.283107
2017-08-17,2017,8,17,28.0,30.56,26.74,86.31,6.234,7.133,0.6,5.15,41.2,7.04,11.474265
2017-08-18,2017,8,18,28.12,29.77,27.03,88.67,58.399,71.002,0.56,2.95,45.1,7.57,12.047837
2017-08-19,2017,8,19,28.06,30.59,26.76,86.81,43.356,69.545,0.42,4.62,37.1,4.25,9.769654
2017-08-22,2017,8,22,28.24,31.12,26.68,85.88,61.162,71.016,0.59,4.15,45.7,6.23,13.201632
2017-08-23,2017,8,23,28.18,30.61,27.07,84.5,60.396,70.942,0.58,2.86,55.5,30.69,11.588435
2017-08-24,2017,8,24,28.38,30.68,27.05,85.02,45.302,6.912,0.44,2.66,53.2,34.69,8.529747
2017-08-25,2017,8,25,28.27,30.25,27.05,85.9,54.646,70.673,0.53,4.75,50.2,5.45,6.4058566
2017-08-26,2017,8,26,28.28,30.38,27.15,85.76,60.912,71.309,0.59,6.11,46.8,2.2,11.997549
2017-08-27,2017,8,27,28.05,29.9,26.87,83.97,53.371,71.251,0.51,5.27,47.9,0.58,12.246346
2017-08-28,2017,8,28,28.51,30.94,26.67,82.88,38.208,70.536,0.37,3.27,50.1,11.09,8.03925
2017-08-30,2017,8,30,28.31,29.98,27.01,85.52,35.088,71.714,0.34,3.44,46.2,12.57,8.594852
2017-08-31,2017,8,31,28.21,29.89,27.12,85.8,58.006,71.213,0.56,4.39,60.2,9.08,11.630558
2017-09-01,2017,9,1,28.92,31.51,27.53,84.56,66.833,71.978,0.65,4.58,52.9,6.05,13.295997
2017-09-03,2017,9,3,28.61,30.17,27.51,85.65,6.167,7.103,0.6,3.48,52.3,1.06,12.274114
2017-09-04,2017,9,4,28.43,30.46,27.36,85.76,56.957,71.443,0.55,4.14,36.4,1.93,11.722921
2017-09-06,2017,9,6,28.21,30.29,27.11,84.67,61.397,70.385,0.6,4.57,38.0,1.33,12.008301
2017-09-07,2017,9,7,28.28,31.5,26.33,80.92,51.197,68.947,0.5,2.92,28.9,12.57,9.625326
2017-09-08,2017,9,8,28.01,30.07,26.5,79.79,38.542,68.926,0.37,2.02,335.7,12.65,8.523106
2017-09-09,2017,9,9,26.61,27.49,25.92,85.53,42.521,68.446,0.41,1.6,271.2,9.18,9.079597
2017-09-10,2017,9,10,27.21,29.17,26.12,81.48,39.634,71.374,0.39,1.85,260.4,12.65,8.228286
2017-09-11,2017,9,11,27.96,30.62,26.49,82.23,58.042,70.946,0.56,2.93,25.7,2.97,11.292703
2017-09-12,2017,9,12,28.46,31.2,27.37,86.56,6.037,70.834,0.59,5.16,36.7,13.96,11.818716
2017-09-13,2017,9,13,28.67,30.81,27.53,85.83,37.685,70.608,0.37,3.36,43.7,2.41,8.69544
2017-09-15,2017,9,15,28.06,30.03,26.77,86.1,65.302,70.829,0.64,2.12,14.1,11.33,13.15224
2017-09-16,2017,9,16,28.88,31.47,27.03,82.1,60.094,70.006,0.59,2.41,29.6,7.68,12.4199
2017-09-17,2017,9,17,28.43,29.5,27.53,85.85,32.666,70.265,0.32,3.12,70.8,4.54,5.0885386
2017-09-18,2017,9,18,28.69,30.94,27.39,84.73,44.366,70.078,0.43,3.24,26.9,8.35,8.845838
2017-09-19,2017,9,19,28.71,30.68,27.69,83.41,5.922,69.979,0.58,4.16,44.4,3.94,12.522954
2017-09-20,2017,9,20,28.47,30.67,27.34,83.2,55.001,69.751,0.54,3.93,30.9,1.34,11.3318615
2017-09-22,2017,9,22,28.64,31.51,26.96,80.25,47.786,66.298,0.47,2.54,359.5,2.76,9.967471
2017-09-23,2017,9,23,27.98,29.53,26.84,83.21,42.204,6.714,0.42,2.61,32.1,42.9,8.222639
2017-09-24,2017,9,24,28.32,30.37,26.98,82.57,49.798,6.601,0.49,1.8,2.0,45.25,11.072315
2017-09-25,2017,9,25,28.07,29.11,26.96,87.49,4.77,68.544,0.47,2.24,320.6,96.38,10.160444
2017-09-26,2017,9,26,27.53,30.22,26.04,81.25,54.293,68.525,0.54,2.3,275.4,95.3,12.933094
2017-09-27,2017,9,27,27.99,30.53,25.89,84.36,5.796,69.091,0.58,2.1,348.1,11.36,11.51471
2017-09-28,2017,9,28,28.8,30.04,27.8,82.02,53.911,68.405,0.54,2.99,65.2,3.29,11.037884
2017-09-29,2017,9,29,28.19,30.07,27.08,83.86,30.744,68.933,0.31,2.19,21.0,6.05,7.4185996
2017-10-01,2017,10,1,27.07,28.12,26.09,80.75,33.017,67.882,0.33,1.29,234.7,6.03,9.063236
2017-10-02,2017,10,2,26.77,28.03,25.76,86.98,49.742,67.697,0.5,2.63,98.9,9.1,11.030483
2017-10-03,2017,10,3,28.02,29.85,26.37,83.52,49.507,67.874,0.5,3.96,42.4,4.45,10.199062
2017-10-05,2017,10,5,26.9,27.83,26.2,87.84,41.407,68.525,0.42,3.27,221.6,12.26,10.618476
2017-10-06,2017,10,6,26.28,26.92,25.54,83.3,39.362,68.568,0.4,1.88,197.9,9.48,9.743629
2017-10-08,2017,10,8,28.63,31.34,27.33,81.84,62.873,6.745,0.64,3.34,41.4,0.4,11.59377
2017-10-09,2017,10,9,28.14,30.0,27.04,84.03,45.204,67.306,0.46,3.92,33.4,1.09,9.881406
2017-10-10,2017,10,10,28.25,30.81,26.71,82.05,52.879,66.322,0.54,2.39,8.9,0.87,10.609268
2017-10-11,2017,10,11,27.78,29.24,26.95,86.27,44.856,64.474,0.46,2.76,26.8,1.0,9.45868
2017-10-12,2017,10,12,28.1,29.65,26.89,86.57,5.448,66.312,0.56,3.55,26.0,0.98,12.384822
2017-10-13,2017,10,13,28.83,30.73,27.85,84.62,60.838,66.965,0.62,4.15,49.7,0.16,11.116985
2017-10-14,2017,10,14,28.64,30.2,27.43,83.21,56.844,65.623,0.58,5.2,50.8,0.08,11.619753
2017-10-15,2017,10,15,28.62,30.72,27.18,83.65,4.757,65.251,0.49,4.45,52.9,0.08,10.068008
2017-10-17,2017,10,17,29.09,30.91,27.95,86.97,6.229,66.794,0.64,2.45,50.8,1.41,12.649302
2017-10-18,2017,10,18,29.05,31.67,27.57,85.82,5.568,64.946,0.58,2.67,66.1,6.99,11.183198
2017-10-19,2017,10,19,28.74,30.84,27.75,86.12,55.178,6.36,0.57,2.94,54.0,5.0,11.7123785
2017-10-20,2017,10,20,28.76,30.6,27.58,85.65,55.565,65.076,0.58,3.3,51.6,2.35,11.291597
2017-10-21,2017,10,21,28.82,31.15,27.48,84.39,51.348,6.504,0.54,4.95,54.8,2.02,8.145955
2017-10-22,2017,10,22,28.8,30.89,27.29,84.55,47.165,64.694,0.49,4.09,52.9,5.07,9.326261
2017-10-24,2017,10,24,28.38,30.23,26.95,83.23,48.166,64.558,0.51,2.95,37.4,9.94,9.7685175
2017-10-25,2017,10,25,28.41,30.88,26.57,78.66,47.434,6.371,0.5,1.75,356.3,3.28,11.141925
2017-10-26,2017,10,26,27.75,29.18,26.55,80.92,50.182,63.444,0.53,1.63,336.9,0.95,10.822973
2017-10-27,2017,10,27,27.85,29.8,26.6,85.19,53.803,64.418,0.57,3.34,14.4,7.32,10.198883
2017-10-28,2017,10,28,27.7,29.98,26.19,86.12,53.702,64.063,0.57,2.87,1.5,22.82,8.973202
2017-10-29,2017,10,29,26.87,29.04,25.76,85.08,34.706,65.038,0.37,1.69,259.4,9.66,7.427846
2017-10-30,2017,10,30,27.39,29.89,25.35,81.52,52.318,64.272,0.56,2.83,26.8,5.65,9.883452
2017-10-31,2017,10,31,28.35,31.28,26.81,80.95,52.891,63.967,0.57,4.99,36.6,3.16,10.183071
2017-11-02,2017,11,2,28.48,30.88,27.1,79.55,57.917,64.877,0.63,7.29,42.5,0.01,11.122468
2017-11-03,2017,11,3,27.86,29.4,26.94,80.68,46.786,63.365,0.51,5.15,46.8,0.39,9.025217
2017-11-04,2017,11,4,27.71,29.39,26.59,81.68,49.834,6.293,0.54,3.58,28.9,0.52,10.390651
2017-11-07,2017,11,7,27.77,29.44,26.76,86.62,46.351,61.855,0.51,4.22,41.9,4.71,9.349847
2017-11-09,2017,11,9,27.45,29.03,26.22,83.11,42.667,60.809,0.47,2.68,226.8,5.96,8.301458
2017-11-11,2017,11,11,27.71,30.02,25.93,84.5,50.755,61.438,0.56,3.21,28.0,1.08,8.889314
2017-11-12,2017,11,12,28.32,30.48,27.1,85.08,54.096,60.912,0.6,4.25,49.0,2.08,10.313764
2017-11-14,2017,11,14,26.86,27.7,26.21,90.21,15.792,60.293,0.18,3.77,237.8,7.86,3.5178266
2017-11-16,2017,11,16,26.75,29.48,25.1,85.13,52.903,61.169,0.59,4.31,215.2,9.79,10.597235
2017-11-18,2017,11,18,26.77,28.43,25.73,85.14,38.628,60.749,0.43,2.86,294.9,7.06,8.487184
2017-11-19,2017,11,19,27.22,30.02,25.46,77.79,54.178,61.634,0.61,2.2,345.6,1.53,10.705321
2017-11-20,2017,11,20,27.17,29.99,25.32,80.5,55.296,61.452,0.63,2.6,349.7,0.5,10.729473
2017-11-21,2017,11,21,27.36,29.49,25.8,84.54,53.858,59.897,0.61,2.41,355.2,14.1,10.127337
2017-11-23,2017,11,23,27.96,30.13,26.94,85.79,48.895,58.519,0.56,4.47,26.8,1.33,9.740829
2017-11-25,2017,11,25,27.77,29.48,26.63,82.12,46.702,5.898,0.53,3.19,49.6,0.07,9.453632
2017-11-27,2017,11,27,28.16,30.05,27.29,86.55,51.905,5.826,0.6,3.99,49.8,4.78,9.98533
2017-11-28,2017,11,28,28.58,31.12,27.06,82.66,41.863,5.905,0.48,4.83,49.4,0.73,8.230054
2017-11-30,2017,11,30,28.33,30.96,26.99,81.32,50.726,58.133,0.59,6.16,41.1,1.01,9.686694
2017-12-02,2017,12,2,27.72,29.91,26.64,80.16,51.396,59.899,0.6,6.39,40.7,0.0,9.279428
2017-12-04,2017,12,4,28.08,30.11,26.85,82.62,52.262,5.861,0.61,7.33,45.5,0.02,9.83386
2017-12-05,2017,12,5,27.97,29.44,27.25,87.03,50.234,57.595,0.58,6.25,52.0,0.05,9.244039
2017-12-06,2017,12,6,28.38,31.78,26.5,83.42,5.16,58.675,0.6,5.63,53.0,0.86,9.567373
2017-12-09,2017,12,9,27.84,29.94,26.44,83.18,4.477,56.141,0.52,2.81,46.8,8.06,8.724907
2017-12-11,2017,12,11,27.35,29.55,26.07,80.72,46.567,58.145,0.55,6.58,38.2,0.24,8.423181
2017-12-13,2017,12,13,26.74,29.39,24.67,79.85,57.888,6.108,0.68,4.66,29.3,0.16,9.740812
2017-12-14,2017,12,14,27.69,30.88,25.76,77.18,59.755,60.334,0.7,5.64,47.3,0.05,10.234941
2017-12-16,2017,12,16,27.71,30.36,25.68,76.63,59.798,6.018,0.7,8.14,53.7,0.0,10.194639
2017-12-18,2017,12,18,27.61,30.24,25.86,77.6,60.394,60.864,0.71,8.86,52.6,0.0,9.8404045
2017-12-20,2017,12,20,27.44,29.62,25.91,79.33,58.186,60.478,0.68,7.97,49.8,0.0,10.168588
2017-12-21,2017,12,21,27.34,29.95,25.73,78.21,58.577,60.149,0.69,7.79,48.7,0.0,9.65237
2017-12-22,2017,12,22,27.31,29.91,25.63,81.26,59.441,59.923,0.7,7.71,48.3,0.0,10.197189
2017-12-23,2017,12,23,27.17,29.68,25.49,80.18,58.598,59.918,0.69,8.02,48.5,0.0,9.979209
2017-12-25,2017,12,25,26.83,29.02,25.61,80.02,53.712,60.209,0.63,8.21,46.5,0.0,9.145631
2017-12-27,2017,12,27,26.84,29.46,25.36,81.33,5.664,59.134,0.66,7.64,43.5,0.23,9.363605
2017-12-29,2017,12,29,26.72,29.26,25.47,85.39,41.813,56.693,0.49,5.9,41.1,2.93,6.167063
2017-12-30,2017,12,30,26.6,29.23,25.33,84.8,49.025,56.993,0.57,6.03,41.0,1.35,8.872727
2018-01-01,2018,1,1,26.53,28.28,25.78,87.18,46.534,56.863,0.54,5.81,42.7,0.5,8.410512
2018-01-03,2018,1,3,26.38,28.05,25.16,87.47,39.545,5.623,0.46,3.44,77.1,0.83,7.9931545
2018-01-05,2018,1,5,26.77,28.61,25.65,87.8,52.169,56.741,0.61,4.46,35.4,0.62,9.375779
2018-01-06,2018,1,6,27.19,30.25,25.42,80.29,4.89,57.185,0.57,5.69,43.5,0.36,8.991666
2018-01-07,2018,1,7,27.19,30.16,25.26,79.64,49.459,58.133,0.57,6.04,41.0,0.12,8.737614
2018-01-10,2018,1,10,27.4,30.72,25.6,78.38,49.274,57.826,0.57,3.73,60.1,0.34,8.816789
2018-01-12,2018,1,12,27.63,31.01,25.84,81.47,50.263,57.214,0.58,4.98,32.6,2.31,8.691955
2018-01-14,2018,1,14,27.29,29.67,26.04,79.09,5.189,59.213,0.59,6.94,36.3,1.17,8.885204
2018-01-15,2018,1,15,27.47,30.38,25.35,76.72,57.754,60.523,0.66,6.77,45.0,0.02,9.7424965
2018-01-17,2018,1,17,27.24,29.31,25.85,81.65,53.681,58.505,0.61,7.31,43.8,0.05,9.615461
2018-01-19,2018,1,19,26.93,28.45,25.95,82.06,50.942,58.855,0.57,6.93,48.0,0.09,9.569047
2018-01-21,2018,1,21,27.72,30.85,25.43,77.82,57.979,61.555,0.65,6.87,49.0,0.1,10.360154
2018-01-22,2018,1,22,27.82,31.39,25.55,79.27,60.828,6.175,0.68,6.33,49.1,0.17,11.014415
2018-01-23,2018,1,23,27.18,29.13,26.01,81.98,5.298,60.876,0.59,6.69,48.6,0.11,10.305656
2018-01-24,2018,1,24,27.52,30.79,25.57,74.9,60.586,61.903,0.67,7.6,45.3,0.0,10.755059
2018-01-26,2018,1,26,27.69,30.81,25.59,74.62,61.104,63.586,0.68,8.86,48.7,0.0,10.919377
2018-01-28,2018,1,28,27.67,31.58,24.73,73.46,63.468,63.936,0.7,7.34,50.0,0.0,11.2410755
2018-01-30,2018,1,30,27.13,30.23,25.11,78.72,62.414,63.977,0.68,8.61,41.8,0.0,11.184964
2018-01-31,2018,1,31,27.25,30.35,25.31,77.16,63.418,6.414,0.69,9.62,43.1,0.0,11.505991
2018-02-02,2018,2,2,26.78,30.3,24.85,73.8,63.475,6.485,0.69,8.9,40.8,0.0,11.050171
2018-02-04,2018,2,4,26.61,30.04,24.51,73.61,65.748,66.547,0.71,7.98,40.9,0.0,11.366328
2018-02-06,2018,2,6,26.78,30.4,24.38,74.84,66.166,67.642,0.71,8.43,42.1,0.0,11.631531
2018-02-07,2018,2,7,26.77,30.29,24.55,71.08,65.299,67.231,0.7,9.28,47.2,0.0,11.776154
2018-02-08,2018,2,8,26.45,30.03,23.9,74.46,66.706,67.615,0.71,8.7,45.5,0.0,12.119372
2018-02-10,2018,2,10,26.96,30.57,24.26,73.8,6.439,65.407,0.68,7.63,46.5,0.0,11.971416
2018-02-11,2018,2,11,27.03,30.75,24.38,76.45,65.381,66.144,0.69,6.63,43.3,0.0,11.865324
2018-02-13,2018,2,13,26.44,29.36,24.37,69.19,68.088,68.556,0.72,10.94,47.6,0.0,12.225043
2018-02-14,2018,2,14,26.37,29.79,24.11,71.14,68.194,68.861,0.71,9.94,44.6,0.0,12.052201
2018-02-15,2018,2,15,26.44,29.52,24.59,72.25,66.816,67.925,0.7,10.32,45.4,0.0,12.257962
2018-02-16,2018,2,16,26.45,30.06,24.21,73.24,65.827,67.152,0.69,9.1,44.6,0.0,12.19946
2018-02-17,2018,2,17,26.36,29.6,24.17,74.06,66.074,6.751,0.69,8.65,40.3,0.0,12.933586
2018-02-18,2018,2,18,26.35,29.61,24.25,73.81,67.318,68.455,0.7,8.73,40.9,0.0,12.8656
2018-02-19,2018,2,19,26.38,30.0,23.78,70.66,68.484,69.907,0.71,9.0,46.3,0.0,12.303749
2018-02-20,2018,2,20,26.37,30.31,23.67,70.6,7.019,70.656,0.72,9.48,47.7,0.0,12.773306
2018-02-22,2018,2,22,26.24,29.98,23.78,71.44,69.566,7.051,0.71,9.43,45.9,0.0,12.793103
2018-02-23,2018,2,23,26.13,29.85,23.88,72.59,69.062,69.686,0.71,8.57,40.8,0.01,12.568476
2018-02-24,2018,2,24,25.94,29.41,23.66,75.35,68.806,70.735,0.7,7.16,38.4,0.0,12.180719
2018-02-25,2018,2,25,25.97,30.14,23.11,76.47,61.646,68.633,0.63,6.58,37.6,0.0,11.6260805
2018-02-26,2018,2,26,26.11,30.24,23.53,76.54,64.078,6.882,0.65,6.95,36.4,0.0,11.761484
2018-02-27,2018,2,27,25.9,29.3,23.91,76.12,6.473,69.278,0.65,7.43,30.0,0.0,11.678914
2018-03-01,2018,3,1,26.52,30.95,24.03,74.45,6.863,70.836,0.69,6.94,38.5,0.0,12.208915
2018-03-02,2018,3,2,26.57,30.33,24.3,73.94,68.657,70.212,0.69,7.5,33.9,0.0,12.265517
2018-03-03,2018,3,3,26.18,29.43,24.19,75.13,64.512,67.946,0.65,7.32,29.1,0.0,12.025367
2018-03-04,2018,3,4,25.66,28.11,24.31,76.45,51.593,67.932,0.52,6.58,15.9,0.0,10.411221
2018-03-05,2018,3,5,25.8,28.4,24.22,75.38,66.907,6.983,0.67,6.48,18.1,0.0,13.295322
2018-03-06,2018,3,6,26.09,28.41,24.47,76.32,57.682,68.083,0.57,7.78,29.0,0.0,10.831149
2018-03-07,2018,3,7,27.44,31.13,24.79,74.6,66.079,68.417,0.66,7.04,39.1,0.0,12.682409
2018-03-08,2018,3,8,27.23,29.99,25.56,80.65,59.059,6.6,0.59,7.15,42.3,0.42,11.970834
2018-03-10,2018,3,10,28.05,32.83,25.07,76.12,67.865,6.929,0.67,5.85,42.6,0.0,13.223411
2018-03-11,2018,3,11,28.37,32.83,25.4,75.23,67.346,68.959,0.66,5.36,43.6,0.04,13.783835
2018-03-12,2018,3,12,28.69,34.22,25.61,74.51,66.638,69.086,0.66,4.24,36.1,0.18,13.359723
2018-03-14,2018,3,14,27.71,31.08,25.74,77.97,5.988,66.665,0.59,6.11,27.3,1.06,12.971406
2018-03-15,2018,3,15,27.56,30.79,25.7,76.64,5.413,66.828,0.53,8.83,31.6,0.27,11.834952
2018-03-17,2018,3,17,27.98,31.7,26.02,74.03,62.266,66.454,0.61,8.45,35.8,0.0,12.265073
2018-03-18,2018,3,18,27.73,30.62,25.97,75.39,56.563,67.366,0.55,7.63,37.5,0.0,12.677432
2018-03-19,2018,3,19,27.22,30.01,25.63,73.77,64.658,70.759,0.63,7.71,37.6,0.0,13.458277
2018-03-20,2018,3,20,27.8,31.75,25.0,70.24,68.256,70.718,0.66,6.53,39.3,0.0,13.290004
2018-03-21,2018,3,21,27.45,30.62,25.37,72.79,63.552,66.773,0.62,6.6,41.9,0.0,13.715653
2018-03-22,2018,3,22,27.65,30.92,25.78,78.25,59.837,6.361,0.58,8.26,35.5,0.06,12.309912
2018-03-23,2018,3,23,27.24,29.25,25.96,78.73,55.735,66.146,0.54,8.18,40.5,0.15,12.370644
2018-03-24,2018,3,24,27.74,31.3,25.69,69.98,60.254,7.248,0.58,9.41,38.9,0.0,12.139243
2018-03-26,2018,3,26,27.58,31.12,25.0,72.1,69.986,71.549,0.67,8.42,39.8,0.01,13.104597
2018-03-27,2018,3,27,27.57,30.64,25.66,74.0,69.384,71.645,0.67,9.18,36.9,0.18,13.319886
2018-03-28,2018,3,28,27.41,30.52,25.42,73.26,71.059,72.797,0.68,9.78,40.8,0.05,13.594265
2018-03-29,2018,3,29,27.84,31.83,25.54,70.76,71.239,72.756,0.68,8.57,40.5,0.0,13.592307
2018-03-30,2018,3,30,27.33,30.78,25.34,73.9,67.054,7.189,0.64,8.82,37.6,0.03,12.662383
2018-03-31,2018,3,31,26.46,28.88,24.96,74.55,50.098,71.383,0.48,7.81,31.2,0.32,10.519511
2018-04-02,2018,4,2,26.68,29.16,25.01,76.85,52.406,69.929,0.5,7.22,27.0,0.06,10.834208
2018-04-03,2018,4,3,27.04,29.96,25.15,78.33,52.488,70.939,0.5,7.19,27.7,0.09,12.574432
2018-04-04,2018,4,4,27.06,30.19,25.16,78.45,63.216,71.993,0.6,6.52,30.2,0.08,12.243251
2018-04-05,2018,4,5,27.01,30.05,25.11,77.29,47.357,6.954,0.45,6.69,26.7,0.06,9.580878
2018-04-06,2018,4,6,27.19,30.33,25.42,75.46,40.781,71.566,0.39,5.56,32.7,1.5,9.797395
2018-04-07,2018,4,7,27.34,30.56,25.2,74.81,48.041,70.176,0.46,4.78,44.1,0.85,10.962599
2018-04-08,2018,4,8,27.91,31.8,25.26,74.51,60.106,71.702,0.57,5.52,38.0,0.23,12.365192
2018-04-09,2018,4,9,28.06,31.81,25.46,74.15,58.538,70.997,0.56,6.66,42.1,0.06,11.434688
2018-04-11,2018,4,11,27.64,30.78,25.55,77.06,40.841,70.786,0.39,6.16,40.7,2.27,8.870067
2018-04-12,2018,4,12,27.48,30.67,25.69,75.92,51.038,71.309,0.49,7.27,33.7,0.24,11.908711
2018-04-13,2018,4,13,27.91,31.16,25.74,72.98,66.341,74.009,0.63,7.27,34.0,0.0,11.667636
2018-04-15,2018,4,15,28.46,32.42,25.52,74.57,61.925,69.547,0.59,5.95,37.7,0.19,12.849193
2018-04-16,2018,4,16,28.02,31.52,25.81,78.55,62.966,70.234,0.6,6.52,31.1,1.77,12.173439
2018-04-18,2018,4,18,28.2,32.21,26.02,78.54,65.042,7.158,0.62,7.89,37.1,5.77,11.657256
2018-04-19,2018,4,19,27.93,30.92,25.99,80.75,58.522,70.354,0.56,5.78,45.9,7.44,12.161307
2018-04-20,2018,4,20,27.76,30.45,26.31,82.33,50.218,70.555,0.48,5.11,46.4,7.25,12.274376
2018-04-21,2018,4,21,27.17,29.23,26.18,86.27,64.726,71.971,0.62,5.97,42.8,12.71,12.968353
2018-04-22,2018,4,22,27.44,30.43,25.81,83.63,52.157,71.256,0.5,4.76,44.3,4.46,10.748264
2018-04-23,2018,4,23,27.46,30.06,25.78,83.49,60.665,71.923,0.58,5.1,43.9,5.33,11.356457
2018-04-24,2018,4,24,28.19,32.56,25.73,79.2,6.635,7.255,0.63,5.88,40.3,2.25,12.820529
2018-04-25,2018,4,25,27.61,30.5,25.99,83.52,62.981,71.786,0.6,5.48,38.5,5.18,11.776446
2018-04-27,2018,4,27,27.64,30.58,25.92,83.1,27.197,6.797,0.26,3.46,36.4,1.37,9.345412
2018-04-28,2018,4,28,27.72,30.7,25.99,83.06,44.966,70.258,0.43,3.8,34.6,2.41,7.158628
2018-04-29,2018,4,29,27.86,31.19,26.05,80.97,60.578,69.583,0.58,6.51,37.1,0.86,12.99903
2018-04-30,2018,4,30,28.03,31.14,26.15,77.12,61.591,70.574,0.59,7.38,37.9,0.11,12.381002
2018-05-01,2018,5,1,28.09,31.15,26.34,79.67,58.034,69.312,0.55,8.05,38.4,0.82,12.765173
2018-05-02,2018,5,2,27.77,30.84,25.88,80.99,57.936,67.195,0.55,6.37,46.1,1.15,12.040022
2018-05-04,2018,5,4,27.86,30.65,26.07,83.0,29.494,69.458,0.28,3.02,35.1,3.51,5.9526033
2018-05-05,2018,5,5,27.12,28.9,26.1,84.88,36.386,71.378,0.35,1.97,147.4,24.89,10.380396
2018-05-06,2018,5,6,27.18,29.18,25.99,84.82,42.235,70.068,0.4,2.44,2.4,19.24,11.373444
2018-05-07,2018,5,7,27.74,30.71,25.98,82.95,40.214,70.003,0.38,2.45,2.5,22.95,9.324372
2018-05-08,2018,5,8,27.74,29.9,26.35,82.96,30.444,69.331,0.29,2.19,34.8,9.3,4.4690433
2018-05-09,2018,5,9,27.89,30.47,26.34,82.42,5.339,69.034,0.51,3.34,38.7,13.46,10.829086
2018-05-10,2018,5,10,27.5,29.95,26.23,85.76,5.885,70.217,0.56,5.02,42.5,28.43,12.322183
2018-05-11,2018,5,11,28.08,31.36,26.45,81.42,57.276,71.426,0.55,5.79,45.5,1.4,11.171552
2018-05-13,2018,5,13,27.62,30.48,26.05,81.94,4.62,71.093,0.44,5.16,49.8,1.51,11.152077
2018-05-14,2018,5,14,27.39,29.46,25.89,84.79,32.347,69.893,0.31,4.07,44.5,4.05,5.6289787
2018-05-15,2018,5,15,27.42,29.25,26.0,84.71,57.034,70.428,0.55,4.04,55.8,3.6,11.78065
2018-05-17,2018,5,17,27.84,30.11,26.33,83.28,49.193,70.915,0.47,4.61,52.5,2.77,9.467414
2018-05-18,2018,5,18,27.47,29.53,26.05,84.08,47.431,70.037,0.46,3.93,52.2,6.25,8.592324
2018-05-20,2018,5,20,27.34,29.57,25.69,83.91,64.644,70.265,0.62,2.79,53.9,2.43,11.763446
2018-05-21,2018,5,21,27.43,28.95,26.08,83.1,42.806,68.952,0.41,2.48,51.6,8.03,6.700136
2018-05-22,2018,5,22,27.14,28.54,25.87,88.67,53.064,70.241,0.51,4.09,38.2,13.41,10.405695
2018-05-23,2018,5,23,27.83,30.08,26.3,85.74,57.504,70.008,0.55,4.12,52.1,4.22,10.71925
2018-05-24,2018,5,24,28.14,30.25,26.7,84.92,41.374,70.159,0.4,4.14,55.8,4.59,3.3715203
2018-05-25,2018,5,25,28.19,30.53,26.71,84.54,62.549,7.043,0.6,3.6,54.8,4.94,11.1627445
2018-05-26,2018,5,26,27.82,30.02,26.34,85.62,48.178,68.906,0.47,2.18,61.3,12.31,9.092985
2018-05-27,2018,5,27,27.75,30.35,26.02,85.37,50.086,69.598,0.48,3.07,34.5,22.92,10.286297
2018-05-29,2018,5,29,28.56,31.01,26.9,83.94,66.264,70.997,0.64,3.75,43.9,3.31,12.266901
2018-05-30,2018,5,30,28.72,31.38,27.28,81.13,60.098,70.145,0.58,4.11,45.2,1.53,11.023168
2018-05-31,2018,5,31,28.65,32.35,26.61,79.61,69.091,71.047,0.67,6.02,45.0,0.92,12.154291
2018-06-01,2018,6,1,28.28,31.3,26.63,81.56,62.112,71.011,0.6,5.45,47.8,1.68,11.590889
2018-06-02,2018,6,2,27.86,29.78,26.61,85.58,63.182,70.534,0.61,5.02,48.8,2.54,12.136502
2018-06-03,2018,6,3,28.13,30.49,26.84,86.25,59.846,6.989,0.58,4.9,43.7,2.93,11.317523
2018-06-05,2018,6,5,28.16,31.06,26.5,82.98,5.339,69.713,0.52,5.55,42.5,2.76,10.193812
2018-06-06,2018,6,6,27.91,30.21,26.78,86.45,60.235,70.536,0.58,4.59,45.9,1.78,10.900657
2018-06-07,2018,6,7,27.98,29.95,26.7,86.59,58.298,69.648,0.57,5.42,46.8,0.94,11.924736
2018-06-08,2018,6,8,28.28,30.7,26.55,83.08,57.828,68.597,0.56,6.2,51.8,3.53,11.055924
2018-06-09,2018,6,9,28.04,31.51,26.03,80.1,6.079,68.004,0.59,5.89,44.6,1.04,12.477367
2018-06-10,2018,6,10,27.62,29.82,26.31,85.1,47.414,68.825,0.46,5.28,44.7,1.64,9.704966
2018-06-11,2018,6,11,27.38,28.86,26.51,88.62,36.521,67.116,0.36,2.76,49.1,5.64,9.371916
2018-06-12,2018,6,12,27.27,28.89,26.27,88.58,60.727,69.984,0.59,3.51,55.9,7.96,11.297614
2018-06-14,2018,6,14,28.03,30.83,25.93,84.86,49.195,67.253,0.48,4.11,64.1,12.48,8.780113
2018-06-15,2018,6,15,27.55,29.51,25.96,85.31,48.588,68.299,0.47,3.74,52.1,11.45,9.257011
2018-06-16,2018,6,16,28.11,31.12,26.19,83.02,66.636,70.397,0.65,4.55,45.3,1.84,11.844795
2018-06-18,2018,6,18,27.59,29.32,26.13,87.58,49.049,69.439,0.48,3.02,50.8,6.37,10.316473
2018-06-19,2018,6,19,27.11,29.68,25.72,86.76,3.229,69.305,0.31,2.56,7.9,9.02,7.3983283
2018-06-21,2018,6,21,27.51,29.83,25.61,85.12,56.042,70.963,0.55,3.07,42.6,8.6,10.422053
2018-06-22,2018,6,22,27.68,29.68,26.44,86.32,5.904,70.678,0.58,4.73,48.6,7.44,11.108018
2018-06-23,2018,6,23,27.77,29.74,26.5,86.45,68.587,7.2,0.67,5.56,52.2,2.82,12.25711
2018-06-24,2018,6,24,27.86,30.26,26.15,84.1,46.858,68.266,0.46,4.19,57.6,4.7,10.079685
2018-06-25,2018,6,25,27.9,30.2,26.79,84.5,45.043,69.919,0.44,4.65,55.0,5.28,9.713328
2018-06-26,2018,6,26,27.73,29.85,26.54,86.06,60.178,69.511,0.59,4.52,53.8,8.26,10.8737755
2018-06-27,2018,6,27,27.51,29.55,26.28,86.44,48.636,67.402,0.47,5.87,52.1,5.45,9.701532
2018-06-28,2018,6,28,27.14,29.21,26.02,87.02,55.754,66.458,0.54,5.37,47.0,4.43,10.20281
2018-06-30,2018,6,30,27.16,29.36,25.66,86.06,61.459,69.478,0.6,5.55,46.5,10.68,12.072282
2018-07-01,2018,7,1,27.07,29.65,25.53,86.09,52.661,69.101,0.51,6.03,49.8,14.79,8.966372
2018-07-02,2018,7,2,26.98,29.62,25.6,87.15,62.844,70.728,0.61,4.89,44.8,31.49,11.385749
2018-07-03,2018,7,3,27.26,29.48,25.62,87.91,50.131,68.503,0.49,3.99,47.0,36.43,8.63224
2018-07-04,2018,7,4,27.71,30.85,25.95,85.9,68.129,71.066,0.66,5.36,50.9,8.89,11.644393
2018-07-05,2018,7,5,27.96,30.17,26.4,85.74,62.306,7.099,0.61,5.9,56.3,0.85,10.670135
2018-07-07,2018,7,7,27.7,30.76,25.74,82.6,69.319,71.347,0.68,5.94,45.6,0.13,11.32699
2018-07-08,2018,7,8,27.54,30.14,25.83,85.05,6.865,71.772,0.67,5.91,46.1,0.17,10.544139
2018-07-09,2018,7,9,27.51,30.17,26.03,84.7,66.559,72.415,0.65,6.97,42.5,0.48,12.103143
2018-07-10,2018,7,10,27.52,30.28,26.26,87.04,5.737,70.142,0.56,4.64,45.7,2.19,11.04752
2018-07-11,2018,7,11,27.2,29.5,25.92,87.58,59.477,71.364,0.58,3.23,49.1,2.78,11.59114
2018-07-12,2018,7,12,27.75,30.43,26.22,85.42,70.548,71.808,0.69,6.32,50.6,0.96,11.825353
2018-07-13,2018,7,13,27.94,31.59,25.8,82.95,69.002,71.467,0.67,5.93,46.6,0.53,11.417086
2018-07-14,2018,7,14,27.17,28.88,26.1,88.55,61.001,70.481,0.59,5.21,48.0,1.88,10.336966
2018-07-16,2018,7,16,27.24,29.63,25.72,87.02,59.933,71.434,0.58,6.02,43.1,0.12,11.1046715
2018-07-17,2018,7,17,27.46,29.8,26.01,86.52,5.796,70.183,0.56,5.01,47.2,0.07,11.018914
2018-07-18,2018,7,18,27.33,29.45,25.98,85.83,6.605,71.822,0.64,6.9,46.3,0.01,12.069685
2018-07-20,2018,7,20,27.34,30.24,26.06,87.28,62.662,70.579,0.61,4.76,44.9,1.5,11.267178
2018-07-21,2018,7,21,27.17,29.53,25.76,87.52,60.043,67.176,0.58,5.37,50.5,1.85,10.781658
2018-07-23,2018,7,23,27.0,29.74,25.52,87.69,56.921,70.754,0.55,4.37,41.6,1.39,11.273361
2018-07-24,2018,7,24,27.35,29.98,25.98,86.51,58.951,68.722,0.57,4.14,42.4,1.56,12.691455
2018-07-25,2018,7,25,27.56,30.53,26.0,86.83,56.232,70.601,0.54,4.33,42.0,1.84,12.007468
2018-07-26,2018,7,26,27.13,28.57,26.19,89.11,5.183,7.153,0.5,4.22,48.7,1.09,9.755707
2018-07-27,2018,7,27,27.32,29.13,26.08,86.15,39.902,68.585,0.39,3.46,54.8,1.78,5.420159
2018-07-28,2018,7,28,27.75,29.88,26.23,86.4,46.363,69.547,0.45,3.56,46.8,3.4,9.293588
2018-07-29,2018,7,29,27.96,30.52,26.48,84.89,54.708,69.842,0.53,5.73,42.0,2.05,9.836336
2018-07-30,2018,7,30,27.42,28.95,26.45,87.59,44.969,70.294,0.43,5.28,51.8,9.75,8.999276
2018-08-01,2018,8,1,27.07,28.96,26.44,87.54,55.901,70.166,0.54,3.96,61.9,12.79,11.648412
2018-08-02,2018,8,2,27.5,30.23,26.16,85.83,52.829,69.612,0.51,4.64,45.1,5.68,11.109331
2018-08-03,2018,8,3,27.58,29.91,25.9,86.45,5.909,72.041,0.57,4.99,42.2,15.87,10.086448
2018-08-04,2018,8,4,27.94,31.23,26.29,82.73,59.693,72.338,0.58,6.33,44.1,4.4,11.131319
2018-08-05,2018,8,5,27.96,30.87,26.12,82.55,56.856,7.087,0.55,5.23,52.3,5.82,10.455298
2018-08-06,2018,8,6,28.0,30.56,26.52,85.06,66.694,72.394,0.64,4.8,47.0,8.61,11.787387
2018-08-08,2018,8,8,28.48,31.89,26.51,83.87,63.118,73.512,0.61,5.06,54.9,4.12,11.799396
2018-08-09,2018,8,9,28.09,31.07,26.51,83.63,66.842,71.609,0.64,6.38,45.3,0.46,12.8425045
2018-08-10,2018,8,10,26.83,27.78,26.16,86.58,63.247,70.966,0.61,3.83,66.2,0.39,11.867632
2018-08-11,2018,8,11,27.68,30.08,26.03,86.29,70.541,73.435,0.68,4.89,41.9,0.32,12.632344
2018-08-12,2018,8,12,28.01,31.06,26.36,84.12,69.218,71.957,0.67,5.54,48.5,0.24,12.750275
2018-08-13,2018,8,13,27.54,29.87,26.2,84.77,61.862,71.314,0.6,6.1,44.7,0.14,11.3944
2018-08-14,2018,8,14,27.1,29.87,25.59,83.51,41.076,66.602,0.4,5.3,41.8,9.3,10.070001
2018-08-15,2018,8,15,26.5,27.3,25.5,86.19,31.318,70.279,0.3,4.71,18.7,6.25,6.8549833
2018-08-17,2018,8,17,28.3,32.31,25.96,81.39,7.032,7.331,0.68,5.72,42.5,0.11,12.410777
2018-08-18,2018,8,18,27.98,30.89,26.46,85.26,59.808,7.038,0.58,4.76,45.8,0.36,11.713005
2018-08-19,2018,8,19,27.82,31.1,26.21,84.91,59.758,70.342,0.58,3.97,52.0,0.26,12.26523
2018-08-21,2018,8,21,28.58,32.59,26.59,82.17,60.859,7.241,0.59,5.27,44.3,0.2,12.078962
2018-08-22,2018,8,22,28.04,30.97,26.6,84.73,52.661,7.092,0.51,4.8,47.3,0.35,10.54676
2018-08-24,2018,8,24,27.8,29.92,26.45,86.31,55.598,73.255,0.54,4.38,47.3,8.72,10.284538
2018-08-25,2018,8,25,27.74,29.52,26.64,87.77,65.645,70.339,0.63,5.6,44.6,4.24,12.523903
2018-08-26,2018,8,26,27.86,29.78,26.78,87.34,48.072,69.384,0.46,5.06,49.4,7.4,11.114913
2018-08-27,2018,8,27,26.96,27.45,26.48,89.78,60.497,70.975,0.58,3.63,55.6,7.45,11.909308
2018-08-28,2018,8,28,27.99,30.77,26.46,84.79,6.42,71.885,0.62,5.25,48.2,3.12,11.737183
2018-08-29,2018,8,29,27.79,29.88,26.37,84.4,5.603,70.466,0.54,5.26,44.3,1.99,10.301332
2018-08-30,2018,8,30,27.4,29.21,26.38,86.37,44.508,68.441,0.43,4.43,46.5,5.03,11.063142
2018-08-31,2018,8,31,27.86,29.95,26.59,86.21,6.479,70.577,0.63,3.15,41.5,4.34,11.670183
2018-09-02,2018,9,2,28.07,30.5,26.59,84.78,62.698,71.794,0.61,5.37,49.3,2.34,11.52789
2018-09-03,2018,9,3,28.21,31.45,26.36,82.15,68.491,71.954,0.66,5.35,44.9,0.56,12.148636
2018-09-04,2018,9,4,27.79,29.66,26.63,85.79,39.012,6.911,0.38,3.49,50.4,5.47,7.928823
2018-09-05,2018,9,5,27.12,30.04,25.65,85.51,40.968,69.893,0.4,2.2,14.1,8.8,9.9767275
2018-09-06,2018,9,6,26.74,28.05,25.99,88.46,54.079,7.061,0.52,2.63,22.1,14.19,11.525156
2018-09-07,2018,9,7,27.19,29.75,25.78,88.02,52.171,69.583,0.51,4.03,30.5,15.29,9.906461
2018-09-09,2018,9,9,28.07,30.55,26.31,83.53,54.206,72.019,0.53,1.96,8.5,2.08,10.71805
2018-09-10,2018,9,10,28.56,31.48,26.84,83.63,67.373,72.007,0.65,3.83,34.1,2.61,12.0581455
2018-09-11,2018,9,11,28.54,31.53,26.71,81.83,64.771,72.816,0.63,4.19,37.9,1.12,10.974816
2018-09-12,2018,9,12,28.43,31.3,26.77,81.5,59.222,71.678,0.58,5.26,37.8,1.14,10.38227
2018-09-13,2018,9,13,28.06,30.23,26.95,83.03,49.457,69.185,0.48,4.85,42.2,1.5,12.258632
2018-09-14,2018,9,14,28.1,30.84,26.72,82.94,51.415,70.817,0.5,3.97,30.7,1.16,10.297066
2018-09-15,2018,9,15,27.21,28.74,25.87,87.38,49.946,70.514,0.49,3.45,14.6,31.66,10.361727
2018-09-16,2018,9,16,27.3,29.63,25.71,82.39,41.623,7.109,0.41,2.2,7.6,16.88,7.924367
2018-09-18,2018,9,18,28.47,31.56,26.88,84.69,58.315,71.254,0.57,3.62,54.5,1.69,11.710997
2018-09-19,2018,9,19,28.62,31.05,27.16,84.92,60.818,70.068,0.6,4.94,52.0,2.31,11.504375
2018-09-20,2018,9,20,28.52,30.89,27.17,85.73,6.149,70.603,0.6,4.31,48.8,1.52,12.492547
2018-09-22,2018,9,22,27.92,29.21,27.14,86.18,42.319,68.566,0.42,3.89,62.0,7.38,8.1525345
2018-09-23,2018,9,23,27.6,29.27,26.77,88.19,57.406,6.899,0.57,4.53,53.4,23.93,10.815699
2018-09-25,2018,9,25,28.49,30.75,27.02,84.77,54.982,68.988,0.54,4.62,48.6,2.93,11.261585
2018-09-26,2018,9,26,28.08,29.69,26.92,85.37,49.704,68.345,0.49,4.95,49.2,1.51,10.339494
2018-09-27,2018,9,27,27.45,28.63,26.73,87.21,2.969,68.458,0.29,3.89,46.0,9.33,8.234371
2018-09-28,2018,9,28,27.45,28.84,26.66,87.11,48.514,67.414,0.48,4.74,46.3,16.61,9.688831
2018-09-29,2018,9,29,27.87,29.58,26.63,86.14,58.082,68.813,0.58,4.13,43.1,7.16,12.111213
2018-09-30,2018,9,30,27.81,29.81,26.72,85.86,58.896,69.043,0.59,3.51,44.4,6.87,11.939353
2018-10-01,2018,10,1,27.8,29.82,26.66,87.42,35.527,66.782,0.36,3.49,32.8,8.87,8.447623
2018-10-02,2018,10,2,27.89,30.12,26.3,82.34,46.697,67.286,0.47,3.08,44.5,38.14,8.242318
2018-10-04,2018,10,4,27.66,30.15,26.2,81.56,37.286,68.976,0.37,3.4,20.2,5.56,8.191846
2018-10-05,2018,10,5,27.65,30.02,26.13,83.75,47.652,68.964,0.48,3.59,15.1,3.32,9.127231
2018-10-06,2018,10,6,27.36,28.64,26.46,87.18,42.084,68.304,0.42,3.68,13.1,6.85,7.0952106
2018-10-07,2018,10,7,27.35,29.79,25.97,82.7,48.924,68.369,0.49,2.92,7.9,2.23,10.043764
2018-10-08,2018,10,8,27.93,30.3,26.38,82.57,5.239,67.421,0.53,2.01,349.1,7.35,10.56908
2018-10-09,2018,10,9,28.12,30.48,26.73,81.94,39.264,67.385,0.4,2.27,22.9,8.81,9.933975
2018-10-11,2018,10,11,27.13,29.48,25.56,84.33,37.486,6.575,0.38,2.38,331.6,9.59,8.282973
2018-10-12,2018,10,12,26.16,27.72,24.99,85.68,4.697,66.314,0.48,2.24,238.1,18.5,12.141034
2018-10-13,2018,10,13,26.62,27.9,25.4,83.05,58.596,69.182,0.6,3.07,216.4,2.29,12.035645
2018-10-14,2018,10,14,27.01,29.07,25.76,78.75,51.322,67.937,0.53,2.13,21.9,0.76,11.475129
2018-10-15,2018,10,15,28.11,30.94,26.32,79.99,57.857,66.905,0.6,3.57,51.3,1.1,12.093446
2018-10-16,2018,10,16,28.18,30.06,27.0,83.2,56.933,67.176,0.59,3.56,58.0,1.54,11.675215
2018-10-17,2018,10,17,28.15,30.52,26.94,83.82,49.704,66.998,0.51,4.89,49.9,2.18,11.465797
2018-10-18,2018,10,18,28.17,30.81,26.94,84.02,53.237,67.258,0.55,4.87,41.5,13.06,11.069434
2018-10-20,2018,10,20,27.98,30.73,26.61,82.11,50.695,66.862,0.53,6.13,45.4,11.16,11.303439
2018-10-21,2018,10,21,27.4,29.04,26.63,85.07,42.494,6.528,0.44,5.67,42.0,20.41,8.991778
2018-10-22,2018,10,22,27.45,29.08,26.62,85.34,51.178,64.464,0.54,5.42,42.7,9.51,10.620044
2018-10-24,2018,10,24,27.89,29.74,26.74,85.72,52.008,65.659,0.55,3.13,44.7,5.19,10.848714
2018-10-25,2018,10,25,28.13,30.57,26.93,85.56,51.158,65.359,0.54,4.35,27.6,3.59,9.986158
2018-10-27,2018,10,27,27.87,29.79,26.75,87.54,49.507,63.022,0.53,4.24,46.8,5.77,10.094852
2018-10-28,2018,10,28,27.79,29.1,27.03,88.75,51.439,63.458,0.55,6.47,37.5,7.31,10.880158
2018-10-29,2018,10,29,28.0,30.78,26.69,81.46,47.458,64.138,0.51,6.26,42.1,6.58,11.09513
2018-10-30,2018,10,30,27.96,30.79,26.58,81.69,43.157,63.598,0.46,5.62,42.7,0.27,8.836102
2018-10-31,2018,10,31,27.99,29.8,26.89,85.54,53.369,62.786,0.57,5.64,43.7,4.61,11.196708
2018-11-01,2018,11,1,27.83,29.34,26.85,89.22,53.676,62.803,0.58,4.32,50.2,8.12,10.456258
2018-11-03,2018,11,3,27.66,30.11,26.17,80.4,40.896,6.347,0.44,4.35,48.6,5.7,8.355173
2018-11-05,2018,11,5,27.4,29.98,26.17,83.01,53.834,63.809,0.59,4.73,34.3,5.22,10.569581
2018-11-06,2018,11,6,27.51,30.4,25.91,82.59,60.331,64.111,0.66,4.3,30.3,5.27,11.172326
2018-11-07,2018,11,7,27.64,30.26,26.08,83.33,61.666,63.926,0.67,5.05,35.0,2.87,11.493362
2018-11-08,2018,11,8,28.08,30.79,26.71,85.08,57.065,62.191,0.63,5.53,37.8,4.0,10.745125
2018-11-10,2018,11,10,27.97,30.24,27.11,88.03,46.174,6.125,0.51,4.42,42.5,9.24,8.707144
2018-11-12,2018,11,12,28.21,30.64,26.93,84.75,58.781,62.429,0.65,6.74,42.0,1.48,10.79371
2018-11-14,2018,11,14,27.47,28.93,26.78,89.09,4.655,59.731,0.52,4.63,43.3,14.47,9.114771
2018-11-15,2018,11,15,27.45,29.08,26.54,89.8,52.322,60.653,0.58,3.89,26.6,6.43,10.203177
2018-11-17,2018,11,17,27.97,29.99,26.96,86.66,56.803,6.029,0.64,6.52,41.3,0.02,10.486524
2018-11-19,2018,11,19,27.86,30.49,26.73,84.64,50.839,60.247,0.57,6.34,41.8,0.05,9.804953
2018-11-21,2018,11,21,27.5,29.5,26.56,86.82,47.726,58.901,0.54,6.67,43.3,0.42,10.602372
2018-11-22,2018,11,22,27.27,29.58,26.03,85.01,42.792,58.658,0.49,6.17,41.6,0.63,8.666908
2018-11-23,2018,11,23,27.67,31.07,25.99,81.7,57.329,61.008,0.65,5.53,43.7,0.11,10.92493
2018-11-26,2018,11,26,27.82,30.74,26.18,82.78,57.305,5.904,0.66,6.65,44.6,2.37,10.42252
2018-11-28,2018,11,28,27.3,30.24,25.68,82.07,49.944,58.229,0.57,5.08,44.2,1.59,10.185272
2018-11-30,2018,11,30,27.22,30.26,25.31,79.12,57.514,60.163,0.66,6.24,49.2,0.01,10.323595
2018-12-01,2018,12,1,27.37,30.76,25.08,79.76,60.391,61.361,0.7,5.48,49.8,0.04,10.440361
2018-12-03,2018,12,3,27.3,30.69,25.3,79.28,60.017,61.363,0.7,5.84,52.2,0.0,9.994338
2018-12-05,2018,12,5,26.9,29.51,25.24,80.17,58.594,6.029,0.68,6.76,43.1,0.0,9.44697
2018-12-07,2018,12,7,26.91,29.39,24.96,78.23,59.758,60.634,0.7,7.41,48.7,0.0,9.971955
2018-12-08,2018,12,8,27.12,30.67,24.73,79.56,59.916,6.042,0.7,6.09,48.1,0.0,9.948004
2018-12-09,2018,12,9,27.17,30.77,24.95,81.63,59.474,60.211,0.7,5.76,43.9,0.0,10.074912
2018-12-10,2018,12,10,26.91,30.29,24.69,80.45,59.177,6.024,0.69,5.88,45.8,0.0,9.935033
2018-12-12,2018,12,12,27.0,29.62,25.54,82.71,57.708,59.136,0.68,7.68,39.4,0.01,9.691449
2018-12-14,2018,12,14,27.36,30.85,25.41,80.46,55.106,58.687,0.65,5.78,44.8,0.03,8.9929905
2018-12-16,2018,12,16,26.56,29.38,24.73,80.37,58.915,60.125,0.69,7.08,44.5,0.0,9.892579
2018-12-17,2018,12,17,26.52,29.72,24.29,81.72,58.699,60.206,0.69,6.63,41.8,0.0,9.605661
2018-12-19,2018,12,19,26.61,30.14,24.5,80.5,56.995,58.339,0.67,6.15,43.1,0.0,9.53491
2018-12-21,2018,12,21,26.69,29.0,25.32,86.99,46.003,55.877,0.54,4.76,31.5,0.05,8.021712
2018-12-23,2018,12,23,26.8,30.05,24.9,79.02,59.971,60.221,0.71,8.22,48.0,0.0,9.916443
2018-12-24,2018,12,24,26.61,29.95,24.64,78.42,60.809,60.926,0.71,7.39,45.8,0.0,9.735276
2018-12-25,2018,12,25,26.3,29.56,24.24,77.85,6.018,60.655,0.71,7.92,43.0,0.0,9.914355
2018-12-28,2018,12,28,26.66,30.33,24.32,76.02,60.348,60.523,0.71,7.91,50.2,0.0,9.942969
2018-12-30,2018,12,30,26.26,29.97,23.45,75.86,61.378,61.589,0.72,7.6,49.5,0.0,10.407047
2019-01-01,2019,1,1,26.27,30.19,23.66,75.01,60.941,61.154,0.71,8.74,48.8,0.0,10.802609
2019-01-02,2019,1,2,26.33,30.02,24.13,73.85,61.102,61.169,0.71,8.87,49.4,0.0,10.724287
2019-01-04,2019,1,4,26.57,31.2,23.8,79.35,60.005,60.082,0.7,5.53,43.0,0.0,10.5099535
2019-01-06,2019,1,6,26.14,29.23,24.54,81.48,55.831,58.433,0.65,7.65,33.7,0.0,9.384472
2019-01-08,2019,1,8,26.24,29.45,24.27,79.48,51.511,57.826,0.6,7.08,37.4,0.0,9.050704
2019-01-09,2019,1,9,26.17,29.47,24.0,78.05,41.714,56.851,0.48,6.29,37.5,0.0,8.643781
2019-01-10,2019,1,10,25.68,28.28,24.22,79.61,51.977,59.722,0.6,6.15,23.9,0.05,8.725808
2019-01-11,2019,1,11,25.79,28.45,24.01,78.34,56.136,59.825,0.65,6.47,27.2,0.39,9.345652
2019-01-13,2019,1,13,26.84,29.92,24.9,75.79,58.219,60.456,0.67,7.87,40.6,0.05,9.790488
2019-01-15,2019,1,15,26.53,29.48,24.14,74.77,58.819,60.197,0.67,8.0,40.4,0.0,9.978551
2019-01-17,2019,1,17,26.53,29.76,24.83,78.54,58.838,60.178,0.67,8.35,35.7,0.0,10.523656
2019-01-18,2019,1,18,26.47,29.38,24.58,79.59,58.937,60.178,0.67,8.08,37.1,0.0,10.318236
2019-01-20,2019,1,20,26.68,30.75,24.22,77.7,60.725,61.462,0.68,6.88,36.1,0.0,11.193106
2019-01-22,2019,1,22,26.58,29.87,24.51,75.63,61.126,6.143,0.68,9.78,42.6,0.39,10.920046
2019-01-24,2019,1,24,26.9,31.25,24.05,76.7,62.376,62.472,0.69,6.24,39.7,0.09,11.534144
2019-01-25,2019,1,25,26.75,30.78,23.87,77.44,6.095,61.195,0.68,6.68,36.9,0.4,11.435111
2019-01-26,2019,1,26,26.57,30.72,24.01,76.96,59.484,61.603,0.66,6.92,38.9,0.0,11.0072565
2019-01-29,2019,1,29,26.59,30.25,24.12,76.65,61.589,63.612,0.68,6.48,26.7,0.0,10.765362
2019-01-31,2019,1,31,26.76,29.8,24.89,73.99,55.781,60.626,0.61,8.3,37.0,0.0,10.370297
2019-02-02,2019,2,2,26.6,29.49,24.68,73.67,5.797,62.129,0.63,7.13,37.8,0.0,10.990382
2019-02-03,2019,2,3,26.71,30.19,24.57,72.63,62.578,63.482,0.68,7.68,37.0,0.0,11.464075
2019-02-05,2019,2,5,26.74,29.95,24.94,75.64,60.463,63.096,0.65,8.15,34.0,0.0,10.688994
2019-02-07,2019,2,7,26.95,30.08,25.12,76.67,61.927,63.065,0.66,9.21,36.8,0.0,10.913202
2019-02-09,2019,2,9,26.52,29.25,24.74,72.46,62.858,64.925,0.67,9.91,38.8,0.0,11.47729
2019-02-10,2019,2,10,26.82,29.83,24.6,70.18,64.078,65.045,0.68,9.13,42.4,0.0,12.076124
2019-02-11,2019,2,11,27.1,31.19,24.3,70.99,63.458,64.577,0.67,7.39,40.3,0.0,12.374216
2019-02-12,2019,2,12,27.03,31.12,24.18,74.61,55.759,64.356,0.59,6.3,39.1,0.0,11.825686
2019-02-13,2019,2,13,27.12,31.62,24.45,77.86,6.006,62.851,0.63,4.46,34.0,0.0,11.785093
2019-02-14,2019,2,14,26.97,30.69,24.84,80.44,56.138,62.268,0.59,5.53,23.1,0.04,11.178761
2019-02-16,2019,2,16,27.03,31.08,24.86,81.95,56.642,62.935,0.59,5.36,22.4,0.74,11.296388
2019-02-17,2019,2,17,27.77,32.05,25.46,78.99,63.005,6.426,0.65,6.66,34.8,1.66,12.224258
2019-02-18,2019,2,18,27.91,31.93,25.56,72.55,5.927,65.494,0.61,7.39,39.7,0.04,12.429702
2019-02-19,2019,2,19,27.63,30.94,25.61,72.16,61.344,63.317,0.63,8.32,40.6,0.02,12.038962
2019-02-20,2019,2,20,27.58,31.35,25.45,74.93,50.431,62.311,0.52,7.2,45.8,0.0,11.431899
2019-02-21,2019,2,21,27.54,31.25,24.95,74.15,64.075,6.551,0.66,7.05,41.6,0.0,12.440341
2019-02-22,2019,2,22,27.62,31.37,25.24,73.44,6.096,63.838,0.62,7.55,39.5,0.0,12.281798
2019-02-23,2019,2,23,27.83,31.49,25.68,72.7,53.695,6.246,0.55,7.08,40.7,0.0,10.791939
2019-02-25,2019,2,25,26.98,30.48,24.51,70.1,68.405,69.091,0.7,9.66,44.6,0.0,13.160402
2019-02-26,2019,2,26,27.02,30.76,24.58,70.64,67.099,67.591,0.68,9.24,45.3,0.0,12.613156
2019-02-27,2019,2,27,26.7,30.84,23.97,72.95,65.254,66.302,0.66,7.38,40.5,0.0,13.104801
2019-03-01,2019,3,1,26.81,31.08,24.23,77.26,58.493,61.954,0.59,5.74,37.7,0.0,12.282425
2019-03-02,2019,3,2,26.47,30.34,24.45,77.37,49.272,61.409,0.5,6.21,34.4,0.0,11.068671
2019-03-04,2019,3,4,26.88,31.04,24.47,77.03,49.918,61.183,0.5,6.09,38.5,0.0,11.239736
2019-03-05,2019,3,5,26.76,30.38,24.5,77.8,58.488,63.984,0.58,7.59,32.7,0.0,11.692202
2019-03-06,2019,3,6,26.66,29.18,24.96,78.35,57.929,63.958,0.58,9.44,35.8,0.0,12.960448
2019-03-07,2019,3,7,26.72,29.61,24.86,75.53,62.172,65.527,0.62,9.98,36.8,0.0,12.525561
2019-03-08,2019,3,8,27.09,30.43,25.08,75.31,6.575,67.248,0.65,9.32,36.7,0.0,13.964578
2019-03-09,2019,3,9,27.17,30.83,24.99,76.78,6.757,68.191,0.67,8.51,36.0,0.0,13.339312
2019-03-10,2019,3,10,27.47,31.06,24.94,74.98,6.391,6.577,0.63,8.29,37.0,0.0,13.106426
2019-03-11,2019,3,11,27.21,30.29,25.48,73.02,64.056,66.931,0.63,9.29,38.4,0.0,12.841715
2019-03-13,2019,3,13,26.36,29.65,24.11,75.5,70.284,7.135,0.69,8.68,34.2,0.0,13.397057
2019-03-14,2019,3,14,26.91,30.79,24.46,76.9,66.101,67.486,0.65,7.93,34.2,0.0,13.927491
2019-03-15,2019,3,15,26.84,30.54,24.79,78.92,61.529,65.772,0.6,8.24,35.7,0.0,13.197212
2019-03-16,2019,3,16,27.06,30.58,24.97,75.53,6.582,67.457,0.64,8.71,36.4,0.0,13.452429
2019-03-17,2019,3,17,27.08,30.78,24.7,74.56,66.247,68.549,0.65,8.57,36.1,0.0,13.589038
2019-03-18,2019,3,18,27.19,31.3,24.8,75.67,63.096,66.415,0.61,8.15,35.9,0.0,12.96954
2019-03-20,2019,3,20,26.69,29.93,24.68,79.29,53.561,63.679,0.52,7.11,30.0,0.02,11.520897
2019-03-21,2019,3,21,26.6,30.08,24.68,76.94,63.439,67.308,0.61,7.98,26.2,0.0,11.957319
2019-03-22,2019,3,22,26.26,28.83,24.74,78.16,4.819,6.551,0.47,7.93,22.4,0.0,11.807014
2019-03-23,2019,3,23,27.32,31.06,25.08,76.99,60.982,65.174,0.59,7.16,31.0,0.0,12.121219
2019-03-24,2019,3,24,27.68,31.55,25.31,76.21,60.912,65.695,0.59,7.51,35.9,0.0,12.492251
2019-03-25,2019,3,25,27.49,31.25,25.1,74.82,65.098,67.766,0.63,7.41,32.8,0.0,12.255707
2019-03-26,2019,3,26,27.28,30.84,25.35,76.52,63.442,6.786,0.61,7.93,28.4,0.0,12.207237
2019-03-27,2019,3,27,27.04,30.25,25.42,76.46,58.589,63.017,0.56,8.61,26.8,0.0,11.977628
2019-03-29,2019,3,29,27.08,29.92,25.8,79.86,37.308,59.129,0.36,7.08,21.7,0.01,11.120873
2019-03-30,2019,3,30,27.41,30.56,25.59,80.92,53.801,6.198,0.52,6.86,27.0,0.04,12.009301
2019-03-31,2019,3,31,27.84,31.2,25.88,81.07,56.321,63.886,0.54,6.95,31.4,0.03,12.871143
2019-04-02,2019,4,2,27.79,30.82,25.86,72.65,4.571,69.804,0.44,7.81,34.8,0.0,12.037872
2019-04-03,2019,4,3,28.05,31.21,26.08,69.97,66.178,74.938,0.63,9.34,38.9,0.0,12.475955
2019-04-05,2019,4,5,28.17,31.88,26.01,71.24,68.815,72.682,0.66,7.53,39.8,0.02,13.0964365
2019-04-06,2019,4,6,28.12,32.4,25.43,71.05,6.564,71.467,0.63,6.92,39.6,0.0,9.261607
2019-04-07,2019,4,7,28.3,32.69,25.57,74.32,65.894,70.788,0.63,6.62,41.3,0.0,13.041017
2019-04-08,2019,4,8,28.04,32.08,25.7,74.81,61.762,68.119,0.59,6.43,42.6,0.0,12.544991
2019-04-09,2019,4,9,28.43,32.03,25.94,74.83,58.661,67.166,0.56,5.41,33.8,0.0,11.993222
2019-04-10,2019,4,10,28.05,31.37,25.91,77.26,53.148,65.892,0.51,4.59,17.9,0.07,12.375583
2019-04-11,2019,4,11,28.06,32.21,25.58,78.2,50.383,66.432,0.48,4.7,20.0,0.4,11.890861
2019-04-12,2019,4,12,28.36,32.2,26.13,76.15,58.958,63.806,0.56,6.94,35.6,0.12,12.347796
2019-04-14,2019,4,14,28.63,32.14,26.68,76.86,57.266,65.112,0.54,5.91,40.3,0.17,12.160769
2019-04-15,2019,4,15,28.27,31.47,26.3,77.2,5.405,68.057,0.51,6.55,38.3,0.18,11.494328
2019-04-16,2019,4,16,27.83,30.29,26.29,77.25,6.295,69.377,0.6,8.88,36.7,0.68,13.012998
2019-04-17,2019,4,17,28.15,31.46,26.23,75.35,64.094,70.656,0.61,7.81,37.3,2.45,12.29044
2019-04-18,2019,4,18,27.88,31.41,25.85,77.14,47.532,69.526,0.45,6.74,42.5,10.74,11.729589
2019-04-19,2019,4,19,28.25,31.25,26.04,77.39,62.429,72.202,0.59,6.03,38.2,1.05,11.899742
2019-04-22,2019,4,22,27.32,29.52,25.93,80.42,37.123,71.136,0.35,6.37,36.5,3.13,9.638696
2019-04-23,2019,4,23,27.18,29.14,25.7,78.58,5.621,72.259,0.53,6.39,31.3,0.83,12.050486
2019-04-24,2019,4,24,27.8,31.62,25.43,75.29,61.654,73.061,0.59,6.0,28.0,0.01,11.969037
2019-04-25,2019,4,25,28.2,31.77,26.06,78.46,60.862,70.906,0.58,6.4,38.1,0.2,13.15818
2019-04-26,2019,4,26,28.32,31.48,26.21,81.32,54.818,71.275,0.52,5.41,36.0,1.19,10.822304
2019-04-27,2019,4,27,28.11,31.26,26.3,83.33,60.576,71.861,0.58,6.85,39.0,5.56,11.967335
2019-04-28,2019,4,28,28.66,32.77,26.18,80.33,67.166,72.413,0.64,6.17,41.3,13.83,13.316764
2019-04-30,2019,4,30,28.88,32.93,26.46,77.2,67.766,71.554,0.65,6.2,38.7,0.81,13.852853
2019-05-01,2019,5,1,29.11,33.48,26.45,75.36,65.726,71.054,0.63,6.3,42.3,0.02,13.938985
2019-05-02,2019,5,2,28.49,31.93,26.29,78.02,70.332,72.698,0.67,6.23,41.0,0.01,13.79063
2019-05-04,2019,5,4,28.07,31.11,26.42,81.7,44.628,67.464,0.43,5.5,41.5,0.04,9.872397
2019-05-05,2019,5,5,27.98,30.09,26.48,82.07,59.138,69.187,0.56,5.45,43.4,0.09,12.572953
2019-05-07,2019,5,7,28.01,30.96,26.28,83.81,57.593,70.226,0.55,5.2,40.8,1.41,11.41051
2019-05-08,2019,5,8,27.52,29.75,26.13,85.94,38.059,70.829,0.36,5.38,39.3,2.56,7.3130355
2019-05-09,2019,5,9,27.65,29.84,26.04,85.72,37.322,70.013,0.36,4.32,43.9,2.4,8.855554
2019-05-10,2019,5,10,27.39,29.56,26.02,86.37,34.507,71.357,0.33,2.44,50.2,3.19,7.7245603
2019-05-11,2019,5,11,26.96,28.74,25.75,87.02,40.027,71.155,0.38,5.0,37.0,2.1,9.87781
2019-05-12,2019,5,12,28.16,31.07,26.24,82.58,55.435,7.061,0.53,4.05,47.2,0.79,11.522414
2019-05-13,2019,5,13,28.47,30.98,26.86,83.8,60.811,70.272,0.58,3.96,50.5,1.08,11.649648
2019-05-14,2019,5,14,29.51,33.85,27.27,78.98,56.412,70.603,0.54,3.31,49.8,1.09,10.758579
2019-05-16,2019,5,16,29.16,32.67,27.0,79.18,65.282,72.043,0.63,3.97,36.5,3.59,12.290528
2019-05-17,2019,5,17,28.86,31.2,27.1,80.18,59.916,71.153,0.58,4.61,40.1,1.45,11.321423
2019-05-18,2019,5,18,28.43,30.83,26.73,80.66,39.835,69.821,0.38,4.88,51.4,2.13,7.1969585
2019-05-19,2019,5,19,28.12,30.5,26.82,83.16,31.906,69.506,0.31,4.23,43.5,6.48,5.728246
2019-05-20,2019,5,20,28.28,30.84,26.64,81.87,63.449,70.428,0.61,3.65,39.3,6.95,11.854508
2019-05-21,2019,5,21,28.05,30.59,26.28,81.49,2.575,7.009,0.25,2.83,36.8,5.17,5.1390653
2019-05-23,2019,5,23,28.04,29.83,26.93,85.2,3.623,69.835,0.35,5.53,41.5,3.38,7.63597
2019-05-24,2019,5,24,28.09,30.64,26.66,84.18,52.308,71.119,0.5,4.12,36.1,6.93,5.5949597
2019-05-25,2019,5,25,28.22,30.83,26.71,81.49,32.954,71.306,0.32,4.96,43.7,7.61,9.207243
2019-05-26,2019,5,26,27.55,29.08,26.89,88.18,3.437,70.205,0.33,5.05,39.1,11.2,4.087286
2019-05-27,2019,5,27,28.47,31.74,26.23,80.86,59.098,70.882,0.57,3.9,50.4,7.19,11.146889
2019-05-28,2019,5,28,27.42,28.98,26.51,85.78,25.776,71.664,0.25,3.62,34.3,5.81,5.9971547
2019-05-29,2019,5,29,27.66,29.78,26.32,86.24,57.283,69.838,0.55,3.33,9.8,6.92,10.570243
2019-05-30,2019,5,30,27.5,29.26,26.75,87.47,45.055,6.905,0.44,3.99,2.9,13.85,8.031182
2019-06-01,2019,6,1,27.81,30.53,26.32,81.88,5.1,71.429,0.49,2.59,64.4,10.79,10.307573
2019-06-02,2019,6,2,27.78,29.61,26.57,84.91,53.107,70.445,0.51,4.16,41.6,6.5,10.362841
2019-06-03,2019,6,3,28.65,31.68,27.11,83.05,68.566,71.378,0.66,4.28,42.3,7.75,12.053747
2019-06-05,2019,6,5,28.98,31.04,27.64,84.86,5.773,7.069,0.56,3.3,59.1,2.56,10.795128
2019-06-06,2019,6,6,28.37,31.03,26.75,84.26,30.401,68.966,0.3,2.02,80.0,10.68,3.3050444
2019-06-08,2019,6,8,28.24,30.44,26.59,85.7,61.733,69.264,0.6,3.58,33.3,1.87,11.034324
2019-06-09,2019,6,9,28.55,30.81,27.4,85.97,63.734,70.411,0.62,3.78,54.2,2.41,12.072094
2019-06-10,2019,6,10,28.22,30.19,27.16,86.47,43.294,68.131,0.42,4.55,49.6,6.8,9.258851
2019-06-11,2019,6,11,28.39,30.9,27.01,85.18,50.446,68.695,0.49,4.26,48.5,6.97,10.656134
2019-06-12,2019,6,12,28.03,30.37,26.81,84.49,62.957,70.291,0.61,4.85,47.2,0.87,12.795196
2019-06-13,2019,6,13,28.52,31.9,26.51,82.18,67.642,71.126,0.66,5.53,43.0,1.1,11.987402
2019-06-14,2019,6,14,28.46,32.0,26.59,82.52,67.999,70.997,0.66,5.72,41.9,1.22,11.667368
2019-06-15,2019,6,15,28.35,30.66,26.76,83.79,66.312,71.731,0.65,6.07,39.8,0.0,10.80854
2019-06-17,2019,6,17,28.73,32.12,26.58,82.71,69.595,71.779,0.68,5.18,49.6,0.21,12.728981
2019-06-18,2019,6,18,29.26,33.3,26.93,80.22,6.617,7.103,0.64,5.91,47.0,0.02,12.264541
2019-06-19,2019,6,19,28.68,30.84,27.34,84.43,5.586,69.406,0.54,5.26,54.4,0.05,11.70322
2019-06-20,2019,6,20,28.75,31.72,27.03,84.2,57.756,68.894,0.56,5.11,53.0,0.21,11.338044
2019-06-21,2019,6,21,28.07,29.64,27.19,86.02,54.134,6.851,0.53,3.4,51.4,0.31,12.295739
2019-06-22,2019,6,22,28.28,30.64,26.8,84.15,41.366,69.413,0.4,5.73,48.4,0.04,7.957394
2019-06-24,2019,6,24,27.43,29.25,26.2,86.4,34.627,68.254,0.34,3.31,62.0,0.54,8.669779
2019-06-25,2019,6,25,27.88,30.33,26.32,85.37,5.07,69.355,0.49,4.11,45.8,1.91,10.668229
2019-06-26,2019,6,26,28.3,31.29,26.53,81.98,70.034,71.736,0.68,6.28,48.1,0.24,13.176021
2019-06-27,2019,6,27,28.1,31.15,26.09,79.22,57.547,7.116,0.56,6.37,45.7,0.09,10.605365
2019-06-28,2019,6,28,27.94,30.98,26.07,81.35,62.926,71.285,0.61,5.99,45.6,0.12,12.0931225
2019-06-29,2019,6,29,27.93,30.88,26.01,84.33,54.686,69.914,0.53,4.65,47.1,1.54,10.240204
2019-06-30,2019,6,30,27.48,29.63,26.14,86.41,55.154,68.177,0.54,5.3,45.6,1.97,11.0885
2019-07-01,2019,7,1,27.33,29.45,26.1,86.93,49.334,68.642,0.48,5.52,44.9,1.55,9.008436
2019-07-03,2019,7,3,27.6,30.99,25.64,82.99,6.75,71.806,0.66,5.29,43.6,0.41,12.355952
2019-07-04,2019,7,4,27.86,31.46,25.19,77.52,7.038,71.942,0.69,6.79,39.8,0.03,12.415135
2019-07-05,2019,7,5,28.22,32.14,25.6,80.6,68.755,72.245,0.67,5.39,42.8,0.72,12.37906
2019-07-07,2019,7,7,28.22,31.45,26.64,82.56,64.531,71.174,0.63,5.32,45.7,2.14,11.615417
2019-07-08,2019,7,8,27.89,31.34,26.1,84.44,52.613,70.824,0.51,3.96,50.0,13.09,9.396931
2019-07-10,2019,7,10,28.28,31.54,26.34,83.3,6.599,70.298,0.64,4.28,47.2,0.18,11.317574
2019-07-11,2019,7,11,28.3,31.5,26.27,79.99,61.565,70.594,0.6,6.39,46.3,0.03,11.784804
2019-07-12,2019,7,12,28.3,31.59,25.86,77.81,70.428,72.504,0.69,6.57,43.0,0.01,12.216939
2019-07-13,2019,7,13,28.56,31.72,26.19,79.54,66.936,70.646,0.65,6.37,45.1,0.18,11.795887
2019-07-14,2019,7,14,28.17,30.83,26.67,84.29,58.445,70.058,0.57,4.63,46.7,5.43,11.531454
2019-07-15,2019,7,15,28.2,31.76,26.36,82.81,6.395,7.151,0.62,4.69,44.7,16.05,10.536059
2019-07-16,2019,7,16,28.03,31.38,26.12,84.51,65.251,70.694,0.63,4.95,42.3,13.65,11.315254
2019-07-17,2019,7,17,28.15,30.91,26.52,82.04,68.112,7.206,0.66,6.58,49.6,10.96,11.170256
2019-07-19,2019,7,19,28.08,30.56,26.75,87.04,48.864,71.004,0.47,4.74,48.8,11.48,11.174079
2019-07-20,2019,7,20,28.25,31.22,26.73,85.43,69.101,71.597,0.67,5.14,49.0,0.95,12.358403
2019-07-21,2019,7,21,28.42,31.84,26.46,80.98,71.424,72.905,0.69,6.15,41.4,0.14,12.531188
2019-07-22,2019,7,22,28.24,32.01,26.28,81.28,67.118,71.789,0.65,5.7,38.6,0.37,11.795061
2019-07-23,2019,7,23,27.44,29.97,26.24,87.35,37.807,68.645,0.37,3.23,59.7,2.25,8.827537
2019-07-24,2019,7,24,27.63,30.05,26.29,87.32,43.848,69.338,0.43,3.85,45.2,3.11,7.864908
2019-07-26,2019,7,26,27.5,29.19,26.2,85.97,6.175,70.865,0.6,5.09,46.0,3.4,10.751666
2019-07-27,2019,7,27,27.71,29.58,26.42,86.1,64.409,71.002,0.62,5.44,52.7,2.5,11.847184
2019-07-28,2019,7,28,27.8,30.5,25.71,83.59,69.785,72.845,0.68,6.82,41.4,0.42,12.4017515
2019-07-29,2019,7,29,27.85,30.55,26.01,83.34,64.207,7.159,0.62,6.09,33.9,0.91,11.33698
2019-07-30,2019,7,30,27.8,30.42,26.28,86.45,57.866,7.038,0.56,4.28,33.1,2.96,10.465757
2019-07-31,2019,7,31,27.94,30.67,26.04,86.26,60.406,71.419,0.58,3.49,31.2,1.27,11.592109
2019-08-01,2019,8,1,28.24,30.93,26.81,87.32,59.117,69.557,0.57,3.09,40.5,2.28,11.311464
2019-08-02,2019,8,2,28.36,31.62,26.61,83.7,63.341,70.769,0.61,4.18,39.4,1.03,11.471731
2019-08-04,2019,8,4,28.24,30.73,26.8,86.4,53.294,68.434,0.51,3.84,50.9,4.34,10.4875765
2019-08-05,2019,8,5,28.49,31.71,26.86,85.68,55.723,69.019,0.54,4.28,44.1,2.06,11.607097
2019-08-06,2019,8,6,28.6,31.6,26.94,84.34,50.275,69.826,0.49,2.68,40.2,7.44,10.896158
2019-08-08,2019,8,8,28.81,31.89,26.79,81.68,62.215,71.069,0.6,2.93,36.6,2.42,11.997694
2019-08-09,2019,8,9,28.91,31.82,27.2,83.86,5.137,70.138,0.5,4.72,39.8,1.65,9.359977
2019-08-11,2019,8,11,29.01,31.83,27.38,81.0,6.649,71.386,0.64,6.26,43.3,0.45,12.197434
2019-08-12,2019,8,12,28.86,31.68,27.23,83.4,61.615,70.848,0.59,5.42,41.8,0.73,12.860543
2019-08-13,2019,8,13,28.6,30.8,27.42,86.21,5.375,70.846,0.52,4.51,48.1,2.57,8.017431
2019-08-14,2019,8,14,28.38,30.57,27.33,85.46,35.818,68.594,0.35,4.61,56.8,4.78,7.682905
2019-08-15,2019,8,15,28.17,30.69,26.66,85.19,48.238,68.791,0.46,3.83,49.7,20.5,11.714965
2019-08-16,2019,8,16,27.45,30.21,26.17,89.21,32.417,68.086,0.31,4.04,51.9,45.31,6.501348
2019-08-17,2019,8,17,27.5,28.9,26.47,87.6,51.962,70.788,0.5,2.95,43.1,8.06,11.361512
2019-08-18,2019,8,18,27.94,30.1,26.48,86.94,61.838,71.976,0.6,5.41,46.7,9.47,11.431502
2019-08-20,2019,8,20,28.83,32.19,27.01,83.97,68.933,72.751,0.66,3.85,45.2,4.44,13.301357
2019-08-21,2019,8,21,28.95,32.24,27.1,82.54,53.921,71.002,0.52,4.25,40.0,6.26,11.181001
2019-08-22,2019,8,22,28.98,32.91,27.0,80.93,65.935,7.194,0.64,5.73,38.2,2.04,12.880869
2019-08-23,2019,8,23,28.53,30.97,27.26,85.47,61.716,71.626,0.59,5.02,40.9,3.45,11.879293
2019-08-24,2019,8,24,28.82,31.96,27.12,84.75,50.969,69.907,0.49,4.04,46.8,2.54,8.545272
2019-08-25,2019,8,25,28.46,30.58,27.29,86.01,66.814,71.167,0.64,4.3,49.5,2.13,12.476195
2019-08-27,2019,8,27,28.57,30.86,27.07,83.88,69.936,71.179,0.67,5.94,46.3,1.31,13.160896
2019-08-28,2019,8,28,28.21,30.94,26.79,84.16,52.346,70.416,0.51,5.81,47.4,1.07,8.740511
2019-08-29,2019,8,29,28.08,30.75,26.69,85.41,59.434,70.862,0.57,3.64,39.1,1.21,11.53468
2019-08-30,2019,8,30,28.43,30.97,26.94,85.13,68.779,7.195,0.66,3.17,22.2,0.66,12.844909
2019-08-31,2019,8,31,28.77,31.68,27.07,85.06,64.606,71.803,0.62,4.37,31.4,1.04,12.264665
2019-09-01,2019,9,1,28.61,30.61,27.18,86.33,54.569,69.626,0.53,3.41,46.7,1.63,11.233706
2019-09-02,2019,9,2,28.59,30.55,27.47,86.19,49.795,69.286,0.48,3.57,36.9,3.09,7.7901754
2019-09-03,2019,9,3,28.24,29.2,27.51,86.6,65.683,70.829,0.64,2.72,56.1,2.57,12.0019245
2019-09-05,2019,9,5,28.64,31.26,27.26,85.44,54.283,69.254,0.53,4.87,46.9,2.89,12.931072
2019-09-06,2019,9,6,28.41,30.77,27.18,84.61,63.977,71.628,0.62,5.05,45.9,2.73,12.723757
2019-09-07,2019,9,7,28.27,30.19,27.17,86.91,66.218,7.231,0.64,3.87,33.0,3.09,12.780662
2019-09-09,2019,9,9,29.27,32.3,27.52,82.23,65.753,7.098,0.64,4.16,38.7,1.99,13.177461
2019-09-10,2019,9,10,29.12,32.02,27.6,81.86,67.783,7.074,0.66,6.34,40.5,1.08,13.426763
2019-09-12,2019,9,12,28.89,31.43,27.66,85.49,52.618,70.639,0.51,5.16,39.4,2.25,10.141299
2019-09-13,2019,9,13,28.51,30.42,26.71,86.8,5.557,69.026,0.54,2.59,39.4,8.38,12.232447
2019-09-14,2019,9,14,28.42,30.75,26.63,84.81,54.696,69.506,0.53,2.09,349.7,22.38,10.4090605
2019-09-15,2019,9,15,29.1,31.68,27.54,84.68,53.736,69.646,0.52,3.33,35.6,5.03,11.408516
2019-09-16,2019,9,16,28.93,31.47,27.6,82.54,58.678,70.942,0.57,4.19,32.4,4.5,12.070193
2019-09-17,2019,9,17,28.82,31.48,27.46,80.61,46.956,70.932,0.46,4.36,23.8,2.5,10.932638
2019-09-18,2019,9,18,28.33,30.53,27.27,84.27,49.349,69.874,0.48,3.64,338.0,6.25,11.602348
2019-09-19,2019,9,19,27.78,29.91,26.52,80.38,24.096,70.246,0.24,3.2,255.4,9.99,4.6974487
2019-09-21,2019,9,21,28.07,30.74,26.57,78.9,16.855,69.542,0.17,1.89,334.7,2.74,8.310554
2019-09-22,2019,9,22,27.74,29.7,26.4,81.54,59.448,6.912,0.59,2.76,1.9,5.97,11.581453
2019-09-23,2019,9,23,27.85,29.95,26.65,83.4,48.259,6.906,0.48,2.9,352.5,4.11,9.362721
2019-09-24,2019,9,24,28.18,30.3,26.65,79.59,57.418,69.845,0.57,2.31,296.3,2.9,12.474364
2019-09-25,2019,9,25,28.11,30.74,26.52,81.0,5.623,69.869,0.56,2.42,267.0,7.07,11.99604
2019-09-26,2019,9,26,28.16,30.74,26.46,78.54,39.379,67.308,0.39,1.63,7.4,4.49,8.393353
2019-09-28,2019,9,28,29.54,32.36,28.12,81.67,61.025,70.654,0.61,4.12,40.6,5.32,12.199847
2019-09-29,2019,9,29,29.28,32.12,27.94,79.45,55.022,70.097,0.55,6.61,37.0,3.86,12.47078
2019-09-30,2019,9,30,28.38,30.01,27.1,84.75,44.316,67.834,0.44,3.61,158.1,15.48,9.802347
2019-10-01,2019,10,1,27.97,30.46,26.64,82.12,57.893,67.913,0.58,2.39,258.7,12.33,12.141353
2019-10-02,2019,10,2,27.94,30.07,26.66,84.48,44.659,66.895,0.45,2.73,342.2,22.2,11.017386
2019-10-03,2019,10,3,28.23,29.77,27.23,85.55,50.878,69.329,0.51,3.84,16.2,16.4,11.596217
2019-10-04,2019,10,4,28.69,31.25,27.48,83.97,56.674,68.573,0.57,4.11,34.3,20.42,11.525784
2019-10-05,2019,10,5,28.69,30.52,27.4,83.45,59.352,69.624,0.6,3.15,53.7,15.54,12.386146
2019-10-07,2019,10,7,28.39,29.47,27.52,83.93,57.007,68.453,0.58,3.25,68.2,15.82,12.441487
2019-10-08,2019,10,8,28.7,30.61,27.64,84.82,53.196,67.034,0.54,4.14,49.9,10.08,11.562993
2019-10-09,2019,10,9,28.27,29.71,27.21,85.27,50.081,67.382,0.51,2.96,52.2,13.6,11.29184
2019-10-11,2019,10,11,27.41,29.58,26.42,85.88,28.692,65.964,0.29,2.85,18.1,12.67,5.158976
2019-10-12,2019,10,12,27.54,29.65,26.06,83.22,41.849,64.097,0.43,2.09,343.8,14.83,7.807482
2019-10-14,2019,10,14,28.08,29.8,27.22,83.92,39.588,66.562,0.41,3.76,31.6,1.82,8.138784
2019-10-15,2019,10,15,28.6,30.88,27.42,82.3,57.655,67.015,0.59,4.56,45.0,0.51,11.230472
2019-10-16,2019,10,16,28.22,29.88,27.32,84.73,45.276,66.583,0.47,4.01,45.9,1.49,7.7218037
2019-10-17,2019,10,17,28.21,29.68,27.35,84.47,53.698,65.698,0.56,3.52,50.1,3.62,10.632454
2019-10-18,2019,10,18,28.89,31.64,27.36,81.44,53.285,66.137,0.55,3.89,40.9,5.88,11.820319
2019-10-19,2019,10,19,27.45,28.72,26.76,86.11,40.433,65.513,0.42,3.25,32.5,14.21,7.564113
2019-10-20,2019,10,20,28.01,30.43,26.28,78.94,53.926,64.968,0.56,2.21,3.2,4.11,10.001487
2019-10-21,2019,10,21,27.95,29.52,27.19,85.14,37.502,65.741,0.39,3.48,12.7,8.36,7.6173615
2019-10-23,2019,10,23,27.61,29.08,26.81,83.8,55.078,65.635,0.58,3.07,54.6,4.29,11.685839
2019-10-24,2019,10,24,27.84,29.17,26.65,83.14,42.629,64.236,0.45,2.47,38.7,11.04,6.9944324
2019-10-25,2019,10,25,27.44,29.62,25.89,86.01,46.987,6.347,0.5,3.29,31.6,5.7,10.631782
2019-10-26,2019,10,26,28.85,31.58,27.04,80.85,48.948,64.008,0.52,3.04,43.2,3.7,9.49704
2019-10-27,2019,10,27,28.58,30.45,27.52,85.04,50.621,64.663,0.54,5.8,44.1,3.92,10.072395
2019-10-28,2019,10,28,28.27,30.29,27.16,84.44,53.659,6.385,0.57,4.83,54.4,6.31,10.797747
2019-10-30,2019,10,30,28.13,29.7,27.16,85.47,48.552,63.283,0.52,4.31,57.5,5.85,9.245086
2019-11-01,2019,11,1,28.1,29.43,27.39,85.88,52.032,6.287,0.56,5.47,34.8,2.65,10.819219
2019-11-02,2019,11,2,28.18,29.68,27.36,84.88,4.021,63.046,0.43,4.98,37.6,0.22,7.511769
2019-11-04,2019,11,4,27.94,29.26,27.09,87.36,48.996,6.228,0.53,5.52,44.3,0.36,9.281853
2019-11-06,2019,11,6,27.83,28.99,26.96,89.27,49.166,62.263,0.54,5.71,45.6,2.09,9.617246
2019-11-08,2019,11,8,27.93,29.88,26.65,87.85,52.944,61.781,0.58,5.32,45.2,1.43,11.377988
2019-11-09,2019,11,9,27.96,29.99,26.96,88.1,4.471,59.393,0.49,5.43,44.3,6.17,8.802749
2019-11-10,2019,11,10,28.04,30.55,26.98,88.91,45.818,60.319,0.5,4.68,35.3,24.0,9.855
2019-11-13,2019,11,13,27.88,30.27,26.39,85.68,41.208,58.824,0.46,3.28,33.4,8.51,8.556167
2019-11-15,2019,11,15,27.83,30.27,26.63,84.23,48.538,60.451,0.54,5.17,36.5,3.11,10.089643
2019-11-17,2019,11,17,27.69,30.13,26.35,82.67,52.934,6.197,0.59,4.24,20.0,1.0,10.046004
2019-11-18,2019,11,18,27.3,29.32,25.75,80.22,45.341,61.634,0.51,4.2,22.1,0.31,7.461509
2019-11-20,2019,11,20,27.71,30.4,26.0,80.47,51.389,6.155,0.58,4.48,19.2,0.05,9.762615
2019-11-22,2019,11,22,28.03,30.33,26.58,80.17,54.456,60.998,0.62,4.92,37.3,0.4,9.537803
2019-11-24,2019,11,24,28.05,30.83,26.7,81.29,59.921,61.349,0.68,4.99,40.9,0.24,10.352196
2019-11-25,2019,11,25,28.7,32.08,26.8,80.65,58.867,59.746,0.67,5.21,40.8,0.79,10.620068
2019-11-26,2019,11,26,29.02,31.88,27.47,84.39,56.858,5.941,0.65,6.31,44.8,0.63,10.670859
2019-11-27,2019,11,27,28.7,30.97,27.39,85.75,59.239,6.013,0.68,6.72,48.7,0.01,10.588655
2019-11-29,2019,11,29,27.69,29.68,26.63,83.91,3.72,59.424,0.43,5.92,40.2,0.0,7.041408
2019-12-01,2019,12,1,28.03,31.45,26.18,79.63,5.867,60.091,0.68,5.37,39.8,0.0,9.974868
2019-12-03,2019,12,3,27.92,29.73,26.81,87.74,5.298,58.594,0.61,5.0,29.5,0.08,9.33852
2019-12-04,2019,12,4,28.25,30.68,26.85,86.14,4.609,57.922,0.54,4.59,35.9,0.08,8.819219
2019-12-06,2019,12,6,28.12,30.38,26.73,84.16,54.379,58.202,0.63,6.5,41.4,1.28,9.566368
2019-12-08,2019,12,8,27.16,29.16,26.01,82.09,52.704,59.246,0.62,6.06,42.9,0.3,9.071675
2019-12-10,2019,12,10,27.81,30.88,25.93,79.5,57.288,60.151,0.67,6.34,45.6,0.26,9.961559
2019-12-11,2019,12,11,27.5,29.77,25.73,79.54,51.046,58.466,0.6,7.13,46.7,0.51,9.08046
2019-12-12,2019,12,12,27.35,29.74,25.77,79.82,53.633,59.153,0.63,7.23,42.4,0.04,9.25874
2019-12-13,2019,12,13,27.59,30.8,25.95,80.75,56.618,59.386,0.66,4.89,41.6,0.05,9.097362
2019-12-15,2019,12,15,27.75,30.17,26.36,84.13,50.801,57.425,0.6,5.5,34.5,0.23,8.616317
2019-12-17,2019,12,17,28.17,31.45,26.41,81.47,5.353,57.523,0.63,5.77,45.5,0.11,9.178049
2019-12-19,2019,12,19,27.61,29.23,26.54,86.87,52.498,56.256,0.62,5.08,47.0,0.61,9.601965
2019-12-20,2019,12,20,27.76,29.78,26.47,85.76,53.287,56.693,0.63,5.93,45.2,0.26,9.321217
2019-12-22,2019,12,22,27.7,29.38,26.62,84.85,49.538,56.854,0.58,5.64,45.8,0.02,8.896834
2019-12-24,2019,12,24,28.24,30.95,26.86,85.26,53.434,5.741,0.63,3.2,43.2,0.02,9.247568
2019-12-26,2019,12,26,27.69,29.33,26.65,86.36,47.165,5.575,0.55,5.53,22.0,0.04,9.2523775
2019-12-27,2019,12,27,27.74,29.11,27.08,87.46,48.221,5.544,0.57,6.37,36.1,0.18,8.255079
2019-12-28,2019,12,28,27.79,29.62,26.87,85.37,51.886,56.467,0.61,6.72,40.1,0.06,9.517866
2019-12-29,2019,12,29,27.9,29.97,26.63,83.11,51.965,56.774,0.61,6.82,41.7,0.0,9.640885
2019-12-31,2019,12,31,27.89,30.96,26.44,78.42,39.511,58.054,0.46,6.64,37.5,0.03,7.4548655
2020-01-02,2020,1,2,27.87,31.13,25.75,75.09,55.903,58.776,0.65,6.91,41.9,0.0,10.191981
2020-01-04,2020,1,4,27.88,31.19,25.62,76.09,59.854,60.622,0.7,6.14,41.6,0.0,10.292511
2020-01-05,2020,1,5,27.55,30.03,26.02,76.04,58.001,60.173,0.67,7.97,36.0,0.01,9.194917
2020-01-07,2020,1,7,27.7,30.65,25.83,76.74,58.507,61.049,0.68,6.92,37.2,0.0,9.573576
2020-01-09,2020,1,9,28.0,30.96,25.92,70.37,61.495,62.306,0.71,9.26,49.5,0.0,9.934786
2020-01-11,2020,1,11,27.89,31.56,25.56,71.67,61.174,61.334,0.7,8.76,53.5,0.0,10.208426
2020-01-12,2020,1,12,27.38,30.84,24.78,72.46,61.726,61.848,0.71,8.38,48.7,0.0,10.448724
2020-01-13,2020,1,13,27.08,30.88,24.47,74.48,62.268,62.582,0.71,8.63,46.2,0.0,10.487052
2020-01-14,2020,1,14,26.68,29.91,24.66,73.62,61.874,62.014,0.71,9.12,43.5,0.0,10.079144
2020-01-16,2020,1,16,27.19,30.97,24.43,78.59,59.302,59.801,0.67,7.19,44.8,0.0,9.986409
2020-01-18,2020,1,18,27.28,30.52,25.18,74.9,59.623,59.962,0.67,9.28,45.1,0.0,10.512091
2020-01-20,2020,1,20,26.92,31.16,24.62,79.16,56.405,5.981,0.64,5.91,31.0,0.02,10.268855
2020-01-21,2020,1,21,26.58,30.44,24.62,84.31,45.079,57.307,0.51,4.8,28.0,0.31,9.589129
2020-01-23,2020,1,23,26.19,29.1,24.17,82.94,52.826,60.648,0.59,3.52,4.4,0.32,9.812383
2020-01-25,2020,1,25,27.03,29.75,25.56,79.49,53.069,61.711,0.59,6.33,22.7,0.06,9.610761
2020-01-27,2020,1,27,27.11,30.33,25.39,78.81,54.996,61.961,0.61,5.14,19.8,0.25,10.643084
2020-01-28,2020,1,28,27.21,29.9,25.47,77.76,55.874,62.611,0.62,4.75,18.9,0.01,10.183924
2020-01-29,2020,1,29,27.56,30.32,26.06,77.44,57.346,63.038,0.63,5.89,25.3,0.04,10.617983
2020-01-30,2020,1,30,28.42,32.65,26.25,72.33,59.429,63.576,0.65,5.83,37.7,0.01,10.400872
2020-02-01,2020,2,1,28.45,31.94,25.99,77.59,59.741,61.344,0.65,6.51,40.0,0.06,10.983668
2020-02-03,2020,2,3,28.17,31.15,26.24,73.83,58.486,6.048,0.63,9.03,41.6,0.01,11.171175
2020-02-05,2020,2,5,27.75,31.38,25.1,71.79,63.533,6.499,0.68,7.17,41.8,0.0,12.187554
2020-02-06,2020,2,6,27.88,32.2,24.79,73.98,65.237,65.506,0.7,5.31,47.3,0.0,11.479953
2020-02-08,2020,2,8,27.77,32.04,24.89,71.85,64.538,65.218,0.69,7.84,36.8,0.0,11.598225
2020-02-10,2020,2,10,28.0,31.36,25.43,70.82,65.294,6.613,0.69,9.3,46.3,0.0,11.366919
2020-02-12,2020,2,12,28.02,32.25,24.85,69.96,6.455,65.002,0.68,7.98,43.4,0.0,11.481023
2020-02-13,2020,2,13,28.16,32.46,25.21,70.64,64.606,64.848,0.68,7.73,41.0,0.0,11.293637
2020-02-14,2020,2,14,27.94,31.6,25.53,73.18,64.118,64.846,0.67,8.27,41.4,0.0,11.532513
2020-02-15,2020,2,15,27.93,31.47,25.64,72.67,65.731,65.914,0.69,7.78,38.1,0.0,11.842513
2020-02-16,2020,2,16,27.95,31.43,25.86,72.12,65.854,6.647,0.69,8.54,39.6,0.0,12.11919
2020-02-17,2020,2,17,28.12,32.1,25.64,71.15,65.784,66.684,0.68,8.49,38.9,0.0,11.992932
2020-02-19,2020,2,19,27.86,31.24,25.66,73.13,65.825,66.086,0.68,9.34,42.4,0.0,12.203305
2020-02-20,2020,2,20,27.7,31.67,25.42,73.37,65.746,66.912,0.68,8.69,36.8,0.0,12.247983
2020-02-21,2020,2,21,26.74,29.6,24.99,77.92,60.984,6.618,0.63,7.9,27.8,0.0,11.209229
2020-02-22,2020,2,22,26.47,29.41,24.86,79.26,54.048,66.238,0.55,7.3,22.4,0.0,10.365871
2020-02-23,2020,2,23,26.39,29.22,24.62,76.51,60.607,66.499,0.62,6.83,26.4,0.0,10.964788
2020-02-24,2020,2,24,26.45,29.53,24.49,76.6,64.118,6.677,0.65,7.23,30.8,0.0,11.600923
2020-02-25,2020,2,25,27.44,32.14,24.41,76.34,63.365,66.391,0.65,6.02,36.8,0.03,9.944556
2020-02-26,2020,2,26,27.52,31.25,25.08,78.02,59.674,6.78,0.61,6.27,27.1,0.06,11.262592
2020-02-28,2020,2,28,27.58,31.3,25.07,74.37,68.875,70.274,0.7,8.2,34.8,0.0,12.6235895
2020-02-29,2020,2,29,27.27,30.16,25.48,73.01,66.775,69.062,0.67,9.38,33.4,0.01,12.328992
2020-03-01,2020,3,1,27.53,30.94,25.36,72.64,67.474,69.137,0.68,8.61,36.3,0.01,12.575543
2020-03-02,2020,3,2,27.56,31.09,25.3,72.33,67.853,68.537,0.68,7.85,36.8,0.0,12.42348
2020-03-03,2020,3,3,27.39,30.88,25.06,73.05,68.846,69.607,0.69,7.52,37.6,0.0,12.72906
2020-03-04,2020,3,4,27.82,32.01,24.88,70.97,68.294,68.825,0.68,7.34,39.2,0.0,12.664631
2020-03-06,2020,3,6,27.51,31.54,24.72,76.17,65.614,65.962,0.65,7.02,33.3,0.0,13.117268
2020-03-07,2020,3,7,27.08,30.2,25.26,75.54,53.167,63.708,0.53,8.41,30.9,0.0,11.97251
2020-03-08,2020,3,8,27.05,29.75,25.37,75.32,63.938,66.312,0.63,9.78,34.9,0.0,12.887597
2020-03-09,2020,3,9,27.75,30.93,25.47,71.18,67.776,68.587,0.67,9.43,38.6,0.0,12.295941
2020-03-10,2020,3,10,27.67,30.85,25.74,71.66,59.695,66.115,0.59,8.15,36.9,0.0,12.621155
2020-03-11,2020,3,11,27.3,30.43,25.42,77.18,55.114,6.425,0.54,8.07,30.9,0.0,11.05965
2020-03-12,2020,3,12,27.09,30.33,25.14,77.14,61.246,65.911,0.6,7.79,27.7,0.0,10.857942
2020-03-13,2020,3,13,27.13,30.29,25.28,75.54,5.999,66.396,0.59,8.23,29.8,0.0,10.785314
2020-03-15,2020,3,15,27.34,31.18,25.12,75.25,7.308,73.855,0.71,8.28,33.7,0.0,13.107032
2020-03-16,2020,3,16,27.34,30.59,25.27,74.54,72.463,73.603,0.71,8.68,36.3,0.0,12.605525
2020-03-17,2020,3,17,27.21,30.6,25.19,73.42,72.331,73.742,0.7,8.65,36.4,0.0,12.647857
2020-03-18,2020,3,18,27.3,30.39,25.22,73.07,71.887,74.318,0.7,8.6,37.7,0.0,12.310996
2020-03-19,2020,3,19,27.76,31.13,25.44,71.07,71.635,72.641,0.7,8.68,37.8,0.0,12.552498
2020-03-20,2020,3,20,27.55,30.61,25.53,72.03,65.674,70.661,0.64,8.21,37.1,0.0,11.650678
2020-03-22,2020,3,22,27.39,30.71,25.17,73.21,71.798,72.595,0.69,8.3,36.2,0.0,12.156199
2020-03-23,2020,3,23,27.81,31.76,25.25,73.2,67.411,68.738,0.65,7.16,36.3,0.0,12.69462
2020-03-24,2020,3,24,27.74,32.0,25.13,74.3,63.134,65.225,0.61,7.3,35.7,0.0,12.651006
2020-03-25,2020,3,25,27.45,30.99,25.35,75.93,65.678,6.719,0.63,7.31,33.3,0.0,11.973303
2020-03-26,2020,3,26,27.61,31.51,25.41,74.22,68.858,71.563,0.66,7.66,31.7,0.0,12.929887
2020-03-27,2020,3,27,27.62,31.3,25.25,72.67,72.816,75.334,0.7,7.94,34.6,0.0,12.584401
2020-03-28,2020,3,28,27.7,31.19,25.41,70.14,74.254,75.019,0.71,8.78,39.7,0.0,11.04527
2020-03-29,2020,3,29,28.12,31.6,25.27,70.48,70.927,71.909,0.68,8.23,40.3,0.0,12.6428
2020-03-31,2020,3,31,27.68,31.24,25.52,72.95,57.286,66.499,0.55,7.02,32.9,0.0,10.927794
2020-04-01,2020,4,1,27.53,31.13,25.22,75.61,41.738,61.824,0.4,5.34,24.7,0.01,9.636817
2020-04-02,2020,4,2,27.1,29.77,25.6,78.35,4.963,62.585,0.47,6.57,21.1,0.0,11.439588
2020-04-03,2020,4,3,27.03,29.6,25.57,80.05,54.394,6.119,0.52,7.08,25.6,0.01,11.256838
2020-04-04,2020,4,4,27.59,30.56,25.83,80.23,56.489,63.898,0.54,7.7,25.7,0.01,12.233628
2020-04-05,2020,4,5,28.27,31.6,26.26,80.27,6.077,67.639,0.58,7.74,32.2,0.03,12.463342
2020-04-07,2020,4,7,28.01,30.66,26.49,82.23,56.957,67.402,0.54,6.91,34.9,0.02,12.23537
2020-04-08,2020,4,8,28.25,31.51,26.17,79.5,67.366,69.794,0.64,7.47,31.3,0.0,14.281343
2020-04-09,2020,4,9,28.33,32.28,26.18,78.74,60.307,68.105,0.57,6.78,29.5,0.03,13.744897
2020-04-10,2020,4,10,28.36,32.1,26.35,79.09,59.717,69.509,0.57,7.05,30.7,0.05,12.186744
2020-04-11,2020,4,11,28.48,32.23,26.54,79.55,55.195,66.324,0.53,7.71,38.5,0.02,13.47339
2020-04-12,2020,4,12,28.94,32.94,26.11,70.38,56.482,69.139,0.54,7.91,37.4,0.0,12.369812
2020-04-13,2020,4,13,28.84,33.45,26.04,70.04,6.143,68.638,0.58,6.98,42.9,0.01,10.06218
2020-04-14,2020,4,14,28.43,31.95,26.23,70.31,66.185,71.837,0.63,7.21,36.8,0.0,12.076411
2020-04-16,2020,4,16,28.36,32.41,25.63,71.32,7.123,73.834,0.68,7.21,39.3,0.01,13.820137
2020-04-17,2020,4,17,28.32,32.0,26.29,71.55,6.677,69.742,0.63,8.2,38.5,0.0,12.454585
2020-04-18,2020,4,18,28.51,31.74,26.32,72.12,63.974,67.822,0.61,7.73,34.2,0.03,11.741378
2020-04-19,2020,4,19,28.22,31.46,26.41,75.12,45.686,6.252,0.43,6.36,39.0,0.19,10.876112
2020-04-20,2020,4,20,28.6,32.52,26.3,76.17,55.934,67.243,0.53,4.97,38.9,0.52,11.065679
2020-04-21,2020,4,21,28.8,33.17,26.32,73.22,59.054,69.816,0.56,5.62,31.6,0.32,11.170695
2020-04-23,2020,4,23,28.69,32.2,26.66,75.84,58.027,67.968,0.55,6.58,41.7,1.47,10.609823
2020-04-24,2020,4,24,28.98,31.98,26.34,74.87,62.268,71.602,0.59,6.83,41.6,0.26,11.269418
2020-04-25,2020,4,25,29.14,32.52,27.27,71.65,68.611,73.966,0.65,7.3,42.2,0.05,13.05576
2020-04-26,2020,4,26,29.24,32.83,26.54,70.54,69.252,71.333,0.66,7.29,41.5,0.01,12.852056
2020-04-27,2020,4,27,28.81,32.3,26.61,72.42,67.872,7.068,0.65,7.14,39.4,0.01,13.135504
2020-04-28,2020,4,28,28.51,31.26,26.69,72.61,61.152,68.851,0.58,8.2,38.9,0.02,11.397083
2020-04-29,2020,4,29,28.56,31.43,26.9,73.33,52.291,6.763,0.5,7.63,39.7,0.1,9.587101
2020-04-30,2020,4,30,28.94,32.89,26.7,73.32,61.015,68.059,0.58,6.49,34.2,0.01,11.350406
2020-05-02,2020,5,2,29.09,32.23,27.25,73.8,59.633,67.248,0.57,8.81,36.7,0.05,11.553513
2020-05-03,2020,5,3,28.74,31.72,27.17,76.77,48.254,62.746,0.46,8.04,37.8,0.06,10.338057
2020-05-04,2020,5,4,28.56,31.43,27.02,80.03,4.23,65.755,0.4,6.8,34.0,0.13,10.700427
2020-05-05,2020,5,5,28.55,30.85,27.08,79.96,54.876,68.789,0.52,6.67,35.8,0.25,10.724661
2020-05-06,2020,5,6,28.75,31.64,26.99,79.08,4.603,67.433,0.44,5.84,37.0,1.81,10.812249
2020-05-07,2020,5,7,28.21,30.2,26.95,84.32,54.655,68.983,0.52,5.23,39.8,1.65,11.332807
2020-05-09,2020,5,9,29.64,34.23,27.06,78.9,64.258,69.259,0.61,5.23,39.3,0.94,13.166854
2020-05-10,2020,5,10,29.76,33.47,27.8,75.27,66.934,69.262,0.64,5.84,38.0,0.05,12.409399
2020-05-11,2020,5,11,29.1,32.31,27.36,77.3,57.727,68.515,0.55,6.66,32.6,0.0,12.282182
2020-05-12,2020,5,12,28.96,32.27,26.98,75.87,48.619,66.658,0.47,7.26,32.5,0.0,10.210064
2020-05-13,2020,5,13,29.2,32.53,27.29,74.22,5.184,6.851,0.5,7.54,34.7,0.01,11.354682
2020-05-14,2020,5,14,29.18,32.72,27.3,76.68,5.855,69.281,0.56,6.16,38.4,0.02,11.345386
2020-05-15,2020,5,15,29.7,33.38,27.08,76.22,66.691,70.433,0.64,4.95,40.6,0.07,9.9657955
2020-05-16,2020,5,16,29.44,32.53,27.48,77.44,63.058,71.186,0.61,4.97,47.4,0.88,12.112483
2020-05-18,2020,5,18,29.31,32.47,27.29,79.64,6.233,69.456,0.6,4.4,41.6,1.31,12.628134
2020-05-19,2020,5,19,29.11,31.88,27.4,77.65,3.773,6.671,0.36,3.68,43.7,0.64,8.930512
2020-05-20,2020,5,20,29.35,32.43,27.41,76.81,62.834,68.916,0.6,4.74,36.9,0.23,13.457774
2020-05-21,2020,5,21,29.22,32.08,27.5,78.38,66.924,70.022,0.64,5.27,35.0,0.23,12.643466
2020-05-22,2020,5,22,29.67,32.67,27.69,78.47,5.123,67.409,0.49,4.77,45.3,0.72,10.544314
2020-05-23,2020,5,23,29.41,31.65,27.99,80.9,67.702,70.726,0.65,3.92,41.3,0.63,12.842591
2020-05-25,2020,5,25,29.66,31.84,28.05,78.79,56.902,67.428,0.55,3.55,46.6,0.62,10.689374
2020-05-26,2020,5,26,30.01,32.59,27.98,78.56,58.178,67.675,0.56,3.68,39.9,1.48,11.648551
2020-05-27,2020,5,27,28.93,30.62,27.49,81.99,49.435,69.468,0.48,3.64,41.0,1.99,11.994841
2020-05-28,2020,5,28,28.23,30.06,26.77,84.51,41.986,68.498,0.41,3.37,13.9,2.66,8.306242
2020-05-29,2020,5,29,28.53,31.35,26.93,81.16,39.708,69.098,0.38,2.36,78.1,1.51,3.3131232
2020-05-30,2020,5,30,28.07,29.83,26.64,81.53,3.247,69.982,0.31,2.45,353.1,2.45,7.520874
2020-05-31,2020,5,31,27.47,29.32,26.19,84.01,44.695,69.756,0.43,1.76,341.8,5.65,11.438883
2020-06-01,2020,6,1,28.78,31.72,26.81,81.39,57.355,70.704,0.56,3.8,38.5,3.51,11.385909
2020-06-03,2020,6,3,29.25,32.92,27.25,73.89,62.844,71.381,0.61,5.76,35.9,1.66,11.282817
2020-06-04,2020,6,4,29.67,33.54,27.31,76.5,63.569,70.135,0.62,4.63,43.3,1.67,12.020193
2020-06-05,2020,6,5,29.9,33.58,27.72,76.94,62.578,69.876,0.61,4.81,45.7,0.25,11.351672
2020-06-06,2020,6,6,29.58,33.0,27.51,78.45,49.771,71.141,0.48,4.39,46.3,0.13,8.5590105
2020-06-07,2020,6,7,29.58,32.52,27.6,78.84,62.962,71.028,0.61,4.83,47.6,0.14,11.2193165
2020-06-08,2020,6,8,29.37,32.08,27.67,80.05,67.752,71.551,0.66,4.84,39.1,0.14,12.033404
2020-06-10,2020,6,10,28.14,29.94,26.39,80.43,36.048,70.258,0.35,2.56,46.7,0.62,6.6230373
2020-06-11,2020,6,11,28.41,31.55,25.89,75.42,61.382,70.118,0.6,2.82,17.4,0.59,10.407069
2020-06-12,2020,6,12,29.02,31.89,27.16,75.39,54.835,70.776,0.53,3.18,51.4,0.23,9.947078
2020-06-13,2020,6,13,29.22,32.52,26.87,75.38,61.668,70.644,0.6,4.1,34.4,0.49,11.335388
2020-06-14,2020,6,14,29.61,32.7,27.63,76.97,64.608,69.862,0.63,4.89,38.1,0.48,12.384202
2020-06-15,2020,6,15,28.75,31.09,26.67,79.46,48.204,70.313,0.47,4.18,73.2,1.83,9.595477
2020-06-16,2020,6,16,28.01,29.28,26.04,88.13,53.105,69.403,0.52,4.76,32.0,2.58,10.509665
2020-06-17,2020,6,17,29.63,33.09,27.61,75.18,55.538,71.141,0.54,6.0,40.7,0.27,10.192631
2020-06-19,2020,6,19,28.75,30.95,27.4,81.53,50.974,70.308,0.5,5.26,49.6,2.08,11.026579
2020-06-20,2020,6,20,28.78,31.41,27.29,83.4,51.514,67.759,0.5,5.42,45.9,5.87,10.374235
2020-06-21,2020,6,21,28.9,31.24,27.18,82.84,50.054,6.827,0.49,5.35,48.8,5.09,9.997054
2020-06-22,2020,6,22,29.23,32.19,27.06,80.1,51.002,63.814,0.5,5.93,49.2,2.17,10.011588
2020-06-23,2020,6,23,28.82,31.0,27.34,82.45,61.966,67.339,0.6,5.55,51.4,4.68,11.679059
2020-06-24,2020,6,24,28.61,31.37,26.53,78.5,61.608,65.726,0.6,6.09,43.4,0.18,11.808477
2020-06-26,2020,6,26,28.62,31.69,26.66,80.2,52.848,67.819,0.52,6.4,47.1,1.55,10.695583
2020-06-27,2020,6,27,28.88,32.37,26.72,79.61,47.731,67.687,0.47,6.2,42.9,0.56,10.727594
2020-06-28,2020,6,28,28.45,31.49,26.64,81.57,38.383,68.131,0.37,5.5,46.7,1.08,7.307028
2020-06-29,2020,6,29,28.19,30.76,26.6,83.24,65.515,69.926,0.64,4.85,45.8,0.71,11.6967535
2020-06-30,2020,6,30,28.42,31.04,26.55,79.16,64.154,69.317,0.63,5.77,39.0,2.26,12.289492
2020-07-01,2020,7,1,28.36,31.39,26.73,80.15,51.094,69.307,0.5,6.32,42.0,2.12,9.25784
2020-07-02,2020,7,2,28.57,31.98,26.77,81.38,43.675,68.429,0.43,3.98,42.3,9.5,9.871942
2020-07-03,2020,7,3,28.66,31.17,27.09,83.24,6.011,69.871,0.59,4.42,47.2,6.68,9.961248
2020-07-05,2020,7,5,28.71,31.92,26.93,80.02,52.577,69.046,0.51,5.93,43.9,1.01,9.892125
2020-07-06,2020,7,6,29.36,32.83,26.74,72.7,5.437,69.314,0.53,6.75,41.1,0.53,10.691077
2020-07-07,2020,7,7,29.16,32.18,26.93,78.33,55.193,69.022,0.54,6.29,46.2,3.69,10.815268
2020-07-08,2020,7,8,28.4,30.76,26.67,81.26,44.347,68.892,0.43,4.75,48.0,5.55,9.603593
2020-07-09,2020,7,9,28.77,32.48,26.69,78.63,63.466,71.986,0.62,4.21,46.3,2.79,11.352621
2020-07-10,2020,7,10,29.23,32.14,26.87,75.59,65.194,70.231,0.63,6.3,44.6,0.61,11.124619
2020-07-12,2020,7,12,28.64,31.48,26.84,81.18,4.879,66.905,0.47,6.25,41.8,3.33,8.982398
2020-07-13,2020,7,13,29.27,32.22,27.21,78.81,67.747,70.932,0.66,4.97,44.2,1.27,11.874403
2020-07-14,2020,7,14,28.65,31.04,27.05,80.83,51.838,69.746,0.5,5.07,50.3,1.41,11.253063
2020-07-15,2020,7,15,28.89,32.12,26.86,77.97,6.732,69.122,0.65,6.15,42.9,0.2,11.548316
2020-07-16,2020,7,16,28.91,31.87,26.87,75.02,5.827,7.05,0.57,6.57,38.6,0.31,10.889082
2020-07-17,2020,7,17,28.84,31.57,27.06,79.29,58.966,69.612,0.57,5.59,50.5,0.86,9.8039665
2020-07-18,2020,7,18,29.03,32.47,26.88,79.57,63.782,69.878,0.62,5.72,43.6,0.89,10.211114
2020-07-19,2020,7,19,28.85,31.68,27.14,80.89,61.963,70.414,0.6,5.38,45.2,0.99,10.48553
2020-07-21,2020,7,21,28.41,30.82,27.14,84.21,35.534,70.855,0.34,3.38,42.6,5.79,7.1669903
2020-07-22,2020,7,22,28.35,30.64,26.77,83.22,46.843,69.463,0.45,4.61,46.3,2.85,9.935055
2020-07-23,2020,7,23,28.48,31.04,27.0,80.36,5.46,72.089,0.53,5.03,43.7,1.92,10.468388
2020-07-24,2020,7,24,28.23,30.97,26.44,79.83,46.267,69.631,0.45,4.69,49.6,17.02,8.763175
2020-07-25,2020,7,25,27.91,29.4,26.56,85.7,33.883,69.826,0.33,3.72,49.8,19.53,9.240365
2020-07-26,2020,7,26,27.91,29.87,26.56,83.64,59.026,71.258,0.57,3.32,54.7,7.43,11.4047985
2020-07-28,2020,7,28,28.47,30.98,27.06,81.65,64.147,71.398,0.62,5.76,47.5,3.99,11.2250595
2020-07-29,2020,7,29,28.96,31.84,27.03,81.51,65.076,7.177,0.63,6.0,42.4,2.53,11.866069
2020-07-30,2020,7,30,29.37,33.06,27.22,77.5,64.658,70.985,0.63,4.98,30.8,0.43,11.738223
2020-07-31,2020,7,31,29.13,32.77,27.23,79.74,54.158,7.069,0.52,3.43,24.3,0.41,9.929884
2020-08-01,2020,8,1,29.06,32.24,26.85,79.43,65.201,72.622,0.63,2.62,23.7,0.76,12.173041
2020-08-02,2020,8,2,29.26,31.77,27.79,81.9,60.358,71.801,0.58,3.94,38.3,0.75,10.796924
2020-08-03,2020,8,3,28.87,31.16,27.55,84.29,5.605,71.225,0.54,3.79,41.2,0.94,9.662679
2020-08-04,2020,8,4,28.8,32.39,27.15,77.73,60.526,70.181,0.58,2.9,53.4,1.5,10.351762
2020-08-06,2020,8,6,29.05,32.07,27.11,78.52,36.197,67.764,0.35,5.1,50.3,1.1,8.787371
2020-08-07,2020,8,7,28.75,30.77,27.28,83.0,4.763,67.246,0.46,5.26,50.7,1.74,10.86288
2020-08-08,2020,8,8,29.59,32.58,27.62,80.02,62.297,70.183,0.6,4.98,45.3,1.66,12.029272
2020-08-09,2020,8,9,29.11,31.71,27.49,83.12,48.077,70.114,0.46,6.06,49.3,3.33,9.579132
2020-08-10,2020,8,10,28.94,31.78,27.67,83.5,55.111,69.974,0.53,6.39,46.8,4.21,9.828586
2020-08-11,2020,8,11,29.08,31.94,27.26,79.06,59.837,70.188,0.58,6.92,45.5,0.84,11.70339
2020-08-13,2020,8,13,29.25,32.8,26.98,80.01,65.971,7.165,0.64,6.36,44.0,3.67,11.973498
2020-08-14,2020,8,14,28.54,30.59,27.46,83.91,54.252,70.277,0.52,4.38,52.1,6.3,11.947969
2020-08-15,2020,8,15,28.39,30.96,26.92,82.35,55.008,70.531,0.53,3.24,46.4,3.88,11.413906
2020-08-16,2020,8,16,28.33,30.9,26.84,84.46,57.953,70.834,0.56,4.18,35.8,9.81,11.24686
2020-08-17,2020,8,17,28.49,31.48,27.03,83.27,49.138,70.882,0.47,4.97,38.4,6.81,7.343907
2020-08-18,2020,8,18,28.76,31.95,27.01,82.03,55.416,71.376,0.53,4.99,33.5,5.04,10.277911
2020-08-19,2020,8,19,28.66,31.68,26.86,81.83,40.582,70.111,0.39,3.36,25.5,4.04,8.728264
2020-08-20,2020,8,20,26.98,27.86,26.29,88.38,49.586,70.934,0.48,3.1,310.0,7.11,9.614325
2020-08-22,2020,8,22,27.51,28.88,26.81,85.87,38.522,72.598,0.37,2.67,348.2,45.97,8.877537
2020-08-23,2020,8,23,28.46,31.77,26.36,76.34,55.332,72.295,0.53,2.04,7.7,1.73,10.534253
2020-08-24,2020,8,24,27.58,29.56,26.68,82.99,46.762,70.738,0.45,2.76,44.8,2.34,8.163346
2020-08-25,2020,8,25,28.21,30.26,27.06,83.47,39.214,70.474,0.38,3.48,49.2,2.0,9.215627
2020-08-26,2020,8,26,27.46,28.96,26.46,84.94,35.066,71.386,0.34,2.39,296.0,3.53,8.27561
2020-08-27,2020,8,27,28.77,31.59,26.3,82.4,5.785,7.309,0.56,4.12,27.0,1.79,10.982637
2020-08-29,2020,8,29,28.84,31.49,27.4,81.33,56.419,71.772,0.54,6.71,46.0,5.43,12.233195
2020-08-30,2020,8,30,28.94,32.53,27.04,77.89,53.808,7.109,0.52,5.06,43.5,3.52,11.156374
2020-08-31,2020,8,31,28.56,31.47,27.06,80.67,61.236,70.015,0.59,4.31,28.7,1.8,12.126803
2020-09-01,2020,9,1,28.24,31.39,26.58,80.75,5.832,70.334,0.56,2.56,355.6,2.31,11.759218
2020-09-02,2020,9,2,27.7,29.46,26.55,84.14,40.872,71.023,0.4,2.52,357.3,5.14,11.517024
2020-09-03,2020,9,3,27.71,30.04,25.94,79.01,59.954,7.164,0.58,2.59,15.3,8.18,11.989283
2020-09-04,2020,9,4,28.3,31.23,26.25,79.81,4.8,70.181,0.46,2.63,14.7,1.23,10.341811
2020-09-05,2020,9,5,28.95,31.66,27.31,82.16,63.833,71.779,0.62,3.34,35.1,1.42,11.876224
2020-09-07,2020,9,7,28.38,30.58,26.55,83.36,46.183,70.817,0.45,4.01,358.5,5.78,10.223322
2020-09-08,2020,9,8,27.52,29.13,26.51,82.89,49.541,70.433,0.48,1.74,284.0,2.07,10.350912
2020-09-09,2020,9,9,27.87,30.14,26.45,81.13,54.096,70.927,0.53,2.37,19.8,5.16,11.690538
2020-09-10,2020,9,10,28.96,32.52,27.33,79.82,6.463,72.014,0.63,3.48,40.5,1.33,12.667158
2020-09-11,2020,9,11,29.17,31.78,27.82,80.77,56.873,70.658,0.55,3.73,45.9,1.65,11.8106365
2020-09-12,2020,9,12,28.79,30.97,27.48,81.17,47.678,69.986,0.46,2.81,45.4,2.37,10.043865
2020-09-14,2020,9,14,29.11,31.5,27.67,82.74,60.929,70.392,0.59,3.13,33.4,0.72,12.087611
2020-09-15,2020,9,15,29.43,31.91,27.99,81.28,44.702,70.848,0.44,4.27,33.9,0.81,9.780641
2020-09-16,2020,9,16,28.87,30.89,27.69,81.87,4.099,70.637,0.4,3.72,47.1,0.57,10.013507
2020-09-17,2020,9,17,28.67,31.04,27.57,77.28,58.992,70.723,0.58,1.89,37.8,0.66,12.006029
2020-09-18,2020,9,18,28.49,30.77,27.19,80.36,45.886,69.206,0.45,1.48,21.2,1.5,6.232986
2020-09-19,2020,9,19,28.05,30.06,26.79,82.99,57.898,68.969,0.57,3.1,33.7,1.11,11.562914
2020-09-20,2020,9,20,28.9,32.34,26.56,79.22,51.703,6.846,0.51,3.39,27.2,3.04,8.700717
2020-09-21,2020,9,21,28.68,30.71,27.42,82.09,55.778,69.622,0.55,3.61,46.3,1.73,11.348912
2020-09-23,2020,9,23,29.2,32.0,27.52,79.34,60.312,70.661,0.6,2.52,22.2,2.13,12.107436
2020-09-24,2020,9,24,28.23,30.91,27.12,83.07,24.125,69.734,0.24,2.68,42.3,3.01,5.719301
2020-09-25,2020,9,25,28.59,30.69,27.49,82.5,52.966,69.857,0.52,2.84,29.2,2.96,11.95656
2020-09-26,2020,9,26,28.81,30.97,27.56,81.14,50.705,7.055,0.5,4.14,40.0,1.86,9.73026
2020-09-27,2020,9,27,28.7,31.43,27.27,79.66,42.598,69.617,0.42,3.5,39.0,0.74,9.752814
2020-09-28,2020,9,28,28.81,31.09,27.32,80.64,59.436,70.726,0.59,4.48,42.3,1.02,11.450155
2020-09-30,2020,9,30,28.69,32.03,26.6,78.79,49.476,70.051,0.49,2.45,29.1,0.65,10.951566
2020-10-01,2020,10,1,28.41,30.5,26.81,82.6,48.785,68.246,0.49,2.37,23.4,0.81,11.224483
2020-10-02,2020,10,2,28.45,30.18,27.16,81.25,48.122,68.405,0.48,2.54,17.9,0.28,7.584721
2020-10-03,2020,10,3,27.77,29.18,26.9,82.23,33.828,67.277,0.34,1.54,344.2,0.02,6.125782
2020-10-04,2020,10,4,27.55,29.52,26.35,81.4,41.218,67.426,0.41,2.11,336.8,0.05,7.6096187
2020-10-05,2020,10,5,27.11,28.9,26.08,82.24,53.971,68.016,0.54,2.29,293.6,0.05,11.483571
2020-10-06,2020,10,6,28.38,31.84,25.91,74.08,51.936,67.685,0.52,1.99,357.6,0.0,9.571773
2020-10-07,2020,10,7,28.35,30.4,27.14,82.18,4.933,68.364,0.5,2.88,36.4,0.03,10.158368
2020-10-09,2020,10,9,28.47,31.45,26.58,73.5,57.473,68.201,0.58,2.6,44.0,0.02,12.481821
2020-10-10,2020,10,10,29.53,32.32,27.49,77.39,56.736,68.693,0.58,5.51,46.0,0.02,11.389389
2020-10-11,2020,10,11,29.61,32.83,27.82,77.42,6.295,6.912,0.64,4.93,44.2,0.67,12.188058
2020-10-12,2020,10,12,29.18,32.21,27.73,80.5,51.497,67.639,0.53,4.1,41.9,0.12,10.254095
2020-10-13,2020,10,13,28.58,30.35,26.79,82.92,33.509,65.645,0.34,3.4,44.3,0.01,7.086124
2020-10-14,2020,10,14,27.93,30.46,26.48,81.61,35.208,66.698,0.36,2.23,30.0,0.01,7.988128
2020-10-16,2020,10,16,29.42,32.51,27.6,78.68,62.669,66.922,0.65,4.72,44.1,0.0,11.52889
2020-10-17,2020,10,17,29.23,31.3,28.09,81.49,53.618,65.832,0.56,4.48,43.2,0.06,9.771107
2020-10-18,2020,10,18,28.58,31.6,27.05,83.29,53.784,65.138,0.56,2.58,43.5,0.4,10.397295
2020-10-19,2020,10,19,28.42,31.19,26.87,79.77,54.566,66.062,0.57,2.92,235.9,0.02,11.201403
2020-10-20,2020,10,20,28.12,31.01,26.49,76.82,45.818,6.618,0.48,2.08,282.8,0.04,8.422448
2020-10-21,2020,10,21,28.7,31.46,26.74,75.22,55.294,65.882,0.58,2.63,358.9,0.02,10.260542
2020-10-22,2020,10,22,28.44,30.08,27.16,78.77,5.495,65.134,0.58,3.26,26.8,0.03,7.811214
2020-10-23,2020,10,23,28.91,30.53,27.82,82.52,4.973,65.143,0.52,4.26,32.7,0.03,8.976792
2020-10-25,2020,10,25,27.88,30.34,26.36,81.42,43.044,64.838,0.46,2.12,5.0,1.74,10.841156
2020-10-26,2020,10,26,29.1,31.77,26.98,79.82,5.279,65.119,0.56,3.7,27.9,0.02,10.13845
2020-10-27,2020,10,27,29.61,33.26,27.57,75.47,56.969,6.619,0.61,5.84,43.8,0.0,11.285711
2020-10-28,2020,10,28,29.55,33.1,27.84,76.88,5.609,65.208,0.6,4.45,37.2,1.23,9.878509
2020-10-29,2020,10,29,28.73,31.7,26.95,77.84,41.551,63.809,0.44,2.73,39.2,0.38,10.213677
2020-10-30,2020,10,30,28.45,31.41,26.4,78.16,52.814,63.862,0.57,1.9,322.7,0.01,10.501133
2020-11-01,2020,11,1,27.59,30.17,25.65,79.42,30.115,62.635,0.32,2.34,234.0,0.04,6.452932
2020-11-03,2020,11,3,28.77,31.09,27.45,75.01,55.966,6.294,0.61,2.15,357.5,0.0,11.131046
2020-11-04,2020,11,4,28.86,31.41,27.28,76.88,53.724,63.564,0.58,4.46,24.4,0.0,10.279311
2020-11-06,2020,11,6,27.57,29.46,26.34,81.44,34.742,62.604,0.38,2.5,261.2,0.19,6.725172
2020-11-08,2020,11,8,28.25,31.52,25.97,76.82,44.616,62.006,0.49,2.28,293.2,0.0,7.8207145
2020-11-10,2020,11,10,27.52,29.63,25.7,78.87,4.691,62.112,0.52,2.25,359.7,0.32,10.049933
2020-11-11,2020,11,11,27.78,29.75,26.74,82.7,43.531,61.817,0.48,2.73,348.9,0.1,9.2278385
2020-11-12,2020,11,12,27.9,30.02,26.4,78.87,46.517,6.071,0.52,2.13,325.3,0.01,9.944006
2020-11-13,2020,11,13,28.15,30.67,26.31,76.23,2.509,59.035,0.28,3.96,250.9,0.05,4.522943
2020-11-15,2020,11,15,27.39,28.97,26.08,76.89,40.978,61.534,0.46,3.76,170.7,0.03,8.3836
2020-11-17,2020,11,17,27.42,29.06,26.43,80.71,41.926,58.447,0.47,2.53,356.8,0.01,7.3767
2020-11-19,2020,11,19,27.86,30.68,25.91,78.84,4.907,60.876,0.55,2.46,357.0,0.01,10.105062
2020-11-20,2020,11,20,28.7,31.41,26.94,78.15,4.705,59.436,0.53,4.72,44.0,0.0,9.143724
2020-11-22,2020,11,22,28.16,30.38,26.72,80.95,49.159,59.688,0.56,2.23,33.5,0.01,9.317281
2020-11-24,2020,11,24,29.01,31.02,27.98,79.78,47.537,58.582,0.54,6.38,38.9,0.01,9.385603
2020-11-26,2020,11,26,29.03,31.55,27.62,74.74,48.758,6.053,0.56,6.82,42.1,0.01,9.67441
2020-11-27,2020,11,27,28.97,31.86,27.31,74.4,49.306,59.599,0.57,6.62,40.6,0.01,9.060944
2020-11-28,2020,11,28,28.18,30.08,26.99,80.27,40.877,58.308,0.47,5.69,39.2,0.03,7.4787564
2020-11-29,2020,11,29,28.37,30.08,27.16,80.62,49.123,58.198,0.57,5.57,45.7,0.02,9.23664
2020-12-01,2020,12,1,28.31,29.98,27.34,81.82,34.231,56.957,0.4,5.0,40.4,0.05,6.521075
2020-12-03,2020,12,3,28.65,31.42,27.07,74.06,46.411,59.086,0.54,6.71,46.7,0.0,9.714567
2020-12-05,2020,12,5,28.55,31.81,25.97,74.36,57.494,61.121,0.67,6.05,40.5,0.0,9.909724
2020-12-06,2020,12,6,28.84,32.16,26.98,76.17,53.712,5.983,0.63,6.15,36.9,0.0,8.841655
2020-12-08,2020,12,8,28.55,30.85,27.58,79.4,41.614,58.344,0.49,5.76,28.2,0.0,7.375619
2020-12-10,2020,12,10,28.45,30.97,27.05,75.74,55.505,59.424,0.65,7.42,36.2,0.0,8.996451
2020-12-12,2020,12,12,28.34,31.62,26.0,72.75,59.698,6.066,0.7,6.6,37.7,0.0,9.793881
2020-12-13,2020,12,13,28.38,31.67,26.35,74.52,60.079,60.641,0.71,6.58,38.8,0.0,9.75589
2020-12-14,2020,12,14,28.38,32.02,25.99,75.15,6.029,60.797,0.71,5.61,39.0,0.0,9.989095
2020-12-15,2020,12,15,28.5,32.02,26.37,75.54,56.935,5.875,0.67,6.47,38.0,0.01,9.403846
2020-12-17,2020,12,17,28.27,31.15,26.46,75.61,57.648,59.045,0.68,6.91,37.5,0.0,9.660619
2020-12-19,2020,12,19,28.34,31.1,26.69,73.49,57.281,59.479,0.67,7.95,41.7,0.66,9.752059
2020-12-21,2020,12,21,28.06,31.4,25.95,77.58,58.039,59.633,0.68,6.57,36.7,0.17,10.104592
2020-12-22,2020,12,22,28.0,31.28,26.0,79.49,57.254,58.709,0.67,7.14,36.6,0.79,9.601884
2020-12-24,2020,12,24,28.06,31.34,26.0,75.51,58.171,60.103,0.68,6.65,37.6,0.1,9.587932
2020-12-26,2020,12,26,27.54,30.37,26.07,76.92,55.618,59.354,0.65,6.02,25.9,1.51,9.069943
2020-12-28,2020,12,28,27.16,30.69,25.32,80.68,54.977,58.853,0.64,4.67,35.7,19.19,9.562943
2020-12-29,2020,12,29,27.12,30.57,25.62,78.9,55.562,59.076,0.65,5.63,42.9,11.83,9.317398
2020-12-30,2020,12,30,27.41,30.74,25.33,75.3,56.162,59.902,0.66,6.54,43.6,0.98,9.63591
2020-12-31,2020,12,31,27.32,30.7,25.06,76.19,59.112,60.463,0.69,6.85,46.0,0.52,9.669757
2021-01-02,2021,1,2,27.4,30.4,25.0,78.69,59.527,60.403,0.69,6.83,47.7,3.79,10.081297
2021-01-04,2021,1,4,27.18,30.91,24.44,71.25,58.814,61.073,0.68,6.0,41.6,1.24,9.924889
2021-01-06,2021,1,6,27.04,30.83,24.49,77.16,58.752,61.164,0.68,5.21,38.3,0.1,10.188255
2021-01-07,2021,1,7,27.24,31.11,24.63,79.44,5.383,58.258,0.62,5.31,34.9,0.5,9.320006
2021-01-09,2021,1,9,26.78,28.57,25.69,86.94,4.278,56.436,0.49,5.2,44.8,1.81,8.189453
2021-01-11,2021,1,11,27.42,30.34,25.49,79.59,50.974,58.807,0.59,7.17,46.3,3.97,9.306212
2021-01-13,2021,1,13,26.92,30.4,24.42,78.3,57.521,61.781,0.66,5.85,39.3,0.12,10.707327
2021-01-14,2021,1,14,26.99,30.83,24.63,77.35,57.338,6.119,0.65,4.98,37.6,0.21,9.658928
2021-01-15,2021,1,15,27.34,30.86,25.38,78.8,5.789,6.084,0.66,5.5,37.4,0.74,10.065718
2021-01-16,2021,1,16,27.22,31.01,24.76,78.61,57.418,61.567,0.65,5.08,38.3,5.07,9.568307
2021-01-18,2021,1,18,26.7,29.65,24.54,77.81,60.797,62.928,0.69,7.11,40.2,1.79,10.111658
2021-01-20,2021,1,20,26.9,29.85,24.8,78.36,60.898,62.357,0.68,8.08,41.7,0.9,10.774152
2021-01-22,2021,1,22,26.82,30.14,24.21,77.05,6.131,62.839,0.69,6.45,36.8,0.0,10.973349
2021-01-23,2021,1,23,26.44,29.76,24.1,80.97,60.758,6.318,0.68,5.98,36.0,0.02,10.687717
2021-01-25,2021,1,25,26.66,29.79,24.26,74.9,55.872,62.926,0.62,7.41,41.2,0.11,10.264843
2021-01-27,2021,1,27,26.0,29.12,23.95,81.17,57.581,6.301,0.63,6.19,42.1,1.37,10.62181
2021-01-29,2021,1,29,26.34,28.94,24.52,74.85,60.422,64.714,0.66,8.58,36.0,0.05,11.352883
2021-01-30,2021,1,30,26.21,29.22,23.48,74.48,65.971,66.139,0.72,7.72,40.8,0.37,11.62374
2021-01-31,2021,1,31,26.6,31.07,23.31,76.2,6.569,65.911,0.72,6.34,44.9,1.32,11.950292
2021-02-01,2021,2,1,26.57,29.7,23.87,81.19,62.806,63.403,0.68,4.72,38.3,4.3,11.652027
2021-02-03,2021,2,3,26.43,29.31,24.54,82.22,62.614,64.128,0.68,7.39,27.4,1.54,11.36615
2021-02-05,2021,2,5,27.29,30.7,24.89,81.18,60.355,62.959,0.65,5.92,33.2,0.0,11.652667
2021-02-07,2021,2,7,27.45,31.11,24.68,74.74,63.881,6.563,0.68,6.53,38.7,0.01,12.238981
2021-02-08,2021,2,8,27.51,31.44,25.03,74.47,64.366,65.825,0.69,7.2,38.6,0.03,11.739593
2021-02-10,2021,2,10,27.19,29.88,25.44,76.32,62.011,65.899,0.66,6.71,40.2,4.78,11.293832
2021-02-12,2021,2,12,27.38,31.28,24.3,73.24,63.905,66.533,0.67,5.8,43.2,0.51,11.907296
2021-02-14,2021,2,14,27.51,31.05,25.64,82.0,5.616,63.175,0.59,4.6,39.7,25.8,11.07014
2021-02-15,2021,2,15,27.2,29.88,25.39,80.9,59.472,65.179,0.62,5.36,38.4,1.09,11.536274
2021-02-16,2021,2,16,27.37,31.04,24.99,77.4,58.834,65.638,0.61,6.59,40.1,0.33,11.566411
2021-02-17,2021,2,17,26.91,29.45,25.04,74.79,58.181,65.542,0.6,7.62,42.5,4.08,11.604208
2021-02-18,2021,2,18,27.27,30.75,24.78,76.33,65.054,67.495,0.67,6.43,43.6,1.47,12.788272
2021-02-19,2021,2,19,27.43,31.49,24.87,72.26,64.366,68.695,0.66,6.34,40.6,0.52,11.78583
2021-02-21,2021,2,21,26.95,29.68,24.73,75.48,62.244,65.995,0.64,7.61,38.4,5.04,11.462091
2021-02-22,2021,2,22,27.12,30.07,25.06,73.61,66.036,68.508,0.68,7.67,39.2,0.36,11.961441
2021-02-23,2021,2,23,27.12,30.77,24.56,77.09,64.126,68.335,0.65,6.47,36.7,0.31,12.071614
2021-02-24,2021,2,24,27.18,30.29,24.52,77.72,66.806,67.627,0.68,8.09,39.4,0.87,12.544011
2021-02-25,2021,2,25,27.18,30.13,24.95,78.63,64.678,67.272,0.66,8.75,39.4,0.43,12.661204
2021-02-26,2021,2,26,27.3,30.24,25.03,76.35,65.515,68.626,0.66,8.48,39.1,0.59,12.052555
2021-02-27,2021,2,27,26.87,29.71,24.67,73.18,67.932,69.996,0.69,8.67,42.2,0.29,10.451353
2021-02-28,2021,2,28,26.74,29.91,23.88,72.26,69.091,71.441,0.7,8.58,44.2,0.1,12.761773
2021-03-02,2021,3,2,25.77,29.26,22.9,74.15,73.363,73.752,0.74,7.3,40.0,0.47,12.826058
2021-03-03,2021,3,3,25.95,29.4,22.88,75.72,73.193,73.694,0.73,6.21,32.1,0.32,13.020462
2021-03-04,2021,3,4,25.83,29.76,23.05,78.83,69.218,70.872,0.69,6.07,30.4,0.59,12.876367
2021-03-05,2021,3,5,26.35,29.65,23.8,77.07,67.162,6.906,0.67,6.72,24.7,1.09,12.471958
2021-03-06,2021,3,6,26.96,30.77,24.84,81.25,63.218,67.702,0.63,6.59,28.1,4.68,12.105809
2021-03-07,2021,3,7,27.03,29.82,25.25,82.15,58.886,67.464,0.58,7.46,29.3,0.05,11.579078
2021-03-09,2021,3,9,27.01,30.24,25.08,75.84,50.609,68.952,0.5,8.68,38.1,0.04,10.215375
2021-03-10,2021,3,10,26.64,29.22,24.7,72.91,67.008,69.994,0.66,8.08,34.6,0.0,12.099202
2021-03-11,2021,3,11,26.81,30.29,24.6,75.33,60.473,6.959,0.6,6.95,36.4,0.01,12.658965
2021-03-12,2021,3,12,26.47,29.49,24.02,76.05,66.374,7.11,0.65,6.37,34.2,0.01,12.300498
2021-03-13,2021,3,13,26.79,30.09,24.59,74.99,65.904,70.577,0.65,7.04,32.4,0.0,12.32737
2021-03-14,2021,3,14,26.91,30.02,24.53,74.79,6.505,6.991,0.64,7.08,34.0,0.02,12.010372
2021-03-15,2021,3,15,26.85,30.27,24.75,76.56,64.891,70.022,0.63,7.64,35.3,0.05,10.380038
2021-03-16,2021,3,16,26.58,28.62,24.78,80.59,52.435,68.834,0.51,6.92,41.8,0.41,10.806903
2021-03-18,2021,3,18,26.83,29.93,24.75,78.06,56.458,69.754,0.55,6.63,38.7,0.0,11.65235
2021-03-19,2021,3,19,27.19,30.5,24.83,73.96,5.97,70.534,0.58,7.04,35.3,0.0,11.951306
2021-03-20,2021,3,20,27.13,30.44,24.63,75.56,62.762,71.429,0.61,7.12,35.5,0.0,12.549258
2021-03-21,2021,3,21,27.28,30.46,24.74,74.11,70.157,72.283,0.68,6.91,34.4,0.0,12.39857
2021-03-22,2021,3,22,27.5,31.45,24.95,73.46,56.256,68.105,0.54,5.6,34.2,0.04,10.812631
2021-03-23,2021,3,23,26.96,29.88,25.35,79.53,45.398,64.759,0.44,4.78,38.9,1.58,9.232991
2021-03-25,2021,3,25,27.68,31.16,25.22,75.2,63.353,7.008,0.61,6.89,38.0,0.58,11.554373
2021-03-26,2021,3,26,27.67,30.62,25.06,72.1,71.345,73.505,0.69,8.05,39.2,0.05,12.975407
2021-03-27,2021,3,27,27.5,30.6,25.35,72.12,6.864,74.206,0.66,8.23,41.1,0.19,12.568612
2021-03-28,2021,3,28,27.71,30.84,25.38,71.76,66.965,72.545,0.64,7.94,41.2,0.07,13.606904
2021-03-29,2021,3,29,27.76,30.79,25.41,75.51,67.858,72.886,0.65,8.09,42.7,0.8,12.810986
2021-03-30,2021,3,30,27.6,30.8,25.81,79.96,68.402,7.201,0.66,7.5,44.7,2.76,13.408639
2021-03-31,2021,3,31,27.83,31.13,25.84,77.5,64.082,71.213,0.61,8.15,45.2,0.99,10.89721
2021-04-01,2021,4,1,27.41,30.3,25.76,78.19,56.143,70.673,0.54,8.42,44.1,0.05,12.563993
2021-04-03,2021,4,3,26.74,28.43,25.72,81.23,45.907,70.742,0.44,8.74,34.5,0.0,11.01625
2021-04-04,2021,4,4,27.32,29.52,25.72,74.82,64.202,7.099,0.61,8.9,36.8,0.0,12.714811
2021-04-05,2021,4,5,27.23,29.84,25.73,76.96,57.907,69.696,0.55,8.71,37.4,0.01,12.028017
2021-04-06,2021,4,6,26.47,27.82,25.49,83.75,49.267,68.424,0.47,7.33,41.0,0.15,10.350648
2021-04-07,2021,4,7,26.39,28.14,25.43,85.85,29.899,70.224,0.29,6.28,40.7,0.09,7.107195
2021-04-08,2021,4,8,26.83,29.46,25.17,83.38,50.546,70.241,0.48,5.64,38.7,0.03,11.653261
2021-04-10,2021,4,10,27.73,31.56,25.33,80.22,34.301,68.501,0.33,5.49,39.2,0.12,8.432334
2021-04-11,2021,4,11,27.71,31.11,25.56,80.02,64.133,70.279,0.61,5.34,42.5,0.03,12.599507
2021-04-12,2021,4,12,28.25,32.79,25.75,78.82,59.076,70.104,0.56,4.46,40.0,0.1,12.406544
2021-04-13,2021,4,13,27.99,31.54,25.92,81.54,61.469,70.944,0.58,6.15,37.0,0.35,12.759776
2021-04-14,2021,4,14,27.56,29.48,26.33,84.07,44.078,6.881,0.42,7.56,37.2,0.45,11.430372
2021-04-15,2021,4,15,27.37,28.86,26.32,85.88,47.947,70.102,0.46,6.57,39.0,4.03,10.732752
2021-04-16,2021,4,16,27.36,29.56,26.2,86.35,44.666,70.798,0.42,5.29,41.1,7.64,8.768665
2021-04-17,2021,4,17,27.36,29.29,26.14,86.11,56.237,6.901,0.53,4.43,44.7,6.81,11.247832
2021-04-19,2021,4,19,28.07,31.69,25.84,80.26,65.124,70.534,0.62,4.18,42.4,3.52,13.092811
2021-04-20,2021,4,20,28.49,32.52,25.72,75.58,69.406,71.657,0.66,5.99,40.5,0.7,13.232344
2021-04-21,2021,4,21,27.83,31.5,26.11,75.62,68.515,72.173,0.65,7.03,45.5,0.0,12.95977
2021-04-22,2021,4,22,27.97,32.13,25.82,74.59,69.125,72.235,0.66,7.65,38.2,0.0,12.813406
2021-04-23,2021,4,23,27.89,31.46,26.07,74.77,69.614,72.804,0.66,7.89,34.8,0.0,12.84485
2021-04-24,2021,4,24,28.04,31.65,25.97,77.02,62.875,71.143,0.6,7.09,36.3,0.0,12.008001
2021-04-26,2021,4,26,27.56,30.3,26.1,77.01,56.316,6.96,0.54,7.79,32.3,0.01,10.601518
2021-04-27,2021,4,27,27.29,29.69,25.95,75.82,58.975,6.847,0.56,8.54,31.7,0.01,10.666798
2021-04-28,2021,4,28,27.27,29.84,25.64,75.58,41.081,71.998,0.39,7.19,36.4,0.01,9.81379
2021-04-29,2021,4,29,27.19,30.15,25.22,75.5,66.002,73.126,0.63,5.96,30.3,0.02,12.5084305
2021-04-30,2021,4,30,27.91,31.77,25.33,75.05,53.534,72.744,0.51,4.96,33.8,0.02,9.591434
2021-05-01,2021,5,1,28.1,31.6,25.87,74.75,57.559,72.684,0.55,4.93,30.6,0.0,11.71074
2021-05-02,2021,5,2,28.19,31.74,26.04,76.95,54.972,71.134,0.52,5.56,31.7,0.0,10.563669
2021-05-03,2021,5,3,28.0,30.41,26.36,76.46,49.152,69.096,0.47,4.97,49.1,0.02,9.971651
2021-05-05,2021,5,5,27.92,30.96,26.16,78.01,59.995,70.459,0.57,5.05,38.0,0.01,11.368288
2021-05-06,2021,5,6,28.31,31.28,26.64,75.86,52.678,7.104,0.5,6.32,38.1,0.01,10.606996
2021-05-07,2021,5,7,28.18,30.78,26.84,75.88,52.606,72.029,0.5,6.45,39.9,0.03,11.258811
2021-05-08,2021,5,8,28.46,31.48,26.61,75.87,56.527,71.642,0.54,7.23,40.7,0.03,11.091203
2021-05-09,2021,5,9,28.56,31.2,27.0,77.06,45.986,70.205,0.44,8.27,45.2,0.02,10.021517
2021-05-10,2021,5,10,28.78,31.31,27.05,75.54,41.722,70.594,0.4,6.15,53.8,0.01,8.179137
2021-05-12,2021,5,12,28.84,32.14,26.93,75.79,55.721,71.098,0.53,7.38,40.7,0.0,10.718529
2021-05-13,2021,5,13,28.96,32.5,26.64,74.57,64.279,71.758,0.62,6.89,42.1,0.0,10.617665
2021-05-14,2021,5,14,28.87,32.38,26.33,73.77,64.351,72.823,0.62,8.02,37.8,0.0,13.580064
2021-05-15,2021,5,15,28.73,31.9,26.61,74.57,69.242,72.545,0.66,8.27,33.9,0.0,12.863759
2021-05-16,2021,5,16,28.63,31.63,27.12,76.09,61.558,70.553,0.59,7.46,34.6,0.0,12.47392
2021-05-17,2021,5,17,28.19,30.27,26.88,78.8,4.733,69.701,0.45,6.4,36.4,0.0,9.46645
2021-05-18,2021,5,18,28.8,31.87,26.69,77.62,41.184,69.122,0.4,5.0,41.1,0.0,9.272763
2021-05-19,2021,5,19,29.01,32.87,26.63,78.82,61.373,70.666,0.59,5.01,37.4,0.0,11.927905
2021-05-21,2021,5,21,29.06,32.51,27.16,76.85,61.778,71.141,0.59,6.82,38.8,0.01,12.18529
2021-05-22,2021,5,22,28.82,30.76,27.52,78.82,54.046,68.069,0.52,6.77,41.2,0.02,10.174761
2021-05-23,2021,5,23,28.43,30.83,27.2,82.27,50.635,68.146,0.49,6.79,43.2,0.02,11.467996
2021-05-24,2021,5,24,28.93,31.88,27.37,79.98,55.855,68.635,0.54,6.44,41.4,0.02,11.493349
2021-05-25,2021,5,25,28.81,31.11,27.09,78.72,46.426,69.427,0.45,7.08,41.8,0.07,10.783348
2021-05-26,2021,5,26,29.04,32.38,27.13,73.52,64.831,71.352,0.63,7.13,40.4,0.03,12.516878
2021-05-28,2021,5,28,28.29,30.99,26.77,78.6,46.013,68.369,0.44,6.95,36.1,0.14,9.658685
2021-05-29,2021,5,29,28.68,32.24,26.57,74.47,45.163,69.823,0.44,6.81,31.9,0.02,9.0978775
2021-05-30,2021,5,30,28.46,31.41,26.86,74.18,56.167,69.797,0.54,6.47,42.4,0.0,11.7590475
2021-05-31,2021,5,31,28.69,31.76,26.99,74.34,66.242,71.318,0.64,7.0,39.1,0.0,12.418688
2021-06-01,2021,6,1,28.43,30.2,27.33,80.33,30.094,6.817,0.29,5.95,44.1,0.02,8.675104
2021-06-02,2021,6,2,28.25,29.95,26.89,80.02,40.591,69.554,0.39,5.1,44.7,0.02,9.064122
2021-06-03,2021,6,3,28.34,30.36,26.96,79.16,5.951,69.715,0.58,5.59,37.2,0.02,10.326209
2021-06-04,2021,6,4,28.73,31.12,27.14,76.87,5.903,69.905,0.57,5.99,41.1,0.01,10.970635
2021-06-06,2021,6,6,28.7,30.77,27.32,79.1,42.281,6.871,0.41,5.68,44.6,0.02,7.9035835
2021-06-07,2021,6,7,28.6,30.51,27.36,78.08,16.682,68.614,0.16,4.81,54.1,0.05,3.8199313
2021-06-08,2021,6,8,28.26,29.97,26.86,79.0,40.831,67.495,0.4,4.42,39.1,0.04,7.9575067
2021-06-09,2021,6,9,28.08,30.16,26.7,80.18,24.113,69.744,0.23,3.68,44.7,0.04,3.5438533
2021-06-10,2021,6,10,28.56,31.3,26.84,79.4,59.966,69.012,0.58,4.31,40.7,0.01,12.51947
2021-06-11,2021,6,11,29.0,32.04,26.99,77.35,63.314,69.574,0.62,4.6,42.0,0.01,11.558183
2021-06-13,2021,6,13,29.26,32.35,27.32,77.52,53.345,68.218,0.52,3.61,47.1,0.01,10.566817
2021-06-14,2021,6,14,29.27,32.7,27.27,77.6,44.105,69.586,0.43,3.26,35.7,0.01,8.440322
2021-06-15,2021,6,15,29.55,32.51,27.38,75.37,52.279,6.967,0.51,5.13,43.4,0.01,10.863165
2021-06-16,2021,6,16,29.54,32.41,27.57,75.82,64.135,69.569,0.62,5.5,45.8,0.03,11.678161
2021-06-17,2021,6,17,29.78,32.83,27.87,75.31,65.633,69.742,0.64,6.45,46.1,0.04,12.164856
2021-06-18,2021,6,18,29.86,33.15,27.8,74.29,37.207,67.841,0.36,4.91,42.9,0.01,9.308719
2021-06-19,2021,6,19,29.74,33.17,27.48,76.13,59.873,70.296,0.58,5.38,34.8,0.01,9.540537
2021-06-20,2021,6,20,29.84,33.23,27.88,74.95,59.676,70.106,0.58,6.66,42.5,0.01,10.544468
2021-06-22,2021,6,22,29.13,32.39,27.51,75.67,46.584,68.443,0.45,4.99,49.3,0.01,10.267784
2021-06-23,2021,6,23,28.72,31.02,27.41,76.3,54.391,68.275,0.53,5.87,41.3,0.0,10.268399
2021-06-24,2021,6,24,28.37,30.8,26.93,78.7,35.671,6.889,0.35,5.58,41.0,0.01,5.121663
2021-06-25,2021,6,25,27.89,28.88,27.04,79.44,60.847,70.538,0.59,4.18,60.5,0.01,11.727393
2021-06-26,2021,6,26,28.49,30.81,27.02,78.35,51.919,69.905,0.51,4.09,42.3,0.0,11.503283
2021-06-27,2021,6,27,28.97,31.44,27.25,77.28,61.822,71.599,0.6,4.97,34.8,0.0,11.136216
2021-06-29,2021,6,29,29.74,33.12,27.6,74.72,69.166,71.806,0.67,6.85,42.8,0.6,11.943473
2021-06-30,2021,6,30,29.85,34.17,27.27,72.44,62.436,7.099,0.61,6.93,46.6,1.58,11.587333
2021-07-01,2021,7,1,28.74,32.06,26.82,79.16,5.575,70.558,0.54,3.55,38.3,4.89,8.867861
2021-07-02,2021,7,2,28.35,31.12,26.61,81.47,62.244,7.044,0.61,2.68,30.2,3.78,10.432483
2021-07-03,2021,7,3,27.99,30.35,26.31,82.19,40.742,6.943,0.4,2.58,11.5,6.55,6.9151483
2021-07-04,2021,7,4,28.06,31.32,25.9,78.74,58.992,70.378,0.57,1.81,0.3,2.6,10.08591
2021-07-05,2021,7,5,29.03,32.67,25.92,78.86,64.397,71.107,0.63,3.6,33.0,0.92,8.040793
2021-07-06,2021,7,6,29.59,33.15,27.33,75.79,68.076,71.472,0.66,6.34,44.4,0.58,11.337311
2021-07-08,2021,7,8,29.76,33.4,27.2,72.77,56.966,69.384,0.55,8.27,47.4,0.69,11.660604
2021-07-09,2021,7,9,28.92,31.04,27.19,76.54,50.448,68.028,0.49,7.88,49.3,1.36,8.580215
2021-07-10,2021,7,10,27.69,28.91,26.76,84.95,31.099,6.822,0.3,5.15,51.1,1.14,6.8950944
2021-07-11,2021,7,11,28.31,31.24,26.42,81.04,42.074,67.685,0.41,5.5,45.5,0.28,8.275915
2021-07-12,2021,7,12,29.04,32.43,26.74,77.75,68.964,70.514,0.67,6.11,41.2,0.24,12.042406
2021-07-13,2021,7,13,28.57,30.74,26.89,79.55,63.137,70.466,0.61,5.59,45.3,0.31,10.81829
2021-07-15,2021,7,15,28.15,30.51,26.25,79.6,55.584,70.579,0.54,6.45,39.3,0.99,10.777852
2021-07-16,2021,7,16,28.52,31.42,26.64,78.93,55.978,68.974,0.54,6.32,42.4,1.75,11.633228
2021-07-17,2021,7,17,28.62,31.84,26.69,79.07,52.205,71.491,0.51,6.44,41.3,1.51,11.117407
2021-07-18,2021,7,18,28.69,32.24,26.11,74.41,68.098,72.254,0.66,7.83,41.2,0.3,11.270195
2021-07-19,2021,7,19,29.37,33.24,26.5,75.74,69.086,72.014,0.67,5.28,48.3,0.43,12.167371
2021-07-20,2021,7,20,29.61,33.49,27.12,74.18,69.528,72.804,0.67,7.02,44.2,0.7,11.936948
2021-07-21,2021,7,21,29.76,33.24,26.86,70.93,65.844,69.629,0.64,7.6,48.2,0.15,9.962128
2021-07-22,2021,7,22,29.19,32.71,26.87,74.09,65.887,70.296,0.64,7.67,42.9,0.45,11.995931
2021-07-24,2021,7,24,28.01,30.77,26.37,84.79,44.506,69.605,0.43,3.16,36.1,1.85,8.063175
2021-07-25,2021,7,25,27.26,29.01,26.23,83.07,32.664,71.038,0.32,2.83,251.0,1.12,5.3007936
2021-07-26,2021,7,26,27.67,30.45,25.81,76.31,53.774,70.068,0.52,3.1,355.2,0.26,10.764911
2021-07-27,2021,7,27,28.26,30.46,26.49,81.93,54.367,7.157,0.53,4.77,39.3,0.43,9.842682
2021-07-28,2021,7,28,29.31,32.72,27.19,74.35,67.361,7.105,0.65,6.67,45.9,0.2,12.512943
2021-07-29,2021,7,29,29.85,33.77,27.27,72.88,6.527,71.371,0.63,6.28,43.4,0.25,11.653277
2021-07-31,2021,7,31,29.89,33.65,27.71,73.99,6.755,71.263,0.65,6.89,44.0,0.14,12.232913
2021-08-01,2021,8,1,30.22,34.62,27.53,72.4,66.718,71.393,0.64,5.13,45.3,0.16,11.686891
2021-08-02,2021,8,2,28.63,31.17,27.22,81.59,36.408,69.936,0.35,3.58,50.4,1.25,10.51192
2021-08-03,2021,8,3,28.98,31.94,26.77,77.62,49.884,69.221,0.48,3.05,46.0,0.28,9.711424
2021-08-04,2021,8,4,28.04,29.07,27.13,79.01,58.541,70.884,0.57,3.34,62.4,0.29,12.632793
2021-08-05,2021,8,5,30.0,33.76,27.58,73.85,69.166,7.205,0.67,5.6,41.3,0.22,12.404817
2021-08-06,2021,8,6,29.93,33.54,27.63,72.92,64.157,71.746,0.62,5.46,42.9,0.13,8.743958
2021-08-07,2021,8,7,29.0,31.64,27.32,77.4,46.673,70.829,0.45,4.6,47.9,0.35,9.956483
2021-08-09,2021,8,9,29.62,33.12,27.33,72.54,71.172,7.38,0.69,6.08,38.5,0.0,12.145567
2021-08-10,2021,8,10,29.48,33.55,27.6,75.41,59.266,69.821,0.57,6.6,44.3,0.02,11.688366
2021-08-11,2021,8,11,28.83,31.16,27.45,78.58,49.716,69.893,0.48,4.91,45.0,0.01,10.280228
2021-08-12,2021,8,12,28.57,30.75,26.97,80.02,66.542,71.794,0.64,3.24,40.9,0.01,12.080786
2021-08-13,2021,8,13,29.53,33.2,27.55,76.52,51.557,71.832,0.5,4.24,42.6,0.29,9.831775
2021-08-14,2021,8,14,29.81,33.6,27.49,70.27,51.408,7.123,0.5,5.76,41.9,0.67,9.920208
2021-08-16,2021,8,16,27.32,29.35,26.21,80.01,48.329,71.714,0.47,2.71,339.6,1.04,9.433487
2021-08-17,2021,8,17,28.11,31.02,26.38,79.27,54.072,71.642,0.52,2.19,346.8,3.85,11.789073
2021-08-18,2021,8,18,28.94,31.74,26.5,81.44,60.156,71.928,0.58,4.8,42.9,5.17,12.400543
2021-08-19,2021,8,19,28.96,30.92,27.62,82.73,53.292,71.371,0.51,4.38,63.7,4.8,8.692276
2021-08-20,2021,8,20,28.09,30.03,26.78,82.29,57.007,72.523,0.55,2.21,68.8,3.08,9.863786
2021-08-21,2021,8,21,28.4,30.76,26.59,80.16,64.841,73.222,0.62,3.09,31.6,1.7,11.75479
2021-08-22,2021,8,22,29.1,31.67,27.55,81.0,56.774,70.493,0.55,5.26,48.8,3.35,9.436777
2021-08-23,2021,8,23,29.19,31.91,27.48,81.16,58.934,70.685,0.57,5.57,52.2,3.99,11.19337
2021-08-25,2021,8,25,28.39,31.6,26.66,77.66,43.843,72.324,0.42,2.69,296.3,1.69,10.553276
2021-08-26,2021,8,26,27.52,29.43,26.8,81.42,52.202,69.144,0.5,1.61,1.3,3.21,10.796251
2021-08-27,2021,8,27,27.69,29.23,26.04,85.39,59.206,70.896,0.57,3.38,11.6,1.46,11.473895
2021-08-28,2021,8,28,29.42,33.02,27.1,77.16,60.122,71.386,0.58,6.03,46.5,2.14,10.331969
2021-08-29,2021,8,29,29.36,32.08,27.38,79.76,66.403,70.567,0.64,5.77,52.0,1.26,12.127645
2021-08-30,2021,8,30,28.24,30.35,27.19,83.88,28.188,69.132,0.27,4.36,54.0,1.85,5.591957
2021-09-01,2021,9,1,27.56,29.07,26.18,80.65,53.986,71.405,0.52,2.91,26.1,0.39,11.585406
2021-09-02,2021,9,2,29.47,32.92,27.12,77.64,63.348,71.587,0.61,4.82,45.7,0.5,12.968148
2021-09-03,2021,9,3,29.87,33.28,27.8,77.94,62.335,71.609,0.6,6.31,41.5,1.36,12.705425
2021-09-04,2021,9,4,29.71,33.07,27.57,76.04,52.027,70.879,0.5,6.42,40.8,0.77,10.882544
2021-09-05,2021,9,5,28.44,30.49,27.41,83.55,2.939,71.052,0.28,4.72,52.4,3.76,8.945787
2021-09-06,2021,9,6,27.97,30.0,26.68,86.76,60.178,71.712,0.58,3.18,25.7,1.96,11.410618
2021-09-07,2021,9,7,27.56,29.82,26.62,83.7,51.698,70.776,0.5,3.4,269.8,1.74,8.819158
2021-09-08,2021,9,8,27.45,29.14,26.13,82.35,53.887,70.646,0.52,3.0,7.2,2.18,10.245993
2021-09-10,2021,9,10,29.69,32.96,27.85,78.61,64.466,70.433,0.63,6.13,44.1,1.27,12.477012
2021-09-11,2021,9,11,28.75,30.75,27.62,83.08,39.828,68.206,0.39,4.75,57.3,7.22,8.280954
2021-09-12,2021,9,12,28.61,30.72,27.22,81.12,47.194,67.498,0.46,4.31,48.7,1.15,10.041958
2021-09-13,2021,9,13,28.83,31.03,27.5,80.48,51.005,69.329,0.5,2.81,51.1,0.85,10.698375
2021-09-14,2021,9,14,29.01,31.52,27.42,78.06,57.607,70.272,0.56,4.35,33.2,0.61,10.9712515
2021-09-15,2021,9,15,29.07,31.47,27.71,78.87,55.464,71.714,0.54,4.19,34.5,0.85,10.6131
2021-09-17,2021,9,17,29.87,32.7,27.85,78.47,65.966,70.258,0.65,6.09,46.0,0.93,12.1795
2021-09-18,2021,9,18,29.77,32.89,28.07,77.02,67.961,70.711,0.67,6.47,37.4,1.55,12.524551
2021-09-19,2021,9,19,29.02,31.45,27.55,75.35,55.303,70.092,0.54,4.34,49.3,0.55,11.974481
2021-09-20,2021,9,20,29.4,32.61,27.25,74.45,58.577,7.015,0.58,4.19,43.0,0.55,10.430762
2021-09-21,2021,9,21,29.01,31.61,27.54,78.64,44.179,6.793,0.43,4.66,38.5,0.68,10.90236
2021-09-22,2021,9,22,28.78,30.45,27.86,86.26,33.703,68.894,0.33,5.36,23.2,2.1,7.44189
2021-09-23,2021,9,23,28.99,31.21,27.7,82.87,58.879,6.959,0.58,3.34,16.3,1.08,9.80614
2021-09-24,2021,9,24,28.06,29.64,26.89,82.55,48.626,69.288,0.48,2.54,25.0,0.87,9.769591
2021-09-26,2021,9,26,29.49,31.73,27.89,79.23,66.202,70.795,0.66,4.85,41.2,0.82,12.165604
2021-09-27,2021,9,27,29.65,32.69,28.17,78.5,66.761,70.387,0.66,5.43,45.1,0.69,12.284919
2021-09-28,2021,9,28,29.41,31.78,27.89,80.02,4.722,69.322,0.47,4.67,41.7,1.21,9.991985
2021-09-29,2021,9,29,28.62,30.83,27.29,81.5,45.535,6.852,0.45,3.97,21.0,1.23,9.03958
2021-09-30,2021,9,30,28.56,31.09,27.13,78.52,5.802,69.634,0.58,3.47,46.1,1.06,11.13401
2021-10-01,2021,10,1,28.39,30.57,26.89,78.84,54.965,68.904,0.55,4.56,37.6,1.15,9.990687
2021-10-03,2021,10,3,29.07,31.71,27.46,76.62,52.188,67.507,0.52,3.63,46.2,3.57,10.602478
2021-10-04,2021,10,4,28.99,31.14,27.52,81.05,51.737,67.486,0.52,2.79,42.4,3.57,7.538141
2021-10-05,2021,10,5,29.37,32.03,27.74,82.49,57.175,66.475,0.58,4.29,48.9,4.65,11.346369
2021-10-06,2021,10,6,29.18,31.62,27.82,82.75,4.739,67.594,0.48,4.45,50.7,4.06,9.4145775
2021-10-07,2021,10,7,29.82,32.88,27.78,77.36,54.751,6.78,0.55,6.47,45.7,2.48,11.956349
2021-10-08,2021,10,8,29.73,33.1,27.65,75.71,5.879,68.522,0.6,5.54,43.7,2.52,11.176129
2021-10-09,2021,10,9,29.26,32.16,27.45,78.35,50.443,67.771,0.51,4.14,40.9,4.6,9.0943365
2021-10-10,2021,10,10,28.82,30.87,27.62,80.43,49.526,66.686,0.5,4.03,45.5,4.71,9.6315565
2021-10-12,2021,10,12,28.31,30.07,27.39,83.86,54.144,66.682,0.55,3.94,35.8,5.62,10.4270735
2021-10-13,2021,10,13,27.83,29.13,27.16,86.72,34.584,65.897,0.35,3.6,5.9,3.18,4.9042444
2021-10-14,2021,10,14,28.72,31.11,26.95,78.83,56.527,6.539,0.58,2.34,24.9,1.3,11.459605
2021-10-15,2021,10,15,28.93,32.32,26.96,81.19,55.378,65.822,0.57,3.18,23.7,1.98,10.34183
2021-10-16,2021,10,16,28.77,31.26,27.33,79.95,3.935,65.918,0.41,3.81,27.5,1.97,10.042711
2021-10-17,2021,10,17,27.72,29.6,26.44,83.29,50.803,66.874,0.53,2.1,352.2,2.96,9.548703
2021-10-19,2021,10,19,29.05,31.29,27.66,81.1,59.172,6.629,0.62,4.32,40.4,2.85,10.771533
2021-10-20,2021,10,20,29.77,33.43,27.79,75.35,50.422,66.062,0.53,6.16,38.0,0.74,11.511817
2021-10-21,2021,10,21,29.79,32.94,27.89,74.97,59.246,6.582,0.62,6.07,38.6,0.83,10.392346
2021-10-22,2021,10,22,29.34,32.57,27.23,75.58,60.084,6.635,0.63,3.51,48.5,0.82,11.160148
2021-10-23,2021,10,23,29.31,32.51,27.45,78.33,54.919,65.395,0.58,3.24,35.4,1.68,10.720004
2021-10-24,2021,10,24,28.31,29.92,27.48,84.97,5.376,64.867,0.57,4.26,30.8,1.53,9.769711
2021-10-25,2021,10,25,29.5,32.82,27.33,75.02,5.597,64.786,0.59,6.58,42.7,0.34,9.404133
2021-10-26,2021,10,26,29.52,32.8,27.59,76.49,59.662,65.282,0.63,6.68,38.7,0.85,10.356324
2021-10-28,2021,10,28,28.41,30.45,27.29,80.99,47.794,6.283,0.51,2.76,290.4,1.67,10.186853
2021-10-29,2021,10,29,28.52,30.75,27.07,78.56,28.027,62.222,0.3,2.17,278.7,1.55,8.282898
2021-10-30,2021,10,30,27.92,29.67,26.73,79.3,41.947,63.473,0.45,2.59,250.5,4.32,9.632774
2021-10-31,2021,10,31,26.94,28.24,26.02,83.95,47.537,63.206,0.51,2.13,76.2,38.79,9.035688
2021-11-02,2021,11,2,27.85,29.55,26.68,77.89,53.122,64.711,0.57,3.5,58.4,0.41,9.757917
2021-11-04,2021,11,4,28.35,31.45,26.29,79.43,49.805,6.187,0.54,2.61,17.0,4.31,9.884521
2021-11-06,2021,11,6,29.49,33.58,27.08,76.33,61.409,63.835,0.67,5.03,39.9,0.38,11.1816435
2021-11-07,2021,11,7,28.81,30.85,27.6,80.35,55.879,6.21,0.61,5.73,40.3,0.06,10.22086
2021-11-09,2021,11,9,28.33,30.2,27.28,76.16,52.037,61.896,0.57,7.1,38.6,0.02,10.028628
2021-11-11,2021,11,11,28.78,32.17,26.43,74.19,55.817,63.446,0.62,6.45,40.7,0.09,10.313072
2021-11-13,2021,11,13,28.83,32.35,26.26,74.68,62.345,63.007,0.69,7.05,42.4,0.75,11.215668
2021-11-14,2021,11,14,28.51,31.31,26.7,77.29,56.446,6.12,0.63,6.56,39.2,1.44,10.109409
2021-11-15,2021,11,15,28.55,31.58,26.81,77.37,55.946,60.994,0.63,7.07,42.6,1.42,10.577431
2021-11-16,2021,11,16,28.63,31.53,26.86,74.95,58.152,61.954,0.65,7.07,43.3,0.1,10.03145
2021-11-18,2021,11,18,28.66,31.93,26.49,75.86,60.991,62.491,0.69,6.61,39.3,0.0,10.636952
2021-11-20,2021,11,20,28.79,32.26,26.87,76.73,55.157,5.987,0.62,6.5,38.6,0.0,9.741812
2021-11-22,2021,11,22,27.77,30.07,26.48,82.19,42.578,58.426,0.48,4.4,39.0,5.42,8.143025
2021-11-23,2021,11,23,27.58,29.74,26.38,82.52,33.564,57.576,0.38,3.57,25.6,1.33,6.622953
2021-11-25,2021,11,25,27.95,30.54,26.46,79.3,50.558,58.644,0.58,6.32,39.5,2.22,9.164785
2021-11-27,2021,11,27,27.64,29.8,26.37,82.93,49.702,58.306,0.57,5.31,39.2,4.49,9.161779
2021-11-29,2021,11,29,28.42,30.85,26.61,79.92,58.049,5.952,0.67,6.49,40.0,1.12,9.8597355
2021-11-30,2021,11,30,27.88,29.83,26.82,82.81,4.266,57.766,0.49,6.4,41.7,3.63,8.113192
2021-12-01,2021,12,1,27.93,30.15,26.52,78.61,44.215,5.945,0.51,6.12,42.9,1.24,8.785606
2021-12-02,2021,12,2,28.5,31.84,26.43,78.3,57.026,59.558,0.66,6.3,40.2,0.33,9.732298
2021-12-04,2021,12,4,28.27,30.73,26.84,78.63,43.891,59.352,0.51,7.48,43.2,0.06,7.6027412
2021-12-06,2021,12,6,28.26,31.22,25.97,77.95,56.213,59.119,0.66,6.85,44.0,0.01,9.910569
2021-12-08,2021,12,8,28.09,31.19,26.07,75.03,57.787,59.498,0.68,7.15,41.4,0.0,9.954892
2021-12-09,2021,12,9,27.88,30.82,25.99,76.04,56.006,59.172,0.66,7.9,41.8,0.0,9.560885
2021-12-11,2021,12,11,27.72,30.74,25.9,74.65,55.027,60.326,0.64,7.99,42.9,0.0,9.300776
2021-12-13,2021,12,13,27.71,30.96,25.67,75.86,57.048,59.914,0.67,6.61,41.1,0.01,9.344472
2021-12-15,2021,12,15,27.55,29.52,26.23,79.25,53.671,58.826,0.63,6.6,39.1,0.02,8.950006
2021-12-16,2021,12,16,27.66,30.01,25.78,78.61,54.758,58.104,0.64,6.56,45.3,0.03,9.279622
2021-12-17,2021,12,17,27.86,30.93,26.06,75.95,49.116,57.655,0.58,7.26,46.5,0.04,8.881977
2021-12-18,2021,12,18,27.65,30.64,26.15,79.34,4.595,57.173,0.54,6.1,48.8,0.07,8.234446
2021-12-20,2021,12,20,27.2,29.62,25.58,79.52,52.596,58.339,0.62,6.02,38.0,0.01,8.983095
2021-12-22,2021,12,22,26.99,29.61,25.67,84.08,43.097,57.125,0.51,3.79,25.2,3.85,8.150969
2021-12-24,2021,12,24,27.62,29.95,26.28,81.49,5.004,57.341,0.59,7.19,28.3,2.99,9.231021
2021-12-25,2021,12,25,28.01,30.92,26.22,78.7,54.418,57.914,0.64,6.81,36.4,1.56,9.005533
2021-12-27,2021,12,27,28.07,30.94,26.47,76.17,54.761,5.885,0.64,7.88,39.2,0.01,9.100538
2021-12-29,2021,12,29,27.83,30.95,25.54,76.53,55.385,58.406,0.65,5.98,41.1,0.04,9.390407
2021-12-31,2021,12,31,27.28,30.16,25.12,75.18,58.661,59.933,0.69,7.68,38.5,0.0,9.943191
2022-01-01,2022,1,1,27.69,31.16,25.01,74.39,58.661,59.455,0.68,6.66,39.2,0.0,10.258722
2022-01-02,2022,1,2,27.66,31.69,24.83,75.76,58.409,59.765,0.68,6.16,42.5,0.0,9.98255
2022-01-03,2022,1,3,27.32,30.68,24.82,74.97,5.79,6.025,0.67,7.08,43.7,0.0,9.623454
2022-01-05,2022,1,5,27.06,30.19,25.16,71.17,60.084,61.344,0.7,8.18,39.0,0.0,9.720068
2022-01-07,2022,1,7,26.94,30.33,24.57,74.01,58.061,60.053,0.67,6.25,39.6,0.0,9.89483
2022-01-09,2022,1,9,27.39,30.57,25.06,70.19,59.794,61.054,0.69,7.91,42.6,0.0,10.110471
2022-01-10,2022,1,10,26.76,29.37,25.4,74.45,51.924,60.281,0.6,6.87,40.4,0.18,8.857257
2022-01-12,2022,1,12,26.85,30.06,24.9,73.07,59.609,61.771,0.68,6.81,34.3,0.01,9.671616
2022-01-14,2022,1,14,26.39,29.31,24.61,74.13,55.958,61.421,0.64,6.22,23.1,0.03,9.402997
2022-01-16,2022,1,16,27.33,31.23,24.71,74.43,51.792,59.028,0.59,6.04,35.8,0.04,10.143627
2022-01-17,2022,1,17,27.35,30.31,25.39,79.13,54.542,57.996,0.62,6.86,31.5,0.41,9.859828
2022-01-18,2022,1,18,27.65,30.6,26.07,75.12,53.945,59.688,0.61,8.48,34.2,0.11,9.918862
2022-01-19,2022,1,19,27.82,30.9,25.57,72.54,60.449,61.493,0.68,7.71,39.3,0.0,10.423118
2022-01-21,2022,1,21,28.05,30.5,26.08,72.29,58.219,60.821,0.65,7.44,44.5,0.0,10.18966
2022-01-23,2022,1,23,27.27,30.41,25.34,73.34,52.733,59.791,0.59,7.86,35.5,0.02,9.589106
2022-01-25,2022,1,25,27.48,30.96,25.47,72.49,59.887,61.783,0.66,7.72,36.7,0.01,10.473652
2022-01-26,2022,1,26,27.47,30.89,25.3,74.34,54.134,59.518,0.6,6.92,37.8,0.0,9.611091
2022-01-28,2022,1,28,27.35,30.92,25.32,74.33,61.762,63.326,0.68,6.44,31.8,0.0,10.738061
2022-01-30,2022,1,30,26.63,29.3,24.9,72.33,5.79,63.641,0.63,7.34,28.7,0.0,10.011697
2022-02-01,2022,2,1,27.43,31.25,25.02,72.33,63.341,64.922,0.69,6.47,35.9,0.0,10.808701
2022-02-02,2022,2,2,27.77,31.91,24.97,74.6,62.398,63.619,0.68,6.48,40.5,0.0,10.597411
2022-02-03,2022,2,3,27.76,31.9,24.98,74.78,62.892,63.576,0.68,7.16,38.5,0.0,11.003385
2022-02-04,2022,2,4,27.76,31.29,25.86,74.35,61.702,64.063,0.67,7.88,36.1,0.0,10.611987
2022-02-06,2022,2,6,27.46,31.15,25.14,71.32,64.476,66.343,0.69,6.74,33.0,0.01,10.95756
2022-02-08,2022,2,8,27.51,30.71,25.81,79.43,52.769,61.433,0.56,6.14,27.5,0.45,9.473435
2022-02-10,2022,2,10,28.03,31.27,25.63,74.97,55.498,63.905,0.59,6.71,35.3,0.07,11.051383
2022-02-11,2022,2,11,28.11,31.54,25.92,69.41,62.441,65.731,0.66,8.33,38.8,0.0,11.033786
2022-02-12,2022,2,12,28.05,31.39,25.75,71.76,6.157,65.515,0.65,7.87,43.5,0.01,11.475504
2022-02-13,2022,2,13,28.1,31.92,25.69,71.89,63.547,65.515,0.67,7.47,40.9,0.01,11.131098
2022-02-14,2022,2,14,27.67,30.35,25.98,73.38,58.157,63.024,0.61,8.68,38.9,0.05,9.557915
2022-02-15,2022,2,15,27.92,30.63,26.11,68.62,56.042,65.009,0.58,9.26,41.9,0.0,10.280585
2022-02-17,2022,2,17,28.06,31.59,24.93,70.61,64.457,64.846,0.67,7.9,43.4,0.0,12.046482
2022-02-18,2022,2,18,27.61,31.01,25.44,70.64,65.304,66.583,0.68,8.68,39.2,0.0,11.576724
2022-02-19,2022,2,19,27.34,30.68,25.01,72.03,61.166,67.692,0.63,8.12,36.7,0.0,11.256777
2022-02-20,2022,2,20,27.51,30.96,25.58,68.72,68.254,69.458,0.7,9.02,40.6,0.0,11.6179285
2022-02-21,2022,2,21,27.62,31.01,25.27,67.86,67.934,70.402,0.7,8.62,42.3,0.0,11.610958
2022-02-22,2022,2,22,27.59,31.16,25.13,68.98,68.606,69.895,0.7,8.9,41.4,0.0,11.914649
2022-02-24,2022,2,24,27.33,30.6,25.31,70.7,66.259,6.797,0.67,8.89,39.8,0.0,11.713197
2022-02-25,2022,2,25,27.17,30.21,25.4,69.47,68.366,69.238,0.69,8.73,38.0,0.0,11.753235
2022-02-26,2022,2,26,27.14,30.73,25.0,71.95,66.178,68.738,0.67,8.11,35.5,0.0,11.845597
2022-02-27,2022,2,27,27.34,30.78,25.36,74.19,6.017,6.581,0.61,7.62,32.1,0.01,11.133318
2022-02-28,2022,2,28,26.99,29.25,25.48,80.63,48.638,63.576,0.49,6.14,28.8,0.68,9.473054
2022-03-01,2022,3,1,27.73,30.81,25.79,79.47,50.717,6.414,0.51,5.84,32.0,0.45,10.60893
2022-03-02,2022,3,2,27.62,30.89,25.73,80.5,52.514,66.382,0.53,7.33,35.3,1.25,10.1536665
2022-03-03,2022,3,3,27.67,30.78,25.46,76.73,59.405,69.216,0.59,7.97,34.4,0.25,11.784003
2022-03-05,2022,3,5,27.58,30.57,25.84,76.57,60.917,6.954,0.61,8.69,34.6,0.1,11.340742
2022-03-06,2022,3,6,27.7,30.17,25.89,73.2,6.018,69.797,0.6,7.91,36.5,0.16,12.267956
2022-03-07,2022,3,7,27.63,30.79,25.54,71.1,59.165,71.261,0.59,8.16,39.4,1.6,11.389863
2022-03-08,2022,3,8,27.6,30.98,25.36,71.28,66.367,7.145,0.66,7.05,45.1,5.09,12.484503
2022-03-09,2022,3,9,27.29,30.44,25.36,75.56,67.584,70.406,0.67,6.5,38.7,8.9,12.518736
2022-03-10,2022,3,10,27.45,31.39,25.38,77.89,57.269,68.678,0.56,6.35,39.1,21.03,11.305142
2022-03-12,2022,3,12,27.77,30.91,25.93,80.81,61.709,68.287,0.61,4.57,36.7,3.27,11.439729
2022-03-13,2022,3,13,27.38,29.93,25.79,80.19,47.465,67.356,0.47,6.61,36.9,2.27,10.687987
2022-03-14,2022,3,14,27.5,30.7,25.67,75.18,66.871,71.522,0.65,7.63,42.1,0.05,13.531463
2022-03-15,2022,3,15,27.44,30.36,25.15,75.48,60.679,71.714,0.59,7.78,42.7,0.75,11.944526
2022-03-16,2022,3,16,27.42,30.91,25.01,76.98,66.478,70.217,0.65,6.81,38.8,0.02,12.287038
2022-03-17,2022,3,17,27.35,30.11,25.51,78.7,50.381,67.135,0.49,6.65,41.7,0.0,10.1368
2022-03-18,2022,3,18,27.73,31.26,25.5,73.91,67.109,70.046,0.65,7.34,40.8,0.0,11.486723
2022-03-19,2022,3,19,27.46,30.61,24.88,75.55,64.085,69.739,0.62,7.86,41.9,0.0,12.44293
2022-03-21,2022,3,21,27.48,30.29,25.76,76.5,63.466,68.186,0.61,8.82,39.4,0.0,12.987943
2022-03-22,2022,3,22,27.64,31.36,25.38,72.85,70.406,71.131,0.68,7.97,41.3,0.0,14.229206
2022-03-23,2022,3,23,28.14,31.94,25.02,71.38,72.454,73.058,0.7,7.02,42.0,0.0,14.234255
2022-03-24,2022,3,24,27.76,31.07,25.63,72.96,70.682,71.364,0.68,7.81,39.9,0.0,13.626167
2022-03-25,2022,3,25,27.38,30.77,24.97,76.09,67.104,68.772,0.65,7.06,33.5,0.0,13.22526
2022-03-26,2022,3,26,26.98,29.46,25.47,81.57,49.068,62.484,0.47,7.34,29.9,0.02,11.581964
2022-03-28,2022,3,28,26.61,28.21,25.61,82.18,43.469,68.551,0.42,10.17,40.4,2.76,10.423704
2022-03-29,2022,3,29,27.51,30.73,25.66,77.21,48.384,67.414,0.46,9.48,42.7,0.09,11.176201
2022-03-30,2022,3,30,27.37,30.28,25.65,78.1,53.933,68.599,0.52,7.09,44.7,0.54,12.264052
2022-03-31,2022,3,31,27.26,29.82,25.81,76.63,5.507,6.901,0.53,6.66,41.0,0.71,12.500234
2022-04-01,2022,4,1,27.8,31.49,25.51,76.96,47.458,6.695,0.45,6.53,44.6,1.81,12.446245
2022-04-02,2022,4,2,27.79,31.29,25.65,77.88,52.726,67.135,0.5,7.08,39.7,2.37,11.86253
2022-04-03,2022,4,3,27.2,30.01,25.76,82.69,50.206,66.802,0.48,6.93,37.0,10.19,9.501416
2022-04-04,2022,4,4,26.74,28.78,25.49,86.91,44.102,67.512,0.42,5.2,38.1,22.67,10.642239
2022-04-06,2022,4,6,27.16,29.45,25.98,83.75,55.793,6.925,0.53,5.95,44.1,1.7,12.159898
2022-04-07,2022,4,7,27.48,31.0,25.56,82.03,4.499,68.081,0.43,6.09,44.8,5.71,11.3776455
2022-04-08,2022,4,8,27.67,30.61,25.96,83.05,42.127,68.477,0.4,6.71,38.6,9.28,12.066374
2022-04-09,2022,4,9,27.76,30.9,25.92,77.78,58.884,68.261,0.56,8.17,35.0,0.1,13.212925
2022-04-10,2022,4,10,27.75,31.19,25.71,74.91,60.739,69.929,0.58,8.69,37.8,0.02,13.318093
2022-04-11,2022,4,11,27.87,30.87,25.89,75.03,62.837,6.985,0.6,8.79,39.0,0.88,12.8939295
2022-04-13,2022,4,13,28.37,32.79,25.77,75.42,6.449,71.014,0.61,7.85,44.2,0.65,12.850092
2022-04-14,2022,4,14,28.13,31.99,25.84,75.99,58.762,69.506,0.56,6.68,42.4,0.37,8.637884
2022-04-15,2022,4,15,28.0,31.83,25.41,78.15,65.304,6.864,0.62,7.08,37.6,0.22,13.880011
2022-04-16,2022,4,16,28.5,32.75,25.72,78.27,51.886,68.218,0.49,5.09,34.6,0.55,11.705489
2022-04-17,2022,4,17,28.34,31.78,25.93,80.82,56.213,70.702,0.53,2.87,24.0,4.1,13.274111
2022-04-18,2022,4,18,28.25,31.21,26.1,82.63,51.905,72.384,0.49,3.04,344.8,2.31,11.245362
2022-04-19,2022,4,19,27.76,29.56,26.48,83.32,4.555,72.406,0.43,3.21,221.6,3.53,11.8979645
2022-04-20,2022,4,20,27.49,28.94,26.3,82.11,44.191,71.616,0.42,2.04,222.4,9.44,8.948556
2022-04-22,2022,4,22,27.32,29.79,25.67,79.81,40.702,71.729,0.39,2.29,354.0,10.9,9.347915
2022-04-23,2022,4,23,27.35,30.05,25.16,79.21,51.881,72.547,0.49,4.04,28.7,2.56,11.067813
2022-04-24,2022,4,24,28.38,31.81,26.17,75.71,56.796,72.672,0.54,6.06,45.3,2.61,12.71061
2022-04-25,2022,4,25,27.6,29.37,26.45,82.53,40.039,69.926,0.38,4.55,53.0,10.54,8.728321
2022-04-26,2022,4,26,27.99,30.41,26.38,80.98,46.356,69.502,0.44,6.17,42.6,1.92,9.231177
2022-04-27,2022,4,27,27.72,29.63,26.44,79.43,50.654,69.679,0.48,6.68,46.1,1.32,11.089207
2022-04-29,2022,4,29,27.49,29.38,26.04,85.23,49.337,69.504,0.47,5.43,39.9,2.85,9.987597
2022-04-30,2022,4,30,27.88,30.21,26.56,86.49,53.114,68.131,0.51,4.22,44.5,7.56,7.0777016
2022-05-01,2022,5,1,27.89,30.4,26.27,86.0,45.696,71.642,0.44,2.34,26.7,6.42,12.767526
2022-05-02,2022,5,2,28.47,31.42,26.13,82.55,61.987,71.964,0.59,3.07,48.8,2.97,13.486035
2022-05-03,2022,5,3,28.39,31.07,26.77,82.35,6.588,72.062,0.63,5.61,43.2,0.87,14.142197
2022-05-04,2022,5,4,28.46,31.45,26.26,81.2,64.322,71.551,0.61,5.52,45.4,0.46,13.266213
2022-05-05,2022,5,5,28.12,30.55,26.92,84.22,47.206,70.865,0.45,5.0,46.9,2.39,9.750745
2022-05-06,2022,5,6,27.73,29.3,26.44,84.16,29.076,7.207,0.28,3.07,48.7,4.15,6.698124
2022-05-08,2022,5,8,28.49,31.58,26.77,82.49,67.234,72.442,0.64,4.18,39.3,2.75,12.772081
2022-05-09,2022,5,9,28.33,30.14,27.09,85.57,52.214,71.803,0.5,4.67,33.4,3.23,9.706328
2022-05-10,2022,5,10,27.85,29.3,27.2,88.29,31.807,71.016,0.3,2.68,46.8,4.19,7.0761185
2022-05-11,2022,5,11,28.0,29.94,26.63,84.47,39.079,70.154,0.37,2.44,85.7,1.58,8.89836
2022-05-12,2022,5,12,28.36,30.68,27.13,81.98,58.051,72.571,0.56,2.75,43.3,0.29,12.373117
2022-05-13,2022,5,13,28.43,31.14,27.0,83.04,41.642,71.112,0.4,4.74,38.2,1.55,9.382052
2022-05-15,2022,5,15,28.09,29.8,26.81,84.64,46.279,69.806,0.44,4.0,50.6,0.32,9.604893
2022-05-16,2022,5,16,28.72,31.78,26.95,81.45,4.873,69.062,0.47,5.31,42.2,0.45,12.033766
2022-05-17,2022,5,17,28.4,31.05,27.01,86.05,29.633,68.388,0.28,3.21,47.3,1.5,5.81402
2022-05-18,2022,5,18,28.29,30.45,26.97,85.05,41.755,68.767,0.4,4.12,37.7,1.25,8.338596
2022-05-19,2022,5,19,28.52,30.86,27.04,83.38,45.665,67.934,0.44,3.02,43.3,0.96,8.779367
2022-05-20,2022,5,20,28.69,31.35,26.95,81.74,5.562,7.151,0.53,3.38,54.5,0.44,11.439177
2022-05-21,2022,5,21,29.47,33.69,26.63,75.85,6.75,72.163,0.65,5.82,43.8,0.64,11.975108
2022-05-22,2022,5,22,29.21,33.44,26.67,76.3,70.289,71.191,0.68,6.22,49.3,0.22,12.625655
2022-05-24,2022,5,24,28.56,31.2,26.93,81.4,45.089,68.628,0.43,4.63,44.8,3.12,9.413195
2022-05-25,2022,5,25,28.25,30.33,26.7,83.36,44.962,68.446,0.43,3.43,49.4,3.91,10.072565
2022-05-26,2022,5,26,28.28,30.21,26.88,85.15,51.432,68.369,0.5,4.07,48.2,21.91,8.394881
2022-05-27,2022,5,27,28.47,30.57,27.2,82.95,65.249,70.248,0.63,3.23,50.8,12.04,12.099677
2022-05-28,2022,5,28,28.62,30.81,27.14,81.42,63.814,71.112,0.62,4.32,56.1,8.6,11.799532
2022-05-29,2022,5,29,28.62,31.89,26.5,80.39,67.634,72.257,0.65,4.92,49.4,4.38,11.937688
2022-05-31,2022,5,31,28.82,32.13,26.42,78.33,57.547,71.386,0.56,4.84,44.6,1.17,11.456061
2022-06-01,2022,6,1,28.4,31.16,26.82,81.18,58.987,71.362,0.57,3.31,50.5,2.52,9.932191
2022-06-02,2022,6,2,28.82,32.09,26.5,80.21,5.759,70.699,0.56,2.85,26.7,5.04,10.723313
2022-06-03,2022,6,3,28.03,30.69,26.22,80.01,50.107,6.984,0.49,2.54,333.7,3.42,10.264486
2022-06-04,2022,6,4,27.19,29.12,25.79,82.55,40.644,70.973,0.39,2.31,359.6,1.57,7.0811944
2022-06-05,2022,6,5,28.91,32.49,26.43,77.16,51.456,70.188,0.5,2.38,13.2,1.67,10.040087
2022-06-06,2022,6,6,28.8,31.1,27.37,81.76,56.359,70.946,0.55,3.03,36.0,3.67,9.657261
2022-06-07,2022,6,7,28.35,30.66,27.1,83.26,45.977,71.062,0.45,3.29,33.2,7.2,9.944427
2022-06-09,2022,6,9,28.45,30.67,27.13,80.99,40.207,6.979,0.39,4.9,51.5,7.01,8.271711
2022-06-10,2022,6,10,28.08,29.86,26.6,81.65,51.432,68.683,0.5,3.51,57.7,7.67,10.271532
2022-06-11,2022,6,11,28.32,30.23,26.86,82.94,3.733,6.929,0.36,4.37,53.0,5.48,6.89708
2022-06-12,2022,6,12,27.91,29.65,26.78,85.3,36.962,69.454,0.36,4.06,41.4,11.14,8.745798
2022-06-13,2022,6,13,28.65,30.95,27.1,82.19,65.285,70.932,0.63,4.98,50.4,6.58,12.283157
2022-06-14,2022,6,14,27.51,28.62,26.89,86.61,3.361,7.08,0.33,4.24,59.7,3.95,6.0319176
2022-06-16,2022,6,16,28.03,29.6,26.93,85.55,49.973,69.835,0.49,3.06,40.4,5.54,10.089042
2022-06-17,2022,6,17,28.21,29.59,26.96,84.75,39.631,69.581,0.39,3.88,49.1,3.72,4.7910624
2022-06-18,2022,6,18,27.97,29.99,26.42,84.22,42.638,69.077,0.42,2.09,106.9,4.05,9.504807
2022-06-19,2022,6,19,27.98,30.01,26.36,85.03,25.567,69.103,0.25,2.5,35.4,8.26,6.5761943
2022-06-20,2022,6,20,27.49,29.9,25.91,84.67,61.039,68.551,0.59,5.07,39.6,11.75,11.610233
2022-06-21,2022,6,21,27.75,29.16,26.75,84.82,47.131,68.938,0.46,5.04,44.4,19.26,9.420724
2022-06-22,2022,6,22,27.86,29.56,26.6,85.13,56.503,69.492,0.55,4.45,49.9,3.88,10.620697
2022-06-23,2022,6,23,28.49,31.47,26.74,84.31,5.585,6.889,0.54,3.95,43.6,4.08,10.55406
2022-06-25,2022,6,25,27.89,29.66,26.66,85.11,43.606,67.375,0.43,3.39,47.1,29.64,8.87475
2022-06-26,2022,6,26,27.6,29.56,26.73,84.28,43.843,68.532,0.43,3.36,54.8,11.84,9.450882
2022-06-27,2022,6,27,28.06,30.17,26.68,82.96,41.616,69.494,0.41,3.23,42.3,40.37,8.294631
2022-06-28,2022,6,28,28.14,31.25,26.45,82.04,56.822,69.989,0.55,4.56,41.2,20.39,10.853748
2022-06-29,2022,6,29,28.29,31.23,26.81,82.24,54.458,68.573,0.53,6.69,49.9,6.2,11.051154
2022-06-30,2022,6,30,28.04,30.24,26.55,83.15,48.581,70.042,0.47,4.24,46.2,3.36,10.137015
2022-07-02,2022,7,2,27.78,29.48,26.81,87.52,55.524,70.145,0.54,5.02,50.0,9.41,10.379436
2022-07-03,2022,7,3,28.33,30.59,26.75,86.87,64.241,69.926,0.63,3.31,44.7,7.58,11.819545
2022-07-04,2022,7,4,27.79,30.5,26.7,89.27,51.158,68.242,0.5,4.9,55.2,29.67,11.27058
2022-07-05,2022,7,5,27.43,28.6,26.7,88.4,42.965,69.034,0.42,5.24,57.0,2.48,8.723548
2022-07-06,2022,7,6,27.83,29.98,26.39,85.3,59.405,70.205,0.58,4.65,47.2,0.89,10.857778
2022-07-07,2022,7,7,28.0,29.75,26.86,87.26,59.014,70.728,0.57,5.27,46.9,1.02,10.919361
2022-07-08,2022,7,8,28.04,30.11,26.74,84.69,50.544,69.307,0.49,5.66,51.9,0.78,10.373009
2022-07-09,2022,7,9,28.04,30.77,26.64,85.33,60.912,69.384,0.59,5.33,48.1,1.87,11.421374
2022-07-11,2022,7,11,27.85,30.27,26.58,87.63,40.531,69.096,0.39,4.6,50.2,6.2,8.609109
2022-07-12,2022,7,12,27.76,29.87,26.56,87.49,53.203,69.406,0.52,4.75,52.6,10.26,10.369943
2022-07-13,2022,7,13,28.0,30.08,26.56,83.66,57.454,70.831,0.56,4.63,51.1,11.88,11.052215
2022-07-14,2022,7,14,28.14,31.39,26.43,82.8,57.828,7.009,0.56,5.58,46.9,1.65,10.478225
2022-07-15,2022,7,15,27.93,31.51,25.98,79.43,6.528,71.813,0.63,6.28,42.2,0.0,11.32668
2022-07-16,2022,7,16,28.06,31.38,26.06,82.14,6.407,70.954,0.62,6.15,41.7,0.03,10.786227
2022-07-18,2022,7,18,27.5,29.8,26.38,87.89,48.197,70.462,0.47,4.58,44.4,0.83,9.016487
2022-07-19,2022,7,19,27.9,30.37,26.33,85.03,58.675,69.732,0.57,6.16,44.1,0.61,11.280347
2022-07-20,2022,7,20,27.67,29.93,26.36,84.8,54.542,69.598,0.53,5.61,50.9,5.59,10.659021
2022-07-21,2022,7,21,27.75,31.04,26.25,86.47,50.141,69.619,0.49,4.27,44.1,31.81,9.75227
2022-07-22,2022,7,22,27.44,29.72,26.12,87.3,44.798,6.947,0.43,3.84,44.2,17.39,9.435486
2022-07-23,2022,7,23,28.04,31.4,26.58,83.45,53.981,70.858,0.52,5.99,44.1,3.83,10.493763
2022-07-24,2022,7,24,27.96,31.31,25.99,80.82,60.811,70.166,0.59,4.88,45.2,3.77,9.616785
2022-07-25,2022,7,25,27.48,29.26,25.86,84.75,47.345,67.894,0.46,4.04,57.6,4.28,7.2001843
2022-07-27,2022,7,27,27.79,29.89,26.73,87.23,51.924,69.677,0.5,4.99,45.5,25.24,10.181847
2022-07-28,2022,7,28,27.08,28.52,26.18,88.74,28.442,70.829,0.28,3.26,56.0,20.4,6.4218097
2022-07-29,2022,7,29,27.91,30.23,26.53,84.71,64.534,71.722,0.62,4.76,49.9,5.87,12.221068
2022-07-30,2022,7,30,28.29,30.82,26.83,83.54,68.686,72.919,0.66,6.43,48.5,0.32,11.503627
2022-07-31,2022,7,31,28.48,31.22,26.49,81.33,6.42,71.066,0.62,6.32,51.6,1.0,11.488328
2022-08-01,2022,8,1,27.89,30.5,26.2,82.07,38.455,68.707,0.37,6.9,52.6,1.72,7.7448835
2022-08-03,2022,8,3,27.43,28.84,26.63,88.41,38.249,69.343,0.37,4.59,49.0,3.56,8.045242
2022-08-04,2022,8,4,27.51,29.19,26.55,87.8,55.286,69.542,0.53,5.02,53.3,1.73,10.9049
2022-08-05,2022,8,5,27.36,28.72,26.71,88.91,41.064,69.802,0.4,4.78,48.0,3.72,8.152444
2022-08-06,2022,8,6,27.42,29.58,26.29,87.12,43.615,69.559,0.42,4.44,54.9,3.48,9.127652
2022-08-07,2022,8,7,27.58,29.13,26.43,87.63,55.541,70.474,0.54,4.57,50.2,7.6,10.000252
2022-08-08,2022,8,8,28.25,31.12,26.54,84.08,64.865,72.137,0.63,4.24,44.9,1.55,11.180092
2022-08-09,2022,8,9,28.35,30.84,26.83,86.0,66.461,7.217,0.64,4.7,49.6,3.22,11.221141
2022-08-10,2022,8,10,27.95,29.36,27.01,88.48,46.222,70.118,0.45,4.21,51.8,5.89,8.296671
2022-08-12,2022,8,12,27.77,31.3,25.11,82.32,49.541,69.732,0.48,2.04,7.2,16.1,8.663894
2022-08-13,2022,8,13,27.45,29.72,24.82,84.26,4.698,70.248,0.45,2.63,23.8,10.78,10.330951
2022-08-14,2022,8,14,27.85,29.67,26.66,85.78,4.325,7.063,0.42,3.65,51.9,33.84,9.6059475
2022-08-15,2022,8,15,27.49,29.54,25.77,86.65,53.611,71.402,0.52,2.74,24.5,14.37,10.552928
2022-08-16,2022,8,16,27.21,29.52,25.03,83.32,51.432,7.231,0.5,1.57,6.1,12.66,9.808824
2022-08-17,2022,8,17,29.0,32.57,26.95,81.77,69.154,73.015,0.67,4.29,44.0,4.4,11.956698
2022-08-19,2022,8,19,28.56,32.2,26.12,80.34,71.921,73.865,0.69,5.89,42.7,0.15,11.992904
2022-08-20,2022,8,20,28.12,30.24,26.74,85.63,53.302,70.426,0.51,4.74,40.6,1.91,9.672107
2022-08-21,2022,8,21,27.8,31.03,25.79,76.37,47.162,7.015,0.45,2.52,22.4,8.21,10.723797
2022-08-22,2022,8,22,27.45,29.43,25.93,85.05,33.406,70.116,0.32,2.04,327.2,2.76,5.997292
2022-08-23,2022,8,23,28.0,31.25,25.74,79.37,60.425,71.345,0.58,2.41,30.9,2.59,12.814502
2022-08-24,2022,8,24,27.93,30.74,25.82,82.8,65.959,71.323,0.64,3.41,34.8,4.23,12.162348
2022-08-25,2022,8,25,28.1,29.89,27.26,86.54,48.727,7.195,0.47,4.35,40.1,11.36,12.047427
2022-08-26,2022,8,26,28.5,31.51,26.97,82.87,38.122,70.754,0.37,4.73,39.1,7.54,7.8706546
2022-08-28,2022,8,28,27.88,30.75,26.65,82.28,57.187,71.374,0.55,2.73,64.7,18.16,11.813383
2022-08-29,2022,8,29,26.57,27.1,25.99,90.07,42.509,6.942,0.41,2.66,21.7,48.41,9.706387
2022-08-30,2022,8,30,28.07,30.49,26.56,85.14,61.656,7.043,0.6,4.28,43.9,21.38,12.273155
2022-08-31,2022,8,31,28.62,31.43,27.11,83.96,47.642,70.056,0.46,4.66,48.6,15.36,9.611483
2022-09-01,2022,9,1,28.29,29.82,27.12,85.5,45.504,70.061,0.44,3.56,60.3,15.99,8.01976
2022-09-02,2022,9,2,28.49,31.49,26.64,78.19,60.022,70.922,0.58,4.71,48.0,1.97,11.426833
2022-09-04,2022,9,4,28.28,30.7,26.84,84.06,51.641,69.382,0.5,3.17,51.9,21.51,9.922533
2022-09-05,2022,9,5,27.71,29.53,26.59,87.78,50.098,70.226,0.48,2.73,26.4,28.09,8.655023
2022-09-06,2022,9,6,28.24,30.86,26.61,82.89,59.587,70.166,0.58,2.67,26.9,6.47,11.338802
2022-09-07,2022,9,7,28.28,30.77,26.93,84.4,4.787,69.151,0.46,2.22,13.9,24.25,9.491068
2022-09-08,2022,9,8,28.05,30.48,26.17,82.46,45.662,69.893,0.44,1.91,265.4,7.79,5.5437603
2022-09-10,2022,9,10,28.86,31.31,27.18,84.42,60.713,70.961,0.59,4.12,44.7,6.83,9.668878
2022-09-11,2022,9,11,27.86,28.98,27.37,86.97,50.647,69.876,0.49,4.1,70.6,6.73,8.81074
2022-09-13,2022,9,13,28.02,29.27,27.11,83.43,51.991,70.702,0.51,2.8,79.4,8.33,10.794131
2022-09-14,2022,9,14,28.24,30.2,26.99,82.47,48.893,70.594,0.48,3.11,53.3,9.32,10.317999
2022-09-15,2022,9,15,28.47,30.98,27.22,83.21,5.172,70.164,0.5,4.0,51.5,5.77,8.660534
2022-09-16,2022,9,16,28.44,30.19,27.18,82.22,52.438,70.301,0.51,2.82,48.3,11.12,10.715434
2022-09-17,2022,9,17,28.05,29.99,26.71,83.05,47.362,68.304,0.46,1.67,8.3,8.07,11.057017
2022-09-18,2022,9,18,27.64,29.75,26.42,82.97,35.568,6.618,0.35,2.38,320.1,8.38,6.247878
2022-09-20,2022,9,20,27.64,30.44,25.64,78.62,4.841,69.787,0.48,2.41,251.6,12.4,9.144113
2022-09-21,2022,9,21,28.25,31.61,25.78,73.68,54.576,70.085,0.54,1.41,12.7,12.15,10.304496
2022-09-22,2022,9,22,27.52,29.42,25.84,80.23,37.474,68.621,0.37,1.63,355.4,16.57,10.025816
2022-09-23,2022,9,23,27.62,30.27,26.07,80.31,3.751,68.918,0.37,2.39,19.4,4.04,8.5921755
2022-09-24,2022,9,24,27.78,30.03,26.37,79.67,50.498,68.983,0.5,2.46,315.0,3.22,9.124685
2022-09-25,2022,9,25,27.63,30.57,25.47,79.2,45.876,68.033,0.45,2.38,84.1,4.09,10.241244
2022-09-26,2022,9,26,28.59,31.03,26.75,82.6,53.167,6.851,0.53,2.42,26.0,5.39,8.685744
2022-09-27,2022,9,27,28.42,30.13,27.53,84.89,47.038,68.345,0.47,2.84,29.3,8.78,8.824448
2022-09-29,2022,9,29,28.08,30.21,26.51,84.13,43.044,69.197,0.43,2.56,307.1,6.79,8.7476225
2022-09-30,2022,9,30,27.84,30.28,25.87,77.72,48.007,69.132,0.48,1.62,253.0,5.31,6.0598063
2022-10-01,2022,10,1,27.16,28.98,25.59,77.07,45.902,69.569,0.46,1.69,204.0,7.03,9.008422
2022-10-02,2022,10,2,27.71,29.57,26.11,79.43,58.589,67.598,0.59,2.76,41.2,1.71,11.283162
2022-10-03,2022,10,3,28.98,31.86,27.4,82.77,63.413,6.918,0.64,3.17,36.7,4.26,11.978618
2022-10-04,2022,10,4,29.28,31.98,27.92,82.63,58.562,6.845,0.59,5.31,39.6,2.58,11.012033
2022-10-06,2022,10,6,27.79,29.78,26.82,85.64,41.258,68.887,0.42,3.23,32.1,6.91,7.515403
2022-10-07,2022,10,7,26.35,27.42,24.75,89.59,1.95,68.362,0.2,4.29,216.0,6.18,4.373742
2022-10-08,2022,10,8,27.36,30.44,25.24,81.98,43.241,6.607,0.44,3.06,132.8,5.62,8.170642
2022-10-09,2022,10,9,27.09,28.32,26.02,89.16,45.962,66.319,0.47,4.27,19.8,10.94,9.43404
2022-10-10,2022,10,10,28.11,30.49,26.89,81.02,52.668,66.986,0.54,3.22,51.2,2.59,9.250974
2022-10-11,2022,10,11,28.64,31.45,26.97,82.26,55.968,67.022,0.57,3.8,56.1,3.18,10.821654
2022-10-12,2022,10,12,28.42,31.0,27.27,85.29,47.374,66.156,0.48,4.08,55.8,10.09,9.573035
2022-10-13,2022,10,13,27.75,30.18,25.99,84.31,42.934,65.798,0.44,2.35,26.3,11.98,8.185405
2022-10-15,2022,10,15,28.34,30.29,26.93,82.92,54.329,65.784,0.56,3.46,41.9,5.52,10.763868
2022-10-16,2022,10,16,28.86,31.41,27.42,82.93,46.438,65.592,0.48,4.57,42.6,10.91,9.81832
2022-10-17,2022,10,17,28.42,30.35,27.13,85.0,38.287,65.974,0.4,2.89,41.1,10.66,4.7107263
2022-10-18,2022,10,18,28.47,30.49,27.18,84.18,52.769,66.029,0.55,3.71,32.9,2.22,11.233127
2022-10-19,2022,10,19,28.55,30.94,27.41,84.08,50.894,65.916,0.53,4.54,26.6,1.54,10.672986
2022-10-20,2022,10,20,28.84,31.05,27.59,82.09,48.307,65.854,0.5,4.23,38.6,2.47,10.114244
2022-10-22,2022,10,22,28.53,30.7,27.43,84.0,48.622,65.364,0.51,4.05,38.8,1.85,9.750675
2022-10-23,2022,10,23,28.08,29.96,27.24,85.06,45.346,65.407,0.48,3.34,40.8,3.49,9.236744
2022-10-24,2022,10,24,28.51,30.96,27.05,84.63,3.943,63.804,0.42,3.09,44.3,8.41,8.549866
2022-10-25,2022,10,25,27.62,29.83,26.78,82.66,39.751,6.395,0.42,2.32,16.1,4.62,6.8465934
2022-10-26,2022,10,26,27.91,29.99,26.82,83.93,51.002,64.555,0.54,4.59,19.1,1.88,10.729677
2022-10-27,2022,10,27,27.83,30.05,26.65,80.5,54.182,66.382,0.57,4.84,17.0,0.57,10.45982
2022-10-28,2022,10,28,27.8,30.38,26.28,78.57,57.182,67.589,0.61,3.92,12.5,0.01,9.281554
2022-10-29,2022,10,29,27.36,30.25,25.65,76.29,58.385,67.327,0.62,2.61,320.2,0.01,10.75239
2022-10-31,2022,10,31,27.51,31.0,25.3,79.07,55.867,64.507,0.6,2.91,210.7,0.12,11.017514
2022-11-01,2022,11,1,27.97,29.71,26.18,85.79,59.376,62.918,0.64,4.22,29.7,1.75,10.7422695
2022-11-02,2022,11,2,28.73,30.87,27.46,86.81,49.738,61.229,0.54,4.84,57.0,7.45,9.460894
2022-11-03,2022,11,3,27.6,28.53,26.4,89.67,36.482,60.905,0.39,3.1,61.8,8.2,7.7479935
2022-11-05,2022,11,5,26.63,27.33,25.61,89.84,0.9062,62.827,0.1,5.16,213.4,6.05,2.1730556
2022-11-07,2022,11,7,26.01,26.73,25.32,90.64,18.274,62.472,0.2,3.68,210.8,50.7,4.9133735
2022-11-09,2022,11,9,26.6,27.65,25.77,88.74,39.202,61.771,0.43,3.66,226.7,62.49,8.927251
2022-11-10,2022,11,10,27.59,30.46,25.67,76.14,52.025,61.625,0.57,2.12,259.9,2.23,8.768245
2022-11-12,2022,11,12,27.6,29.44,26.77,86.08,40.762,6.066,0.45,4.6,40.4,8.64,7.9942765
2022-11-14,2022,11,14,27.24,28.99,25.86,86.74,43.843,59.474,0.49,2.63,52.4,3.11,7.601887
2022-11-16,2022,11,16,28.11,29.82,27.36,88.96,48.833,58.889,0.55,5.04,49.2,15.61,9.772586
2022-11-17,2022,11,17,28.05,29.44,27.16,87.5,46.946,58.668,0.53,5.29,51.4,2.05,9.119948
2022-11-18,2022,11,18,27.15,27.9,26.44,87.89,35.491,59.263,0.4,3.29,75.8,3.39,6.637582
2022-11-19,2022,11,19,28.18,30.25,26.77,84.52,49.685,58.404,0.56,5.43,54.5,1.15,9.073726
2022-11-21,2022,11,21,27.97,29.88,27.05,83.03,44.364,5.958,0.5,6.56,48.1,1.12,8.31334
2022-11-23,2022,11,23,27.81,30.75,26.14,82.31,42.737,60.504,0.49,4.69,49.6,0.4,8.572631
2022-11-25,2022,11,25,27.89,30.53,26.62,82.78,50.062,5.898,0.57,3.32,50.9,0.17,9.471637
2022-11-26,2022,11,26,28.25,30.41,26.79,83.12,48.662,57.838,0.56,4.52,45.2,3.97,8.81941
2022-11-28,2022,11,28,26.95,28.36,26.25,85.01,46.159,59.424,0.53,5.44,43.7,4.4,8.614987
2022-11-30,2022,11,30,27.01,29.39,25.44,81.28,50.714,59.779,0.59,6.29,45.4,1.45,9.049061
2022-12-02,2022,12,2,27.08,29.17,25.41,79.75,57.048,60.612,0.66,6.89,50.4,0.0,9.253049
2022-12-03,2022,12,3,27.28,29.86,25.29,80.29,57.473,60.077,0.67,6.32,46.7,0.01,9.686918
2022-12-04,2022,12,4,27.33,29.83,26.06,80.64,54.643,59.681,0.63,6.21,42.2,0.02,9.381542
2022-12-05,2022,12,5,26.93,29.16,25.72,79.38,53.832,59.731,0.63,6.17,40.0,0.04,8.626635
2022-12-07,2022,12,7,26.54,28.99,24.93,79.14,59.676,61.118,0.7,6.07,46.5,0.0,9.456806
2022-12-09,2022,12,9,26.7,29.57,25.14,79.21,5.82,59.143,0.68,6.04,47.6,0.01,9.416388
2022-12-11,2022,12,11,26.87,29.72,25.12,80.44,53.657,57.314,0.63,6.28,44.2,0.22,8.996062
2022-12-12,2022,12,12,27.04,29.93,25.41,79.85,54.883,57.084,0.64,5.35,41.9,0.96,8.970004
2022-12-14,2022,12,14,27.01,29.55,25.06,83.78,4.679,56.138,0.55,6.13,47.9,3.8,7.680018
2022-12-16,2022,12,16,27.26,30.46,25.54,83.33,5.489,57.386,0.65,6.13,50.4,2.09,9.051935
2022-12-18,2022,12,18,26.71,29.56,24.85,81.5,54.396,57.979,0.64,6.75,46.9,0.17,9.21651
2022-12-19,2022,12,19,26.9,29.56,25.29,82.85,56.791,57.804,0.67,7.05,49.5,0.43,9.508925
2022-12-20,2022,12,20,26.69,29.63,24.72,81.68,57.523,58.901,0.68,6.66,49.3,0.01,9.652183
2022-12-21,2022,12,21,26.92,29.86,25.12,83.82,57.962,58.634,0.68,6.68,47.0,0.22,9.708121
2022-12-23,2022,12,23,26.56,29.33,24.62,83.41,58.133,58.817,0.68,6.32,46.9,0.0,9.76022
2022-12-25,2022,12,25,26.12,29.1,23.65,82.23,59.419,60.492,0.7,6.75,48.5,0.0,9.799956
2022-12-27,2022,12,27,26.66,30.21,24.58,83.28,55.438,57.367,0.65,4.99,44.2,0.01,9.04588
2022-12-28,2022,12,28,26.89,30.35,24.65,83.2,55.697,57.139,0.65,5.78,40.3,0.04,9.10736
2022-12-30,2022,12,30,26.83,30.07,24.76,81.85,5.861,59.623,0.69,5.69,46.4,0.0,9.428573
2023-01-01,2023,1,1,26.9,29.86,25.2,82.86,53.352,57.598,0.62,6.79,42.7,0.14,8.58683
2023-01-03,2023,1,3,26.52,29.99,24.2,80.79,5.627,60.602,0.65,6.01,45.1,0.02,9.253286
2023-01-04,2023,1,4,26.62,29.42,25.05,79.39,56.642,60.065,0.66,6.8,45.6,0.03,8.896915
2023-01-05,2023,1,5,26.63,29.56,24.91,80.13,59.234,60.562,0.69,6.03,42.3,0.02,9.516135
2023-01-06,2023,1,6,26.9,30.71,24.6,82.39,56.088,58.514,0.65,5.04,43.3,0.06,9.020422
2023-01-08,2023,1,8,26.67,29.34,25.22,83.96,46.663,56.926,0.54,6.72,39.3,0.06,7.622034
2023-01-10,2023,1,10,26.71,29.37,25.31,83.38,45.346,57.005,0.52,5.85,31.0,1.58,8.310052
2023-01-12,2023,1,12,26.95,29.79,25.22,81.98,49.814,56.971,0.57,6.8,40.9,3.4,9.248814
2023-01-13,2023,1,13,26.76,29.29,25.59,83.34,53.923,57.235,0.62,6.09,32.9,2.76,9.299997
2023-01-15,2023,1,15,26.74,29.04,25.49,79.94,52.147,59.218,0.59,7.33,30.9,0.14,9.091222
2023-01-17,2023,1,17,27.01,30.46,24.58,78.89,57.802,59.441,0.66,5.89,37.8,0.0,9.838587
2023-01-19,2023,1,19,26.76,30.31,24.21,79.62,58.008,60.715,0.65,6.06,47.2,0.0,10.071259
2023-01-20,2023,1,20,26.52,29.25,24.55,77.38,60.977,62.585,0.69,7.7,47.3,0.0,10.31635
2023-01-21,2023,1,21,26.86,30.16,24.56,78.1,60.554,6.229,0.68,7.62,48.0,0.0,10.256199
2023-01-22,2023,1,22,26.95,30.76,24.49,78.05,59.772,61.303,0.67,6.58,48.6,0.0,10.047193
2023-01-24,2023,1,24,27.24,30.48,25.26,79.73,51.295,57.866,0.57,6.81,46.2,0.0,9.782819
2023-01-26,2023,1,26,26.65,30.1,24.41,78.29,61.927,63.403,0.69,7.78,49.2,0.0,10.509209
2023-01-28,2023,1,28,26.28,29.29,24.22,73.33,63.967,64.992,0.7,9.43,46.5,0.0,11.243042
2023-01-29,2023,1,29,26.41,29.81,24.08,75.34,64.925,64.992,0.71,8.33,45.4,0.0,11.321823
2023-01-31,2023,1,31,25.99,29.03,23.38,76.46,6.499,66.336,0.71,7.77,45.0,0.0,11.060188
2023-02-04,2023,2,4,26.0,29.02,23.45,79.73,61.133,63.307,0.66,6.95,35.8,0.0,10.784825
2023-02-05,2023,2,5,26.77,30.49,23.94,78.62,5.731,6.275,0.62,7.08,43.8,0.0,9.865067
2023-02-06,2023,2,6,26.99,30.27,24.72,79.07,6.199,63.679,0.66,7.25,42.2,0.0,11.304765
2023-02-07,2023,2,7,26.79,30.14,24.75,77.22,62.417,63.298,0.67,8.77,41.9,0.0,11.144704
2023-02-09,2023,2,9,26.68,29.93,24.4,77.14,63.226,64.812,0.67,7.76,43.5,0.0,11.188841
2023-02-11,2023,2,11,26.85,30.43,24.65,77.77,63.458,64.913,0.67,7.51,41.4,0.0,10.976522
2023-02-13,2023,2,13,26.65,29.75,25.01,77.88,61.644,64.097,0.65,8.82,36.1,0.0,11.459211
2023-02-14,2023,2,14,26.63,29.92,24.64,79.34,60.254,64.586,0.63,8.79,35.9,0.01,10.988292
2023-02-15,2023,2,15,26.96,30.0,24.93,77.37,62.959,65.426,0.66,9.18,40.2,0.24,11.478266
2023-02-16,2023,2,16,27.19,30.14,25.04,74.73,61.454,66.391,0.64,8.66,41.2,0.93,11.426952
2023-02-18,2023,2,18,26.54,29.61,24.36,73.91,67.102,7.001,0.69,9.25,43.4,0.02,12.217181
2023-02-20,2023,2,20,26.22,29.91,23.03,73.69,70.138,70.337,0.72,8.26,42.8,0.0,12.606151
2023-02-21,2023,2,21,26.0,29.6,23.45,71.3,70.682,70.927,0.73,7.48,40.5,0.0,12.38665
2023-02-22,2023,2,22,26.4,30.4,23.21,72.57,68.143,6.965,0.7,6.59,42.7,0.0,12.324461
2023-02-23,2023,2,23,25.74,27.78,24.26,78.7,67.949,68.738,0.69,7.55,43.8,0.0,11.888841
2023-02-24,2023,2,24,26.37,29.76,24.02,72.93,68.347,69.761,0.7,8.74,43.0,0.0,12.3556795
2023-02-25,2023,2,25,26.42,29.94,24.02,73.5,67.735,69.662,0.69,8.78,41.6,0.0,12.038892
2023-02-27,2023,2,27,26.41,30.2,23.69,75.24,66.895,6.834,0.68,7.16,35.1,0.0,12.663233
2023-02-28,2023,2,28,26.82,31.33,24.04,75.57,64.457,67.058,0.65,6.87,36.7,0.0,12.953577
2023-03-01,2023,3,1,26.78,30.93,23.88,77.27,6.384,65.892,0.64,7.36,37.1,0.0,13.200616
2023-03-02,2023,3,2,26.97,30.82,24.26,75.75,67.927,6.828,0.68,7.69,37.1,0.0,12.924477
2023-03-03,2023,3,3,26.99,30.78,24.41,77.77,66.005,67.586,0.66,7.23,38.9,0.0,13.004509
2023-03-04,2023,3,4,27.34,31.55,24.5,75.96,62.858,65.789,0.63,6.13,37.6,0.0,12.45635
2023-03-06,2023,3,6,27.05,30.28,25.24,77.15,59.875,67.195,0.6,7.98,36.0,0.0,11.413682
2023-03-08,2023,3,8,26.31,29.35,24.51,77.89,5.039,65.441,0.5,7.37,26.3,0.76,11.3151655
2023-03-09,2023,3,9,26.46,28.67,25.1,77.65,49.322,68.947,0.49,7.03,21.5,2.18,10.167253
2023-03-10,2023,3,10,26.8,30.09,25.05,72.6,5.833,68.306,0.58,7.25,33.3,0.6,12.192641
2023-03-11,2023,3,11,27.48,31.39,24.82,74.68,55.606,65.573,0.55,4.59,38.4,1.04,11.366296
2023-03-12,2023,3,12,27.51,31.93,24.97,76.41,5.855,66.319,0.58,4.1,40.1,0.3,12.397408
2023-03-13,2023,3,13,27.34,31.08,24.83,78.68,4.968,66.221,0.49,4.55,39.1,0.35,10.174966
2023-03-15,2023,3,15,27.47,31.06,24.77,76.48,53.088,67.104,0.52,3.99,36.0,1.22,11.5063925
2023-03-16,2023,3,16,27.16,30.05,25.85,76.39,52.198,68.978,0.51,6.22,26.6,0.13,11.593101
2023-03-17,2023,3,17,27.73,31.41,25.72,75.18,57.751,67.526,0.56,6.74,40.0,0.03,11.948041
2023-03-18,2023,3,18,27.71,31.03,25.24,74.12,55.049,69.391,0.54,6.16,46.0,0.04,11.282659
2023-03-19,2023,3,19,28.17,32.02,25.66,71.4,65.597,70.766,0.64,6.24,46.7,0.01,12.572966
2023-03-20,2023,3,20,28.09,32.23,25.35,71.64,64.375,72.646,0.62,6.55,42.5,0.0,12.016823
2023-03-22,2023,3,22,27.66,30.66,25.38,67.74,70.469,72.379,0.68,10.06,44.1,0.14,13.363045
2023-03-24,2023,3,24,27.95,31.58,25.75,70.97,70.145,73.438,0.68,7.78,40.0,0.01,13.277694
2023-03-25,2023,3,25,27.56,31.52,24.83,74.33,71.909,74.268,0.69,6.8,39.7,0.0,12.660154
2023-03-26,2023,3,26,28.07,32.22,25.0,72.14,71.952,73.342,0.69,6.83,41.3,0.1,12.797336
2023-03-27,2023,3,27,27.44,30.48,25.6,73.74,6.485,69.202,0.62,7.54,42.5,0.0,12.609655
2023-03-28,2023,3,28,27.57,30.81,25.87,72.1,69.418,71.206,0.67,7.35,42.0,0.0,13.210477
2023-03-29,2023,3,29,27.49,30.99,24.7,73.84,68.052,72.494,0.65,7.88,37.0,0.0,12.256537
2023-03-31,2023,3,31,28.02,31.48,25.75,69.34,64.913,70.858,0.62,9.0,39.8,0.0,12.879282
2023-04-01,2023,4,1,27.87,31.18,25.52,71.29,6.39,70.128,0.61,8.5,41.7,0.0,12.873641
2023-04-02,2023,4,2,27.91,31.6,25.38,72.56,69.722,72.072,0.67,8.56,40.1,0.0,13.833637
2023-04-03,2023,4,3,28.14,32.05,25.9,72.17,71.035,7.308,0.68,8.86,39.8,0.0,13.645716
2023-04-04,2023,4,4,28.19,31.85,26.12,72.44,69.432,72.782,0.66,8.01,38.5,0.0,13.82686
2023-04-05,2023,4,5,27.77,30.84,25.96,73.32,63.725,70.382,0.61,8.43,40.6,0.0,12.507429
2023-04-07,2023,4,7,27.33,30.71,25.64,75.86,5.239,70.102,0.5,6.64,32.3,0.44,11.16009
2023-04-08,2023,4,8,27.18,30.27,25.54,78.51,64.572,70.428,0.61,5.95,37.1,0.17,13.548865
2023-04-09,2023,4,9,28.0,32.3,24.98,76.4,67.584,72.084,0.64,6.24,34.9,0.09,13.070173
2023-04-10,2023,4,10,27.91,31.49,25.75,79.74,63.941,6.971,0.61,6.55,31.3,0.61,12.528147
2023-04-11,2023,4,11,27.38,29.93,25.63,83.29,39.962,65.268,0.38,6.46,38.3,4.7,8.280972
2023-04-12,2023,4,12,27.19,29.35,25.65,83.47,53.222,65.916,0.51,6.12,37.8,2.25,10.834257
2023-04-14,2023,4,14,27.96,31.58,25.7,73.85,70.726,73.231,0.67,7.71,36.8,0.01,13.006104
2023-04-16,2023,4,16,27.79,31.84,25.64,78.29,40.622,67.466,0.39,6.15,33.8,1.29,10.349458
2023-04-17,2023,4,17,27.58,30.85,25.57,77.51,47.225,66.898,0.45,6.04,35.9,1.54,10.775253
2023-04-18,2023,4,18,27.31,29.8,25.94,77.27,51.996,68.906,0.49,6.52,32.2,0.2,11.58248
2023-04-19,2023,4,19,27.96,31.82,25.56,73.11,6.211,72.245,0.59,7.33,35.6,0.08,12.225393
2023-04-20,2023,4,20,28.36,31.99,26.09,73.02,64.951,70.634,0.62,7.14,33.4,0.16,13.143797
2023-04-21,2023,4,21,27.52,30.64,25.72,80.38,45.744,67.358,0.43,6.59,21.8,12.66,10.260116
2023-04-23,2023,4,23,27.45,30.66,25.37,75.75,60.074,72.322,0.57,4.35,14.9,0.21,12.129567
2023-04-24,2023,4,24,27.68,30.59,25.61,73.33,58.596,7.291,0.56,4.3,14.3,1.4,12.001527
2023-04-25,2023,4,25,28.0,30.92,25.52,74.66,70.202,7.331,0.67,4.97,26.1,1.42,13.582267
2023-04-26,2023,4,26,28.65,32.35,26.17,74.29,65.477,73.202,0.62,5.4,27.9,0.2,12.715006
2023-04-27,2023,4,27,28.87,32.6,26.47,74.91,61.726,72.326,0.59,5.38,36.6,0.14,12.414361
2023-04-28,2023,4,28,28.43,31.08,26.76,79.95,46.219,69.816,0.44,5.17,42.5,0.51,11.43791
2023-04-30,2023,4,30,27.55,29.04,26.82,89.53,20.177,68.719,0.19,3.82,46.9,19.22,6.452349
2023-05-01,2023,5,1,27.72,29.47,26.91,89.98,57.706,71.465,0.55,4.18,35.7,74.06,12.567849
2023-05-02,2023,5,2,28.57,31.34,26.98,84.41,67.706,73.714,0.64,5.94,38.5,11.61,13.970852
2023-05-03,2023,5,3,29.12,32.99,26.87,80.24,71.798,74.465,0.68,5.3,40.6,3.67,13.548745
2023-05-04,2023,5,4,29.09,32.74,26.7,79.74,55.886,72.696,0.53,6.17,39.8,1.89,12.244895
2023-05-05,2023,5,5,28.72,31.99,26.93,79.37,63.862,72.046,0.61,8.08,37.3,1.05,13.103583
2023-05-07,2023,5,7,28.63,32.78,26.36,77.63,59.626,70.109,0.57,7.15,36.3,0.03,12.043416
2023-05-09,2023,5,9,27.98,29.88,27.06,87.25,59.138,68.568,0.57,4.4,44.8,1.26,12.7589445
2023-05-10,2023,5,10,27.9,30.09,26.64,86.82,42.701,69.874,0.41,4.16,54.6,3.26,9.317524
2023-05-11,2023,5,11,28.54,31.75,26.72,83.73,56.546,6.888,0.54,4.81,40.6,0.76,10.7968235
2023-05-12,2023,5,12,28.71,32.33,26.45,79.12,67.061,72.751,0.64,6.12,37.7,0.6,12.657835
2023-05-13,2023,5,13,28.89,32.43,26.79,80.73,63.305,70.778,0.61,6.07,34.8,0.34,12.796421
2023-05-14,2023,5,14,28.12,30.08,27.42,84.97,55.831,68.441,0.53,3.34,68.4,1.11,10.826596
2023-05-16,2023,5,16,27.82,30.09,26.46,84.14,30.228,68.345,0.29,2.42,17.6,2.96,4.759203
2023-05-17,2023,5,17,29.03,33.06,26.19,80.76,57.473,70.769,0.55,4.15,33.5,1.68,13.127804
2023-05-18,2023,5,18,29.24,32.39,27.56,81.85,62.638,71.251,0.6,4.98,37.8,1.34,12.873764
2023-05-19,2023,5,19,29.04,32.08,27.47,80.48,56.741,70.392,0.54,7.06,37.4,0.6,11.951041
2023-05-20,2023,5,20,28.74,31.83,27.1,82.4,43.776,68.983,0.42,6.38,33.1,2.98,8.58857
2023-05-21,2023,5,21,28.44,31.38,26.86,83.35,38.042,6.671,0.37,6.33,24.9,14.56,9.334346
2023-05-23,2023,5,23,28.6,31.81,26.69,81.41,60.113,71.213,0.58,4.22,23.5,7.39,11.956312
2023-05-24,2023,5,24,28.45,31.2,26.86,80.93,55.954,71.191,0.54,4.36,17.3,11.67,11.549739
2023-05-25,2023,5,25,28.15,30.68,26.88,84.58,30.269,69.062,0.29,3.1,27.9,12.92,9.793413
2023-05-26,2023,5,26,28.63,31.39,26.99,81.35,53.321,7.008,0.51,1.49,351.2,5.96,11.151503
2023-05-27,2023,5,27,27.82,29.57,26.77,86.28,58.306,70.373,0.56,2.77,31.6,5.96,12.106274
2023-05-28,2023,5,28,28.71,31.62,26.97,84.46,53.045,7.086,0.51,3.65,35.5,4.87,10.698675
2023-05-30,2023,5,30,28.71,30.79,27.21,84.46,5.07,69.574,0.49,3.45,45.4,2.65,10.194143
2023-06-01,2023,6,1,28.46,29.75,27.24,85.08,35.729,69.562,0.35,3.49,81.3,3.79,9.108205
2023-06-02,2023,6,2,28.41,30.05,27.25,86.2,53.882,6.852,0.52,2.31,259.5,6.03,11.530267
2023-06-03,2023,6,3,29.09,32.23,27.27,79.8,60.005,7.087,0.58,1.65,346.4,0.95,10.560834
2023-06-04,2023,6,4,29.69,32.91,27.51,77.76,27.938,71.345,0.27,2.21,14.3,4.16,3.5082808
2023-06-06,2023,6,6,28.56,30.09,27.55,83.75,53.472,68.278,0.52,2.84,52.2,8.58,10.281192
2023-06-08,2023,6,8,29.27,32.12,26.5,84.36,2.46,69.984,0.24,2.03,350.9,20.52,4.8006577
2023-06-09,2023,6,9,28.5,31.27,26.57,83.14,56.338,7.026,0.55,2.43,269.8,16.27,11.547294
2023-06-10,2023,6,10,28.53,30.07,27.48,85.86,4.699,68.957,0.46,2.48,4.3,19.46,7.656126
2023-06-11,2023,6,11,29.06,30.66,28.22,84.91,6.546,70.889,0.64,3.82,51.3,11.69,12.368166
2023-06-12,2023,6,12,29.0,30.6,27.9,86.03,58.673,70.963,0.57,5.04,54.0,7.07,11.419715
2023-06-13,2023,6,13,29.48,31.87,27.86,83.75,62.179,7.015,0.6,5.74,50.6,7.17,12.2033205
2023-06-15,2023,6,15,29.32,32.44,26.7,82.77,47.412,69.019,0.46,4.21,67.9,1.49,10.419001
2023-06-16,2023,6,16,29.12,31.25,27.48,84.95,5.208,69.034,0.51,3.76,56.2,2.78,10.577755
2023-06-17,2023,6,17,28.83,30.98,27.68,84.5,45.115,68.693,0.44,4.08,55.4,4.25,11.172907
2023-06-18,2023,6,18,29.2,32.1,27.25,83.16,56.902,69.775,0.55,5.19,48.9,1.57,12.045118
2023-06-19,2023,6,19,29.32,31.77,27.91,83.85,63.962,71.138,0.62,5.6,46.7,0.75,12.167603
2023-06-20,2023,6,20,29.43,32.45,27.77,82.28,66.833,71.554,0.65,5.44,48.7,0.53,12.785184
2023-06-22,2023,6,22,29.23,31.44,27.89,85.69,5.796,69.648,0.56,3.74,49.0,0.92,11.619066
2023-06-23,2023,6,23,28.71,30.76,27.66,86.3,46.692,69.058,0.45,5.4,47.9,1.48,10.5922
2023-06-24,2023,6,24,28.78,31.98,27.36,82.68,5.73,71.174,0.56,4.88,36.0,0.28,11.847961
2023-06-25,2023,6,25,28.07,30.18,27.14,86.95,5.004,6.977,0.49,3.29,56.6,1.83,9.269988
2023-06-26,2023,6,26,27.47,28.58,26.7,87.71,31.483,68.834,0.31,2.71,27.1,1.62,2.9709225
2023-06-27,2023,6,27,28.7,31.36,27.03,84.3,59.518,69.859,0.58,4.54,42.4,0.72,11.268428
2023-06-29,2023,6,29,28.87,30.13,27.84,87.72,6.599,69.646,0.64,4.69,47.7,2.13,11.968263
2023-07-01,2023,7,1,29.1,31.69,26.94,86.13,55.236,69.761,0.54,4.05,42.2,33.44,9.232237
2023-07-02,2023,7,2,28.48,31.04,26.5,85.58,43.284,6.953,0.42,2.07,41.0,49.83,7.17381
2023-07-04,2023,7,4,29.26,31.84,27.25,82.57,58.354,7.02,0.57,4.66,49.9,5.19,10.846926
2023-07-06,2023,7,6,28.38,29.78,27.37,85.4,36.204,6.894,0.35,4.43,50.2,1.72,7.061469
2023-07-08,2023,7,8,28.62,30.52,27.22,83.31,56.628,69.053,0.55,4.28,53.8,0.81,11.640026
2023-07-09,2023,7,9,28.53,29.89,27.62,84.79,63.994,70.565,0.62,4.5,51.3,1.46,12.404219
2023-07-10,2023,7,10,29.1,31.6,27.65,84.08,62.942,70.248,0.61,5.65,52.4,1.55,11.8198595
2023-07-11,2023,7,11,28.47,29.85,27.25,87.28,58.003,69.638,0.56,5.11,49.2,2.49,10.719655
2023-07-12,2023,7,12,28.75,30.62,27.26,85.65,58.277,71.086,0.57,4.92,38.8,10.85,11.811281
2023-07-13,2023,7,13,28.82,31.02,27.56,85.54,66.727,71.429,0.65,5.41,48.9,0.95,11.651333
2023-07-15,2023,7,15,28.34,29.87,27.17,86.84,55.346,70.687,0.54,5.97,53.9,1.05,10.097557
2023-07-16,2023,7,16,28.05,29.55,27.15,88.27,44.342,70.663,0.43,6.31,49.2,8.31,8.977413
2023-07-17,2023,7,17,28.4,30.44,27.12,87.69,6.241,6.991,0.61,5.51,50.2,7.72,12.469604
2023-07-18,2023,7,18,28.06,29.97,27.0,87.59,54.322,6.901,0.53,4.55,46.6,0.87,10.8601675
2023-07-20,2023,7,20,29.01,32.36,27.14,83.94,7.067,72.046,0.69,5.1,48.5,0.02,12.334914
2023-07-22,2023,7,22,28.39,30.77,26.7,85.61,57.838,68.885,0.56,4.61,51.1,0.07,10.329561
2023-07-23,2023,7,23,28.33,30.34,26.97,87.89,48.211,67.212,0.47,4.95,44.6,0.07,10.027472
2023-07-24,2023,7,24,28.29,30.15,27.2,86.99,62.923,69.406,0.61,6.24,45.6,0.21,11.990871
2023-07-25,2023,7,25,28.29,31.02,26.7,85.13,5.153,69.619,0.5,6.54,42.4,4.28,10.259588
2023-07-26,2023,7,26,27.79,29.21,26.87,88.9,43.498,69.281,0.42,4.06,34.9,2.39,6.6773615
2023-07-27,2023,7,27,28.53,32.02,26.53,84.42,62.378,71.402,0.6,3.32,49.1,2.56,11.483118
2023-07-29,2023,7,29,28.66,31.26,27.32,87.15,65.633,71.155,0.63,5.12,47.8,2.05,11.934558
2023-07-31,2023,7,31,28.52,32.15,27.16,83.53,54.041,69.775,0.52,3.27,55.1,3.62,11.184364
2023-08-01,2023,8,1,28.95,32.6,26.84,82.82,65.575,71.201,0.63,3.32,28.4,5.58,11.794782
2023-08-02,2023,8,2,29.23,32.3,27.74,84.17,66.377,71.273,0.64,3.03,33.5,6.58,10.02872
2023-08-03,2023,8,3,29.35,32.5,27.78,83.51,64.879,71.479,0.63,5.51,38.0,2.13,11.4608135
2023-08-05,2023,8,5,29.49,32.89,27.75,82.16,66.295,72.408,0.64,5.85,40.2,0.27,12.119878
2023-08-08,2023,8,8,28.58,30.77,27.69,87.27,66.578,7.141,0.64,3.64,43.1,2.22,12.042372
2023-08-09,2023,8,9,29.33,32.4,27.62,85.01,58.075,71.059,0.56,3.79,38.9,13.69,9.647723
2023-08-10,2023,8,10,29.01,31.93,27.36,86.6,4.579,69.962,0.44,3.87,37.7,12.25,8.278087
2023-08-11,2023,8,11,29.27,32.67,27.07,84.3,64.747,71.868,0.62,3.99,63.8,10.76,9.136848
2023-08-12,2023,8,12,29.27,31.49,28.18,85.2,65.251,72.139,0.63,4.78,48.1,11.16,12.060195
2023-08-14,2023,8,14,28.64,30.6,27.73,86.7,5.922,70.954,0.57,4.05,44.3,8.73,10.76387
2023-08-15,2023,8,15,28.53,30.69,27.29,85.67,53.189,7.026,0.51,5.1,47.1,4.18,11.071624
2023-08-16,2023,8,16,28.16,29.55,27.19,86.99,58.207,70.176,0.56,5.19,49.5,8.26,12.237552
2023-08-17,2023,8,17,28.31,30.31,27.4,85.43,55.992,70.963,0.54,3.69,54.5,3.66,11.1803465
2023-08-18,2023,8,18,28.68,31.04,27.1,82.98,59.633,71.496,0.57,4.17,39.4,2.37,12.317325
2023-08-19,2023,8,19,29.2,32.1,27.61,84.3,5.341,70.498,0.51,5.09,36.7,5.67,9.432752
2023-08-21,2023,8,21,28.55,30.64,27.19,86.33,38.846,7.087,0.37,2.56,338.1,7.87,7.635765
2023-08-22,2023,8,22,27.71,28.91,26.9,87.42,39.288,69.614,0.38,3.75,225.7,19.14,9.59462
2023-08-23,2023,8,23,28.51,31.88,26.42,80.54,57.408,7.019,0.55,3.29,215.8,28.37,12.696363
2023-08-24,2023,8,24,27.23,30.05,26.15,83.42,55.414,70.296,0.53,2.07,15.5,4.61,10.141681
2023-08-25,2023,8,25,28.34,30.72,26.47,82.99,60.048,71.436,0.58,3.54,26.0,5.99,11.859259
2023-08-26,2023,8,26,28.88,31.3,27.53,83.14,60.749,71.486,0.59,3.24,41.3,10.08,10.823889
2023-08-28,2023,8,28,29.77,32.77,27.1,84.16,63.173,72.017,0.61,2.35,32.9,8.42,11.946133
2023-08-29,2023,8,29,29.37,32.91,26.49,81.12,65.203,72.046,0.63,2.61,23.0,0.85,13.030487
2023-08-30,2023,8,30,30.22,33.38,28.41,82.76,64.346,71.261,0.62,4.93,46.3,0.81,13.174194
2023-08-31,2023,8,31,30.05,33.05,28.19,81.68,65.316,71.071,0.63,4.64,52.3,1.43,13.110126
2023-09-01,2023,9,1,29.85,32.16,28.46,83.02,64.498,71.645,0.62,5.76,46.3,1.12,12.519833
2023-09-02,2023,9,2,29.3,31.23,28.32,85.48,42.094,7.116,0.41,5.36,41.8,1.43,9.405138
2023-09-04,2023,9,4,28.76,30.47,27.55,83.85,55.375,70.082,0.54,1.77,59.9,2.1,11.583863
2023-09-05,2023,9,5,29.64,31.94,28.06,83.58,62.621,70.963,0.61,3.85,43.5,1.46,12.603183
2023-09-06,2023,9,6,29.58,32.22,28.18,83.82,67.174,72.341,0.65,5.1,42.2,1.4,13.130121
2023-09-07,2023,9,7,29.4,31.17,28.29,85.66,53.028,71.088,0.51,4.34,48.2,2.21,10.209184
2023-09-08,2023,9,8,28.96,30.4,28.09,85.95,62.287,69.804,0.6,5.18,47.5,4.93,13.01542
2023-09-09,2023,9,9,28.96,31.6,27.63,83.4,5.401,69.221,0.52,5.7,46.5,4.14,10.754845
2023-09-11,2023,9,11,29.51,32.72,27.62,82.05,61.445,70.003,0.6,3.9,36.3,4.18,12.105773
2023-09-13,2023,9,13,28.85,30.97,27.6,83.32,51.862,7.087,0.5,4.6,33.0,4.66,12.38351
2023-09-14,2023,9,14,29.33,31.1,28.26,85.46,58.771,70.574,0.57,4.07,35.6,7.09,11.722125
2023-09-15,2023,9,15,29.27,30.76,28.25,85.13,4.974,69.984,0.49,3.32,47.7,6.79,8.79203
2023-09-16,2023,9,16,29.53,32.36,27.9,83.07,58.195,67.193,0.57,3.63,42.6,5.28,11.47718
2023-09-18,2023,9,18,29.38,31.41,28.1,83.9,46.027,67.985,0.45,4.22,47.8,3.32,9.878039
2023-09-20,2023,9,20,29.72,32.24,28.55,82.71,62.016,6.905,0.61,4.35,46.5,1.63,12.477249
2023-09-21,2023,9,21,29.41,31.91,28.02,82.25,64.656,70.322,0.64,4.51,41.5,1.16,11.639431
2023-09-22,2023,9,22,29.71,32.32,28.22,83.14,64.574,70.454,0.64,5.05,39.5,0.95,11.649191
2023-09-23,2023,9,23,29.49,31.59,28.55,84.86,47.398,68.791,0.47,4.17,48.3,1.52,10.43404
2023-09-25,2023,9,25,29.98,33.2,27.83,82.32,5.61,69.454,0.55,2.71,44.2,3.47,11.73398
2023-09-27,2023,9,27,30.22,33.93,28.35,79.47,58.834,70.826,0.58,4.85,34.6,1.69,12.370648
2023-09-28,2023,9,28,29.87,32.99,28.08,78.86,63.946,71.179,0.63,4.87,37.5,1.47,11.871312
2023-09-29,2023,9,29,29.83,32.09,28.31,80.99,60.046,68.813,0.6,4.07,48.8,1.71,12.07045
2023-09-30,2023,9,30,29.54,31.02,28.69,85.78,57.859,68.076,0.58,4.98,39.4,3.78,10.9906435
2023-10-01,2023,10,1,29.89,31.79,28.64,84.48,46.603,67.565,0.47,3.85,42.7,4.06,10.231637
2023-10-02,2023,10,2,29.46,31.72,28.17,82.53,48.482,67.682,0.48,4.08,25.2,3.09,9.878199
2023-10-04,2023,10,4,28.87,30.92,27.12,78.94,29.926,6.768,0.3,1.92,310.6,67.02,9.905622
2023-10-05,2023,10,5,29.09,31.21,28.0,79.81,43.723,67.934,0.44,1.58,317.4,69.92,10.405818
2023-10-06,2023,10,6,29.1,31.05,27.63,80.75,50.129,67.356,0.51,2.11,10.7,76.73,9.579126
2023-10-07,2023,10,7,28.5,29.84,27.13,87.17,55.066,6.744,0.56,3.41,31.2,35.99,11.885361
2023-10-08,2023,10,8,28.88,30.65,28.03,86.77,35.693,67.438,0.36,2.53,21.7,15.46,4.746664
2023-10-11,2023,10,11,29.83,32.71,28.3,83.0,5.735,6.665,0.58,4.87,45.9,12.34,11.789029
2023-10-12,2023,10,12,29.98,32.01,28.49,82.27,51.996,6.738,0.53,2.36,48.6,17.93,10.140519
2023-10-13,2023,10,13,30.05,33.08,28.4,82.46,61.224,67.332,0.63,3.06,37.9,4.67,11.889257
2023-10-15,2023,10,15,29.44,32.48,27.36,79.56,52.354,67.733,0.54,1.69,290.1,49.28,11.876064
2023-10-16,2023,10,16,29.19,30.89,27.91,80.02,40.637,65.551,0.42,1.3,288.6,10.16,9.318673
2023-10-18,2023,10,18,29.63,31.63,28.28,82.86,59.242,66.396,0.61,4.51,50.8,0.62,11.74177
2023-10-19,2023,10,19,29.59,31.75,28.43,84.01,61.104,66.523,0.63,4.56,44.5,0.7,11.957421
2023-10-20,2023,10,20,29.13,30.7,27.75,84.12,52.416,65.167,0.55,3.13,338.3,0.91,12.306725
2023-10-21,2023,10,21,28.24,30.48,26.77,83.58,47.995,62.918,0.5,2.05,239.4,1.82,9.600285
2023-10-22,2023,10,22,28.66,31.55,26.88,79.1,51.178,61.975,0.54,2.18,6.0,1.29,11.696271
2023-10-23,2023,10,23,29.28,32.42,27.19,80.21,52.932,63.451,0.56,3.67,38.1,7.2,10.617388
2023-10-25,2023,10,25,28.91,30.98,27.68,84.13,37.565,6.467,0.4,2.54,20.9,22.81,8.154442
2023-10-26,2023,10,26,27.91,29.1,26.89,85.21,36.876,63.905,0.39,2.01,328.8,23.58,7.7798524
2023-10-27,2023,10,27,27.38,28.81,26.44,82.82,34.445,63.883,0.36,2.81,338.0,18.08,8.766856
2023-10-28,2023,10,28,27.24,29.42,25.86,81.49,39.024,6.432,0.41,3.2,238.5,18.28,7.788167
2023-10-29,2023,10,29,27.67,29.75,26.04,85.12,48.262,63.331,0.51,3.73,212.4,16.86,10.229864
2023-10-30,2023,10,30,27.89,30.13,26.78,85.02,51.005,63.365,0.54,2.56,225.6,13.56,9.983936
2023-11-01,2023,11,1,27.73,28.91,27.06,85.77,34.133,61.248,0.37,2.62,11.3,8.71,7.0697513
2023-11-02,2023,11,2,28.21,30.39,26.84,79.25,42.235,63.372,0.45,1.28,325.7,60.34,7.0090117
2023-11-03,2023,11,3,27.23,29.16,25.95,82.88,53.249,6.33,0.57,1.83,214.7,7.11,10.872677
2023-11-04,2023,11,4,28.76,30.85,26.86,79.39,5.639,63.562,0.61,2.45,349.6,1.65,10.521842
2023-11-06,2023,11,6,28.7,30.57,27.78,84.52,4.254,61.608,0.46,2.74,33.1,5.96,8.744077
2023-11-08,2023,11,8,28.94,31.1,27.59,86.24,56.926,61.874,0.62,4.25,35.7,3.65,10.719847
2023-11-10,2023,11,10,29.62,31.63,28.58,85.54,45.031,60.271,0.5,5.03,56.0,8.27,10.359752
2023-11-11,2023,11,11,29.09,30.67,27.89,86.48,4.668,58.934,0.52,5.03,53.5,3.8,9.678844
2023-11-13,2023,11,13,29.2,31.12,27.88,86.18,47.244,59.959,0.52,3.92,56.2,2.02,9.97642
2023-11-15,2023,11,15,29.01,30.59,27.94,86.38,30.571,59.592,0.34,3.51,56.6,1.48,6.331352
2023-11-17,2023,11,17,28.92,31.21,27.54,80.56,47.335,59.179,0.53,2.2,275.0,3.29,9.596962
2023-11-18,2023,11,18,27.92,29.69,26.83,87.52,37.298,59.741,0.42,4.4,198.6,12.29,6.3155456
2023-11-20,2023,11,20,28.1,30.57,26.38,82.87,48.869,60.012,0.55,2.63,266.3,2.08,9.105802
2023-11-22,2023,11,22,28.42,30.36,26.6,79.2,4.453,59.494,0.51,1.8,318.9,6.49,9.095946
2023-11-24,2023,11,24,29.4,31.62,27.9,83.16,55.303,59.834,0.63,6.32,42.5,0.44,10.355012
2023-11-25,2023,11,25,28.73,30.01,27.65,85.91,46.212,57.967,0.53,4.46,55.9,1.84,8.815013
2023-11-27,2023,11,27,29.15,31.54,27.77,82.6,58.615,59.366,0.67,7.5,47.6,0.01,10.064767
2023-11-29,2023,11,29,28.93,31.71,27.53,84.36,53.225,59.244,0.61,6.34,43.1,0.03,10.1811
2023-12-01,2023,12,1,28.16,30.92,26.25,80.28,60.859,61.349,0.7,6.81,50.4,0.0,10.7907715
2023-12-02,2023,12,2,28.21,31.38,25.87,81.73,59.717,60.329,0.69,6.62,51.8,0.0,10.511529
2023-12-04,2023,12,4,28.13,30.95,26.49,83.17,5.977,60.067,0.69,6.5,45.0,0.0,10.433695
2023-12-06,2023,12,6,27.7,30.34,26.26,85.24,57.734,59.561,0.67,6.66,40.4,0.0,10.131991
2023-12-08,2023,12,8,27.94,30.4,26.45,84.26,56.587,57.641,0.66,7.23,46.9,0.0,10.128939
2023-12-09,2023,12,9,27.88,30.22,26.31,86.4,57.146,57.516,0.67,6.72,41.6,0.0,10.131816
2023-12-11,2023,12,11,27.73,29.86,26.5,86.97,53.491,56.623,0.63,6.42,45.8,0.03,9.608003
2023-12-13,2023,12,13,27.37,29.57,26.25,84.97,53.381,56.758,0.63,8.07,44.7,0.0,9.518862
2023-12-15,2023,12,15,27.42,30.11,26.25,86.16,49.332,55.087,0.58,6.38,38.6,0.0,9.381396
2023-12-16,2023,12,16,27.81,30.61,26.19,86.05,4.793,55.301,0.56,3.83,44.1,0.06,9.2175865
2023-12-18,2023,12,18,27.82,31.09,26.12,86.33,48.535,56.738,0.57,2.37,4.8,0.07,9.302533
2023-12-20,2023,12,20,27.83,30.36,26.26,84.54,45.602,5.658,0.54,5.16,29.9,0.15,8.721366
2023-12-21,2023,12,21,28.22,31.12,26.77,81.76,51.192,56.779,0.6,6.58,44.9,0.06,9.620253
2023-12-22,2023,12,22,28.42,31.54,26.52,80.72,50.098,56.386,0.59,6.64,42.5,0.01,9.977556
2023-12-23,2023,12,23,28.25,30.91,26.74,84.33,5.046,55.325,0.59,6.54,38.8,0.0,9.770446
2023-12-25,2023,12,25,28.31,30.63,27.2,84.99,50.515,5.443,0.59,7.19,39.0,0.01,9.720074
2023-12-27,2023,12,27,27.79,29.58,26.79,85.08,45.216,54.422,0.53,6.32,38.2,0.78,9.331783
2023-12-28,2023,12,28,27.96,30.71,26.71,83.27,48.547,5.617,0.57,4.95,35.2,0.48,9.559139
2023-12-29,2023,12,29,27.83,30.37,26.42,82.51,39.922,55.486,0.47,5.52,31.5,0.51,8.124052
2023-12-30,2023,12,30,27.71,29.32,26.67,83.09,50.455,56.796,0.59,5.89,37.9,0.31,9.847148
2024-01-01,2024,1,1,28.11,30.69,26.55,77.87,54.677,58.807,0.64,7.58,41.2,0.0,9.804028
2024-01-03,2024,1,3,28.32,31.41,26.36,78.89,54.394,58.577,0.63,6.11,35.9,0.0,9.818128
2024-01-04,2024,1,4,28.61,32.09,26.48,79.95,54.907,57.646,0.64,5.72,37.7,0.0,9.707801
2024-01-05,2024,1,5,28.51,31.34,26.88,78.72,54.079,56.369,0.63,7.41,42.0,0.0,10.260688
2024-01-06,2024,1,6,28.36,31.7,26.3,77.44,56.825,59.023,0.66,6.51,46.6,0.0,10.053047
2024-01-08,2024,1,8,28.6,31.34,26.47,76.79,58.399,59.443,0.67,8.0,47.2,0.0,10.319117
2024-01-10,2024,1,10,28.61,32.8,26.42,78.71,5.837,59.011,0.67,4.32,39.1,0.0,10.526584
2024-01-11,2024,1,11,28.33,31.91,26.1,79.77,57.077,58.841,0.66,6.61,39.3,0.0,9.941335
2024-01-12,2024,1,12,28.04,31.63,25.79,78.66,54.034,58.838,0.62,5.75,42.5,0.0,10.185918
2024-01-13,2024,1,13,28.24,31.74,25.98,78.59,55.877,59.333,0.64,5.96,37.5,0.0,10.013575
2024-01-15,2024,1,15,28.53,32.21,25.99,78.65,59.722,6.043,0.68,6.97,46.7,0.0,10.818564
2024-01-17,2024,1,17,28.58,31.56,26.51,80.33,59.016,59.767,0.67,7.27,40.6,0.0,10.863886
2024-01-18,2024,1,18,28.28,31.65,26.17,76.28,60.437,60.653,0.68,6.97,42.0,0.0,10.70118
2024-01-19,2024,1,19,28.31,32.47,25.88,78.81,59.959,60.622,0.68,5.68,40.7,0.0,10.886598
2024-01-20,2024,1,20,28.18,32.05,25.62,78.77,6.054,60.934,0.68,7.11,36.8,0.0,11.017565
2024-01-22,2024,1,22,28.06,31.46,25.38,73.99,61.075,61.327,0.68,8.52,46.3,0.0,11.031953
2024-01-24,2024,1,24,27.92,32.01,25.56,77.62,62.635,62.808,0.7,7.7,46.4,0.0,11.714311
2024-01-25,2024,1,25,27.48,31.34,24.78,77.47,62.681,63.125,0.7,7.9,44.2,0.0,11.513394
2024-01-26,2024,1,26,27.49,31.37,24.95,76.5,62.441,62.825,0.69,7.55,45.1,0.0,11.980782
2024-01-27,2024,1,27,27.2,30.85,24.88,79.59,62.441,62.904,0.69,5.95,41.2,0.0,11.197804
2024-01-29,2024,1,29,27.12,30.49,25.28,79.7,60.602,62.412,0.67,6.85,31.6,0.0,11.575432
2024-01-31,2024,1,31,27.15,29.83,25.62,80.68,54.442,58.037,0.59,7.91,29.6,0.36,10.690304
2024-02-01,2024,2,1,27.15,29.54,25.8,80.83,49.123,56.801,0.53,7.52,27.2,0.16,10.323251
2024-02-02,2024,2,2,27.08,29.08,25.98,82.67,38.398,53.203,0.42,6.28,20.8,1.58,9.625277
2024-02-03,2024,2,3,27.57,30.22,25.87,82.54,50.638,56.695,0.55,4.45,14.6,1.47,10.705403
2024-02-05,2024,2,5,28.55,32.21,26.11,77.19,48.322,60.914,0.52,2.36,259.0,0.62,10.752951
2024-02-07,2024,2,7,26.8,28.98,25.44,77.1,22.632,62.472,0.24,5.15,360.0,1.98,5.5463557
2024-02-08,2024,2,8,27.03,29.38,25.46,72.92,51.982,64.342,0.55,6.23,19.4,0.12,9.088147
2024-02-09,2024,2,9,28.16,31.4,25.86,69.28,63.605,6.487,0.68,8.35,39.8,0.0,12.208189
2024-02-10,2024,2,10,28.57,31.5,26.29,74.83,64.344,64.949,0.68,7.51,44.4,0.0,12.296338
2024-02-12,2024,2,12,28.76,32.77,26.14,75.07,65.107,65.983,0.69,6.12,41.3,0.0,12.562238
2024-02-14,2024,2,14,28.51,31.71,26.29,76.84,63.888,65.515,0.67,7.99,40.5,0.0,13.072913
2024-02-15,2024,2,15,28.82,32.62,26.52,78.23,62.748,63.948,0.66,8.55,41.3,0.0,12.962159
2024-02-16,2024,2,16,29.17,33.63,26.77,74.34,61.973,63.166,0.65,7.77,38.9,0.0,13.623944
2024-02-17,2024,2,17,29.28,33.49,26.79,74.56,62.604,64.104,0.65,6.75,37.5,0.0,12.983995
2024-02-19,2024,2,19,28.45,31.33,26.67,78.57,54.682,64.666,0.56,7.57,28.9,0.03,12.298973
2024-02-21,2024,2,21,28.08,30.07,26.8,73.93,49.217,64.639,0.51,8.18,24.0,0.0,12.072793
2024-02-22,2024,2,22,27.7,30.22,26.23,72.98,5.899,68.482,0.6,5.9,16.4,0.03,12.273263
2024-02-23,2024,2,23,27.99,31.09,26.18,73.02,59.743,6.84,0.61,6.47,29.6,0.02,11.886049
2024-02-24,2024,2,24,28.87,32.61,26.61,70.0,61.174,68.482,0.62,6.39,31.9,0.0,12.395847
2024-02-26,2024,2,26,28.76,31.81,27.3,70.63,57.907,67.452,0.59,7.95,35.9,0.0,12.2643175
2024-02-28,2024,2,28,28.81,32.29,26.42,68.15,69.569,70.685,0.7,8.78,42.6,0.0,13.634183
2024-02-29,2024,2,29,28.73,32.26,26.28,67.92,66.874,70.615,0.67,9.01,44.2,0.0,13.383665
2024-03-01,2024,3,1,28.75,32.21,25.66,68.73,65.686,69.662,0.66,8.49,44.8,0.0,13.447419
2024-03-02,2024,3,2,28.55,31.83,26.28,70.09,64.814,69.168,0.65,6.99,39.2,0.03,12.406858
2024-03-04,2024,3,4,28.62,32.95,26.05,71.94,66.427,69.406,0.66,6.71,39.7,0.03,12.820631
2024-03-05,2024,3,5,28.62,32.48,26.14,72.66,66.139,6.863,0.66,6.87,35.6,0.01,12.409069
2024-03-06,2024,3,6,28.91,33.49,25.97,72.78,65.426,66.919,0.65,6.21,34.2,0.02,13.789873
2024-03-07,2024,3,7,28.9,33.39,26.17,76.43,6.078,63.689,0.6,6.13,31.5,0.0,12.949122
2024-03-08,2024,3,8,29.1,32.94,26.8,78.13,57.406,61.358,0.57,6.73,34.6,0.0,12.96939
2024-03-09,2024,3,9,29.24,33.21,26.9,77.66,57.518,63.605,0.57,6.94,35.0,0.0,12.290354
2024-03-11,2024,3,11,29.03,31.7,27.45,76.34,59.299,63.761,0.58,9.65,37.9,0.0,13.471676
2024-03-12,2024,3,12,29.34,32.87,27.31,71.77,64.058,66.226,0.63,9.6,39.5,0.0,13.944673
2024-03-13,2024,3,13,29.61,33.14,27.47,72.14,60.226,63.989,0.59,8.36,40.6,0.0,13.44467
2024-03-14,2024,3,14,28.87,31.44,27.34,75.28,59.376,63.425,0.58,7.5,40.2,0.0,13.071658
2024-03-15,2024,3,15,29.35,33.57,27.03,71.39,65.186,6.618,0.64,7.65,36.8,0.0,13.850419
2024-03-16,2024,3,16,28.92,32.65,26.41,73.04,62.878,6.619,0.61,7.21,37.4,0.0,12.78754
2024-03-18,2024,3,18,29.62,34.24,26.92,76.66,62.215,64.572,0.6,5.54,37.8,0.14,13.475195
2024-03-19,2024,3,19,29.0,31.73,27.02,80.05,52.548,62.482,0.51,4.37,37.0,0.49,12.324922
2024-03-20,2024,3,20,28.98,32.63,27.11,81.02,43.361,62.105,0.42,5.88,28.8,0.61,12.566606
2024-03-21,2024,3,21,29.04,31.98,26.8,75.12,47.414,68.328,0.46,8.35,32.7,0.09,11.632566
2024-03-22,2024,3,22,29.46,33.66,26.99,70.43,64.829,70.358,0.63,7.36,38.7,0.0,13.984019
2024-03-23,2024,3,23,29.75,34.5,27.2,69.81,53.278,65.066,0.51,5.28,37.4,0.0,12.08538
2024-03-25,2024,3,25,28.68,32.38,26.53,76.87,61.531,67.735,0.59,4.31,11.3,0.04,13.676113
2024-03-26,2024,3,26,28.46,32.08,26.24,73.86,66.828,70.942,0.64,4.29,9.4,0.02,13.708191
2024-03-27,2024,3,27,28.5,31.7,26.33,72.05,59.983,69.206,0.58,4.34,12.1,0.0,12.596189
2024-03-28,2024,3,28,28.05,31.31,25.9,74.8,64.025,69.031,0.61,4.25,9.8,0.0,13.731502
2024-03-29,2024,3,29,27.99,30.79,26.14,72.36,67.529,71.124,0.65,7.17,23.6,0.0,12.920031
2024-03-30,2024,3,30,28.72,31.91,26.6,70.36,67.966,71.654,0.65,7.67,35.3,0.0,13.087775
2024-04-01,2024,4,1,29.01,31.93,27.12,69.81,66.504,70.102,0.64,7.72,38.0,0.0,13.854524
2024-04-02,2024,4,2,29.01,32.78,26.59,72.45,59.962,67.277,0.57,6.89,39.2,0.01,12.543556
2024-04-03,2024,4,3,29.17,33.28,26.78,74.06,50.714,64.586,0.48,4.62,40.7,0.08,12.081229
2024-04-04,2024,4,4,28.4,30.55,27.15,82.82,43.538,64.978,0.42,3.51,37.3,5.46,10.30206
2024-04-06,2024,4,6,29.41,33.1,27.0,79.07,63.478,6.971,0.6,6.29,31.0,0.46,12.9336815
2024-04-08,2024,4,8,29.72,33.48,27.65,74.89,59.309,68.045,0.56,7.61,36.2,0.4,13.893545
2024-04-09,2024,4,9,29.95,34.25,27.52,72.02,5.891,68.484,0.56,7.58,41.2,0.15,13.180591
2024-04-10,2024,4,10,29.96,33.98,27.79,69.68,62.928,70.858,0.6,7.53,40.4,0.01,13.866611
2024-04-11,2024,4,11,29.66,33.08,26.82,71.75,66.696,71.186,0.63,6.86,39.5,0.03,13.319236
2024-04-13,2024,4,13,29.08,32.43,26.78,71.59,70.265,71.242,0.67,9.11,36.6,0.0,13.345598
2024-04-15,2024,4,15,28.88,32.38,26.81,75.64,65.434,71.122,0.62,7.62,29.5,0.28,13.535172
2024-04-16,2024,4,16,28.65,32.24,26.56,78.52,6.132,69.305,0.58,6.9,27.3,1.42,12.640963
2024-04-17,2024,4,17,28.28,30.94,26.57,82.14,55.982,65.438,0.53,7.27,23.2,2.83,12.649774
2024-04-18,2024,4,18,28.55,31.48,26.86,81.92,50.784,63.977,0.48,7.8,25.8,4.92,11.859251
2024-04-20,2024,4,20,28.25,31.28,26.5,82.02,5.965,70.673,0.57,6.68,32.1,5.84,12.163839
2024-04-21,2024,4,21,28.72,32.25,26.76,81.04,42.617,69.682,0.4,5.56,35.2,1.35,9.510872
2024-04-22,2024,4,22,28.01,30.9,26.58,84.69,46.056,67.728,0.44,4.85,36.9,8.52,10.179292
2024-04-23,2024,4,23,27.93,29.88,26.54,84.35,51.895,69.206,0.49,6.44,33.4,11.35,11.681951
2024-04-24,2024,4,24,28.23,30.57,26.8,82.46,56.078,69.646,0.53,6.62,39.1,3.35,12.604423
2024-04-25,2024,4,25,27.99,29.92,26.97,85.03,45.794,68.873,0.44,6.51,38.1,3.13,9.330126
2024-04-27,2024,4,27,28.41,31.02,26.8,82.21,44.971,6.931,0.43,5.41,41.7,1.49,9.763028
2024-04-28,2024,4,28,28.54,32.08,26.65,78.76,46.742,70.944,0.44,4.88,41.2,2.18,10.107115
2024-04-29,2024,4,29,29.08,33.08,26.5,76.81,55.462,71.246,0.53,4.48,43.2,1.12,11.477609
2024-04-30,2024,4,30,29.25,32.85,27.12,76.85,63.835,72.192,0.61,6.11,35.2,0.51,12.359734
2024-05-01,2024,5,1,29.49,33.26,27.17,78.68,60.173,71.357,0.57,4.96,33.7,1.76,12.593496
2024-05-02,2024,5,2,29.18,32.87,27.23,80.05,51.437,68.986,0.49,4.07,20.9,1.26,10.879579
2024-05-04,2024,5,4,28.91,32.05,26.99,81.33,34.646,70.296,0.33,3.14,352.2,4.11,7.664992
2024-05-05,2024,5,5,29.24,32.54,26.93,81.74,55.673,69.012,0.53,3.11,24.0,3.46,12.771088
2024-05-06,2024,5,6,29.72,32.56,27.75,81.13,46.282,69.401,0.44,4.12,49.1,2.03,11.777904
2024-05-07,2024,5,7,29.75,32.18,28.13,82.34,40.896,69.454,0.39,3.99,43.2,1.74,9.333387
2024-05-09,2024,5,9,29.35,32.4,27.58,84.09,33.545,66.518,0.32,3.15,38.4,3.84,7.357293
2024-05-11,2024,5,11,29.53,32.0,27.98,82.94,61.637,71.179,0.59,3.77,36.8,3.11,13.330566
2024-05-12,2024,5,12,29.95,33.11,28.12,80.68,5.569,69.545,0.53,5.38,37.2,3.46,11.931948
2024-05-13,2024,5,13,29.75,32.37,28.19,81.67,60.538,70.399,0.58,6.46,42.9,1.47,13.045026
2024-05-14,2024,5,14,30.16,33.11,28.04,79.05,6.041,68.354,0.58,6.19,42.5,0.65,11.661218
2024-05-16,2024,5,16,30.08,33.53,28.31,78.52,62.429,68.086,0.6,5.55,44.6,0.26,11.93984
2024-05-17,2024,5,17,30.38,33.92,28.06,78.58,59.309,68.002,0.57,5.11,48.7,0.81,12.835209
2024-05-18,2024,5,18,30.19,33.34,28.32,80.09,62.928,69.523,0.6,5.04,44.2,0.35,12.404702
2024-05-19,2024,5,19,30.31,33.55,28.28,80.07,61.656,69.221,0.59,5.61,46.7,0.17,11.468158
2024-05-20,2024,5,20,30.25,33.66,28.15,79.77,58.272,69.475,0.56,4.48,46.4,6.81,9.776067
2024-05-21,2024,5,21,29.31,31.36,27.96,83.51,23.642,69.845,0.23,3.01,72.2,16.18,4.1222053
2024-05-23,2024,5,23,28.88,31.73,27.06,82.37,51.926,70.752,0.5,4.04,34.3,24.39,11.63823
2024-05-24,2024,5,24,28.65,30.65,27.65,87.22,35.158,6.631,0.34,4.03,22.1,21.68,8.158033
2024-05-25,2024,5,25,28.76,30.51,27.64,85.29,40.601,69.826,0.39,4.42,45.0,10.85,9.13193
2024-05-26,2024,5,26,28.98,31.06,27.72,85.29,58.003,69.446,0.56,5.6,41.0,11.88,11.2850895
2024-05-27,2024,5,27,28.87,30.86,27.82,85.24,37.066,6.732,0.36,4.34,49.2,16.15,10.841037
2024-05-28,2024,5,28,27.98,28.7,27.16,90.97,43.812,69.386,0.42,4.29,40.4,229.62,8.683473
2024-05-30,2024,5,30,29.15,31.4,27.64,85.74,40.586,70.051,0.39,3.75,49.4,14.35,8.880592
2024-05-31,2024,5,31,29.26,31.47,27.89,85.13,5.525,69.214,0.53,3.76,48.9,4.62,11.48309
2024-06-01,2024,6,1,29.54,32.37,28.13,86.46,64.812,69.744,0.63,4.52,47.2,3.14,11.281211
2024-06-02,2024,6,2,29.59,31.82,28.18,85.62,55.555,68.213,0.54,3.53,51.3,3.62,11.433266
2024-06-04,2024,6,4,29.11,31.25,27.61,80.96,40.836,69.127,0.4,1.03,319.8,8.52,9.732291
2024-06-06,2024,6,6,28.86,30.68,27.55,83.49,36.442,6.859,0.35,2.55,31.2,5.57,7.052113
2024-06-07,2024,6,7,28.07,30.05,26.98,86.0,54.581,67.291,0.53,2.09,7.9,11.9,10.398519
2024-06-08,2024,6,8,29.74,32.97,27.63,82.24,57.386,68.309,0.56,2.29,32.2,3.65,11.705398
2024-06-09,2024,6,9,29.12,30.87,28.23,86.33,48.888,69.722,0.47,2.66,34.8,31.88,10.511508
2024-06-11,2024,6,11,29.23,32.43,27.79,82.08,45.946,68.501,0.45,2.76,42.5,2.31,10.472167
2024-06-12,2024,6,12,29.25,31.01,27.91,82.81,41.374,67.769,0.4,2.22,41.0,2.73,9.080529
2024-06-13,2024,6,13,29.21,31.16,28.04,83.71,48.845,68.676,0.47,3.0,49.0,1.94,10.445883
2024-06-14,2024,6,14,29.44,32.49,27.92,81.34,46.025,69.386,0.45,3.45,51.6,1.4,8.93167
2024-06-15,2024,6,15,28.74,30.21,27.52,86.67,20.436,68.808,0.2,2.29,318.7,10.05,8.331771
2024-06-16,2024,6,16,27.24,27.96,26.68,88.79,43.126,67.908,0.42,2.54,325.8,14.33,7.901289
2024-06-18,2024,6,18,29.21,31.95,27.92,84.55,52.702,68.856,0.51,4.57,40.8,2.05,9.786676
2024-06-19,2024,6,19,28.69,31.48,26.9,80.92,36.562,68.333,0.36,2.59,29.0,3.6,7.80832
2024-06-20,2024,6,20,28.63,30.83,26.86,82.33,44.861,68.347,0.44,3.63,48.6,7.01,10.096606
2024-06-21,2024,6,21,28.72,30.67,27.35,83.87,52.747,68.738,0.51,4.42,53.1,3.24,9.897842
2024-06-23,2024,6,23,29.28,32.26,27.54,80.72,55.226,68.376,0.54,4.07,52.3,9.9,9.936082
2024-06-25,2024,6,25,29.11,32.0,27.7,83.33,42.787,68.042,0.42,4.19,47.7,2.68,10.043212
2024-06-26,2024,6,26,28.47,30.58,26.97,82.23,32.854,69.192,0.32,2.36,73.1,3.47,7.476752
2024-06-27,2024,6,27,27.69,29.75,26.62,84.75,46.675,68.849,0.45,2.15,154.8,3.81,8.186363
2024-06-28,2024,6,28,27.95,30.4,26.31,84.67,54.324,69.569,0.53,2.89,11.5,1.54,10.361006
2024-06-30,2024,6,30,28.86,31.15,27.35,81.83,6.27,70.788,0.61,5.83,52.1,1.66,10.819939
2024-07-01,2024,7,1,29.26,32.01,27.52,82.3,53.527,70.471,0.52,5.1,53.6,4.82,10.3297
2024-07-02,2024,7,2,29.01,31.51,27.53,83.7,38.244,68.741,0.37,3.64,46.8,8.66,6.094797
2024-07-03,2024,7,3,28.72,31.89,26.8,79.31,54.144,6.936,0.53,2.16,60.2,6.96,10.507919
2024-07-04,2024,7,4,28.48,30.78,27.0,83.75,5.118,67.289,0.5,2.46,14.3,9.35,10.156733
2024-07-05,2024,7,5,27.38,29.22,26.09,86.37,19.478,68.424,0.19,2.19,237.2,14.55,4.523026
2024-07-07,2024,7,7,29.33,32.1,27.52,82.52,63.475,69.893,0.62,4.96,51.9,4.83,11.535988
2024-07-08,2024,7,8,29.23,31.62,27.61,84.28,58.318,69.108,0.57,5.64,54.5,5.9,9.567174
2024-07-09,2024,7,9,29.22,31.88,27.77,84.7,59.429,69.343,0.58,5.17,51.4,3.94,11.538346
2024-07-10,2024,7,10,29.04,31.35,27.73,85.64,58.742,68.309,0.57,4.75,53.2,0.2,10.746958
2024-07-11,2024,7,11,28.58,30.95,27.15,86.3,56.323,6.883,0.55,5.17,46.1,0.12,10.240318
2024-07-12,2024,7,12,28.9,31.53,27.28,84.92,57.778,68.436,0.56,5.82,47.1,0.11,9.487249
2024-07-14,2024,7,14,28.9,31.74,27.29,83.76,53.004,69.559,0.51,5.94,49.5,0.29,11.638892
2024-07-15,2024,7,15,28.79,31.57,27.01,83.73,67.622,7.11,0.66,5.92,47.2,0.52,11.36102
2024-07-16,2024,7,16,28.7,31.69,27.01,85.37,6.593,7.069,0.64,5.57,45.4,0.54,11.861582
2024-07-17,2024,7,17,28.25,30.33,27.15,89.19,5.425,69.871,0.53,3.83,50.8,3.38,10.225268
2024-07-19,2024,7,19,28.33,31.13,26.68,85.54,37.332,67.505,0.36,2.11,33.4,4.92,8.209635
2024-07-20,2024,7,20,28.69,31.3,26.99,85.17,51.785,68.546,0.5,4.16,43.9,10.81,9.364958
2024-07-21,2024,7,21,29.3,32.2,27.45,83.46,63.262,70.445,0.61,5.8,50.7,0.87,11.8493185
2024-07-22,2024,7,22,28.76,31.18,27.4,85.52,62.074,69.562,0.6,6.89,47.8,1.52,11.96836
2024-07-23,2024,7,23,28.63,31.0,27.44,87.77,54.271,68.196,0.53,5.24,50.6,9.69,11.055665
2024-07-24,2024,7,24,28.6,30.3,27.46,89.11,59.503,6.905,0.58,5.18,48.9,4.49,11.162446
2024-07-26,2024,7,26,28.56,31.14,26.9,84.99,53.669,70.248,0.52,4.83,54.2,2.55,8.184779
2024-07-27,2024,7,27,28.7,31.33,27.01,85.65,47.705,70.085,0.46,4.36,56.3,3.92,9.236906
2024-07-28,2024,7,28,28.88,31.37,27.28,83.73,59.316,69.794,0.57,5.88,49.2,1.94,12.028487
2024-07-29,2024,7,29,28.82,31.15,27.04,83.61,68.002,7.021,0.66,6.42,49.0,1.81,12.208183
2024-07-30,2024,7,30,28.65,30.52,27.42,86.46,58.097,69.557,0.56,4.97,51.0,7.39,8.0158415
2024-07-31,2024,7,31,28.96,31.92,27.57,84.6,64.776,71.554,0.63,4.08,50.1,6.15,11.372375
2024-08-02,2024,8,2,28.44,31.66,25.93,79.77,66.367,71.297,0.64,2.31,12.6,9.46,12.279701
2024-08-03,2024,8,3,28.9,31.43,27.02,81.95,54.982,7.002,0.53,2.59,30.5,12.92,10.78252
2024-08-04,2024,8,4,29.19,32.06,27.76,82.49,53.042,69.766,0.51,5.48,47.3,5.54,11.570503
2024-08-05,2024,8,5,28.97,31.49,27.49,83.48,5.303,69.341,0.51,5.84,50.6,10.47,10.633117
2024-08-07,2024,8,7,27.46,29.17,25.97,83.86,32.234,70.726,0.31,1.51,275.0,47.81,7.1717014
2024-08-08,2024,8,8,28.27,30.67,26.52,84.33,5.665,69.398,0.55,3.49,28.3,5.54,10.897192
2024-08-09,2024,8,9,29.05,32.1,27.26,80.07,55.447,72.077,0.53,6.24,43.6,0.36,11.600744
2024-08-10,2024,8,10,29.03,32.18,27.51,81.54,55.258,71.378,0.53,5.06,42.0,0.88,10.692536
2024-08-11,2024,8,11,28.49,30.67,26.98,82.92,57.924,7.092,0.56,2.53,35.0,2.68,12.361054
2024-08-12,2024,8,12,28.73,31.11,26.92,83.36,63.329,7.224,0.61,3.7,45.8,1.84,12.351026
2024-08-14,2024,8,14,28.73,31.35,27.46,83.68,60.134,71.755,0.58,3.35,41.1,0.64,11.980651
2024-08-15,2024,8,15,29.16,32.1,27.51,81.64,60.636,70.622,0.58,3.05,25.2,0.39,11.708899
2024-08-16,2024,8,16,29.46,32.57,27.71,81.88,60.067,70.675,0.58,4.16,39.2,0.36,11.789718
2024-08-17,2024,8,17,29.42,32.62,27.78,79.93,5.509,7.153,0.53,3.52,47.2,0.4,11.485092
2024-08-19,2024,8,19,29.59,32.74,27.76,81.64,67.262,71.755,0.65,4.71,47.5,6.02,12.029792
2024-08-21,2024,8,21,28.82,30.59,27.74,85.25,5.616,70.229,0.54,5.95,45.5,10.14,10.138283
2024-08-22,2024,8,22,28.55,30.46,27.42,85.04,4.861,67.788,0.47,4.35,47.4,4.81,10.01409
2024-08-23,2024,8,23,28.82,31.18,27.31,83.12,51.595,68.383,0.5,2.98,33.4,14.85,10.5666685
2024-08-24,2024,8,24,28.95,31.07,27.65,84.94,39.878,68.258,0.38,4.19,41.1,12.95,9.737065
2024-08-26,2024,8,26,27.34,28.66,26.12,84.38,18.298,65.052,0.18,1.24,12.2,10.57,6.3884635
2024-08-27,2024,8,27,27.86,30.01,25.95,84.38,58.385,70.166,0.56,3.42,37.1,4.2,10.93381
2024-08-28,2024,8,28,29.39,32.73,27.3,81.3,52.735,71.642,0.51,5.32,45.4,1.85,11.661697
2024-08-29,2024,8,29,29.64,32.14,28.01,83.23,6.523,70.745,0.63,6.65,45.8,0.24,12.585105
2024-08-30,2024,8,30,29.23,31.47,27.96,84.19,52.205,70.082,0.5,3.12,57.9,0.57,10.849151
2024-08-31,2024,8,31,28.85,30.87,27.35,82.57,56.906,69.554,0.55,2.47,27.7,0.46,11.121989
2024-09-02,2024,9,2,28.15,30.45,26.58,83.86,59.885,70.646,0.58,2.83,29.7,1.32,10.690803
2024-09-03,2024,9,3,28.71,31.08,27.34,84.26,55.978,69.463,0.54,2.85,38.2,15.41,11.0679455
2024-09-04,2024,9,4,28.6,31.34,26.95,83.12,56.921,68.566,0.55,3.4,45.7,3.89,12.401922
2024-09-05,2024,9,5,29.03,30.58,27.94,86.63,58.687,67.397,0.57,3.28,54.3,11.99,11.929109
2024-09-07,2024,9,7,28.97,30.84,27.63,83.86,50.834,69.557,0.49,2.76,39.1,4.51,9.241004
2024-09-08,2024,9,8,29.17,31.03,27.98,85.39,5.118,67.783,0.5,3.75,35.8,1.61,11.743655
2024-09-09,2024,9,9,29.41,31.12,28.43,85.47,62.122,68.957,0.6,4.67,43.3,1.56,12.474711
2024-09-10,2024,9,10,29.68,32.15,28.51,83.48,53.321,68.546,0.52,3.6,44.2,1.22,8.790055
2024-09-11,2024,9,11,29.47,31.88,28.26,83.88,57.682,68.448,0.56,3.39,35.9,0.83,11.586153
2024-09-12,2024,9,12,29.22,31.4,27.73,84.59,35.309,66.329,0.34,3.16,33.4,2.16,7.903099
2024-09-14,2024,9,14,29.5,32.17,27.67,83.41,63.619,69.372,0.62,3.48,26.4,4.04,12.291929
2024-09-15,2024,9,15,30.08,33.38,28.43,82.43,66.948,71.143,0.65,4.43,41.9,2.55,12.558825
2024-09-16,2024,9,16,30.22,32.96,28.79,83.64,61.944,70.632,0.61,3.55,48.7,4.32,12.427271
2024-09-17,2024,9,17,29.34,31.64,28.43,84.16,40.094,68.362,0.39,3.47,59.3,3.71,9.173923
2024-09-19,2024,9,19,29.98,32.69,28.29,81.9,60.655,70.296,0.59,2.91,43.0,3.35,11.514327
2024-09-20,2024,9,20,29.05,31.15,27.47,81.28,44.652,68.309,0.44,2.07,279.0,6.99,8.975085
2024-09-21,2024,9,21,28.44,31.35,26.53,81.26,44.066,68.071,0.43,2.13,345.6,6.21,9.593382
2024-09-22,2024,9,22,27.65,29.05,26.81,86.01,13.757,69.002,0.14,2.21,349.4,9.5,3.48734
2024-09-23,2024,9,23,28.78,31.36,26.9,79.99,58.985,69.734,0.58,2.32,34.3,5.86,11.994185
2024-09-24,2024,9,24,29.17,31.38,27.79,80.91,57.811,69.718,0.57,1.83,20.3,6.21,10.946922
2024-09-26,2024,9,26,28.36,31.0,27.01,81.98,4.937,69.209,0.49,2.56,6.5,4.74,10.846249
2024-09-27,2024,9,27,28.5,30.91,26.65,82.46,57.274,70.706,0.57,2.91,33.1,3.49,11.008618
2024-09-28,2024,9,28,28.7,30.94,26.84,84.5,39.228,67.262,0.39,2.79,31.0,3.99,8.421827
2024-09-29,2024,9,29,26.28,26.77,25.61,88.27,28.937,69.377,0.29,2.89,235.1,13.0,4.357603
2024-10-01,2024,10,1,28.47,32.02,26.17,77.94,56.244,6.895,0.56,2.3,341.9,2.1,10.693795
2024-10-02,2024,10,2,28.05,30.02,26.53,78.3,54.238,6.894,0.54,2.16,328.9,1.06,11.701273
2024-10-03,2024,10,3,28.93,31.32,27.17,81.66,54.658,68.695,0.55,3.46,19.0,2.33,10.800471
2024-10-04,2024,10,4,28.88,30.54,27.86,83.68,5.603,68.431,0.56,5.39,31.0,2.14,10.627237
2024-10-08,2024,10,8,29.02,31.14,26.66,72.9,48.338,66.509,0.49,1.41,217.6,4.77,11.245322
2024-10-10,2024,10,10,28.24,29.85,27.09,85.43,38.688,67.382,0.39,2.32,352.1,3.6,9.453528
2024-10-11,2024,10,11,28.36,30.47,26.97,82.85,51.358,6.673,0.52,2.19,10.4,3.55,10.969048
2024-10-13,2024,10,13,29.35,31.17,28.39,86.37,53.441,65.155,0.55,4.96,50.4,5.11,10.428403
2024-10-14,2024,10,14,29.44,31.8,27.99,81.82,49.118,65.052,0.5,3.4,46.0,3.31,9.754182
2024-10-15,2024,10,15,28.08,29.2,26.9,83.96,27.002,6.565,0.28,3.18,42.6,2.54,7.7151413
2024-10-16,2024,10,16,28.02,29.99,26.5,84.89,35.402,65.042,0.37,2.55,21.2,2.32,7.122817
2024-10-17,2024,10,17,29.18,31.78,27.63,82.81,5.701,65.762,0.59,3.11,41.2,4.09,9.1804
2024-10-18,2024,10,18,29.52,31.65,28.39,84.16,57.821,65.878,0.6,4.52,44.4,6.12,10.642472
2024-10-20,2024,10,20,28.79,30.52,27.76,85.14,4.523,65.309,0.47,3.35,37.6,7.01,7.583768
2024-10-21,2024,10,21,28.27,29.55,27.38,83.48,4.729,64.039,0.49,1.84,351.0,1.01,9.375125
2024-10-22,2024,10,22,28.86,32.63,27.02,79.49,43.733,64.349,0.46,1.6,328.2,9.21,9.42929
2024-10-23,2024,10,23,28.57,30.92,27.09,83.15,53.407,64.097,0.56,2.77,11.2,5.11,10.531898
2024-10-25,2024,10,25,29.61,31.99,28.28,84.86,57.504,65.062,0.61,5.7,49.2,5.37,11.001464
2024-10-26,2024,10,26,29.43,31.12,28.23,85.43,57.545,64.046,0.61,6.16,46.6,4.91,10.960338
2024-10-27,2024,10,27,29.82,32.82,28.2,82.08,57.449,6.336,0.61,6.42,47.8,1.59,11.105751
2024-10-28,2024,10,28,28.8,30.29,27.97,86.36,41.028,63.158,0.44,5.2,46.3,2.3,7.8007927
2024-10-30,2024,10,30,29.42,31.67,28.13,84.67,50.561,6.221,0.54,4.0,51.3,7.71,9.579044
2024-11-01,2024,11,1,26.88,29.02,25.62,82.29,21.466,63.835,0.23,1.28,316.6,9.16,7.497104
2024-11-02,2024,11,2,26.34,27.36,25.52,87.46,33.127,63.382,0.36,3.37,183.6,16.38,7.9657326
2024-11-04,2024,11,4,27.14,29.39,25.67,86.47,34.716,62.657,0.38,4.33,192.3,15.88,6.316129
2024-11-06,2024,11,6,28.26,29.9,27.41,86.01,48.305,62.839,0.53,4.09,23.5,2.09,10.222467
2024-11-07,2024,11,7,28.51,29.89,27.57,83.21,39.372,61.764,0.43,4.14,39.7,9.78,8.095164
2024-11-09,2024,11,9,26.8,28.37,25.84,87.12,42.619,61.301,0.47,2.95,213.8,33.37,9.400483
2024-11-11,2024,11,11,26.75,28.19,25.82,86.37,41.887,61.373,0.46,3.06,211.3,5.07,8.636123
2024-11-12,2024,11,12,27.17,29.77,25.34,81.48,46.937,6.067,0.52,3.07,233.3,1.66,9.9008255
2024-11-13,2024,11,13,27.51,30.11,25.79,81.64,48.386,61.438,0.54,3.04,246.4,0.55,9.148421
2024-11-14,2024,11,14,27.43,29.6,26.05,82.77,43.877,60.026,0.49,2.69,240.5,1.86,8.7005
2024-11-16,2024,11,16,27.84,30.32,26.49,76.36,44.556,59.671,0.5,2.6,317.3,0.91,8.543697
2024-11-18,2024,11,18,28.72,32.0,27.0,80.11,51.634,61.217,0.58,3.56,35.3,1.59,9.981456
2024-11-19,2024,11,19,29.01,32.42,27.08,79.74,53.578,60.943,0.6,3.23,44.1,3.4,9.564252
2024-11-21,2024,11,21,28.04,30.56,26.6,80.99,44.966,58.992,0.51,1.72,355.0,4.96,8.554519
2024-11-23,2024,11,23,27.32,28.61,26.26,86.0,43.126,57.874,0.49,2.75,23.9,7.49,9.236184
2024-11-24,2024,11,24,28.36,30.5,26.89,85.77,50.784,58.102,0.58,3.71,39.6,8.24,9.487154
2024-11-26,2024,11,26,28.28,30.66,27.02,86.39,3.613,5.749,0.41,2.05,34.6,10.35,6.1706557
2024-11-28,2024,11,28,27.95,30.13,26.76,84.67,47.002,58.195,0.54,2.9,357.3,4.04,9.354798
2024-11-29,2024,11,29,28.14,29.63,26.91,87.5,43.697,57.818,0.5,2.96,26.0,7.8,8.260656
2024-11-30,2024,11,30,28.81,30.9,27.7,85.23,49.838,58.152,0.58,3.79,50.9,7.06,9.922229
2024-12-01,2024,12,1,29.08,31.11,27.99,85.68,56.105,58.934,0.65,5.95,45.8,7.52,9.316885
2024-12-03,2024,12,3,28.38,30.63,27.35,83.07,49.008,57.161,0.57,6.86,44.2,7.61,8.973603
2024-12-05,2024,12,5,28.58,30.95,26.93,80.02,58.006,59.482,0.67,7.14,49.9,0.75,10.1733885
2024-12-06,2024,12,6,28.01,30.18,26.34,76.53,56.294,60.269,0.66,7.1,53.2,0.1,9.180669
2024-12-08,2024,12,8,28.24,30.62,26.76,81.62,59.194,60.665,0.69,7.24,50.4,0.0,9.63455
2024-12-10,2024,12,10,28.5,31.36,26.51,83.29,58.318,59.153,0.68,6.49,53.0,0.0,10.067453
2024-12-11,2024,12,11,28.41,31.33,26.36,83.17,57.792,59.088,0.68,6.03,46.9,0.01,9.737109
2024-12-13,2024,12,13,27.65,30.0,26.39,78.62,58.054,59.714,0.68,7.79,44.7,0.0,9.57682
2024-12-15,2024,12,15,27.29,30.52,25.74,79.09,57.643,59.309,0.68,4.61,35.8,0.0,9.529436
2024-12-18,2024,12,18,27.75,28.94,26.74,89.38,50.726,57.209,0.6,5.81,43.7,0.0,8.13459
2024-12-20,2024,12,20,27.65,29.14,26.75,88.37,4.608,55.346,0.54,5.19,38.0,0.0,8.557717
2024-12-22,2024,12,22,27.47,28.55,26.92,89.0,32.621,53.482,0.38,5.83,37.0,5.7,3.990178
2024-12-23,2024,12,23,27.32,28.35,26.42,88.17,33.821,53.234,0.4,6.43,45.4,2.71,6.9160347
2024-12-25,2024,12,25,27.78,29.97,26.48,83.16,51.614,57.132,0.61,5.63,50.1,1.36,8.688175
2024-12-27,2024,12,27,28.14,30.83,26.79,82.59,36.497,5.387,0.43,3.56,52.7,6.49,7.169291
2024-12-28,2024,12,28,27.98,30.07,26.64,82.81,38.254,55.606,0.45,4.9,46.6,2.18,6.7236233
2024-12-30,2024,12,30,27.72,30.29,26.4,80.92,37.896,56.587,0.44,4.91,39.3,0.54,6.863065
2025-01-01,2025,1,1,27.6,29.78,26.57,84.0,53.052,57.022,0.62,6.07,45.1,18.06,8.424277
2025-01-02,2025,1,2,27.68,29.96,26.42,82.51,51.377,5.676,0.6,6.43,43.9,11.43,8.595471
2025-01-03,2025,1,3,27.58,29.5,26.49,84.98,42.518,55.632,0.49,6.96,44.5,29.62,8.545719
2025-01-04,2025,1,4,27.2,28.4,26.54,86.32,34.555,54.809,0.4,7.85,44.9,37.47,5.8504014
2025-01-08,2025,1,8,27.41,29.46,26.04,81.67,57.828,60.427,0.67,7.68,42.1,0.08,9.636583
2025-01-09,2025,1,9,27.31,29.67,26.01,81.25,5.911,61.114,0.68,7.04,41.4,0.02,9.161696
2025-01-11,2025,1,11,27.64,31.56,25.56,79.06,59.323,60.257,0.68,5.93,45.2,0.0,10.131838
2025-01-13,2025,1,13,27.6,30.34,25.81,81.6,57.576,60.394,0.66,7.29,46.5,0.0,9.873851
2025-01-14,2025,1,14,27.07,29.26,25.57,80.68,59.069,61.202,0.67,8.07,46.1,0.0,9.804684
2025-01-16,2025,1,16,27.04,29.48,25.75,79.31,56.386,61.361,0.64,7.55,41.2,0.0,9.554848
2025-01-18,2025,1,18,27.14,29.93,25.11,82.79,60.569,6.205,0.68,6.02,45.8,0.0,10.264915
2025-01-19,2025,1,19,27.17,30.19,25.0,83.18,61.478,62.201,0.69,5.74,46.4,0.0,10.334331
2025-01-20,2025,1,20,27.22,29.99,25.37,82.2,59.558,61.822,0.67,7.34,49.7,0.0,9.911459
2025-01-21,2025,1,21,27.07,30.74,25.28,81.06,61.342,62.664,0.69,6.25,49.4,0.0,10.487483
2025-01-24,2025,1,24,26.87,29.65,25.27,81.52,60.312,61.368,0.67,7.3,39.7,0.0,10.495203
2025-01-25,2025,1,25,26.85,29.32,25.02,79.42,61.284,62.506,0.68,8.72,44.7,0.04,10.702537
2025-01-26,2025,1,26,27.04,30.17,25.19,77.96,6.115,6.265,0.68,8.58,43.4,0.1,10.5208235
2025-01-28,2025,1,28,26.7,29.19,24.9,85.23,57.727,60.523,0.63,6.37,39.4,10.14,10.368785
2025-01-30,2025,1,30,27.09,30.13,25.21,86.18,55.992,61.145,0.61,7.75,46.8,14.85,10.984647
2025-01-31,2025,1,31,27.0,29.66,25.7,82.04,5.687,61.805,0.62,8.43,48.2,0.04,10.104224
2025-02-02,2025,2,2,26.91,29.89,24.91,79.79,60.888,62.738,0.66,8.72,45.5,0.0,10.563489
2025-02-04,2025,2,4,26.52,29.17,24.69,83.2,57.761,62.983,0.62,7.73,42.1,0.02,10.848641
2025-02-05,2025,2,5,26.72,29.35,25.12,81.65,55.884,62.935,0.6,8.54,42.0,0.05,10.14427
2025-02-07,2025,2,7,26.68,29.84,24.73,80.34,63.526,64.277,0.68,7.56,39.4,0.0,11.014022
2025-02-09,2025,2,9,26.42,28.81,25.09,82.1,55.087,6.462,0.58,8.23,40.5,0.01,10.435287
2025-02-10,2025,2,10,26.82,29.6,25.09,80.08,61.056,66.151,0.65,8.43,42.8,0.04,10.783706
2025-02-11,2025,2,11,27.02,30.35,24.9,78.42,57.629,6.487,0.61,7.92,45.1,0.0,11.186079
2025-02-12,2025,2,12,26.79,29.83,25.06,77.82,60.077,64.702,0.63,7.29,47.7,0.0,10.730824
2025-02-14,2025,2,14,27.0,29.81,25.18,77.93,55.702,64.375,0.58,8.43,43.1,0.01,10.454438
2025-02-15,2025,2,15,27.08,30.48,24.82,76.09,62.633,67.526,0.65,7.31,42.4,0.01,11.078827
2025-02-16,2025,2,16,27.09,30.96,24.51,77.98,6.013,6.726,0.63,6.33,41.2,0.02,10.924622
2025-02-17,2025,2,17,26.96,30.01,24.79,80.19,60.353,65.498,0.63,7.55,41.9,0.03,10.321857
2025-02-18,2025,2,18,27.17,30.1,25.05,78.25,60.202,64.915,0.62,7.55,42.0,0.02,10.226188
2025-02-19,2025,2,19,27.6,31.42,25.14,75.53,60.374,64.918,0.62,5.99,39.8,0.0,11.155767
2025-02-21,2025,2,21,27.64,30.46,25.96,78.55,6.025,63.931,0.62,8.32,37.0,0.01,12.053527
2025-02-22,2025,2,22,27.7,30.34,26.06,76.77,61.526,64.234,0.63,9.35,39.0,0.01,11.439642
2025-02-23,2025,2,23,27.57,30.25,25.84,75.73,59.724,65.275,0.61,8.51,35.5,0.0,11.143611
2025-02-24,2025,2,24,27.67,31.3,25.53,78.5,53.506,64.385,0.54,5.78,39.8,0.02,10.050953
2025-02-26,2025,2,26,27.37,29.82,25.86,84.46,38.299,62.779,0.39,5.74,27.8,21.13,10.205547
2025-02-27,2025,2,27,27.93,31.22,26.19,78.48,52.838,6.527,0.53,6.72,34.9,0.55,10.781031
2025-02-28,2025,2,28,27.51,30.27,25.92,77.75,55.289,65.477,0.56,8.01,38.4,0.07,11.95863
2025-03-01,2025,3,1,27.85,31.02,26.0,78.32,5.814,65.534,0.58,6.96,37.9,0.24,11.537394
2025-03-03,2025,3,3,27.34,29.81,26.07,77.21,54.161,66.026,0.54,7.05,36.2,0.0,12.026528
2025-03-04,2025,3,4,27.42,29.97,25.9,76.71,62.182,6.731,0.62,6.61,35.9,0.03,11.878472
2025-03-05,2025,3,5,27.62,30.98,25.74,78.38,62.436,67.325,0.62,6.38,31.3,0.01,11.991479
2025-03-06,2025,3,6,27.28,29.89,25.65,78.88,56.784,6.773,0.56,5.98,24.8,0.01,11.324162
2025-03-08,2025,3,8,28.16,31.97,25.87,75.25,66.439,70.195,0.66,6.73,37.6,0.0,12.715904
2025-03-09,2025,3,9,28.25,32.13,25.64,73.99,65.909,69.024,0.65,6.92,38.5,0.0,12.718986
2025-03-10,2025,3,10,28.16,32.7,25.4,74.31,5.898,68.618,0.58,6.27,39.3,0.0,12.798414
2025-03-11,2025,3,11,28.01,31.84,25.67,75.57,62.026,68.434,0.61,6.39,31.9,0.01,12.315806
2025-03-13,2025,3,13,28.13,31.85,26.03,74.29,63.161,6.918,0.62,6.88,33.5,0.0,12.458761
2025-03-14,2025,3,14,27.8,30.61,26.02,75.63,58.543,66.742,0.57,7.1,32.6,0.0,12.535739
2025-03-15,2025,3,15,27.97,31.53,26.22,75.38,56.774,65.794,0.55,5.97,39.8,0.0,12.982413
2025-03-16,2025,3,16,28.51,32.73,25.84,77.4,57.077,66.149,0.56,5.06,35.7,0.11,12.045434
2025-03-17,2025,3,17,27.89,30.38,26.51,80.99,54.026,67.188,0.53,7.77,33.0,1.01,12.758981
2025-03-18,2025,3,18,27.37,29.91,26.02,73.98,45.084,68.568,0.44,8.43,30.2,0.01,9.888956
2025-03-20,2025,3,20,28.3,31.69,26.08,77.14,63.694,6.937,0.62,6.8,34.5,0.56,12.651487
2025-03-21,2025,3,21,28.12,30.75,26.44,81.6,51.444,6.527,0.5,8.17,33.3,1.4,11.85115
2025-03-22,2025,3,22,28.44,31.34,26.75,77.64,59.916,64.783,0.58,7.87,40.8,0.13,13.452167
2025-03-23,2025,3,23,28.84,33.07,26.24,73.18,67.728,70.728,0.65,8.6,46.2,0.04,13.368246
2025-03-25,2025,3,25,28.62,33.64,25.82,75.3,63.506,68.261,0.61,6.79,43.1,0.49,13.568691
2025-03-26,2025,3,26,27.86,31.02,25.75,78.37,44.134,64.313,0.42,7.72,37.2,0.23,10.867695
2025-03-27,2025,3,27,27.55,29.83,26.11,78.52,56.534,65.232,0.54,7.72,37.9,1.77,13.104971
2025-03-28,2025,3,28,27.34,29.05,26.11,81.67,54.444,66.298,0.52,7.58,40.0,4.15,11.763886
2025-03-30,2025,3,30,28.12,31.29,26.26,75.37,56.429,6.973,0.54,7.77,39.3,0.2,12.806529
2025-03-31,2025,3,31,28.41,32.18,26.32,75.15,60.631,70.894,0.58,6.46,40.8,0.52,12.595357
2025-04-01,2025,4,1,28.02,31.07,26.06,76.74,5.689,69.734,0.54,7.09,39.2,0.05,11.9929285
2025-04-02,2025,4,2,28.42,31.08,26.4,75.52,61.694,68.822,0.59,7.94,42.6,0.02,13.2254715
2025-04-04,2025,4,4,28.84,32.5,26.63,68.14,54.881,71.858,0.52,8.3,46.4,0.0,11.751852
2025-04-05,2025,4,5,28.83,32.31,26.35,69.89,64.716,73.097,0.62,7.72,41.7,0.0,13.080138
2025-04-06,2025,4,6,28.73,32.32,26.78,74.13,58.841,70.279,0.56,6.84,41.0,0.49,10.704481
2025-04-07,2025,4,7,28.7,32.47,26.33,75.5,5.43,70.488,0.52,6.07,48.1,0.43,12.717582
2025-04-09,2025,4,9,28.59,31.75,26.76,80.2,50.734,7.014,0.48,7.33,28.7,0.46,11.898996
2025-04-10,2025,4,10,28.07,30.51,26.49,82.47,39.847,69.259,0.38,4.95,39.7,5.62,10.386543
2025-04-11,2025,4,11,27.44,29.59,26.24,86.74,39.427,6.887,0.37,2.91,53.4,9.95,11.681504
2025-04-12,2025,4,12,28.21,31.54,26.5,80.11,59.412,7.128,0.56,4.15,38.3,2.93,12.415882
2025-04-14,2025,4,14,29.15,32.5,27.07,75.62,68.328,7.271,0.65,8.12,40.7,0.21,13.38479
2025-04-15,2025,4,15,29.19,32.82,26.85,73.11,67.178,72.648,0.64,7.86,39.2,0.01,14.081877
2025-04-16,2025,4,16,28.97,33.07,26.96,75.84,66.984,70.594,0.64,7.36,34.7,0.05,13.579515
2025-04-17,2025,4,17,28.9,32.22,27.01,74.29,56.443,70.037,0.54,8.33,34.0,0.02,12.657539
2025-04-18,2025,4,18,28.83,31.6,27.09,76.93,59.122,68.693,0.56,9.03,37.3,0.07,10.561353
2025-04-19,2025,4,19,29.18,32.13,27.46,74.95,51.509,70.272,0.49,8.74,42.6,0.74,12.170729
2025-04-21,2025,4,21,28.26,30.33,26.86,78.76,48.322,71.522,0.46,7.41,42.8,2.16,12.328992
2025-04-22,2025,4,22,28.08,30.99,26.56,75.69,5.754,72.756,0.55,7.27,35.7,0.21,12.013939
2025-04-23,2025,4,23,28.5,31.46,26.46,73.56,56.964,72.847,0.54,6.74,31.3,0.08,11.936688
2025-04-24,2025,4,24,28.4,31.21,26.76,75.53,62.359,72.569,0.59,7.13,27.6,0.4,12.437458
2025-04-26,2025,4,26,28.36,30.85,26.92,80.49,38.983,6.887,0.37,5.59,30.5,0.78,10.728802
2025-04-27,2025,4,27,28.39,31.12,26.59,79.52,43.891,70.942,0.42,5.42,34.2,0.88,10.235953
2025-04-28,2025,4,28,28.11,30.37,26.81,81.16,45.931,68.832,0.44,5.75,39.2,2.51,10.24011
2025-04-29,2025,4,29,27.77,29.36,26.92,81.96,42.962,66.886,0.41,5.41,38.9,0.26,7.484791
2025-05-01,2025,5,1,28.42,31.24,26.79,80.75,47.662,70.166,0.45,4.65,38.1,3.14,12.020516
2025-05-02,2025,5,2,28.55,31.86,26.74,80.35,45.106,70.241,0.43,4.43,30.3,3.5,9.395723
2025-05-03,2025,5,3,28.59,31.6,26.73,79.09,44.846,7.121,0.43,4.02,51.9,6.48,7.3482842
2025-05-04,2025,5,4,28.32,30.92,26.86,81.84,62.376,71.611,0.6,3.09,27.0,5.86,12.152023
2025-05-06,2025,5,6,28.03,30.08,26.57,84.82,32.914,72.691,0.31,4.1,27.7,16.14,11.807811
2025-05-07,2025,5,7,28.88,31.96,27.06,79.89,42.557,70.999,0.41,3.59,45.2,5.83,4.4402533
2025-05-08,2025,5,8,28.76,31.72,27.21,79.51,59.282,7.237,0.57,4.32,44.6,3.49,8.246227
2025-05-09,2025,5,9,29.3,32.67,27.35,79.15,7.103,73.543,0.68,5.33,45.8,2.25,12.942198
2025-05-11,2025,5,11,29.77,33.24,27.54,81.09,59.712,71.765,0.57,5.5,49.7,4.62,13.236695
2025-05-13,2025,5,13,29.2,32.57,27.35,78.43,57.564,7.081,0.55,6.79,40.8,2.8,12.277678
2025-05-14,2025,5,14,27.84,29.46,26.74,86.25,57.014,69.766,0.55,4.78,46.5,6.26,10.926607
2025-05-16,2025,5,16,28.06,30.09,26.94,86.69,32.899,68.681,0.32,3.92,36.0,14.13,8.052891
2025-05-17,2025,5,17,27.99,30.67,26.58,85.43,41.239,7.062,0.4,3.56,30.6,8.67,7.4477916
2025-05-18,2025,5,18,28.39,31.02,26.9,84.27,61.373,7.128,0.59,4.31,32.1,12.12,10.658434
2025-05-19,2025,5,19,28.52,31.09,27.12,84.7,43.913,69.482,0.42,4.33,41.3,9.55,8.9225645
2025-05-21,2025,5,21,28.76,30.7,27.64,85.71,62.126,71.105,0.6,4.21,44.8,4.82,11.278044
2025-05-22,2025,5,22,28.94,31.17,27.73,84.37,59.033,71.006,0.57,5.21,48.3,1.91,10.683313
2025-05-23,2025,5,23,29.09,31.77,27.37,82.0,70.728,72.523,0.68,7.04,44.7,1.15,12.670253
2025-05-24,2025,5,24,28.94,31.27,27.43,82.88,60.653,70.906,0.58,7.02,46.2,1.61,11.8208
2025-05-26,2025,5,26,28.37,30.46,26.82,84.74,53.861,69.082,0.52,5.27,47.8,0.02,9.721562
2025-05-27,2025,5,27,28.3,30.29,26.74,84.82,40.435,67.985,0.39,4.69,52.1,0.01,8.514531
2025-05-28,2025,5,28,28.32,30.09,27.14,83.64,40.867,68.107,0.39,6.63,49.7,0.01,9.663689
2025-05-29,2025,5,29,28.06,29.92,26.87,85.96,61.562,69.185,0.6,5.89,41.0,0.02,11.477676
2025-05-31,2025,5,31,27.98,30.16,26.82,87.97,29.033,69.151,0.28,3.49,46.7,7.87,6.256526
2025-06-01,2025,6,1,27.96,29.99,26.69,87.53,43.721,69.646,0.42,4.74,39.7,6.83,10.265478
2025-06-02,2025,6,2,28.36,30.32,26.97,86.23,5.742,70.126,0.56,3.92,54.5,13.87,11.166517
2025-06-03,2025,6,3,28.54,30.95,27.23,84.83,58.918,69.682,0.57,4.34,59.6,10.5,10.758175
2025-06-04,2025,6,4,28.06,30.18,26.81,84.32,52.558,68.498,0.51,5.41,51.4,3.68,11.206614
2025-06-05,2025,6,5,27.5,28.64,26.73,88.23,47.976,67.567,0.46,4.92,55.3,46.9,9.060474
2025-06-07,2025,6,7,28.25,30.0,27.06,88.12,56.095,7.014,0.54,5.1,51.6,31.37,12.233322
2025-06-08,2025,6,8,28.53,30.45,27.35,87.29,63.619,70.826,0.62,5.06,48.0,27.79,11.648594
2025-06-09,2025,6,9,28.61,31.0,27.21,85.0,45.689,70.855,0.44,5.27,46.6,17.78,9.398964
2025-06-10,2025,6,10,28.07,30.32,27.19,87.02,29.813,64.205,0.29,4.62,48.3,5.42,7.0024247
2025-06-12,2025,6,12,28.31,31.28,26.58,84.72,45.818,70.097,0.45,4.83,47.9,18.46,5.983657
2025-06-13,2025,6,13,27.11,29.38,26.19,88.04,24.151,69.636,0.23,3.47,51.5,33.57,4.6684394
2025-06-14,2025,6,14,27.26,29.27,26.33,87.09,42.125,68.467,0.41,5.06,57.0,28.53,10.333289
2025-06-15,2025,6,15,27.95,29.88,26.55,85.27,61.325,69.322,0.6,5.81,55.3,3.37,11.876803
2025-06-17,2025,6,17,28.27,30.09,26.98,85.04,52.111,69.432,0.51,5.47,50.7,2.95,9.550583
2025-06-18,2025,6,18,27.98,29.6,26.82,88.04,54.252,6.918,0.53,4.63,58.2,11.82,9.761901
2025-06-19,2025,6,19,28.3,30.93,27.1,86.72,62.258,70.548,0.61,6.37,50.2,5.0,11.638636
2025-06-20,2025,6,20,28.28,30.88,26.94,86.79,49.176,67.982,0.48,6.15,50.8,3.04,8.071715
2025-06-22,2025,6,22,27.59,29.89,26.72,87.84,30.674,67.757,0.3,3.95,49.5,5.29,6.305699
2025-06-23,2025,6,23,27.34,28.77,26.33,86.96,36.017,70.114,0.35,3.84,46.5,2.39,7.8047414
2025-06-24,2025,6,24,28.13,31.44,26.24,84.42,52.682,69.353,0.51,3.8,46.3,6.78,10.936624
2025-06-25,2025,6,25,28.2,30.32,26.95,87.05,56.602,69.799,0.55,4.38,53.9,13.03,10.8092575
2025-06-27,2025,6,27,28.73,31.21,27.04,83.0,5.911,70.082,0.58,5.63,49.9,8.53,10.956309
2025-06-28,2025,6,28,28.31,30.57,26.88,83.3,5.609,69.811,0.55,4.99,47.7,6.98,11.276854
2025-06-29,2025,6,29,27.95,29.42,26.79,87.62,58.171,7.061,0.57,5.85,47.3,6.37,11.584257
2025-06-30,2025,6,30,28.31,30.26,27.02,87.17,54.718,69.072,0.53,5.27,52.3,1.72,10.35467
2025-07-02,2025,7,2,27.75,30.14,26.34,85.09,6.06,69.146,0.59,5.3,45.7,0.23,11.633427
2025-07-03,2025,7,3,28.1,30.62,26.3,85.32,5.477,69.269,0.53,4.08,49.5,1.09,9.549117
2025-07-04,2025,7,4,27.97,30.47,26.13,84.7,3.883,69.866,0.38,2.53,40.8,31.49,4.005348
2025-07-05,2025,7,5,27.45,28.91,26.32,86.86,31.927,69.175,0.31,2.26,47.0,119.73,7.284004
2025-07-07,2025,7,7,27.94,30.12,26.59,84.44,60.713,71.285,0.59,6.09,47.0,18.09,11.356738
2025-07-08,2025,7,8,27.9,29.95,26.45,84.94,63.962,7.055,0.62,5.82,47.4,29.43,11.138542
2025-07-09,2025,7,9,28.12,30.43,26.7,86.44,55.003,69.442,0.54,4.76,47.1,42.87,9.047942
2025-07-10,2025,7,10,27.92,30.06,26.86,87.61,47.227,68.758,0.46,5.05,42.1,4.61,9.613067
2025-07-12,2025,7,12,27.73,29.6,26.64,87.7,45.014,66.982,0.44,4.45,49.8,4.78,7.9981637
2025-07-13,2025,7,13,27.77,30.03,26.73,87.21,40.699,68.844,0.4,4.56,45.0,5.03,5.0042415
2025-07-14,2025,7,14,27.94,30.62,26.43,84.28,49.997,70.294,0.49,5.78,44.5,0.42,10.816498
2025-07-15,2025,7,15,27.79,29.94,26.37,85.24,67.802,70.946,0.66,6.36,42.1,0.03,11.609631
2025-07-17,2025,7,17,27.88,29.74,26.3,87.37,6.402,70.654,0.62,6.24,45.5,0.1,11.851332
2025-07-18,2025,7,18,28.39,31.34,26.65,85.32,67.032,7.026,0.65,6.02,43.6,0.11,12.034295
2025-07-19,2025,7,19,28.08,30.57,26.5,86.91,65.743,71.198,0.64,5.95,41.3,0.14,11.958866
2025-07-20,2025,7,20,27.99,30.36,26.61,87.17,62.076,69.802,0.6,5.22,45.3,0.99,11.764663
2025-07-22,2025,7,22,27.89,30.34,26.5,86.59,59.491,70.385,0.58,4.93,42.3,0.64,11.072012
2025-07-23,2025,7,23,27.76,29.94,26.36,87.9,46.094,68.338,0.45,4.5,46.8,1.09,8.085364
2025-07-24,2025,7,24,27.94,30.21,26.63,87.82,55.879,70.154,0.54,4.92,43.3,1.32,10.467628
2025-07-25,2025,7,25,27.82,29.51,26.77,88.43,55.147,69.852,0.53,5.02,46.3,0.99,10.461858
2025-07-27,2025,7,27,27.97,30.0,26.53,86.65,58.423,70.265,0.57,4.68,44.8,0.92,11.079934
2025-07-28,2025,7,28,28.5,31.04,27.15,86.65,58.853,70.805,0.57,3.44,54.3,1.28,11.529717
2025-07-29,2025,7,29,28.46,30.94,27.13,86.15,6.149,71.484,0.59,4.76,47.4,9.95,11.3621
2025-07-30,2025,7,30,27.76,29.75,26.8,85.47,47.856,71.045,0.46,4.45,50.5,20.16,9.301689
2025-08-01,2025,8,1,28.77,31.62,27.01,82.86,66.072,70.656,0.64,5.58,43.0,6.32,11.57987
2025-08-02,2025,8,2,28.1,29.61,27.3,87.98,63.185,70.622,0.61,5.83,40.7,12.39,12.006072
2025-08-03,2025,8,3,28.23,31.01,26.94,85.93,47.249,69.713,0.46,3.48,48.8,20.47,5.0781617
2025-08-04,2025,8,4,28.31,30.32,27.12,85.24,56.398,7.091,0.54,3.33,50.0,10.01,11.095023
2025-08-05,2025,8,5,28.12,29.98,27.02,86.04,53.806,71.165,0.52,4.22,52.5,11.49,10.445435
2025-08-06,2025,8,6,28.05,30.58,26.75,84.5,53.405,71.674,0.52,5.4,42.8,5.43,11.4400625
2025-08-08,2025,8,8,28.22,31.26,26.42,81.85,63.605,71.287,0.61,5.24,42.3,2.26,12.273344
2025-08-09,2025,8,9,27.65,29.28,26.78,85.78,41.551,71.304,0.4,3.69,57.3,9.96,6.518326
2025-08-10,2025,8,10,27.41,28.19,26.86,87.24,40.541,7.098,0.39,3.65,58.5,14.74,6.2867036
2025-08-11,2025,8,11,28.39,31.67,26.68,82.67,65.417,71.138,0.63,3.78,50.9,10.68,12.064315
2025-08-13,2025,8,13,28.28,30.4,26.91,85.5,58.678,69.727,0.56,6.69,43.5,5.2,12.578137
2025-08-14,2025,8,14,28.21,30.62,26.81,84.55,50.962,69.456,0.49,5.26,41.1,4.34,8.833645
2025-08-15,2025,8,15,27.83,29.91,26.39,86.33,47.201,68.477,0.45,3.37,43.4,113.06,9.820352
2025-08-16,2025,8,16,27.62,30.16,25.93,81.85,50.962,70.795,0.49,2.35,339.3,12.29,10.489606
2025-08-18,2025,8,18,27.92,30.81,26.07,80.71,56.462,70.447,0.54,1.8,343.5,23.62,9.53916
2025-08-19,2025,8,19,28.1,30.52,26.61,85.21,59.076,70.879,0.57,3.76,35.1,9.88,11.384422
2025-08-20,2025,8,20,28.95,32.04,27.53,85.54,63.314,72.247,0.61,4.47,37.7,13.65,11.910268
2025-08-21,2025,8,21,28.75,31.55,27.39,84.74,57.763,70.922,0.56,4.85,43.4,11.29,10.412368
2025-08-23,2025,8,23,28.08,29.67,27.17,85.52,58.579,70.954,0.56,3.29,49.7,10.14,12.1676035
2025-08-24,2025,8,24,28.91,32.21,27.33,83.53,66.048,72.089,0.64,3.98,44.8,0.79,11.191011
2025-08-25,2025,8,25,28.81,31.43,27.3,85.27,58.915,7.231,0.57,5.89,46.3,0.75,12.702775
2025-08-26,2025,8,26,28.98,31.46,27.75,86.56,63.108,71.285,0.61,4.39,43.0,1.43,12.137061
2025-08-28,2025,8,28,29.0,31.31,27.85,84.62,69.233,72.101,0.67,3.2,51.5,3.29,12.61998
2025-08-29,2025,8,29,29.23,32.23,27.66,82.86,70.111,72.497,0.68,3.19,44.5,9.97,12.563138
2025-08-30,2025,8,30,28.67,30.99,27.58,85.09,47.578,69.667,0.46,4.82,46.3,7.43,7.87293
2025-08-31,2025,8,31,28.63,30.59,27.39,86.46,63.929,7.074,0.62,5.24,40.4,5.7,12.308408
2025-09-02,2025,9,2,28.78,30.29,27.77,87.09,53.482,69.854,0.52,3.87,50.7,11.23,12.34954
2025-09-03,2025,9,3,28.91,30.73,27.87,85.73,58.774,7.075,0.57,3.81,42.4,4.45,11.091785
2025-09-04,2025,9,4,28.73,30.58,27.24,87.04,50.506,70.166,0.49,3.47,44.8,7.96,11.381369
2025-09-05,2025,9,5,28.28,30.2,27.17,85.98,47.189,70.248,0.46,2.88,36.0,5.57,8.957762
2025-09-07,2025,9,7,28.29,30.54,26.84,83.21,3.647,70.951,0.35,1.9,36.0,3.65,8.879253
2025-09-08,2025,9,8,28.14,29.76,27.11,83.35,49.663,6.955,0.48,2.0,27.7,4.71,9.661761
2025-09-09,2025,9,9,28.59,31.44,26.83,84.64,64.061,70.267,0.62,3.35,33.3,3.5,13.531495
2025-09-10,2025,9,10,29.13,31.8,27.72,83.79,6.564,71.434,0.64,5.01,41.9,1.75,12.320159
2025-09-12,2025,9,12,28.2,29.74,26.91,84.57,34.402,69.329,0.33,2.85,45.4,12.52,10.346754
2025-09-13,2025,9,13,28.5,30.57,27.01,84.34,5.869,69.864,0.57,3.63,33.6,2.05,11.062429
2025-09-14,2025,9,14,28.82,30.92,27.68,84.61,59.052,69.857,0.58,3.86,43.0,8.15,9.863492
2025-09-15,2025,9,15,28.93,31.24,27.65,84.81,61.651,69.569,0.6,4.58,45.0,3.63,11.8586855
2025-09-17,2025,9,17,28.17,29.96,26.82,84.61,52.946,68.839,0.52,2.61,31.6,4.42,12.347732
2025-09-18,2025,9,18,26.73,28.14,25.87,88.15,44.254,69.984,0.43,2.09,309.5,24.21,8.7311735
2025-09-19,2025,9,19,27.58,30.19,26.09,80.07,37.793,68.246,0.37,2.08,339.5,1.47,4.328462
2025-09-20,2025,9,20,28.44,31.78,26.43,81.57,65.599,70.673,0.64,3.27,26.5,2.46,13.118305
2025-09-22,2025,9,22,29.17,31.4,27.82,82.02,54.804,69.626,0.54,3.75,46.3,3.56,11.692811
2025-09-23,2025,9,23,29.15,32.1,27.41,81.46,57.946,7.025,0.57,5.42,47.7,1.89,12.189879
2025-09-24,2025,9,24,29.11,31.02,27.99,86.58,55.632,68.328,0.55,5.38,42.3,6.28,9.026864
2025-09-25,2025,9,25,28.71,29.97,27.69,81.95,52.795,6.887,0.52,3.66,172.2,13.23,12.082577
2025-09-27,2025,9,27,27.96,30.59,26.52,83.09,46.836,68.316,0.46,2.02,272.3,11.45,10.498103
2025-09-28,2025,9,28,28.27,30.63,26.63,80.04,55.409,67.706,0.55,1.95,339.4,6.55,11.534729
2025-09-29,2025,9,29,28.36,30.05,27.08,85.61,56.215,67.997,0.56,3.79,10.6,11.07,11.3249235
2025-09-30,2025,9,30,28.65,30.44,27.78,82.76,52.481,68.318,0.52,2.77,39.6,9.53,11.514615
2025-10-02,2025,10,2,28.15,29.63,27.44,86.09,29.995,67.121,0.3,2.67,32.6,16.62,10.502993
2025-10-03,2025,10,3,28.28,29.76,27.45,84.53,46.848,66.713,0.47,2.59,50.7,14.02,10.564111
2025-10-04,2025,10,4,27.7,28.65,26.69,84.55,45.449,67.102,0.46,1.84,341.0,7.75,9.816586
2025-10-05,2025,10,5,28.48,31.21,26.88,81.96,55.915,68.837,0.56,2.96,34.9,4.7,11.673448
2025-10-07,2025,10,7,28.61,31.09,27.23,80.93,5.611,67.716,0.57,2.65,40.2,5.63,11.744851
2025-10-08,2025,10,8,28.81,31.02,27.68,82.11,51.919,66.974,0.53,3.48,38.9,9.98,9.98389
2025-10-09,2025,10,9,28.33,30.41,27.29,82.82,44.498,66.614,0.45,2.52,21.9,9.17,8.443079
2025-10-10,2025,10,10,28.07,30.73,26.31,83.1,40.838,6.625,0.42,2.52,281.0,16.81,8.322846
2025-10-12,2025,10,12,27.42,30.04,25.89,82.41,4.956,66.286,0.51,2.77,211.5,1.95,10.5236025
2025-10-13,2025,10,13,27.64,29.79,26.18,81.32,53.033,6.762,0.54,2.61,13.7,1.8,11.35064
2025-10-14,2025,10,14,28.33,30.28,26.92,82.14,51.492,6.732,0.53,2.82,41.9,2.05,10.990911
2025-10-15,2025,10,15,28.29,30.65,26.97,83.59,44.762,65.383,0.46,2.3,4.4,4.25,9.484771
2025-10-17,2025,10,17,27.68,30.02,26.16,79.99,48.797,65.054,0.5,2.14,337.7,1.91,9.12104
2025-10-18,2025,10,18,27.91,29.51,26.28,85.61,56.246,65.146,0.58,4.24,33.9,5.02,10.314431
2025-10-19,2025,10,19,29.08,31.26,27.75,82.13,59.189,6.455,0.62,4.87,50.9,3.84,11.210084
2025-10-20,2025,10,20,28.39,29.84,27.62,84.87,44.059,64.934,0.46,3.98,49.8,5.15,8.580168
2025-10-22,2025,10,22,27.62,28.69,26.88,88.66,39.907,6.365,0.42,4.24,223.2,3.14,9.098594
2025-10-23,2025,10,23,27.6,28.97,26.89,89.86,41.863,64.169,0.44,4.06,225.2,4.88,8.436005
2025-10-24,2025,10,24,27.46,29.25,26.31,86.35,43.685,6.523,0.46,4.22,213.1,2.65,10.800727
2025-10-25,2025,10,25,27.74,30.21,26.19,84.04,50.702,64.788,0.54,3.69,209.7,0.82,10.655866
2025-10-27,2025,10,27,27.67,29.72,26.45,85.86,39.967,63.223,0.42,2.56,212.1,3.43,9.090679
2025-10-28,2025,10,28,27.63,28.99,26.73,88.56,56.033,63.058,0.6,4.49,218.6,9.37,11.445797
2025-10-29,2025,10,29,27.61,29.24,26.8,88.35,46.514,62.542,0.5,2.46,224.2,4.47,11.307496
2025-10-30,2025,10,30,28.04,30.74,26.57,84.89,33.866,63.091,0.36,2.37,344.1,2.03,8.957555
2025-11-01,2025,11,1,28.78,31.01,27.66,84.09,55.622,64.042,0.6,5.05,41.5,2.12,10.757758
2025-11-02,2025,11,2,28.7,30.48,27.85,85.96,48.053,61.778,0.52,4.56,45.6,10.54,8.725325
2025-11-03,2025,11,3,28.72,30.78,27.52,83.19,47.006,62.868,0.51,5.57,47.9,9.99,10.933398
2025-11-04,2025,11,4,28.65,31.65,27.07,78.18,50.544,63.948,0.55,6.07,44.0,1.06,10.571818
2025-11-06,2025,11,6,28.23,29.56,27.39,86.39,47.926,60.852,0.52,3.91,57.1,9.15,9.382803
2025-11-07,2025,11,7,28.77,30.84,27.62,82.96,52.303,62.018,0.57,4.28,46.6,0.87,10.58205
2025-11-08,2025,11,8,29.07,31.36,27.85,83.79,55.798,62.215,0.61,5.99,46.3,0.49,10.777431
2025-11-09,2025,11,9,29.08,31.53,27.71,82.74,53.712,60.893,0.59,6.34,45.6,0.4,10.522045
2025-11-11,2025,11,11,28.59,30.4,27.39,84.22,41.722,57.922,0.46,6.24,44.7,2.72,9.742499
2025-11-12,2025,11,12,28.6,30.88,27.27,81.07,50.011,59.638,0.55,7.08,44.4,1.76,10.499827
2025-11-13,2025,11,13,28.72,31.54,27.11,79.64,48.362,60.046,0.54,6.26,45.1,1.48,10.843563
2025-11-14,2025,11,14,28.11,30.47,26.83,82.02,50.052,59.561,0.56,5.8,45.0,2.13,9.710816
2025-11-16,2025,11,16,27.59,29.09,26.67,84.19,38.515,57.751,0.43,4.53,41.9,1.48,8.050589
2025-11-17,2025,11,17,27.48,28.98,26.45,84.9,50.674,59.827,0.57,5.45,34.3,0.63,10.632641
2025-11-18,2025,11,18,28.12,29.85,26.88,83.59,46.937,60.211,0.53,7.24,39.4,0.72,9.676907
2025-11-19,2025,11,19,28.3,30.42,27.19,84.38,51.487,60.317,0.58,7.06,42.7,1.55,9.647178
2025-11-21,2025,11,21,27.82,29.44,26.8,85.02,44.902,58.915,0.51,5.1,50.8,2.51,9.252239
2025-11-22,2025,11,22,28.28,30.77,26.84,82.03,5.057,5.964,0.57,6.34,48.2,0.0,9.648201
2025-11-23,2025,11,23,27.87,29.26,26.85,82.67,45.991,60.151,0.52,7.62,45.9,0.0,9.950073
2025-11-24,2025,11,24,27.74,28.92,26.86,84.76,40.622,59.515,0.46,7.56,46.9,0.0,9.251745
2025-11-26,2025,11,26,27.9,29.6,26.73,84.74,53.165,58.572,0.61,6.8,52.2,0.24,10.189879
2025-11-27,2025,11,27,27.96,30.14,26.75,84.1,54.396,59.009,0.62,6.69,49.3,0.45,10.056053
2025-11-28,2025,11,28,27.21,28.34,26.67,87.15,26.993,5.719,0.31,6.0,46.9,2.85,5.774866
2025-11-29,2025,11,29,26.92,29.12,25.96,88.14,21.257,57.778,0.25,3.86,42.8,10.72,5.197501
2025-12-01,2025,12,1,27.03,28.27,26.11,84.84,32.662,56.393,0.38,4.49,51.5,3.5,6.564577
2025-12-02,2025,12,2,27.38,30.22,25.89,81.31,47.045,58.502,0.55,4.96,42.0,1.06,8.87825
2025-12-04,2025,12,4,27.45,30.02,25.92,78.28,5.699,60.766,0.66,6.25,44.9,0.02,9.681015
2025-12-06,2025,12,6,28.16,31.59,26.29,79.9,5.197,57.206,0.61,4.79,49.0,0.73,9.286636
2025-12-07,2025,12,7,28.09,31.19,26.61,80.32,52.056,58.097,0.61,5.67,46.4,1.08,9.381238
2025-12-09,2025,12,9,28.02,30.38,26.67,83.06,49.229,56.772,0.58,5.15,43.7,1.06,9.182064
2025-12-11,2025,12,11,28.38,31.72,26.16,79.59,55.586,57.792,0.65,5.58,43.8,0.49,10.108805
2025-12-12,2025,12,12,28.21,31.01,26.75,81.84,49.325,56.702,0.58,6.7,44.0,0.85,9.580192
2025-12-14,2025,12,14,27.78,30.89,25.99,81.39,45.077,56.364,0.53,5.19,43.2,0.35,8.646261
2025-12-16,2025,12,16,27.64,30.46,26.38,80.97,51.466,56.206,0.6,6.62,43.3,0.21,9.475597
2025-12-17,2025,12,17,27.44,29.84,26.13,79.89,51.149,55.219,0.6,6.72,40.3,0.05,9.19144
2025-12-19,2025,12,19,27.69,30.53,26.34,79.6,53.477,57.622,0.63,7.16,41.9,0.1,9.635526
2025-12-21,2025,12,21,27.46,30.0,25.79,75.55,54.766,58.769,0.64,8.09,46.3,0.0,9.903448
2025-12-22,2025,12,22,27.76,30.83,26.1,77.88,5.7,58.606,0.67,7.52,42.5,0.0,9.739645
2025-12-24,2025,12,24,27.36,30.36,25.67,77.23,55.231,58.822,0.65,7.4,42.0,0.0,9.1739
2025-12-26,2025,12,26,27.07,30.26,24.98,76.79,56.822,60.521,0.67,6.84,42.9,0.0,9.842949
2025-12-27,2025,12,27,27.37,30.71,25.33,77.22,58.582,60.178,0.69,6.63,40.9,0.0,9.76815
2025-12-29,2025,12,29,27.25,30.1,25.18,81.3,54.991,57.242,0.64,6.69,42.7,0.0,9.991369
2025-12-31,2025,12,31,27.79,31.13,26.09,84.45,52.282,56.482,0.61,5.67,28.2,0.02,9.985922
