x,y
2004-10-01T05:00:00.000Z,8.774947
2004-10-02T05:00:00.000Z,11.772139
2004-10-03T05:00:00.000Z,12.185602
2004-10-04T05:00:00.000Z,7.548592
2004-10-05T05:00:00.000Z,10.264846
2004-10-06T05:00:00.000Z,8.273805
2004-10-07T05:00:00.000Z,9.054332
2004-10-08T05:00:00.000Z,12.033662
2004-10-09T05:00:00.000Z,10.76886
2004-10-10T05:00:00.000Z,11.821513
2004-10-11T05:00:00.000Z,5.192744
2004-10-12T05:00:00.000Z,9.273727
2004-10-13T05:00:00.000Z,10.490347
2004-10-14T05:00:00.000Z,10.945879
2004-10-15T05:00:00.000Z,10.853437
2004-10-16T05:00:00.000Z,
2004-10-17T05:00:00.000Z,11.535808
2004-10-18T05:00:00.000Z,7.624064
2004-10-19T05:00:00.000Z,11.2369585
2004-10-20T05:00:00.000Z,10.098222
2004-10-21T05:00:00.000Z,8.9963875
2004-10-22T05:00:00.000Z,6.125719
2004-10-23T05:00:00.000Z,10.775329
2004-10-24T05:00:00.000Z,10.900922
2004-10-25T05:00:00.000Z,10.124553
2004-10-26T05:00:00.000Z,10.203358
2004-10-27T05:00:00.000Z,9.799861
2004-10-28T05:00:00.000Z,7.6591206
2004-10-29T05:00:00.000Z,8.805581
2004-10-30T05:00:00.000Z,10.070572
2004-10-31T05:00:00.000Z,9.87856
2004-11-01T05:00:00.000Z,10.028977
2004-11-02T05:00:00.000Z,10.921978
2004-11-03T05:00:00.000Z,9.236487
2004-11-04T05:00:00.000Z,5.546925
2004-11-05T05:00:00.000Z,9.902843
2004-11-06T05:00:00.000Z,8.822696
2004-11-07T05:00:00.000Z,8.742033
2004-11-08T05:00:00.000Z,7.849613
2004-11-09T05:00:00.000Z,7.96708
2004-11-10T05:00:00.000Z,2.9279559
2004-11-11T05:00:00.000Z,10.850487
2004-11-12T05:00:00.000Z,10.476339
2004-11-13T05:00:00.000Z,10.535378
2004-11-14T05:00:00.000Z,8.388093
2004-11-15T05:00:00.000Z,8.650744
2004-11-16T05:00:00.000Z,9.109431
2004-11-17T05:00:00.000Z,
2004-11-18T05:00:00.000Z,6.143658
2004-11-19T05:00:00.000Z,
2004-12-01T05:00:00.000Z,
2004-12-02T05:00:00.000Z,9.521174
2004-12-03T05:00:00.000Z,9.288238
2004-12-04T05:00:00.000Z,9.498083
2004-12-05T05:00:00.000Z,9.17064
2004-12-06T05:00:00.000Z,9.593931
2004-12-07T05:00:00.000Z,9.1093025
2004-12-08T05:00:00.000Z,8.606037
2004-12-09T05:00:00.000Z,9.251158
2004-12-10T05:00:00.000Z,9.34331
2004-12-11T05:00:00.000Z,9.240746
2004-12-12T05:00:00.000Z,8.541433
2004-12-13T05:00:00.000Z,9.302156
2004-12-14T05:00:00.000Z,9.255502
2004-12-15T05:00:00.000Z,9.294656
2004-12-16T05:00:00.000Z,8.76341
2004-12-17T05:00:00.000Z,9.186328
2004-12-18T05:00:00.000Z,9.003617
2004-12-19T05:00:00.000Z,
2004-12-20T05:00:00.000Z,8.929212
2004-12-21T05:00:00.000Z,8.639909
2004-12-22T05:00:00.000Z,9.953662
2004-12-23T05:00:00.000Z,9.133722
2004-12-24T05:00:00.000Z,9.864041
2004-12-25T05:00:00.000Z,9.606461
2004-12-26T05:00:00.000Z,8.632515
2004-12-27T05:00:00.000Z,9.54516
2004-12-28T05:00:00.000Z,9.146071
2004-12-29T05:00:00.000Z,9.493626
2004-12-30T05:00:00.000Z,9.710174
2004-12-31T05:00:00.000Z,9.978186
2005-01-01T05:00:00.000Z,10.151657
2005-01-02T05:00:00.000Z,9.498496
2005-01-03T05:00:00.000Z,9.70712
2005-01-04T05:00:00.000Z,9.565402
2005-01-05T05:00:00.000Z,9.620312
2005-01-06T05:00:00.000Z,9.719659
2005-01-07T05:00:00.000Z,9.269464
2005-01-08T05:00:00.000Z,9.277556
2005-01-09T05:00:00.000Z,9.286362
2005-01-10T05:00:00.000Z,7.9215226
2005-01-11T05:00:00.000Z,10.109731
2005-01-12T05:00:00.000Z,9.268925
2005-01-13T05:00:00.000Z,10.066669
2005-01-14T05:00:00.000Z,9.0075655
2005-01-15T05:00:00.000Z,9.696407
2005-01-16T05:00:00.000Z,8.847873
2005-01-17T05:00:00.000Z,8.871616
2005-01-18T05:00:00.000Z,9.714147
2005-01-19T05:00:00.000Z,10.481057
2005-01-20T05:00:00.000Z,
2005-01-21T05:00:00.000Z,10.054173
2005-01-22T05:00:00.000Z,9.85868
2005-01-23T05:00:00.000Z,9.930455
2005-01-24T05:00:00.000Z,9.194427
2005-01-25T05:00:00.000Z,8.793742
2005-01-26T05:00:00.000Z,9.938046
2005-01-27T05:00:00.000Z,9.92689
2005-01-28T05:00:00.000Z,10.490465
2005-01-29T05:00:00.000Z,10.161464
2005-01-30T05:00:00.000Z,10.627263
2005-01-31T05:00:00.000Z,10.7158
2005-02-01T05:00:00.000Z,10.381988
2005-02-02T05:00:00.000Z,10.447641
2005-02-03T05:00:00.000Z,10.567778
2005-02-04T05:00:00.000Z,10.712341
2005-02-05T05:00:00.000Z,10.7298765
2005-02-06T05:00:00.000Z,7.489966
2005-02-07T05:00:00.000Z,9.844884
2005-02-08T05:00:00.000Z,11.227743
2005-02-09T05:00:00.000Z,10.179848
2005-02-10T05:00:00.000Z,9.880841
2005-02-11T05:00:00.000Z,9.1169405
2005-02-12T05:00:00.000Z,7.1448703
2005-02-13T05:00:00.000Z,10.469736
2005-02-14T05:00:00.000Z,10.793459
2005-02-15T05:00:00.000Z,11.668749
2005-02-16T05:00:00.000Z,10.685143
2005-02-17T05:00:00.000Z,11.00656
2005-02-18T05:00:00.000Z,11.647731
2005-02-19T05:00:00.000Z,12.1914215
2005-02-20T05:00:00.000Z,12.250468
2005-02-21T05:00:00.000Z,
2005-02-22T05:00:00.000Z,12.7057
2005-02-23T05:00:00.000Z,12.353911
2005-02-24T05:00:00.000Z,12.914252
2005-02-25T05:00:00.000Z,13.236176
2005-02-26T05:00:00.000Z,13.400368
2005-02-27T05:00:00.000Z,12.153457
2005-02-28T05:00:00.000Z,11.852787
2005-03-01T05:00:00.000Z,12.471271
2005-03-02T05:00:00.000Z,11.974197
2005-03-03T05:00:00.000Z,12.756247
2005-03-04T05:00:00.000Z,11.303502
2005-03-05T05:00:00.000Z,12.165588
2005-03-06T05:00:00.000Z,12.718741
2005-03-07T05:00:00.000Z,11.664088
2005-03-08T05:00:00.000Z,13.333476
2005-03-09T05:00:00.000Z,12.936897
2005-03-10T05:00:00.000Z,13.293545
2005-03-11T05:00:00.000Z,11.971013
2005-03-12T05:00:00.000Z,12.001193
2005-03-13T05:00:00.000Z,12.454452
2005-03-14T05:00:00.000Z,13.330023
2005-03-15T05:00:00.000Z,13.703017
2005-03-16T05:00:00.000Z,13.57639
2005-03-17T05:00:00.000Z,13.421187
2005-03-18T05:00:00.000Z,12.407184
2005-03-19T05:00:00.000Z,12.630709
2005-03-20T05:00:00.000Z,11.595659
2005-03-21T05:00:00.000Z,11.617488
2005-03-22T05:00:00.000Z,12.355798
2005-03-23T05:00:00.000Z,13.7071295
2005-03-24T05:00:00.000Z,9.415774
2005-03-25T05:00:00.000Z,
2005-03-26T05:00:00.000Z,13.659471
2005-03-27T05:00:00.000Z,12.153537
2005-03-28T05:00:00.000Z,12.215416
2005-03-29T05:00:00.000Z,12.133544
2005-03-30T05:00:00.000Z,12.358695
2005-03-31T05:00:00.000Z,12.380207
2005-04-01T05:00:00.000Z,13.108787
2005-04-02T05:00:00.000Z,9.201937
2005-04-03T05:00:00.000Z,9.456262
2005-04-04T05:00:00.000Z,12.743823
2005-04-05T05:00:00.000Z,11.856389
2005-04-06T05:00:00.000Z,11.4692955
2005-04-07T05:00:00.000Z,9.107247
2005-04-08T05:00:00.000Z,
2005-04-09T05:00:00.000Z,10.409311
2005-04-10T05:00:00.000Z,12.32335
2005-04-11T05:00:00.000Z,10.496355
2005-04-12T05:00:00.000Z,10.318666
2005-04-13T05:00:00.000Z,12.701384
2005-04-14T05:00:00.000Z,12.120423
2005-04-15T05:00:00.000Z,10.883705
2005-04-16T05:00:00.000Z,13.004213
2005-04-17T05:00:00.000Z,13.326994
2005-04-18T05:00:00.000Z,7.6886277
2005-04-19T05:00:00.000Z,12.710816
2005-04-20T05:00:00.000Z,9.7945175
2005-04-21T05:00:00.000Z,10.483758
2005-04-22T05:00:00.000Z,12.106197
2005-04-23T05:00:00.000Z,13.861508
2005-04-24T05:00:00.000Z,13.781256
2005-04-25T05:00:00.000Z,13.589732
2005-04-26T05:00:00.000Z,
2005-04-27T05:00:00.000Z,12.445722
2005-04-28T05:00:00.000Z,12.217419
2005-04-29T05:00:00.000Z,13.006204
2005-04-30T05:00:00.000Z,12.041428
2005-05-01T05:00:00.000Z,12.707183
2005-05-02T05:00:00.000Z,10.460253
2005-05-03T05:00:00.000Z,11.571072
2005-05-04T05:00:00.000Z,12.983615
2005-05-05T05:00:00.000Z,12.057518
2005-05-06T05:00:00.000Z,11.285398
2005-05-07T05:00:00.000Z,10.420893
2005-05-08T05:00:00.000Z,13.452069
2005-05-09T05:00:00.000Z,8.158931
2005-05-10T05:00:00.000Z,11.884683
2005-05-11T05:00:00.000Z,13.405818
2005-05-12T05:00:00.000Z,12.370306
2005-05-13T05:00:00.000Z,3.9044204
2005-05-14T05:00:00.000Z,9.8032
2005-05-15T05:00:00.000Z,5.233185
2005-05-16T05:00:00.000Z,12.342526
2005-05-17T05:00:00.000Z,9.503535
2005-05-18T05:00:00.000Z,11.761607
2005-05-19T05:00:00.000Z,12.036796
2005-05-20T05:00:00.000Z,8.478876
2005-05-21T05:00:00.000Z,10.000489
2005-05-22T05:00:00.000Z,10.769439
2005-05-23T05:00:00.000Z,7.560079
2005-05-24T05:00:00.000Z,11.061418
2005-05-25T05:00:00.000Z,11.453437
2005-05-26T05:00:00.000Z,12.354666
2005-05-27T05:00:00.000Z,10.325062
2005-05-28T05:00:00.000Z,
2005-05-29T05:00:00.000Z,13.048809
2005-05-30T05:00:00.000Z,11.912993
2005-05-31T05:00:00.000Z,10.567209
2005-06-01T05:00:00.000Z,9.435375
2005-06-02T05:00:00.000Z,10.465956
2005-06-03T05:00:00.000Z,11.644362
2005-06-04T05:00:00.000Z,11.146275
2005-06-05T05:00:00.000Z,7.115536
2005-06-06T05:00:00.000Z,5.5744014
2005-06-07T05:00:00.000Z,11.886262
2005-06-08T05:00:00.000Z,10.05368
2005-06-09T05:00:00.000Z,10.475346
2005-06-10T05:00:00.000Z,11.823057
2005-06-11T05:00:00.000Z,9.979804
2005-06-12T05:00:00.000Z,11.234056
2005-06-13T05:00:00.000Z,12.292813
2005-06-14T05:00:00.000Z,11.347179
2005-06-15T05:00:00.000Z,10.388714
2005-06-16T05:00:00.000Z,12.499534
2005-06-17T05:00:00.000Z,12.190763
2005-06-18T05:00:00.000Z,11.952994
2005-06-19T05:00:00.000Z,11.403658
2005-06-20T05:00:00.000Z,8.641313
2005-06-21T05:00:00.000Z,9.665518
2005-06-22T05:00:00.000Z,7.857247
2005-06-23T05:00:00.000Z,11.585822
2005-06-24T05:00:00.000Z,10.764333
2005-06-25T05:00:00.000Z,12.090055
2005-06-26T05:00:00.000Z,10.355705
2005-06-27T05:00:00.000Z,11.577115
2005-06-28T05:00:00.000Z,9.794183
2005-06-29T05:00:00.000Z,
2005-06-30T05:00:00.000Z,10.641716
2005-07-01T05:00:00.000Z,10.841004
2005-07-02T05:00:00.000Z,11.920895
2005-07-03T05:00:00.000Z,10.641819
2005-07-04T05:00:00.000Z,11.550284
2005-07-05T05:00:00.000Z,11.984625
2005-07-06T05:00:00.000Z,12.469206
2005-07-07T05:00:00.000Z,12.281217
2005-07-08T05:00:00.000Z,11.309706
2005-07-09T05:00:00.000Z,11.267206
2005-07-10T05:00:00.000Z,8.208929
2005-07-11T05:00:00.000Z,10.13861
2005-07-12T05:00:00.000Z,9.247743
2005-07-13T05:00:00.000Z,8.374321
2005-07-14T05:00:00.000Z,9.60539
2005-07-15T05:00:00.000Z,8.79204
2005-07-16T05:00:00.000Z,11.732403
2005-07-17T05:00:00.000Z,11.303146
2005-07-18T05:00:00.000Z,12.399406
2005-07-19T05:00:00.000Z,7.4427953
2005-07-20T05:00:00.000Z,9.870995
2005-07-21T05:00:00.000Z,9.95997
2005-07-22T05:00:00.000Z,11.979481
2005-07-23T05:00:00.000Z,11.979309
2005-07-24T05:00:00.000Z,11.925946
2005-07-25T05:00:00.000Z,11.824375
2005-07-26T05:00:00.000Z,12.038933
2005-07-27T05:00:00.000Z,12.148403
2005-07-28T05:00:00.000Z,11.30944
2005-07-29T05:00:00.000Z,11.80515
2005-07-30T05:00:00.000Z,11.605708
2005-07-31T05:00:00.000Z,
2005-08-01T05:00:00.000Z,10.868881
2005-08-02T05:00:00.000Z,10.342957
2005-08-03T05:00:00.000Z,9.157952
2005-08-04T05:00:00.000Z,11.951889
2005-08-05T05:00:00.000Z,10.240582
2005-08-06T05:00:00.000Z,10.875178
2005-08-07T05:00:00.000Z,11.466793
2005-08-08T05:00:00.000Z,12.715639
2005-08-09T05:00:00.000Z,11.231934
2005-08-10T05:00:00.000Z,11.444912
2005-08-11T05:00:00.000Z,10.9337225
2005-08-12T05:00:00.000Z,12.111043
2005-08-13T05:00:00.000Z,7.8767285
2005-08-14T05:00:00.000Z,9.6756315
2005-08-15T05:00:00.000Z,10.969709
2005-08-16T05:00:00.000Z,7.9834332
2005-08-17T05:00:00.000Z,5.804274
2005-08-18T05:00:00.000Z,9.722273
2005-08-19T05:00:00.000Z,12.901657
2005-08-20T05:00:00.000Z,12.727628
2005-08-21T05:00:00.000Z,10.965329
2005-08-22T05:00:00.000Z,7.7570076
2005-08-23T05:00:00.000Z,11.578825
2005-08-24T05:00:00.000Z,12.027068
2005-08-25T05:00:00.000Z,12.200065
2005-08-26T05:00:00.000Z,12.460607
2005-08-27T05:00:00.000Z,10.680205
2005-08-28T05:00:00.000Z,12.535828
2005-08-29T05:00:00.000Z,9.151093
2005-08-30T05:00:00.000Z,11.406657
2005-08-31T05:00:00.000Z,12.231877
2005-09-01T05:00:00.000Z,
2005-09-02T05:00:00.000Z,8.830286
2005-09-03T05:00:00.000Z,9.715399
2005-09-04T05:00:00.000Z,12.03355
2005-09-05T05:00:00.000Z,12.018998
2005-09-06T05:00:00.000Z,13.221327
2005-09-07T05:00:00.000Z,12.69799
2005-09-08T05:00:00.000Z,12.902066
2005-09-09T05:00:00.000Z,11.092502
2005-09-10T05:00:00.000Z,13.232808
2005-09-11T05:00:00.000Z,13.2148905
2005-09-12T05:00:00.000Z,9.974145
2005-09-13T05:00:00.000Z,11.118927
2005-09-14T05:00:00.000Z,12.019381
2005-09-15T05:00:00.000Z,11.461028
2005-09-16T05:00:00.000Z,10.833692
2005-09-17T05:00:00.000Z,12.496309
2005-09-18T05:00:00.000Z,11.82563
2005-09-19T05:00:00.000Z,10.22649
2005-09-20T05:00:00.000Z,10.511334
2005-09-21T05:00:00.000Z,4.9703155
2005-09-22T05:00:00.000Z,11.448624
2005-09-23T05:00:00.000Z,8.676853
2005-09-24T05:00:00.000Z,10.612117
2005-09-25T05:00:00.000Z,9.788655
2005-09-26T05:00:00.000Z,10.958462
2005-09-27T05:00:00.000Z,11.838768
2005-09-28T05:00:00.000Z,10.006941
2005-09-29T05:00:00.000Z,10.987094
2005-09-30T05:00:00.000Z,9.445579
2005-10-01T05:00:00.000Z,10.918598
2005-10-02T05:00:00.000Z,11.606744
2005-10-03T05:00:00.000Z,
2005-10-04T05:00:00.000Z,7.3750424
2005-10-05T05:00:00.000Z,10.68559
2005-10-06T05:00:00.000Z,8.6848955
2005-10-07T05:00:00.000Z,8.292209
2005-10-08T05:00:00.000Z,10.286383
2005-10-09T05:00:00.000Z,6.023229
2005-10-10T05:00:00.000Z,11.11037
2005-10-11T05:00:00.000Z,11.8358555
2005-10-12T05:00:00.000Z,8.452246
2005-10-13T05:00:00.000Z,10.406625
2005-10-14T05:00:00.000Z,8.782023
2005-10-15T05:00:00.000Z,12.248823
2005-10-16T05:00:00.000Z,10.499645
2005-10-17T05:00:00.000Z,11.232391
2005-10-18T05:00:00.000Z,11.626178
2005-10-19T05:00:00.000Z,10.388988
2005-10-20T05:00:00.000Z,5.8779526
2005-10-21T05:00:00.000Z,10.787282
2005-10-22T05:00:00.000Z,10.233185
2005-10-23T05:00:00.000Z,10.474713
2005-10-24T05:00:00.000Z,4.4003105
2005-10-25T05:00:00.000Z,10.702859
2005-10-26T05:00:00.000Z,6.4590855
2005-10-27T05:00:00.000Z,11.811486
2005-10-28T05:00:00.000Z,8.8202505
2005-10-29T05:00:00.000Z,6.9358816
2005-10-30T05:00:00.000Z,10.102036
2005-10-31T05:00:00.000Z,10.464397
2005-11-01T05:00:00.000Z,7.845827
2005-11-02T05:00:00.000Z,9.654444
2005-11-03T05:00:00.000Z,9.320736
2005-11-04T05:00:00.000Z,
2005-11-05T05:00:00.000Z,10.632505
2005-11-06T05:00:00.000Z,10.700332
2005-11-07T05:00:00.000Z,10.728068
2005-11-08T05:00:00.000Z,10.5845175
2005-11-09T05:00:00.000Z,4.526617
2005-11-10T05:00:00.000Z,8.635945
2005-11-11T05:00:00.000Z,6.1920424
2005-11-12T05:00:00.000Z,5.7147474
2005-11-13T05:00:00.000Z,9.610675
2005-11-14T05:00:00.000Z,9.102305
2005-11-15T05:00:00.000Z,9.295934
2005-11-16T05:00:00.000Z,10.368607
2005-11-17T05:00:00.000Z,6.992199
2005-11-18T05:00:00.000Z,9.411088
2005-11-19T05:00:00.000Z,10.271968
2005-11-20T05:00:00.000Z,9.0780325
2005-11-21T05:00:00.000Z,8.573876
2005-11-22T05:00:00.000Z,3.0863757
2005-11-23T05:00:00.000Z,8.271928
2005-11-24T05:00:00.000Z,8.222604
2005-11-25T05:00:00.000Z,10.0135975
2005-11-26T05:00:00.000Z,9.719454
2005-11-27T05:00:00.000Z,9.685778
2005-11-28T05:00:00.000Z,10.209669
2005-11-29T05:00:00.000Z,10.2198715
2005-11-30T05:00:00.000Z,10.162379
2005-12-01T05:00:00.000Z,9.939967
2005-12-02T05:00:00.000Z,10.012318
2005-12-03T05:00:00.000Z,9.587241
2005-12-04T05:00:00.000Z,9.277572
2005-12-05T05:00:00.000Z,9.155507
2005-12-06T05:00:00.000Z,
2005-12-07T05:00:00.000Z,9.3598795
2005-12-08T05:00:00.000Z,8.930179
2005-12-09T05:00:00.000Z,9.644405
2005-12-10T05:00:00.000Z,9.500434
2005-12-11T05:00:00.000Z,9.593188
2005-12-12T05:00:00.000Z,8.2608795
2005-12-13T05:00:00.000Z,8.407539
2005-12-14T05:00:00.000Z,10.015061
2005-12-15T05:00:00.000Z,9.807651
2005-12-16T05:00:00.000Z,10.457661
2005-12-17T05:00:00.000Z,10.147318
2005-12-18T05:00:00.000Z,10.103412
2005-12-19T05:00:00.000Z,9.83928
2005-12-20T05:00:00.000Z,9.489726
2005-12-21T05:00:00.000Z,9.2704525
2005-12-22T05:00:00.000Z,9.702432
2005-12-23T05:00:00.000Z,9.480284
2005-12-24T05:00:00.000Z,9.2802925
2005-12-25T05:00:00.000Z,9.489497
2005-12-26T05:00:00.000Z,9.025526
2005-12-27T05:00:00.000Z,9.658166
2005-12-28T05:00:00.000Z,10.028496
2005-12-29T05:00:00.000Z,9.772087
2005-12-30T05:00:00.000Z,10.158609
2005-12-31T05:00:00.000Z,9.75564
2006-01-01T05:00:00.000Z,10.175989
2006-01-02T05:00:00.000Z,10.423343
2006-01-03T05:00:00.000Z,9.323453
2006-01-04T05:00:00.000Z,7.988996
2006-01-05T05:00:00.000Z,8.0682125
2006-01-06T05:00:00.000Z,7.0986342
2006-01-07T05:00:00.000Z,
2006-01-08T05:00:00.000Z,9.498957
2006-01-09T05:00:00.000Z,10.540638
2006-01-10T05:00:00.000Z,10.281474
2006-01-11T05:00:00.000Z,10.343796
2006-01-12T05:00:00.000Z,10.13379
2006-01-13T05:00:00.000Z,10.251439
2006-01-14T05:00:00.000Z,10.04316
2006-01-15T05:00:00.000Z,10.073532
2006-01-16T05:00:00.000Z,9.945676
2006-01-17T05:00:00.000Z,10.547163
2006-01-18T05:00:00.000Z,9.577653
2006-01-19T05:00:00.000Z,10.209057
2006-01-20T05:00:00.000Z,10.594534
2006-01-21T05:00:00.000Z,11.172021
2006-01-22T05:00:00.000Z,11.350436
2006-01-23T05:00:00.000Z,10.891698
2006-01-24T05:00:00.000Z,10.701582
2006-01-25T05:00:00.000Z,10.834662
2006-01-26T05:00:00.000Z,10.957276
2006-01-27T05:00:00.000Z,9.6591835
2006-01-28T05:00:00.000Z,10.357194
2006-01-29T05:00:00.000Z,9.792785
2006-01-30T05:00:00.000Z,11.098943
2006-01-31T05:00:00.000Z,11.53861
2006-02-01T05:00:00.000Z,8.944315
2006-02-02T05:00:00.000Z,9.961708
2006-02-03T05:00:00.000Z,8.484665
2006-02-04T05:00:00.000Z,10.108071
2006-02-05T05:00:00.000Z,10.244482
2006-02-06T05:00:00.000Z,12.234463
2006-02-07T05:00:00.000Z,11.759128
2006-02-08T05:00:00.000Z,
2006-02-09T05:00:00.000Z,11.929331
2006-02-10T05:00:00.000Z,12.434745
2006-02-11T05:00:00.000Z,12.418566
2006-02-12T05:00:00.000Z,11.877457
2006-02-13T05:00:00.000Z,11.549792
2006-02-14T05:00:00.000Z,12.774954
2006-02-15T05:00:00.000Z,13.011948
2006-02-16T05:00:00.000Z,13.077055
2006-02-17T05:00:00.000Z,12.645441
2006-02-18T05:00:00.000Z,12.423124
2006-02-19T05:00:00.000Z,12.7354145
2006-02-20T05:00:00.000Z,13.031418
2006-02-21T05:00:00.000Z,12.509735
2006-02-22T05:00:00.000Z,12.746365
2006-02-23T05:00:00.000Z,13.483398
2006-02-24T05:00:00.000Z,13.652677
2006-02-25T05:00:00.000Z,13.693316
2006-02-26T05:00:00.000Z,13.036897
2006-02-27T05:00:00.000Z,11.565032
2006-02-28T05:00:00.000Z,
2006-03-02T05:00:00.000Z,
2006-03-03T05:00:00.000Z,12.880431
2006-03-04T05:00:00.000Z,12.69588
2006-03-05T05:00:00.000Z,12.652673
2006-03-06T05:00:00.000Z,12.33185
2006-03-07T05:00:00.000Z,10.190987
2006-03-08T05:00:00.000Z,12.232924
2006-03-09T05:00:00.000Z,11.796056
2006-03-10T05:00:00.000Z,12.539389
2006-03-11T05:00:00.000Z,13.120404
2006-03-12T05:00:00.000Z,13.05501
2006-03-13T05:00:00.000Z,13.4988985
2006-03-14T05:00:00.000Z,13.014405
2006-03-15T05:00:00.000Z,12.754213
2006-03-16T05:00:00.000Z,12.380209
2006-03-17T05:00:00.000Z,11.9842
2006-03-18T05:00:00.000Z,12.329509
2006-03-19T05:00:00.000Z,13.510012
2006-03-20T05:00:00.000Z,13.26174
2006-03-21T05:00:00.000Z,12.643695
2006-03-22T05:00:00.000Z,11.888941
2006-03-23T05:00:00.000Z,9.752034
2006-03-24T05:00:00.000Z,5.5951686
2006-03-25T05:00:00.000Z,10.3940325
2006-03-26T05:00:00.000Z,10.417536
2006-03-27T05:00:00.000Z,11.160112
2006-03-28T05:00:00.000Z,11.387798
2006-03-29T05:00:00.000Z,13.827728
2006-03-30T05:00:00.000Z,12.403593
2006-03-31T05:00:00.000Z,11.690553
2006-04-01T05:00:00.000Z,12.881192
2006-04-02T05:00:00.000Z,13.781162
2006-04-03T05:00:00.000Z,12.533781
2006-04-04T05:00:00.000Z,13.711026
2006-04-05T05:00:00.000Z,12.043398
2006-04-06T05:00:00.000Z,11.72117
2006-04-07T05:00:00.000Z,12.031261
2006-04-08T05:00:00.000Z,11.595089
2006-04-09T05:00:00.000Z,10.053529
2006-04-10T05:00:00.000Z,12.236968
2006-04-11T05:00:00.000Z,13.256508
2006-04-12T05:00:00.000Z,11.931875
2006-04-13T05:00:00.000Z,
2006-04-14T05:00:00.000Z,12.511388
2006-04-15T05:00:00.000Z,11.58076
2006-04-16T05:00:00.000Z,13.6310835
2006-04-17T05:00:00.000Z,12.613222
2006-04-18T05:00:00.000Z,10.119179
2006-04-19T05:00:00.000Z,11.047896
2006-04-20T05:00:00.000Z,13.408261
2006-04-21T05:00:00.000Z,13.662615
2006-04-22T05:00:00.000Z,13.53993
2006-04-23T05:00:00.000Z,12.331089
2006-04-24T05:00:00.000Z,10.0114155
2006-04-25T05:00:00.000Z,12.549321
2006-04-26T05:00:00.000Z,7.043942
2006-04-27T05:00:00.000Z,9.145819
2006-04-28T05:00:00.000Z,10.673957
2006-04-29T05:00:00.000Z,11.856369
2006-04-30T05:00:00.000Z,10.655236
2006-05-01T05:00:00.000Z,11.777951
2006-05-02T05:00:00.000Z,9.639972
2006-05-03T05:00:00.000Z,10.715707
2006-05-04T05:00:00.000Z,11.444127
2006-05-05T05:00:00.000Z,7.4025326
2006-05-06T05:00:00.000Z,10.801627
2006-05-07T05:00:00.000Z,11.517418
2006-05-08T05:00:00.000Z,8.780678
2006-05-09T05:00:00.000Z,12.227088
2006-05-10T05:00:00.000Z,6.511534
2006-05-11T05:00:00.000Z,11.378667
2006-05-12T05:00:00.000Z,11.521426
2006-05-13T05:00:00.000Z,11.824336
2006-05-14T05:00:00.000Z,12.665666
2006-05-15T05:00:00.000Z,13.255048
2006-05-16T05:00:00.000Z,10.005078
2006-05-17T05:00:00.000Z,10.831891
2006-05-18T05:00:00.000Z,12.2441
2006-05-19T05:00:00.000Z,10.3474245
2006-05-20T05:00:00.000Z,11.903225
2006-05-21T05:00:00.000Z,10.776439
2006-05-22T05:00:00.000Z,11.933077
2006-05-23T05:00:00.000Z,12.5868635
2006-05-24T05:00:00.000Z,11.401551
2006-05-25T05:00:00.000Z,11.488945
2006-05-26T05:00:00.000Z,11.5282955
2006-05-27T05:00:00.000Z,11.156936
2006-05-28T05:00:00.000Z,11.141842
2006-05-29T05:00:00.000Z,8.185096
2006-05-30T05:00:00.000Z,12.460443
2006-05-31T05:00:00.000Z,10.365191
2006-06-01T05:00:00.000Z,3.6252053
2006-06-02T05:00:00.000Z,7.102295
2006-06-03T05:00:00.000Z,11.38277
2006-06-04T05:00:00.000Z,9.863307
2006-06-05T05:00:00.000Z,9.451467
2006-06-06T05:00:00.000Z,9.273183
2006-06-07T05:00:00.000Z,8.538939
2006-06-08T05:00:00.000Z,11.319958
2006-06-09T05:00:00.000Z,9.920658
2006-06-10T05:00:00.000Z,10.024493
2006-06-11T05:00:00.000Z,10.541976
2006-06-12T05:00:00.000Z,11.131207
2006-06-13T05:00:00.000Z,11.55041
2006-06-14T05:00:00.000Z,11.66219
2006-06-15T05:00:00.000Z,9.656778
2006-06-16T05:00:00.000Z,
2006-06-17T05:00:00.000Z,11.395865
2006-06-18T05:00:00.000Z,9.829402
2006-06-19T05:00:00.000Z,11.433708
2006-06-20T05:00:00.000Z,10.025421
2006-06-21T05:00:00.000Z,8.671904
2006-06-22T05:00:00.000Z,11.503697
2006-06-23T05:00:00.000Z,10.836662
2006-06-24T05:00:00.000Z,11.928493
2006-06-25T05:00:00.000Z,11.288272
2006-06-26T05:00:00.000Z,10.091459
2006-06-27T05:00:00.000Z,11.297195
2006-06-28T05:00:00.000Z,10.879224
2006-06-29T05:00:00.000Z,11.646917
2006-06-30T05:00:00.000Z,12.486292
2006-07-01T05:00:00.000Z,12.2820215
2006-07-02T05:00:00.000Z,11.632116
2006-07-03T05:00:00.000Z,11.9308405
2006-07-04T05:00:00.000Z,9.092002
2006-07-05T05:00:00.000Z,9.912634
2006-07-06T05:00:00.000Z,10.822986
2006-07-07T05:00:00.000Z,11.401924
2006-07-08T05:00:00.000Z,9.548362
2006-07-09T05:00:00.000Z,11.052983
2006-07-10T05:00:00.000Z,11.576081
2006-07-11T05:00:00.000Z,10.723429
2006-07-12T05:00:00.000Z,10.626051
2006-07-13T05:00:00.000Z,10.175584
2006-07-14T05:00:00.000Z,9.347516
2006-07-15T05:00:00.000Z,8.629584
2006-07-16T05:00:00.000Z,8.6303625
2006-07-17T05:00:00.000Z,7.0060573
2006-07-18T05:00:00.000Z,
2006-07-19T05:00:00.000Z,11.72259
2006-07-20T05:00:00.000Z,10.521534
2006-07-21T05:00:00.000Z,11.166878
2006-07-22T05:00:00.000Z,7.4473763
2006-07-23T05:00:00.000Z,8.671478
2006-07-24T05:00:00.000Z,11.904405
2006-07-25T05:00:00.000Z,11.700411
2006-07-26T05:00:00.000Z,10.85183
2006-07-27T05:00:00.000Z,6.9096937
2006-07-28T05:00:00.000Z,9.504829
2006-07-29T05:00:00.000Z,10.5955515
2006-07-30T05:00:00.000Z,11.573417
2006-07-31T05:00:00.000Z,9.939762
2006-08-01T05:00:00.000Z,11.829325
2006-08-02T05:00:00.000Z,11.780206
2006-08-03T05:00:00.000Z,11.1385765
2006-08-04T05:00:00.000Z,10.48728
2006-08-05T05:00:00.000Z,11.855493
2006-08-06T05:00:00.000Z,12.00901
2006-08-07T05:00:00.000Z,9.521354
2006-08-08T05:00:00.000Z,11.433487
2006-08-09T05:00:00.000Z,9.03431
2006-08-10T05:00:00.000Z,11.855902
2006-08-11T05:00:00.000Z,10.580736
2006-08-12T05:00:00.000Z,11.743063
2006-08-13T05:00:00.000Z,11.858002
2006-08-14T05:00:00.000Z,11.20335
2006-08-15T05:00:00.000Z,8.485017
2006-08-16T05:00:00.000Z,9.932041
2006-08-17T05:00:00.000Z,7.069703
2006-08-18T05:00:00.000Z,8.415129
2006-08-19T05:00:00.000Z,
2006-08-20T05:00:00.000Z,12.692995
2006-08-21T05:00:00.000Z,10.761539
2006-08-22T05:00:00.000Z,11.110011
2006-08-23T05:00:00.000Z,11.185864
2006-08-24T05:00:00.000Z,10.224463
2006-08-25T05:00:00.000Z,6.654702
2006-08-26T05:00:00.000Z,10.319733
2006-08-27T05:00:00.000Z,11.297303
2006-08-28T05:00:00.000Z,10.682234
2006-08-29T05:00:00.000Z,12.384597
2006-08-30T05:00:00.000Z,9.494224
2006-08-31T05:00:00.000Z,12.449774
2006-09-01T05:00:00.000Z,8.629599
2006-09-02T05:00:00.000Z,9.895054
2006-09-03T05:00:00.000Z,11.477402
2006-09-04T05:00:00.000Z,10.852445
2006-09-05T05:00:00.000Z,12.035032
2006-09-06T05:00:00.000Z,11.972683
2006-09-07T05:00:00.000Z,7.488849
2006-09-08T05:00:00.000Z,10.7896185
2006-09-09T05:00:00.000Z,12.72051
2006-09-10T05:00:00.000Z,10.680608
2006-09-11T05:00:00.000Z,10.873817
2006-09-12T05:00:00.000Z,10.62169
2006-09-13T05:00:00.000Z,8.929497
2006-09-14T05:00:00.000Z,9.719966
2006-09-15T05:00:00.000Z,10.458925
2006-09-16T05:00:00.000Z,11.822801
2006-09-17T05:00:00.000Z,10.489463
2006-09-18T05:00:00.000Z,10.700287
2006-09-19T05:00:00.000Z,10.916992
2006-09-20T05:00:00.000Z,
2006-09-21T05:00:00.000Z,12.76501
2006-09-22T05:00:00.000Z,11.40772
2006-09-23T05:00:00.000Z,12.356096
2006-09-24T05:00:00.000Z,11.145087
2006-09-25T05:00:00.000Z,11.946332
2006-09-26T05:00:00.000Z,11.880541
2006-09-27T05:00:00.000Z,12.765039
2006-09-28T05:00:00.000Z,11.662388
2006-09-29T05:00:00.000Z,11.5494995
2006-09-30T05:00:00.000Z,9.97069
2006-10-01T05:00:00.000Z,11.369124
2006-10-02T05:00:00.000Z,11.250478
2006-10-03T05:00:00.000Z,6.436112
2006-10-04T05:00:00.000Z,10.127626
2006-10-05T05:00:00.000Z,12.027889
2006-10-06T05:00:00.000Z,12.0953865
2006-10-07T05:00:00.000Z,11.447231
2006-10-08T05:00:00.000Z,9.068629
2006-10-09T05:00:00.000Z,9.09843
2006-10-10T05:00:00.000Z,10.530575
2006-10-11T05:00:00.000Z,8.754296
2006-10-12T05:00:00.000Z,10.558119
2006-10-13T05:00:00.000Z,11.041533
2006-10-14T05:00:00.000Z,9.947675
2006-10-15T05:00:00.000Z,10.914657
2006-10-16T05:00:00.000Z,8.953283
2006-10-17T05:00:00.000Z,7.519278
2006-10-18T05:00:00.000Z,8.711201
2006-10-19T05:00:00.000Z,5.4280314
2006-10-20T05:00:00.000Z,10.076268
2006-10-21T05:00:00.000Z,11.89423
2006-10-22T05:00:00.000Z,
2006-10-23T05:00:00.000Z,9.703009
2006-10-24T05:00:00.000Z,10.606994
2006-10-25T05:00:00.000Z,10.749759
2006-10-26T05:00:00.000Z,9.727163
2006-10-27T05:00:00.000Z,11.003749
2006-10-28T05:00:00.000Z,10.25128
2006-10-29T05:00:00.000Z,7.425893
2006-10-30T05:00:00.000Z,11.0678
2006-10-31T05:00:00.000Z,9.692139
2006-11-01T05:00:00.000Z,11.328374
2006-11-02T05:00:00.000Z,10.495722
2006-11-03T05:00:00.000Z,11.163696
2006-11-04T05:00:00.000Z,10.483515
2006-11-05T05:00:00.000Z,9.90278
2006-11-06T05:00:00.000Z,10.036661
2006-11-07T05:00:00.000Z,8.851602
2006-11-08T05:00:00.000Z,8.587832
2006-11-09T05:00:00.000Z,9.41583
2006-11-10T05:00:00.000Z,9.8759165
2006-11-11T05:00:00.000Z,9.628313
2006-11-12T05:00:00.000Z,6.854324
2006-11-13T05:00:00.000Z,9.625356
2006-11-14T05:00:00.000Z,8.535054
2006-11-15T05:00:00.000Z,6.389408
2006-11-16T05:00:00.000Z,10.091194
2006-11-17T05:00:00.000Z,10.019236
2006-11-18T05:00:00.000Z,9.353753
2006-11-19T05:00:00.000Z,7.789466
2006-11-20T05:00:00.000Z,8.078449
2006-11-21T05:00:00.000Z,1.3697655
2006-11-22T05:00:00.000Z,9.978357
2006-11-23T05:00:00.000Z,
2006-11-24T05:00:00.000Z,7.1711082
2006-11-25T05:00:00.000Z,8.903168
2006-11-26T05:00:00.000Z,8.358334
2006-11-27T05:00:00.000Z,8.438971
2006-11-28T05:00:00.000Z,7.7548265
2006-11-29T05:00:00.000Z,8.837242
2006-11-30T05:00:00.000Z,9.171531
2006-12-01T05:00:00.000Z,9.531083
2006-12-02T05:00:00.000Z,9.566215
2006-12-03T05:00:00.000Z,9.355578
2006-12-04T05:00:00.000Z,9.421523
2006-12-05T05:00:00.000Z,9.864874
2006-12-06T05:00:00.000Z,9.4002905
2006-12-07T05:00:00.000Z,9.086124
2006-12-08T05:00:00.000Z,7.9339786
2006-12-09T05:00:00.000Z,9.325557
2006-12-10T05:00:00.000Z,9.4917755
2006-12-11T05:00:00.000Z,9.290162
2006-12-12T05:00:00.000Z,9.305254
2006-12-13T05:00:00.000Z,8.212026
2006-12-14T05:00:00.000Z,8.770093
2006-12-15T05:00:00.000Z,9.824331
2006-12-16T05:00:00.000Z,9.820534
2006-12-17T05:00:00.000Z,9.687661
2006-12-18T05:00:00.000Z,9.707995
2006-12-19T05:00:00.000Z,9.618547
2006-12-20T05:00:00.000Z,7.069802
2006-12-21T05:00:00.000Z,9.012009
2006-12-22T05:00:00.000Z,8.884935
2006-12-23T05:00:00.000Z,9.381695
2006-12-24T05:00:00.000Z,9.510234
2006-12-25T05:00:00.000Z,
2006-12-26T05:00:00.000Z,8.738234
2006-12-27T05:00:00.000Z,8.007433
2006-12-28T05:00:00.000Z,9.923765
2006-12-29T05:00:00.000Z,10.044545
2006-12-30T05:00:00.000Z,10.635416
2006-12-31T05:00:00.000Z,10.088272
2007-01-01T05:00:00.000Z,9.933873
2007-01-02T05:00:00.000Z,10.086712
2007-01-03T05:00:00.000Z,10.0553
2007-01-04T05:00:00.000Z,10.432627
2007-01-05T05:00:00.000Z,10.134705
2007-01-06T05:00:00.000Z,10.444967
2007-01-07T05:00:00.000Z,10.097299
2007-01-08T05:00:00.000Z,10.425035
2007-01-09T05:00:00.000Z,10.144785
2007-01-10T05:00:00.000Z,10.196669
2007-01-11T05:00:00.000Z,10.494603
2007-01-12T05:00:00.000Z,10.5819235
2007-01-13T05:00:00.000Z,10.634101
2007-01-14T05:00:00.000Z,10.5334215
2007-01-15T05:00:00.000Z,10.955522
2007-01-16T05:00:00.000Z,10.5073
2007-01-17T05:00:00.000Z,10.457113
2007-01-18T05:00:00.000Z,10.252021
2007-01-19T05:00:00.000Z,10.604233
2007-01-20T05:00:00.000Z,11.029033
2007-01-21T05:00:00.000Z,11.030404
2007-01-22T05:00:00.000Z,11.313456
2007-01-23T05:00:00.000Z,10.900558
2007-01-24T05:00:00.000Z,11.398299
2007-01-25T05:00:00.000Z,10.893998
2007-01-26T05:00:00.000Z,
2007-01-27T05:00:00.000Z,9.958182
2007-01-28T05:00:00.000Z,10.900135
2007-01-29T05:00:00.000Z,11.292453
2007-01-30T05:00:00.000Z,10.826167
2007-01-31T05:00:00.000Z,11.62643
2007-02-01T05:00:00.000Z,11.6411085
2007-02-02T05:00:00.000Z,11.882898
2007-02-03T05:00:00.000Z,11.6723995
2007-02-04T05:00:00.000Z,11.232396
2007-02-05T05:00:00.000Z,11.525939
2007-02-06T05:00:00.000Z,11.777301
2007-02-07T05:00:00.000Z,12.123571
2007-02-08T05:00:00.000Z,11.938367
2007-02-09T05:00:00.000Z,11.1703005
2007-02-10T05:00:00.000Z,10.629791
2007-02-11T05:00:00.000Z,11.155812
2007-02-12T05:00:00.000Z,12.448043
2007-02-13T05:00:00.000Z,12.245017
2007-02-14T05:00:00.000Z,11.00127
2007-02-15T05:00:00.000Z,11.053227
2007-02-16T05:00:00.000Z,11.580356
2007-02-17T05:00:00.000Z,11.69516
2007-02-18T05:00:00.000Z,9.227675
2007-02-19T05:00:00.000Z,11.871146
2007-02-20T05:00:00.000Z,12.199257
2007-02-21T05:00:00.000Z,11.284814
2007-02-22T05:00:00.000Z,12.390299
2007-02-23T05:00:00.000Z,12.291573
2007-02-24T05:00:00.000Z,11.937731
2007-02-25T05:00:00.000Z,12.834472
2007-02-26T05:00:00.000Z,12.560324
2007-02-27T05:00:00.000Z,
2007-02-28T05:00:00.000Z,13.190262
2007-03-01T05:00:00.000Z,12.750239
2007-03-02T05:00:00.000Z,13.3158
2007-03-03T05:00:00.000Z,13.0395155
2007-03-04T05:00:00.000Z,12.8367405
2007-03-05T05:00:00.000Z,13.032334
2007-03-06T05:00:00.000Z,12.9939
2007-03-07T05:00:00.000Z,13.269404
2007-03-08T05:00:00.000Z,11.197319
2007-03-09T05:00:00.000Z,11.707741
2007-03-10T05:00:00.000Z,12.020944
2007-03-11T05:00:00.000Z,12.324274
2007-03-12T05:00:00.000Z,12.553869
2007-03-13T05:00:00.000Z,13.338846
2007-03-14T05:00:00.000Z,12.897651
2007-03-15T05:00:00.000Z,11.879107
2007-03-16T05:00:00.000Z,11.922884
2007-03-17T05:00:00.000Z,10.568246
2007-03-18T05:00:00.000Z,11.805366
2007-03-19T05:00:00.000Z,12.327682
2007-03-20T05:00:00.000Z,13.08165
2007-03-21T05:00:00.000Z,12.453262
2007-03-22T05:00:00.000Z,10.345784
2007-03-23T05:00:00.000Z,12.593141
2007-03-24T05:00:00.000Z,11.436513
2007-03-25T05:00:00.000Z,11.039023
2007-03-26T05:00:00.000Z,11.686356
2007-03-27T05:00:00.000Z,12.3792095
2007-03-28T05:00:00.000Z,11.90714
2007-03-29T05:00:00.000Z,11.244302
2007-03-30T05:00:00.000Z,9.100053
2007-03-31T05:00:00.000Z,
2007-04-01T05:00:00.000Z,13.154676
2007-04-02T05:00:00.000Z,12.856492
2007-04-03T05:00:00.000Z,8.418015
2007-04-04T05:00:00.000Z,11.900565
2007-04-05T05:00:00.000Z,12.987354
2007-04-06T05:00:00.000Z,12.209181
2007-04-07T05:00:00.000Z,11.251055
2007-04-08T05:00:00.000Z,7.292679
2007-04-09T05:00:00.000Z,10.99553
2007-04-10T05:00:00.000Z,13.035255
2007-04-11T05:00:00.000Z,12.602966
2007-04-12T05:00:00.000Z,13.951488
2007-04-13T05:00:00.000Z,12.445826
2007-04-14T05:00:00.000Z,13.195527
2007-04-15T05:00:00.000Z,13.109179
2007-04-16T05:00:00.000Z,14.423774
2007-04-17T05:00:00.000Z,12.120844
2007-04-18T05:00:00.000Z,11.38769
2007-04-19T05:00:00.000Z,11.628472
2007-04-20T05:00:00.000Z,8.493559
2007-04-21T05:00:00.000Z,11.585641
2007-04-22T05:00:00.000Z,10.1754465
2007-04-23T05:00:00.000Z,11.971157
2007-04-24T05:00:00.000Z,12.441194
2007-04-25T05:00:00.000Z,7.291676
2007-04-26T05:00:00.000Z,11.599338
2007-04-27T05:00:00.000Z,6.376468
2007-04-28T05:00:00.000Z,13.745193
2007-04-29T05:00:00.000Z,12.0390625
2007-04-30T05:00:00.000Z,12.751253
2007-05-01T05:00:00.000Z,9.808938
2007-05-02T05:00:00.000Z,
2007-05-03T05:00:00.000Z,12.129165
2007-05-04T05:00:00.000Z,11.146076
2007-05-05T05:00:00.000Z,11.205722
2007-05-06T05:00:00.000Z,10.423691
2007-05-07T05:00:00.000Z,6.925551
2007-05-08T05:00:00.000Z,8.605054
2007-05-09T05:00:00.000Z,11.692358
2007-05-10T05:00:00.000Z,9.725328
2007-05-11T05:00:00.000Z,12.937339
2007-05-12T05:00:00.000Z,13.270139
2007-05-13T05:00:00.000Z,8.14143
2007-05-14T05:00:00.000Z,12.616708
2007-05-15T05:00:00.000Z,11.7421055
2007-05-16T05:00:00.000Z,11.868897
2007-05-17T05:00:00.000Z,11.694679
2007-05-18T05:00:00.000Z,9.637865
2007-05-19T05:00:00.000Z,9.577098
2007-05-20T05:00:00.000Z,11.09826
2007-05-21T05:00:00.000Z,8.867983
2007-05-22T05:00:00.000Z,9.086953
2007-05-23T05:00:00.000Z,9.867454
2007-05-24T05:00:00.000Z,9.648295
2007-05-25T05:00:00.000Z,10.391012
2007-05-26T05:00:00.000Z,8.469487
2007-05-27T05:00:00.000Z,11.724051
2007-05-28T05:00:00.000Z,7.495593
2007-05-29T05:00:00.000Z,4.4651585
2007-05-30T05:00:00.000Z,12.020591
2007-05-31T05:00:00.000Z,7.4209137
2007-06-01T05:00:00.000Z,11.77629
2007-06-02T05:00:00.000Z,10.400539
2007-06-03T05:00:00.000Z,
2007-06-04T05:00:00.000Z,12.383808
2007-06-05T05:00:00.000Z,11.311464
2007-06-06T05:00:00.000Z,11.91758
2007-06-07T05:00:00.000Z,12.108497
2007-06-08T05:00:00.000Z,7.968774
2007-06-09T05:00:00.000Z,9.705262
2007-06-10T05:00:00.000Z,9.925076
2007-06-11T05:00:00.000Z,12.472056
2007-06-12T05:00:00.000Z,11.062214
2007-06-13T05:00:00.000Z,12.307012
2007-06-14T05:00:00.000Z,11.733005
2007-06-15T05:00:00.000Z,10.047654
2007-06-16T05:00:00.000Z,11.744902
2007-06-17T05:00:00.000Z,12.2393055
2007-06-18T05:00:00.000Z,12.297296
2007-06-19T05:00:00.000Z,11.612733
2007-06-20T05:00:00.000Z,13.176094
2007-06-21T05:00:00.000Z,11.505004
2007-06-22T05:00:00.000Z,12.357636
2007-06-23T05:00:00.000Z,11.341161
2007-06-24T05:00:00.000Z,10.872493
2007-06-25T05:00:00.000Z,12.479565
2007-06-26T05:00:00.000Z,10.739687
2007-06-27T05:00:00.000Z,8.931039
2007-06-28T05:00:00.000Z,12.323317
2007-06-29T05:00:00.000Z,12.392008
2007-06-30T05:00:00.000Z,10.098189
2007-07-01T05:00:00.000Z,9.374354
2007-07-02T05:00:00.000Z,11.015161
2007-07-03T05:00:00.000Z,12.186836
2007-07-04T05:00:00.000Z,12.5906315
2007-07-05T05:00:00.000Z,
2007-07-06T05:00:00.000Z,11.027671
2007-07-07T05:00:00.000Z,10.325482
2007-07-08T05:00:00.000Z,8.6077795
2007-07-09T05:00:00.000Z,11.639365
2007-07-10T05:00:00.000Z,10.99988
2007-07-11T05:00:00.000Z,11.433352
2007-07-12T05:00:00.000Z,12.895228
2007-07-13T05:00:00.000Z,10.900546
2007-07-14T05:00:00.000Z,11.43435
2007-07-15T05:00:00.000Z,10.976368
2007-07-16T05:00:00.000Z,6.747134
2007-07-17T05:00:00.000Z,11.457064
2007-07-18T05:00:00.000Z,11.63637
2007-07-19T05:00:00.000Z,11.061933
2007-07-20T05:00:00.000Z,10.93597
2007-07-21T05:00:00.000Z,9.895552
2007-07-22T05:00:00.000Z,9.982736
2007-07-23T05:00:00.000Z,10.668863
2007-07-24T05:00:00.000Z,10.37781
2007-07-25T05:00:00.000Z,10.13383
2007-07-26T05:00:00.000Z,11.384101
2007-07-27T05:00:00.000Z,10.283581
2007-07-28T05:00:00.000Z,11.391715
2007-07-29T05:00:00.000Z,12.4555855
2007-07-30T05:00:00.000Z,11.49264
2007-07-31T05:00:00.000Z,11.046066
2007-08-01T05:00:00.000Z,11.39126
2007-08-02T05:00:00.000Z,11.655193
2007-08-03T05:00:00.000Z,10.428281
2007-08-04T05:00:00.000Z,11.6286125
2007-08-05T05:00:00.000Z,10.866443
2007-08-06T05:00:00.000Z,
2007-08-07T05:00:00.000Z,11.248923
2007-08-08T05:00:00.000Z,10.676931
2007-08-09T05:00:00.000Z,10.999651
2007-08-10T05:00:00.000Z,9.862456
2007-08-11T05:00:00.000Z,7.8944144
2007-08-12T05:00:00.000Z,10.317713
2007-08-13T05:00:00.000Z,7.616655
2007-08-14T05:00:00.000Z,11.004081
2007-08-15T05:00:00.000Z,10.761063
2007-08-16T05:00:00.000Z,11.911472
2007-08-17T05:00:00.000Z,10.141801
2007-08-18T05:00:00.000Z,11.301961
2007-08-19T05:00:00.000Z,10.056222
2007-08-20T05:00:00.000Z,8.421345
2007-08-21T05:00:00.000Z,8.681997
2007-08-22T05:00:00.000Z,11.096929
2007-08-23T05:00:00.000Z,11.025483
2007-08-24T05:00:00.000Z,10.822377
2007-08-25T05:00:00.000Z,9.781093
2007-08-26T05:00:00.000Z,7.652247
2007-08-27T05:00:00.000Z,12.679484
2007-08-28T05:00:00.000Z,12.611683
2007-08-29T05:00:00.000Z,9.594425
2007-08-30T05:00:00.000Z,10.579268
2007-08-31T05:00:00.000Z,11.256434
2007-09-01T05:00:00.000Z,11.564224
2007-09-02T05:00:00.000Z,9.751683
2007-09-03T05:00:00.000Z,6.8186164
2007-09-04T05:00:00.000Z,11.846732
2007-09-05T05:00:00.000Z,9.377237
2007-09-06T05:00:00.000Z,12.592647
2007-09-07T05:00:00.000Z,
2007-09-08T05:00:00.000Z,12.050406
2007-09-09T05:00:00.000Z,9.071414
2007-09-10T05:00:00.000Z,12.212977
2007-09-11T05:00:00.000Z,12.574253
2007-09-12T05:00:00.000Z,12.754253
2007-09-13T05:00:00.000Z,8.180092
2007-09-14T05:00:00.000Z,10.426982
2007-09-15T05:00:00.000Z,7.685058
2007-09-16T05:00:00.000Z,8.169185
2007-09-17T05:00:00.000Z,12.527867
2007-09-18T05:00:00.000Z,12.489666
2007-09-19T05:00:00.000Z,11.227497
2007-09-20T05:00:00.000Z,8.58228
2007-09-21T05:00:00.000Z,13.050699
2007-09-22T05:00:00.000Z,12.340879
2007-09-23T05:00:00.000Z,8.300028
2007-09-24T05:00:00.000Z,9.701138
2007-09-25T05:00:00.000Z,9.602977
2007-09-26T05:00:00.000Z,9.473962
2007-09-27T05:00:00.000Z,11.929326
2007-09-28T05:00:00.000Z,12.698978
2007-09-29T05:00:00.000Z,11.291639
2007-09-30T05:00:00.000Z,7.527462
2007-10-01T05:00:00.000Z,8.523846
2007-10-02T05:00:00.000Z,10.695965
2007-10-03T05:00:00.000Z,7.2575502
2007-10-04T05:00:00.000Z,10.250848
2007-10-05T05:00:00.000Z,9.800108
2007-10-06T05:00:00.000Z,9.831967
2007-10-07T05:00:00.000Z,2.7570982
2007-10-08T05:00:00.000Z,12.1979885
2007-10-09T05:00:00.000Z,
2007-10-10T05:00:00.000Z,9.3287
2007-10-11T05:00:00.000Z,11.250434
2007-10-12T05:00:00.000Z,11.663302
2007-10-13T05:00:00.000Z,9.698875
2007-10-14T05:00:00.000Z,11.685325
2007-10-15T05:00:00.000Z,8.289412
2007-10-16T05:00:00.000Z,7.86328
2007-10-17T05:00:00.000Z,11.176668
2007-10-18T05:00:00.000Z,7.797991
2007-10-19T05:00:00.000Z,8.612327
2007-10-20T05:00:00.000Z,6.387349
2007-10-21T05:00:00.000Z,10.423483
2007-10-22T05:00:00.000Z,10.827147
2007-10-23T05:00:00.000Z,8.80636
2007-10-24T05:00:00.000Z,9.788534
2007-10-25T05:00:00.000Z,3.4100206
2007-10-26T05:00:00.000Z,8.584913
2007-10-27T05:00:00.000Z,9.722027
2007-10-28T05:00:00.000Z,8.171616
2007-10-29T05:00:00.000Z,10.143585
2007-10-30T05:00:00.000Z,10.842225
2007-10-31T05:00:00.000Z,9.599075
2007-11-01T05:00:00.000Z,9.140972
2007-11-02T05:00:00.000Z,11.103823
2007-11-03T05:00:00.000Z,7.8205786
2007-11-04T05:00:00.000Z,8.88878
2007-11-05T05:00:00.000Z,10.41439
2007-11-06T05:00:00.000Z,10.345811
2007-11-07T05:00:00.000Z,9.021431
2007-11-08T05:00:00.000Z,9.5568075
2007-11-09T05:00:00.000Z,7.7241726
2007-11-10T05:00:00.000Z,
2007-11-11T05:00:00.000Z,8.970213
2007-11-12T05:00:00.000Z,9.926357
2007-11-13T05:00:00.000Z,9.965555
2007-11-14T05:00:00.000Z,9.844715
2007-11-15T05:00:00.000Z,11.050415
2007-11-16T05:00:00.000Z,10.4155035
2007-11-17T05:00:00.000Z,9.063667
2007-11-18T05:00:00.000Z,9.753811
2007-11-19T05:00:00.000Z,9.280422
2007-11-20T05:00:00.000Z,9.229366
2007-11-21T05:00:00.000Z,7.0378184
2007-11-22T05:00:00.000Z,9.774985
2007-11-23T05:00:00.000Z,9.5900755
2007-11-24T05:00:00.000Z,9.627761
2007-11-25T05:00:00.000Z,10.641249
2007-11-26T05:00:00.000Z,10.337652
2007-11-27T05:00:00.000Z,
2007-11-28T05:00:00.000Z,8.302904
2007-11-29T05:00:00.000Z,9.9159775
2007-11-30T05:00:00.000Z,9.9302025
2007-12-01T05:00:00.000Z,10.115369
2007-12-02T05:00:00.000Z,9.499134
2007-12-03T05:00:00.000Z,9.1575985
2007-12-04T05:00:00.000Z,9.225703
2007-12-05T05:00:00.000Z,9.444175
2007-12-06T05:00:00.000Z,9.842662
2007-12-07T05:00:00.000Z,8.709814
2007-12-08T05:00:00.000Z,8.881792
2007-12-09T05:00:00.000Z,8.904136
2007-12-10T05:00:00.000Z,9.530861
2007-12-11T05:00:00.000Z,9.410138
2007-12-12T05:00:00.000Z,
2007-12-13T05:00:00.000Z,8.752948
2007-12-14T05:00:00.000Z,8.989393
2007-12-15T05:00:00.000Z,7.175012
2007-12-16T05:00:00.000Z,8.216454
2007-12-17T05:00:00.000Z,8.752251
2007-12-18T05:00:00.000Z,9.017742
2007-12-19T05:00:00.000Z,
2007-12-20T05:00:00.000Z,9.16201
2007-12-21T05:00:00.000Z,8.435789
2007-12-22T05:00:00.000Z,9.031233
2007-12-23T05:00:00.000Z,7.8564034
2007-12-24T05:00:00.000Z,8.169018
2007-12-25T05:00:00.000Z,8.772979
2007-12-26T05:00:00.000Z,8.842251
2007-12-27T05:00:00.000Z,9.158922
2007-12-28T05:00:00.000Z,8.918526
2007-12-29T05:00:00.000Z,10.015626
2007-12-30T05:00:00.000Z,9.483188
2007-12-31T05:00:00.000Z,9.849671
2008-01-01T05:00:00.000Z,9.554517
2008-01-02T05:00:00.000Z,9.928664
2008-01-03T05:00:00.000Z,9.680944
2008-01-04T05:00:00.000Z,10.265082
2008-01-05T05:00:00.000Z,10.398827
2008-01-06T05:00:00.000Z,10.089492
2008-01-07T05:00:00.000Z,9.846068
2008-01-08T05:00:00.000Z,8.6479435
2008-01-09T05:00:00.000Z,9.402201
2008-01-10T05:00:00.000Z,9.259685
2008-01-11T05:00:00.000Z,9.7581215
2008-01-12T05:00:00.000Z,10.00204
2008-01-13T05:00:00.000Z,
2008-01-14T05:00:00.000Z,10.727167
2008-01-15T05:00:00.000Z,9.821799
2008-01-16T05:00:00.000Z,10.3487015
2008-01-17T05:00:00.000Z,9.683883
2008-01-18T05:00:00.000Z,10.7916975
2008-01-19T05:00:00.000Z,10.833447
2008-01-20T05:00:00.000Z,10.683976
2008-01-21T05:00:00.000Z,10.580423
2008-01-22T05:00:00.000Z,10.588884
2008-01-23T05:00:00.000Z,10.988243
2008-01-24T05:00:00.000Z,10.469506
2008-01-25T05:00:00.000Z,10.339645
2008-01-26T05:00:00.000Z,11.043302
2008-01-27T05:00:00.000Z,10.689493
2008-01-28T05:00:00.000Z,10.992811
2008-01-29T05:00:00.000Z,10.688764
2008-01-30T05:00:00.000Z,11.443586
2008-01-31T05:00:00.000Z,11.3374195
2008-02-01T05:00:00.000Z,10.977924
2008-02-02T05:00:00.000Z,10.856402
2008-02-03T05:00:00.000Z,10.5650835
2008-02-04T05:00:00.000Z,11.4812155
2008-02-05T05:00:00.000Z,11.321183
2008-02-06T05:00:00.000Z,10.215977
2008-02-07T05:00:00.000Z,10.214644
2008-02-08T05:00:00.000Z,10.749878
2008-02-09T05:00:00.000Z,10.3501625
2008-02-10T05:00:00.000Z,10.887432
2008-02-11T05:00:00.000Z,11.519196
2008-02-12T05:00:00.000Z,11.870595
2008-02-13T05:00:00.000Z,11.797975
2008-02-14T05:00:00.000Z,
2008-02-15T05:00:00.000Z,10.69382
2008-02-16T05:00:00.000Z,10.854783
2008-02-17T05:00:00.000Z,10.733112
2008-02-18T05:00:00.000Z,10.8305025
2008-02-19T05:00:00.000Z,11.607692
2008-02-20T05:00:00.000Z,11.4439
2008-02-21T05:00:00.000Z,10.954939
2008-02-22T05:00:00.000Z,11.767135
2008-02-23T05:00:00.000Z,11.962855
2008-02-24T05:00:00.000Z,12.439152
2008-02-25T05:00:00.000Z,11.858725
2008-02-26T05:00:00.000Z,11.848837
2008-02-27T05:00:00.000Z,11.779645
2008-02-28T05:00:00.000Z,11.076495
2008-02-29T05:00:00.000Z,12.8891325
2008-03-01T05:00:00.000Z,11.90208
2008-03-02T05:00:00.000Z,12.043999
2008-03-03T05:00:00.000Z,11.851785
2008-03-04T05:00:00.000Z,11.581682
2008-03-05T05:00:00.000Z,9.045709
2008-03-06T05:00:00.000Z,11.412215
2008-03-07T05:00:00.000Z,12.108958
2008-03-08T05:00:00.000Z,11.146773
2008-03-09T05:00:00.000Z,12.471551
2008-03-10T05:00:00.000Z,11.227376
2008-03-11T05:00:00.000Z,11.613102
2008-03-12T05:00:00.000Z,11.762905
2008-03-13T05:00:00.000Z,9.866333
2008-03-14T05:00:00.000Z,8.364658
2008-03-15T05:00:00.000Z,11.532349
2008-03-16T05:00:00.000Z,13.261128
2008-03-17T05:00:00.000Z,
2008-03-18T05:00:00.000Z,13.14987
2008-03-19T05:00:00.000Z,12.567002
2008-03-20T05:00:00.000Z,13.216499
2008-03-21T05:00:00.000Z,12.8240795
2008-03-22T05:00:00.000Z,12.368923
2008-03-23T05:00:00.000Z,11.216139
2008-03-24T05:00:00.000Z,12.0911255
2008-03-25T05:00:00.000Z,10.280949
2008-03-26T05:00:00.000Z,11.48582
2008-03-27T05:00:00.000Z,13.071572
2008-03-28T05:00:00.000Z,11.174984
2008-03-29T05:00:00.000Z,11.938626
2008-03-30T05:00:00.000Z,11.855428
2008-03-31T05:00:00.000Z,11.780016
2008-04-01T05:00:00.000Z,10.199905
2008-04-02T05:00:00.000Z,12.624196
2008-04-03T05:00:00.000Z,11.782409
2008-04-04T05:00:00.000Z,13.175755
2008-04-05T05:00:00.000Z,12.739204
2008-04-06T05:00:00.000Z,13.518673
2008-04-07T05:00:00.000Z,11.753376
2008-04-08T05:00:00.000Z,12.955317
2008-04-09T05:00:00.000Z,13.330829
2008-04-10T05:00:00.000Z,11.790025
2008-04-11T05:00:00.000Z,12.227689
2008-04-12T05:00:00.000Z,12.648273
2008-04-13T05:00:00.000Z,12.577801
2008-04-14T05:00:00.000Z,11.779023
2008-04-15T05:00:00.000Z,12.0815115
2008-04-16T05:00:00.000Z,13.638159
2008-04-17T05:00:00.000Z,13.750988
2008-04-18T05:00:00.000Z,
2008-04-19T05:00:00.000Z,12.159349
2008-04-20T05:00:00.000Z,12.353168
2008-04-21T05:00:00.000Z,12.5138235
2008-04-22T05:00:00.000Z,10.2189
2008-04-23T05:00:00.000Z,11.711787
2008-04-24T05:00:00.000Z,9.6132
2008-04-25T05:00:00.000Z,11.393898
2008-04-26T05:00:00.000Z,13.506835
2008-04-27T05:00:00.000Z,11.141442
2008-04-28T05:00:00.000Z,8.193053
2008-04-29T05:00:00.000Z,12.510053
2008-04-30T05:00:00.000Z,9.449159
2008-05-01T05:00:00.000Z,10.2058935
2008-05-02T05:00:00.000Z,10.833554
2008-05-03T05:00:00.000Z,11.381041
2008-05-04T05:00:00.000Z,11.761906
2008-05-05T05:00:00.000Z,11.6990385
2008-05-06T05:00:00.000Z,10.991115
2008-05-07T05:00:00.000Z,12.293547
2008-05-08T05:00:00.000Z,8.2269
2008-05-09T05:00:00.000Z,8.89421
2008-05-10T05:00:00.000Z,12.764622
2008-05-11T05:00:00.000Z,9.9533825
2008-05-12T05:00:00.000Z,10.555748
2008-05-13T05:00:00.000Z,11.399054
2008-05-14T05:00:00.000Z,12.231471
2008-05-15T05:00:00.000Z,10.9908085
2008-05-16T05:00:00.000Z,10.884588
2008-05-17T05:00:00.000Z,9.883166
2008-05-18T05:00:00.000Z,7.3127584
2008-05-19T05:00:00.000Z,8.204444
2008-05-20T05:00:00.000Z,
2008-05-21T05:00:00.000Z,11.216398
2008-05-22T05:00:00.000Z,10.311989
2008-05-23T05:00:00.000Z,10.455829
2008-05-24T05:00:00.000Z,8.911589
2008-05-25T05:00:00.000Z,7.988702
2008-05-26T05:00:00.000Z,10.028228
2008-05-27T05:00:00.000Z,6.0636525
2008-05-28T05:00:00.000Z,8.262755
2008-05-29T05:00:00.000Z,12.499092
2008-05-30T05:00:00.000Z,12.404126
2008-05-31T05:00:00.000Z,11.0044985
2008-06-01T05:00:00.000Z,11.628729
2008-06-02T05:00:00.000Z,10.522091
2008-06-03T05:00:00.000Z,7.4020844
2008-06-04T05:00:00.000Z,8.991374
2008-06-05T05:00:00.000Z,10.755374
2008-06-06T05:00:00.000Z,9.200438
2008-06-07T05:00:00.000Z,9.625135
2008-06-08T05:00:00.000Z,7.8507547
2008-06-09T05:00:00.000Z,10.557888
2008-06-10T05:00:00.000Z,10.449362
2008-06-11T05:00:00.000Z,11.20948
2008-06-12T05:00:00.000Z,11.5063095
2008-06-13T05:00:00.000Z,11.171372
2008-06-14T05:00:00.000Z,9.854886
2008-06-15T05:00:00.000Z,9.863773
2008-06-16T05:00:00.000Z,11.038946
2008-06-17T05:00:00.000Z,11.001519
2008-06-18T05:00:00.000Z,11.2918
2008-06-19T05:00:00.000Z,10.315725
2008-06-20T05:00:00.000Z,11.475436
2008-06-21T05:00:00.000Z,
2008-06-22T05:00:00.000Z,2.3944314
2008-06-23T05:00:00.000Z,7.4463253
2008-06-24T05:00:00.000Z,10.827392
2008-06-25T05:00:00.000Z,7.548825
2008-06-26T05:00:00.000Z,11.126547
2008-06-27T05:00:00.000Z,11.205774
2008-06-28T05:00:00.000Z,10.260757
2008-06-29T05:00:00.000Z,11.658374
2008-06-30T05:00:00.000Z,9.878484
2008-07-01T05:00:00.000Z,9.562677
2008-07-02T05:00:00.000Z,9.3368
2008-07-03T05:00:00.000Z,9.35329
2008-07-04T05:00:00.000Z,9.892647
2008-07-05T05:00:00.000Z,9.900873
2008-07-06T05:00:00.000Z,9.466766
2008-07-07T05:00:00.000Z,9.561558
2008-07-08T05:00:00.000Z,8.91245
2008-07-09T05:00:00.000Z,5.320102
2008-07-10T05:00:00.000Z,10.2664175
2008-07-11T05:00:00.000Z,9.187404
2008-07-12T05:00:00.000Z,10.635163
2008-07-13T05:00:00.000Z,10.231696
2008-07-14T05:00:00.000Z,9.926097
2008-07-15T05:00:00.000Z,7.1712294
2008-07-16T05:00:00.000Z,9.219256
2008-07-17T05:00:00.000Z,10.205619
2008-07-18T05:00:00.000Z,10.230972
2008-07-19T05:00:00.000Z,9.950552
2008-07-20T05:00:00.000Z,10.882786
2008-07-21T05:00:00.000Z,11.5931425
2008-07-22T05:00:00.000Z,9.848835
2008-07-23T05:00:00.000Z,
2008-07-24T05:00:00.000Z,11.487851
2008-07-25T05:00:00.000Z,10.891821
2008-07-26T05:00:00.000Z,9.329473
2008-07-27T05:00:00.000Z,10.142308
2008-07-28T05:00:00.000Z,9.555437
2008-07-29T05:00:00.000Z,8.624599
2008-07-30T05:00:00.000Z,9.895872
2008-07-31T05:00:00.000Z,6.3819633
2008-08-01T05:00:00.000Z,11.090709
2008-08-02T05:00:00.000Z,5.7645435
2008-08-03T05:00:00.000Z,10.550092
2008-08-04T05:00:00.000Z,10.832824
2008-08-05T05:00:00.000Z,11.364027
2008-08-06T05:00:00.000Z,7.9800386
2008-08-07T05:00:00.000Z,12.484078
2008-08-08T05:00:00.000Z,11.425588
2008-08-09T05:00:00.000Z,11.170157
2008-08-10T05:00:00.000Z,9.723421
2008-08-11T05:00:00.000Z,5.84811
2008-08-12T05:00:00.000Z,11.042046
2008-08-13T05:00:00.000Z,9.85313
2008-08-14T05:00:00.000Z,7.1779404
2008-08-15T05:00:00.000Z,11.624487
2008-08-16T05:00:00.000Z,8.998029
2008-08-17T05:00:00.000Z,10.541805
2008-08-18T05:00:00.000Z,10.165781
2008-08-19T05:00:00.000Z,10.483179
2008-08-20T05:00:00.000Z,11.170733
2008-08-21T05:00:00.000Z,9.1085005
2008-08-22T05:00:00.000Z,10.560136
2008-08-23T05:00:00.000Z,9.327814
2008-08-24T05:00:00.000Z,
2008-08-25T05:00:00.000Z,10.914853
2008-08-26T05:00:00.000Z,8.936907
2008-08-27T05:00:00.000Z,9.980066
2008-08-28T05:00:00.000Z,10.342363
2008-08-29T05:00:00.000Z,11.6997795
2008-08-30T05:00:00.000Z,12.0085
2008-08-31T05:00:00.000Z,11.705689
2008-09-01T05:00:00.000Z,4.5938954
2008-09-02T05:00:00.000Z,11.289027
2008-09-03T05:00:00.000Z,12.519976
2008-09-04T05:00:00.000Z,8.4185295
2008-09-05T05:00:00.000Z,12.97303
2008-09-06T05:00:00.000Z,12.725387
2008-09-07T05:00:00.000Z,11.896041
2008-09-08T05:00:00.000Z,12.412363
2008-09-09T05:00:00.000Z,11.095761
2008-09-10T05:00:00.000Z,12.851713
2008-09-11T05:00:00.000Z,11.696273
2008-09-12T05:00:00.000Z,11.21717
2008-09-13T05:00:00.000Z,10.800359
2008-09-14T05:00:00.000Z,9.7106695
2008-09-15T05:00:00.000Z,9.070704
2008-09-16T05:00:00.000Z,9.190038
2008-09-17T05:00:00.000Z,4.954857
2008-09-18T05:00:00.000Z,11.758927
2008-09-19T05:00:00.000Z,10.211869
2008-09-20T05:00:00.000Z,8.306677
2008-09-21T05:00:00.000Z,12.65793
2008-09-22T05:00:00.000Z,10.682322
2008-09-23T05:00:00.000Z,10.2789345
2008-09-24T05:00:00.000Z,11.496679
2008-09-25T05:00:00.000Z,
2008-09-26T05:00:00.000Z,10.728578
2008-10-01T05:00:00.000Z,9.261074
2008-10-02T05:00:00.000Z,9.340569
2008-10-03T05:00:00.000Z,7.163244
2008-10-04T05:00:00.000Z,8.275661
2008-10-05T05:00:00.000Z,5.6076975
2008-10-06T05:00:00.000Z,11.209057
2008-10-07T05:00:00.000Z,8.464772
2008-10-08T05:00:00.000Z,11.164292
2008-10-09T05:00:00.000Z,10.044468
2008-10-10T05:00:00.000Z,7.903522
2008-10-11T05:00:00.000Z,10.908851
2008-10-12T05:00:00.000Z,11.25631
2008-10-13T05:00:00.000Z,9.753389
2008-10-14T05:00:00.000Z,7.073317
2008-10-15T05:00:00.000Z,9.479705
2008-10-16T05:00:00.000Z,8.491222
2008-10-17T05:00:00.000Z,12.49949
2008-10-18T05:00:00.000Z,11.375845
2008-10-19T05:00:00.000Z,10.980095
2008-10-20T05:00:00.000Z,8.864149
2008-10-21T05:00:00.000Z,10.1406145
2008-10-22T05:00:00.000Z,10.629963
2008-10-23T05:00:00.000Z,10.680727
2008-10-24T05:00:00.000Z,10.947456
2008-10-25T05:00:00.000Z,11.434222
2008-10-26T05:00:00.000Z,11.361786
2008-10-27T05:00:00.000Z,
2008-10-28T05:00:00.000Z,10.403994
2008-10-29T05:00:00.000Z,10.365732
2008-10-30T05:00:00.000Z,9.788111
2008-10-31T05:00:00.000Z,9.688173
2008-11-01T05:00:00.000Z,8.011904
2008-11-02T05:00:00.000Z,10.422082
2008-11-03T05:00:00.000Z,10.497506
2008-11-04T05:00:00.000Z,2.8684146
2008-11-05T05:00:00.000Z,9.100248
2008-11-06T05:00:00.000Z,9.140124
2008-11-07T05:00:00.000Z,9.537714
2008-11-08T05:00:00.000Z,8.245388
2008-11-09T05:00:00.000Z,10.073086
2008-11-10T05:00:00.000Z,10.070526
2008-11-11T05:00:00.000Z,10.546865
2008-11-12T05:00:00.000Z,9.773808
2008-11-13T05:00:00.000Z,8.461754
2008-11-14T05:00:00.000Z,9.6512985
2008-11-15T05:00:00.000Z,8.5322485
2008-11-16T05:00:00.000Z,8.75836
2008-11-17T05:00:00.000Z,8.828322
2008-11-18T05:00:00.000Z,8.623518
2008-11-19T05:00:00.000Z,7.84448
2008-11-20T05:00:00.000Z,9.550936
2008-11-21T05:00:00.000Z,9.070537
2008-11-22T05:00:00.000Z,8.134106
2008-11-23T05:00:00.000Z,7.2845216
2008-11-24T05:00:00.000Z,7.874525
2008-11-25T05:00:00.000Z,2.8848155
2008-11-26T05:00:00.000Z,5.0432744
2008-11-27T05:00:00.000Z,5.3958383
2008-11-28T05:00:00.000Z,
2008-11-29T05:00:00.000Z,9.332855
2008-11-30T05:00:00.000Z,9.353365
2008-12-01T05:00:00.000Z,6.352557
2008-12-02T05:00:00.000Z,8.465586
2008-12-03T05:00:00.000Z,9.203743
2008-12-04T05:00:00.000Z,9.0910845
2008-12-05T05:00:00.000Z,9.277282
2008-12-06T05:00:00.000Z,9.4092865
2008-12-07T05:00:00.000Z,9.201735
2008-12-08T05:00:00.000Z,8.236986
2008-12-09T05:00:00.000Z,8.598697
2008-12-10T05:00:00.000Z,9.907987
2008-12-11T05:00:00.000Z,9.400472
2008-12-12T05:00:00.000Z,8.8104515
2008-12-13T05:00:00.000Z,9.441841
2008-12-14T05:00:00.000Z,8.758
2008-12-15T05:00:00.000Z,9.511471
2008-12-16T05:00:00.000Z,9.112555
2008-12-17T05:00:00.000Z,
2008-12-18T05:00:00.000Z,8.842888
2008-12-19T05:00:00.000Z,9.047103
2008-12-20T05:00:00.000Z,9.131972
2008-12-21T05:00:00.000Z,9.065218
2008-12-22T05:00:00.000Z,7.7364078
2008-12-23T05:00:00.000Z,9.385493
2008-12-24T05:00:00.000Z,9.754692
2008-12-25T05:00:00.000Z,10.076222
2008-12-26T05:00:00.000Z,9.1716585
2008-12-27T05:00:00.000Z,9.277183
2008-12-28T05:00:00.000Z,9.262142
2008-12-29T05:00:00.000Z,9.348256
2008-12-30T05:00:00.000Z,
2008-12-31T05:00:00.000Z,9.399336
2009-01-01T05:00:00.000Z,9.561972
2009-01-02T05:00:00.000Z,
2009-01-03T05:00:00.000Z,9.712201
2009-01-04T05:00:00.000Z,9.625647
2009-01-05T05:00:00.000Z,9.683258
2009-01-06T05:00:00.000Z,8.704828
2009-01-07T05:00:00.000Z,9.591345
2009-01-08T05:00:00.000Z,9.876464
2009-01-09T05:00:00.000Z,8.986371
2009-01-10T05:00:00.000Z,9.722996
2009-01-11T05:00:00.000Z,10.008354
2009-01-12T05:00:00.000Z,9.929234
2009-01-13T05:00:00.000Z,9.718079
2009-01-14T05:00:00.000Z,9.89966
2009-01-15T05:00:00.000Z,9.57299
2009-01-16T05:00:00.000Z,9.815737
2009-01-17T05:00:00.000Z,9.516471
2009-01-18T05:00:00.000Z,
2009-01-19T05:00:00.000Z,9.229576
2009-01-20T05:00:00.000Z,9.497649
2009-01-21T05:00:00.000Z,8.682792
2009-01-22T05:00:00.000Z,9.437019
2009-01-23T05:00:00.000Z,9.97424
2009-01-24T05:00:00.000Z,9.749851
2009-01-25T05:00:00.000Z,10.111532
2009-01-26T05:00:00.000Z,10.506149
2009-01-27T05:00:00.000Z,
2009-01-28T05:00:00.000Z,11.389036
2009-01-29T05:00:00.000Z,11.146575
2009-01-30T05:00:00.000Z,9.815316
2009-01-31T05:00:00.000Z,
2009-02-01T05:00:00.000Z,10.932422
2009-02-02T05:00:00.000Z,10.750264
2009-02-03T05:00:00.000Z,
2009-02-04T05:00:00.000Z,10.785021
2009-02-05T05:00:00.000Z,11.341401
2009-02-06T05:00:00.000Z,12.563168
2009-02-07T05:00:00.000Z,12.427626
2009-02-08T05:00:00.000Z,12.163855
2009-02-09T05:00:00.000Z,10.416709
2009-02-10T05:00:00.000Z,11.573625
2009-02-11T05:00:00.000Z,11.824217
2009-02-12T05:00:00.000Z,
2009-02-13T05:00:00.000Z,11.274646
2009-02-14T05:00:00.000Z,11.430316
2009-02-15T05:00:00.000Z,11.559595
2009-02-16T05:00:00.000Z,11.251019
2009-02-17T05:00:00.000Z,11.9189825
2009-02-18T05:00:00.000Z,11.835577
2009-02-19T05:00:00.000Z,
2009-02-20T05:00:00.000Z,11.463202
2009-02-21T05:00:00.000Z,13.298489
2009-02-22T05:00:00.000Z,13.00335
2009-02-23T05:00:00.000Z,12.368799
2009-02-24T05:00:00.000Z,10.322705
2009-02-25T05:00:00.000Z,8.361506
2009-02-26T05:00:00.000Z,12.267845
2009-02-27T05:00:00.000Z,11.534464
2009-02-28T05:00:00.000Z,
2009-03-01T05:00:00.000Z,11.841853
2009-03-02T05:00:00.000Z,6.0725226
2009-03-03T05:00:00.000Z,6.5828094
2009-03-04T05:00:00.000Z,
2009-03-05T05:00:00.000Z,11.899404
2009-03-06T05:00:00.000Z,12.055034
2009-03-07T05:00:00.000Z,
2009-03-08T05:00:00.000Z,11.967021
2009-03-09T05:00:00.000Z,12.577415
2009-03-10T05:00:00.000Z,12.723678
2009-03-11T05:00:00.000Z,12.193834
2009-03-12T05:00:00.000Z,11.511963
2009-03-13T05:00:00.000Z,11.8426285
2009-03-14T05:00:00.000Z,12.4082155
2009-03-15T05:00:00.000Z,12.373055
2009-03-16T05:00:00.000Z,
2009-03-17T05:00:00.000Z,10.710201
2009-03-18T05:00:00.000Z,11.324119
2009-03-19T05:00:00.000Z,12.827251
2009-03-20T05:00:00.000Z,12.062359
2009-03-21T05:00:00.000Z,9.05627
2009-03-22T05:00:00.000Z,9.74662
2009-03-23T05:00:00.000Z,12.670417
2009-03-24T05:00:00.000Z,11.203154
2009-03-25T05:00:00.000Z,12.25065
2009-03-26T05:00:00.000Z,12.560048
2009-03-27T05:00:00.000Z,12.737152
2009-03-28T05:00:00.000Z,11.570934
2009-03-29T05:00:00.000Z,11.1268015
2009-03-30T05:00:00.000Z,9.085785
2009-03-31T05:00:00.000Z,12.75909
2009-04-01T05:00:00.000Z,
2009-04-02T05:00:00.000Z,13.112971
2009-04-03T05:00:00.000Z,12.684971
2009-04-04T05:00:00.000Z,13.752979
2009-04-05T05:00:00.000Z,
2009-04-06T05:00:00.000Z,12.80119
2009-04-07T05:00:00.000Z,11.904329
2009-04-08T05:00:00.000Z,12.14387
2009-04-09T05:00:00.000Z,12.252906
2009-04-10T05:00:00.000Z,13.292644
2009-04-11T05:00:00.000Z,10.93727
2009-04-12T05:00:00.000Z,12.786446
2009-04-13T05:00:00.000Z,13.00516
2009-04-14T05:00:00.000Z,12.891093
2009-04-15T05:00:00.000Z,10.785378
2009-04-16T05:00:00.000Z,13.031281
2009-04-17T05:00:00.000Z,
2009-04-18T05:00:00.000Z,11.613897
2009-04-19T05:00:00.000Z,12.594918
2009-04-20T05:00:00.000Z,12.454153
2009-04-21T05:00:00.000Z,8.637177
2009-04-22T05:00:00.000Z,
2009-04-23T05:00:00.000Z,13.152067
2009-04-24T05:00:00.000Z,12.668482
2009-04-25T05:00:00.000Z,12.769785
2009-04-26T05:00:00.000Z,12.95136
2009-04-27T05:00:00.000Z,13.644354
2009-04-28T05:00:00.000Z,10.784538
2009-04-29T05:00:00.000Z,6.517832
2009-04-30T05:00:00.000Z,10.099981
2009-05-01T05:00:00.000Z,10.109983
2009-05-02T05:00:00.000Z,9.156748
2009-05-03T05:00:00.000Z,
2009-05-04T05:00:00.000Z,10.881445
2009-05-05T05:00:00.000Z,11.499369
2009-05-06T05:00:00.000Z,12.682124
2009-05-07T05:00:00.000Z,
2009-05-08T05:00:00.000Z,
2009-05-09T05:00:00.000Z,13.120051
2009-05-10T05:00:00.000Z,10.755426
2009-05-11T05:00:00.000Z,12.020767
2009-05-12T05:00:00.000Z,11.042502
2009-05-13T05:00:00.000Z,8.347217
2009-05-14T05:00:00.000Z,12.033487
2009-05-15T05:00:00.000Z,8.868635
2009-05-16T05:00:00.000Z,11.159217
2009-05-17T05:00:00.000Z,9.045934
2009-05-18T05:00:00.000Z,11.51735
2009-05-19T05:00:00.000Z,
2009-05-20T05:00:00.000Z,9.325759
2009-05-21T05:00:00.000Z,11.004427
2009-05-22T05:00:00.000Z,9.648258
2009-05-23T05:00:00.000Z,9.453554
2009-05-24T05:00:00.000Z,
2009-05-25T05:00:00.000Z,10.423088
2009-05-26T05:00:00.000Z,12.612716
2009-05-27T05:00:00.000Z,11.905326
2009-05-28T05:00:00.000Z,11.38348
2009-05-29T05:00:00.000Z,11.179128
2009-05-30T05:00:00.000Z,11.636532
2009-05-31T05:00:00.000Z,12.474255
2009-06-01T05:00:00.000Z,12.448165
2009-06-02T05:00:00.000Z,12.420452
2009-06-03T05:00:00.000Z,12.176133
2009-06-04T05:00:00.000Z,
2009-06-05T05:00:00.000Z,6.3014812
2009-06-06T05:00:00.000Z,9.725519
2009-06-07T05:00:00.000Z,9.522206
2009-06-08T05:00:00.000Z,
2009-06-09T05:00:00.000Z,
2009-06-10T05:00:00.000Z,7.3713155
2009-06-11T05:00:00.000Z,10.11389
2009-06-12T05:00:00.000Z,10.757883
2009-06-13T05:00:00.000Z,5.730448
2009-06-14T05:00:00.000Z,11.259022
2009-06-15T05:00:00.000Z,10.874282
2009-06-16T05:00:00.000Z,9.019512
2009-06-17T05:00:00.000Z,11.393511
2009-06-18T05:00:00.000Z,11.407287
2009-06-19T05:00:00.000Z,7.327961
2009-06-20T05:00:00.000Z,
2009-06-21T05:00:00.000Z,9.5046625
2009-06-22T05:00:00.000Z,2.9677634
2009-06-23T05:00:00.000Z,11.21327
2009-06-24T05:00:00.000Z,10.435574
2009-06-25T05:00:00.000Z,
2009-06-26T05:00:00.000Z,10.85547
2009-06-27T05:00:00.000Z,9.265448
2009-06-28T05:00:00.000Z,6.183002
2009-06-29T05:00:00.000Z,10.55204
2009-06-30T05:00:00.000Z,9.369096
2009-07-01T05:00:00.000Z,10.889605
2009-07-02T05:00:00.000Z,10.765731
2009-07-03T05:00:00.000Z,11.490681
2009-07-04T05:00:00.000Z,8.877792
2009-07-05T05:00:00.000Z,11.029717
2009-07-06T05:00:00.000Z,
2009-07-07T05:00:00.000Z,10.347113
2009-07-08T05:00:00.000Z,10.314458
2009-07-09T05:00:00.000Z,9.397704
2009-07-10T05:00:00.000Z,
2009-07-11T05:00:00.000Z,
2009-07-12T05:00:00.000Z,11.059398
2009-07-13T05:00:00.000Z,12.276633
2009-07-14T05:00:00.000Z,12.192764
2009-07-15T05:00:00.000Z,11.41669
2009-07-16T05:00:00.000Z,11.154247
2009-07-17T05:00:00.000Z,11.478141
2009-07-18T05:00:00.000Z,12.315282
2009-07-19T05:00:00.000Z,11.772399
2009-07-20T05:00:00.000Z,9.137491
2009-07-21T05:00:00.000Z,8.50979
2009-07-22T05:00:00.000Z,
2009-07-23T05:00:00.000Z,10.896735
2009-07-24T05:00:00.000Z,12.356288
2009-07-25T05:00:00.000Z,12.161856
2009-07-26T05:00:00.000Z,11.248631
2009-07-27T05:00:00.000Z,
2009-07-28T05:00:00.000Z,11.957811
2009-07-29T05:00:00.000Z,11.450453
2009-07-30T05:00:00.000Z,9.623189
2009-07-31T05:00:00.000Z,11.080192
2009-08-01T05:00:00.000Z,12.381283
2009-08-02T05:00:00.000Z,12.658798
2009-08-03T05:00:00.000Z,12.434347
2009-08-04T05:00:00.000Z,10.896178
2009-08-05T05:00:00.000Z,5.476011
2009-08-06T05:00:00.000Z,8.67903
2009-08-07T05:00:00.000Z,
2009-08-08T05:00:00.000Z,10.919808
2009-08-09T05:00:00.000Z,9.600422
2009-08-10T05:00:00.000Z,13.080323
2009-08-11T05:00:00.000Z,
2009-08-12T05:00:00.000Z,
2009-08-13T05:00:00.000Z,9.858808
2009-08-14T05:00:00.000Z,3.6546524
2009-08-15T05:00:00.000Z,11.50619
2009-08-16T05:00:00.000Z,11.545622
2009-08-17T05:00:00.000Z,11.555879
2009-08-18T05:00:00.000Z,10.564073
2009-08-19T05:00:00.000Z,11.777425
2009-08-20T05:00:00.000Z,11.80874
2009-08-21T05:00:00.000Z,10.876607
2009-08-22T05:00:00.000Z,11.475012
2009-08-23T05:00:00.000Z,
2009-08-24T05:00:00.000Z,12.219084
2009-08-25T05:00:00.000Z,12.195931
2009-08-26T05:00:00.000Z,12.3380995
2009-08-27T05:00:00.000Z,12.117401
2009-08-28T05:00:00.000Z,
2009-08-29T05:00:00.000Z,9.013512
2009-08-30T05:00:00.000Z,10.241658
2009-08-31T05:00:00.000Z,12.195699
2009-09-01T05:00:00.000Z,12.94034
2009-09-02T05:00:00.000Z,12.788796
2009-09-03T05:00:00.000Z,12.337227
2009-09-04T05:00:00.000Z,9.698099
2009-09-05T05:00:00.000Z,12.623274
2009-09-06T05:00:00.000Z,13.50305
2009-09-07T05:00:00.000Z,12.461693
2009-09-08T05:00:00.000Z,
2009-09-09T05:00:00.000Z,10.6651535
2009-09-10T05:00:00.000Z,11.094193
2009-09-11T05:00:00.000Z,12.144456
2009-09-12T05:00:00.000Z,
2009-09-13T05:00:00.000Z,
2009-09-14T05:00:00.000Z,11.564866
2009-09-15T05:00:00.000Z,6.112872
2009-09-16T05:00:00.000Z,8.230509
2009-09-17T05:00:00.000Z,3.9498315
2009-09-18T05:00:00.000Z,13.037163
2009-09-19T05:00:00.000Z,12.461664
2009-09-20T05:00:00.000Z,12.004886
2009-09-21T05:00:00.000Z,11.1975565
2009-09-22T05:00:00.000Z,10.464306
2009-09-23T05:00:00.000Z,7.5874085
2009-09-24T05:00:00.000Z,
2009-09-25T05:00:00.000Z,12.775582
2009-09-26T05:00:00.000Z,12.1268015
2009-09-27T05:00:00.000Z,10.62065
2009-09-28T05:00:00.000Z,10.324816
2009-09-29T05:00:00.000Z,
2009-09-30T05:00:00.000Z,13.287879
2009-10-01T05:00:00.000Z,12.092224
2009-10-02T05:00:00.000Z,8.93814
2009-10-03T05:00:00.000Z,6.2362123
2009-10-04T05:00:00.000Z,12.1682005
2009-10-05T05:00:00.000Z,12.584069
2009-10-06T05:00:00.000Z,9.1430025
2009-10-07T05:00:00.000Z,11.497009
2009-10-08T05:00:00.000Z,12.10594
2009-10-09T05:00:00.000Z,12.43727
2009-10-10T05:00:00.000Z,
2009-10-11T05:00:00.000Z,11.489798
2009-10-12T05:00:00.000Z,5.5492578
2009-10-13T05:00:00.000Z,11.160951
2009-10-14T05:00:00.000Z,
2009-10-15T05:00:00.000Z,
2009-10-16T05:00:00.000Z,10.60391
2009-10-17T05:00:00.000Z,11.3505125
2009-10-18T05:00:00.000Z,10.332264
2009-10-19T05:00:00.000Z,9.34926
2009-10-20T05:00:00.000Z,10.716665
2009-10-21T05:00:00.000Z,8.949999
2009-10-22T05:00:00.000Z,11.81464
2009-10-23T05:00:00.000Z,8.553881
2009-10-24T05:00:00.000Z,5.8464656
2009-10-25T05:00:00.000Z,10.294228
2009-10-26T05:00:00.000Z,
2009-10-27T05:00:00.000Z,10.977025
2009-10-28T05:00:00.000Z,6.8439565
2009-10-29T05:00:00.000Z,9.042515
2009-10-30T05:00:00.000Z,6.503954
2009-10-31T05:00:00.000Z,
2009-11-01T05:00:00.000Z,10.270069
2009-11-02T05:00:00.000Z,7.192936
2009-11-03T05:00:00.000Z,9.791975
2009-11-04T05:00:00.000Z,10.171237
2009-11-05T05:00:00.000Z,7.5423713
2009-11-06T05:00:00.000Z,8.93143
2009-11-07T05:00:00.000Z,10.829938
2009-11-08T05:00:00.000Z,9.540467
2009-11-09T05:00:00.000Z,9.56583
2009-11-10T05:00:00.000Z,10.546381
2009-11-11T05:00:00.000Z,
2009-11-12T05:00:00.000Z,10.600057
2009-11-13T05:00:00.000Z,9.770574
2009-11-14T05:00:00.000Z,8.630361
2009-11-15T05:00:00.000Z,
2009-11-16T05:00:00.000Z,
2009-11-17T05:00:00.000Z,9.739664
2009-11-18T05:00:00.000Z,6.82062
2009-11-19T05:00:00.000Z,10.457035
2009-11-20T05:00:00.000Z,10.934508
2009-11-21T05:00:00.000Z,10.726948
2009-11-22T05:00:00.000Z,10.572674
2009-11-23T05:00:00.000Z,
2009-11-24T05:00:00.000Z,8.5885515
2009-11-25T05:00:00.000Z,
2009-11-26T05:00:00.000Z,10.326941
2009-11-27T05:00:00.000Z,
2009-11-28T05:00:00.000Z,10.184937
2009-11-29T05:00:00.000Z,10.026277
2009-11-30T05:00:00.000Z,10.49684
2009-12-01T05:00:00.000Z,10.514402
2009-12-02T05:00:00.000Z,
2009-12-03T05:00:00.000Z,10.422568
2009-12-04T05:00:00.000Z,
2009-12-05T05:00:00.000Z,10.332088
2009-12-06T05:00:00.000Z,9.888441
2009-12-07T05:00:00.000Z,10.27833
2009-12-08T05:00:00.000Z,9.858524
2009-12-09T05:00:00.000Z,
2009-12-10T05:00:00.000Z,9.929932
2009-12-11T05:00:00.000Z,
2009-12-12T05:00:00.000Z,10.232094
2009-12-13T05:00:00.000Z,
2009-12-14T05:00:00.000Z,10.549797
2009-12-15T05:00:00.000Z,10.975322
2009-12-16T05:00:00.000Z,10.339027
2009-12-17T05:00:00.000Z,
2009-12-18T05:00:00.000Z,
2009-12-19T05:00:00.000Z,9.533719
2009-12-20T05:00:00.000Z,
2009-12-21T05:00:00.000Z,9.034383
2009-12-22T05:00:00.000Z,1.4517838
2009-12-23T05:00:00.000Z,7.1353316
2009-12-24T05:00:00.000Z,9.950204
2009-12-25T05:00:00.000Z,
2009-12-26T05:00:00.000Z,9.945032
2009-12-27T05:00:00.000Z,
2009-12-28T05:00:00.000Z,9.57171
2009-12-29T05:00:00.000Z,
2009-12-30T05:00:00.000Z,10.342204
2009-12-31T05:00:00.000Z,10.578844
2010-01-01T05:00:00.000Z,10.778753
2010-01-02T05:00:00.000Z,10.412846
2010-01-03T05:00:00.000Z,
2010-01-04T05:00:00.000Z,10.334787
2010-01-05T05:00:00.000Z,
2010-01-06T05:00:00.000Z,9.990942
2010-01-07T05:00:00.000Z,9.002585
2010-01-08T05:00:00.000Z,10.698727
2010-01-09T05:00:00.000Z,10.50435
2010-01-10T05:00:00.000Z,
2010-01-11T05:00:00.000Z,9.603083
2010-01-12T05:00:00.000Z,
2010-01-13T05:00:00.000Z,10.432925
2010-01-14T05:00:00.000Z,
2010-01-15T05:00:00.000Z,10.857801
2010-01-16T05:00:00.000Z,11.144414
2010-01-17T05:00:00.000Z,10.613936
2010-01-18T05:00:00.000Z,
2010-01-19T05:00:00.000Z,
2010-01-20T05:00:00.000Z,11.110054
2010-01-21T05:00:00.000Z,
2010-01-22T05:00:00.000Z,11.071336
2010-01-23T05:00:00.000Z,9.919711
2010-01-24T05:00:00.000Z,11.041565
2010-01-25T05:00:00.000Z,10.308885
2010-01-26T05:00:00.000Z,11.10538
2010-01-27T05:00:00.000Z,11.500834
2010-01-28T05:00:00.000Z,12.037618
2010-01-29T05:00:00.000Z,11.674487
2010-01-30T05:00:00.000Z,
2010-01-31T05:00:00.000Z,12.084652
2010-02-01T05:00:00.000Z,11.941747
2010-02-02T05:00:00.000Z,12.331264
2010-02-03T05:00:00.000Z,11.980426
2010-02-04T05:00:00.000Z,
2010-02-05T05:00:00.000Z,10.561572
2010-02-06T05:00:00.000Z,7.544265
2010-02-07T05:00:00.000Z,9.432991
2010-02-08T05:00:00.000Z,10.99603
2010-02-09T05:00:00.000Z,12.443253
2010-02-10T05:00:00.000Z,11.539211
2010-02-11T05:00:00.000Z,12.081507
2010-02-12T05:00:00.000Z,12.425296
2010-02-13T05:00:00.000Z,9.23162
2010-02-14T05:00:00.000Z,10.454201
2010-02-15T05:00:00.000Z,
2010-02-16T05:00:00.000Z,12.437211
2010-02-17T05:00:00.000Z,12.035806
2010-02-18T05:00:00.000Z,12.51835
2010-02-19T05:00:00.000Z,
2010-02-20T05:00:00.000Z,
2010-02-21T05:00:00.000Z,12.218519
2010-02-22T05:00:00.000Z,9.269145
2010-02-23T05:00:00.000Z,10.340125
2010-02-24T05:00:00.000Z,9.231377
2010-02-25T05:00:00.000Z,8.713722
2010-02-26T05:00:00.000Z,10.323744
2010-02-27T05:00:00.000Z,11.485569
2010-02-28T05:00:00.000Z,12.081943
2010-03-01T05:00:00.000Z,12.967824
2010-03-02T05:00:00.000Z,11.304899
2010-03-03T05:00:00.000Z,
2010-03-04T05:00:00.000Z,10.45606
2010-03-05T05:00:00.000Z,11.166952
2010-03-06T05:00:00.000Z,9.7766075
2010-03-07T05:00:00.000Z,8.647101
2010-03-08T05:00:00.000Z,
2010-03-09T05:00:00.000Z,12.8904505
2010-03-10T05:00:00.000Z,6.627219
2010-03-11T05:00:00.000Z,10.755473
2010-03-12T05:00:00.000Z,11.068302
2010-03-13T05:00:00.000Z,12.483004
2010-03-14T05:00:00.000Z,13.4682455
2010-03-15T05:00:00.000Z,13.289577
2010-03-16T05:00:00.000Z,13.194577
2010-03-17T05:00:00.000Z,10.184416
2010-03-18T05:00:00.000Z,11.375199
2010-03-19T05:00:00.000Z,
2010-03-20T05:00:00.000Z,13.082128
2010-03-21T05:00:00.000Z,12.361033
2010-03-22T05:00:00.000Z,13.623006
2010-03-23T05:00:00.000Z,
2010-03-24T05:00:00.000Z,
2010-03-25T05:00:00.000Z,13.704932
2010-03-26T05:00:00.000Z,11.678738
2010-03-27T05:00:00.000Z,12.406642
2010-03-28T05:00:00.000Z,14.481191
2010-03-29T05:00:00.000Z,12.367707
2010-03-30T05:00:00.000Z,12.177317
2010-03-31T05:00:00.000Z,12.158933
2010-04-01T05:00:00.000Z,13.364448
2010-04-02T05:00:00.000Z,14.3312435
2010-04-03T05:00:00.000Z,13.22709
2010-04-04T05:00:00.000Z,
2010-04-05T05:00:00.000Z,12.062269
2010-04-06T05:00:00.000Z,12.35888
2010-04-07T05:00:00.000Z,11.896718
2010-04-08T05:00:00.000Z,13.407284
2010-04-09T05:00:00.000Z,
2010-04-10T05:00:00.000Z,10.533231
2010-04-11T05:00:00.000Z,
2010-04-12T05:00:00.000Z,7.0373993
2010-04-13T05:00:00.000Z,11.709074
2010-04-14T05:00:00.000Z,6.96838
2010-04-15T05:00:00.000Z,13.872082
2010-04-16T05:00:00.000Z,6.701404
2010-04-17T05:00:00.000Z,14.170783
2010-04-18T05:00:00.000Z,11.34861
2010-04-19T05:00:00.000Z,10.074738
2010-04-20T05:00:00.000Z,
2010-04-21T05:00:00.000Z,13.321807
2010-04-22T05:00:00.000Z,14.887347
2010-04-23T05:00:00.000Z,14.676522
2010-04-24T05:00:00.000Z,
2010-04-25T05:00:00.000Z,
2010-04-26T05:00:00.000Z,7.7002363
2010-04-27T05:00:00.000Z,10.546449
2010-04-28T05:00:00.000Z,10.659257
2010-04-29T05:00:00.000Z,11.895327
2010-04-30T05:00:00.000Z,12.909825
2010-05-01T05:00:00.000Z,13.070849
2010-05-02T05:00:00.000Z,11.502498
2010-05-03T05:00:00.000Z,9.982366
2010-05-04T05:00:00.000Z,13.1524315
2010-05-05T05:00:00.000Z,12.709224
2010-05-06T05:00:00.000Z,
2010-05-07T05:00:00.000Z,13.509824
2010-05-08T05:00:00.000Z,13.715372
2010-05-09T05:00:00.000Z,10.250232
2010-05-10T05:00:00.000Z,12.786031
2010-05-11T05:00:00.000Z,
2010-05-12T05:00:00.000Z,11.7242775
2010-05-13T05:00:00.000Z,7.3855314
2010-05-14T05:00:00.000Z,10.266759
2010-05-15T05:00:00.000Z,11.029833
2010-05-16T05:00:00.000Z,12.493476
2010-05-17T05:00:00.000Z,13.449538
2010-05-18T05:00:00.000Z,12.992407
2010-05-19T05:00:00.000Z,12.362241
2010-05-20T05:00:00.000Z,6.5189896
2010-05-21T05:00:00.000Z,6.6808977
2010-05-22T05:00:00.000Z,
2010-05-23T05:00:00.000Z,11.209748
2010-05-24T05:00:00.000Z,11.139686
2010-05-25T05:00:00.000Z,11.521899
2010-05-26T05:00:00.000Z,
2010-05-27T05:00:00.000Z,
2010-05-28T05:00:00.000Z,10.6136
2010-05-29T05:00:00.000Z,9.957995
2010-05-30T05:00:00.000Z,11.480769
2010-05-31T05:00:00.000Z,10.3625
2010-06-01T05:00:00.000Z,10.447374
2010-06-02T05:00:00.000Z,7.6437683
2010-06-03T05:00:00.000Z,11.877791
2010-06-04T05:00:00.000Z,11.209749
2010-06-05T05:00:00.000Z,12.971077
2010-06-06T05:00:00.000Z,11.301644
2010-06-07T05:00:00.000Z,
2010-06-08T05:00:00.000Z,11.254104
2010-06-09T05:00:00.000Z,9.167051
2010-06-10T05:00:00.000Z,5.286729
2010-06-11T05:00:00.000Z,10.494362
2010-06-12T05:00:00.000Z,
2010-06-13T05:00:00.000Z,8.405322
2010-06-14T05:00:00.000Z,2.3764386
2010-06-15T05:00:00.000Z,8.320464
2010-06-16T05:00:00.000Z,10.332242
2010-06-17T05:00:00.000Z,11.4768715
2010-06-18T05:00:00.000Z,11.352615
2010-06-19T05:00:00.000Z,11.508407
2010-06-20T05:00:00.000Z,6.9710836
2010-06-21T05:00:00.000Z,12.570629
2010-06-22T05:00:00.000Z,10.566279
2010-06-23T05:00:00.000Z,
2010-06-24T05:00:00.000Z,11.79178
2010-06-25T05:00:00.000Z,10.963512
2010-06-26T05:00:00.000Z,7.0403285
2010-06-27T05:00:00.000Z,
2010-06-28T05:00:00.000Z,
2010-06-29T05:00:00.000Z,11.73936
2010-06-30T05:00:00.000Z,
2010-07-01T05:00:00.000Z,9.626568
2010-07-02T05:00:00.000Z,10.347225
2010-07-03T05:00:00.000Z,10.268301
2010-07-04T05:00:00.000Z,10.556804
2010-07-05T05:00:00.000Z,8.842286
2010-07-06T05:00:00.000Z,9.718197
2010-07-07T05:00:00.000Z,3.663562
2010-07-08T05:00:00.000Z,8.264738
2010-07-09T05:00:00.000Z,
2010-07-10T05:00:00.000Z,11.208985
2010-07-11T05:00:00.000Z,
2010-07-12T05:00:00.000Z,8.887463
2010-07-13T05:00:00.000Z,10.149899
2010-07-14T05:00:00.000Z,
2010-07-15T05:00:00.000Z,7.3267736
2010-07-16T05:00:00.000Z,6.048718
2010-07-17T05:00:00.000Z,9.053985
2010-07-18T05:00:00.000Z,12.41439
2010-07-19T05:00:00.000Z,12.113966
2010-07-20T05:00:00.000Z,10.3511
2010-07-21T05:00:00.000Z,8.172873
2010-07-22T05:00:00.000Z,10.895224
2010-07-23T05:00:00.000Z,11.461556
2010-07-24T05:00:00.000Z,11.758746
2010-07-25T05:00:00.000Z,
2010-07-26T05:00:00.000Z,9.535744
2010-07-27T05:00:00.000Z,7.398553
2010-07-28T05:00:00.000Z,10.2494545
2010-07-29T05:00:00.000Z,
2010-07-30T05:00:00.000Z,
2010-07-31T05:00:00.000Z,9.917458
2010-08-01T05:00:00.000Z,6.031304
2010-08-02T05:00:00.000Z,10.747201
2010-08-03T05:00:00.000Z,10.470778
2010-08-04T05:00:00.000Z,12.317172
2010-08-05T05:00:00.000Z,12.313892
2010-08-06T05:00:00.000Z,11.86875
2010-08-07T05:00:00.000Z,10.396374
2010-08-08T05:00:00.000Z,11.638076
2010-08-09T05:00:00.000Z,9.672467
2010-08-10T05:00:00.000Z,
2010-08-11T05:00:00.000Z,10.111467
2010-08-12T05:00:00.000Z,8.40278
2010-08-13T05:00:00.000Z,9.10782
2010-08-14T05:00:00.000Z,10.667872
2010-08-15T05:00:00.000Z,
2010-08-16T05:00:00.000Z,9.990138
2010-08-17T05:00:00.000Z,5.171359
2010-08-18T05:00:00.000Z,7.0043063
2010-08-19T05:00:00.000Z,12.237397
2010-08-20T05:00:00.000Z,11.069741
2010-08-21T05:00:00.000Z,10.96755
2010-08-22T05:00:00.000Z,11.951375
2010-08-23T05:00:00.000Z,9.762697
2010-08-24T05:00:00.000Z,10.54073
2010-08-25T05:00:00.000Z,10.045556
2010-08-26T05:00:00.000Z,
2010-08-27T05:00:00.000Z,9.090212
2010-08-28T05:00:00.000Z,10.845759
2010-08-29T05:00:00.000Z,10.232875
2010-08-30T05:00:00.000Z,
2010-08-31T05:00:00.000Z,
2010-09-01T05:00:00.000Z,8.006423
2010-09-02T05:00:00.000Z,6.7920985
2010-09-03T05:00:00.000Z,10.115386
2010-09-04T05:00:00.000Z,11.507448
2010-09-05T05:00:00.000Z,12.0293665
2010-09-06T05:00:00.000Z,11.874853
2010-09-07T05:00:00.000Z,9.667721
2010-09-08T05:00:00.000Z,6.5174875
2010-09-09T05:00:00.000Z,12.422043
2010-09-10T05:00:00.000Z,11.6537485
2010-09-11T05:00:00.000Z,
2010-09-12T05:00:00.000Z,12.152831
2010-09-13T05:00:00.000Z,11.241961
2010-09-14T05:00:00.000Z,12.6142025
2010-09-15T05:00:00.000Z,11.02321
2010-09-16T05:00:00.000Z,
2010-09-17T05:00:00.000Z,10.732002
2010-09-18T05:00:00.000Z,7.1693063
2010-09-19T05:00:00.000Z,5.6924834
2010-09-20T05:00:00.000Z,7.038513
2010-09-21T05:00:00.000Z,11.00832
2010-09-22T05:00:00.000Z,10.181662
2010-09-23T05:00:00.000Z,10.480388
2010-09-24T05:00:00.000Z,9.212052
2010-09-25T05:00:00.000Z,8.806618
2010-09-26T05:00:00.000Z,8.546649
2010-09-27T05:00:00.000Z,
2010-09-28T05:00:00.000Z,10.897359
2010-09-29T05:00:00.000Z,10.313787
2010-09-30T05:00:00.000Z,10.073183
2010-10-01T05:00:00.000Z,
2010-10-02T05:00:00.000Z,
2010-10-03T05:00:00.000Z,9.96446
2010-10-04T05:00:00.000Z,6.034025
2010-10-05T05:00:00.000Z,8.301458
2010-10-06T05:00:00.000Z,6.3991375
2010-10-07T05:00:00.000Z,11.043032
2010-10-08T05:00:00.000Z,10.915841
2010-10-09T05:00:00.000Z,11.2670765
2010-10-10T05:00:00.000Z,9.511096
2010-10-11T05:00:00.000Z,11.682013
2010-10-12T05:00:00.000Z,12.105916
2010-10-13T05:00:00.000Z,
2010-10-14T05:00:00.000Z,11.371827
2010-10-15T05:00:00.000Z,10.538495
2010-10-16T05:00:00.000Z,10.421767
2010-10-17T05:00:00.000Z,5.9244714
2010-10-18T05:00:00.000Z,
2010-10-19T05:00:00.000Z,9.977224
2010-10-20T05:00:00.000Z,6.4219437
2010-10-21T05:00:00.000Z,10.619943
2010-10-22T05:00:00.000Z,10.486826
2010-10-23T05:00:00.000Z,9.682845
2010-10-24T05:00:00.000Z,9.530366
2010-10-25T05:00:00.000Z,10.031577
2010-10-26T05:00:00.000Z,9.2174015
2010-10-27T05:00:00.000Z,10.150519
2010-10-28T05:00:00.000Z,9.859265
2010-10-29T05:00:00.000Z,
2010-10-30T05:00:00.000Z,10.406938
2010-10-31T05:00:00.000Z,8.217185
2010-11-01T05:00:00.000Z,9.70338
2010-11-02T05:00:00.000Z,
2010-11-03T05:00:00.000Z,
2010-11-04T05:00:00.000Z,8.171766
2010-11-05T05:00:00.000Z,5.2118406
2010-11-06T05:00:00.000Z,4.3756485
2010-11-07T05:00:00.000Z,9.228027
2010-11-08T05:00:00.000Z,7.5022926
2010-11-09T05:00:00.000Z,8.497529
2010-11-10T05:00:00.000Z,9.330203
2010-11-11T05:00:00.000Z,8.857542
2010-11-12T05:00:00.000Z,6.291545
2010-11-13T05:00:00.000Z,3.9254804
2010-11-14T05:00:00.000Z,
2010-11-15T05:00:00.000Z,7.9711766
2010-11-16T05:00:00.000Z,7.9713864
2010-11-17T05:00:00.000Z,8.858001
2010-11-18T05:00:00.000Z,8.159074
2010-11-19T05:00:00.000Z,
2010-11-20T05:00:00.000Z,8.460367
2010-11-21T05:00:00.000Z,
2010-11-22T05:00:00.000Z,8.459737
2010-11-23T05:00:00.000Z,8.31232
2010-11-24T05:00:00.000Z,8.918768
2010-11-25T05:00:00.000Z,9.105296
2010-11-26T05:00:00.000Z,
2010-11-27T05:00:00.000Z,8.635944
2010-11-28T05:00:00.000Z,
2010-11-29T05:00:00.000Z,8.213318
2010-11-30T05:00:00.000Z,
2010-12-01T05:00:00.000Z,5.693504
2010-12-02T05:00:00.000Z,6.202504
2010-12-03T05:00:00.000Z,3.138909
2010-12-04T05:00:00.000Z,
2010-12-05T05:00:00.000Z,
2010-12-06T05:00:00.000Z,8.631665
2010-12-07T05:00:00.000Z,
2010-12-08T05:00:00.000Z,6.4466763
2010-12-09T05:00:00.000Z,
2010-12-10T05:00:00.000Z,7.8206043
2010-12-11T05:00:00.000Z,8.417771
2010-12-12T05:00:00.000Z,
2010-12-13T05:00:00.000Z,7.4151373
2010-12-14T05:00:00.000Z,
2010-12-15T05:00:00.000Z,6.830465
2010-12-16T05:00:00.000Z,
2010-12-17T05:00:00.000Z,9.282911
2010-12-18T05:00:00.000Z,8.9130535
2010-12-19T05:00:00.000Z,8.387753
2010-12-20T05:00:00.000Z,8.615566
2010-12-21T05:00:00.000Z,
2010-12-22T05:00:00.000Z,8.575171
2010-12-23T05:00:00.000Z,
2010-12-24T05:00:00.000Z,8.513576
2010-12-25T05:00:00.000Z,
2010-12-26T05:00:00.000Z,7.3739967
2010-12-27T05:00:00.000Z,6.751063
2010-12-28T05:00:00.000Z,
2010-12-29T05:00:00.000Z,9.203513
2010-12-30T05:00:00.000Z,
2010-12-31T05:00:00.000Z,9.382313
2011-01-01T05:00:00.000Z,
2011-01-02T05:00:00.000Z,9.471577
2011-01-03T05:00:00.000Z,8.0114155
2011-01-04T05:00:00.000Z,9.058508
2011-01-05T05:00:00.000Z,
2011-01-06T05:00:00.000Z,
2011-01-07T05:00:00.000Z,6.760315
2011-01-08T05:00:00.000Z,
2011-01-09T05:00:00.000Z,7.3597784
2011-01-10T05:00:00.000Z,
2011-01-11T05:00:00.000Z,9.980702
2011-01-12T05:00:00.000Z,9.946879
2011-01-13T05:00:00.000Z,
2011-01-14T05:00:00.000Z,10.245637
2011-01-15T05:00:00.000Z,
2011-01-16T05:00:00.000Z,9.878692
2011-01-17T05:00:00.000Z,
2011-01-18T05:00:00.000Z,10.639672
2011-01-19T05:00:00.000Z,9.497739
2011-01-20T05:00:00.000Z,10.29714
2011-01-21T05:00:00.000Z,9.954377
2011-01-22T05:00:00.000Z,
2011-01-23T05:00:00.000Z,10.391596
2011-01-24T05:00:00.000Z,9.776294
2011-01-25T05:00:00.000Z,10.73103
2011-01-26T05:00:00.000Z,
2011-01-27T05:00:00.000Z,10.4798355
2011-01-28T05:00:00.000Z,10.171258
2011-01-29T05:00:00.000Z,9.567554
2011-01-30T05:00:00.000Z,10.536771
2011-01-31T05:00:00.000Z,11.278868
2011-02-01T05:00:00.000Z,10.717234
2011-02-02T05:00:00.000Z,
2011-02-03T05:00:00.000Z,11.208098
2011-02-04T05:00:00.000Z,11.101965
2011-02-05T05:00:00.000Z,10.683621
2011-02-06T05:00:00.000Z,
2011-02-07T05:00:00.000Z,
2011-02-08T05:00:00.000Z,10.260474
2011-02-09T05:00:00.000Z,9.221357
2011-02-10T05:00:00.000Z,10.213714
2011-02-11T05:00:00.000Z,8.618743
2011-02-12T05:00:00.000Z,10.94898
2011-02-13T05:00:00.000Z,11.176129
2011-02-14T05:00:00.000Z,9.5
2011-02-15T05:00:00.000Z,10.722876
2011-02-16T05:00:00.000Z,9.95528
2011-02-17T05:00:00.000Z,10.756725
2011-02-18T05:00:00.000Z,
2011-02-19T05:00:00.000Z,11.358135
2011-02-20T05:00:00.000Z,11.139316
2011-02-21T05:00:00.000Z,12.119715
2011-02-22T05:00:00.000Z,11.603848
2011-02-23T05:00:00.000Z,
2011-02-24T05:00:00.000Z,10.207015
2011-02-25T05:00:00.000Z,7.6384764
2011-02-26T05:00:00.000Z,11.012082
2011-02-27T05:00:00.000Z,11.270961
2011-02-28T05:00:00.000Z,11.198044
2011-03-01T05:00:00.000Z,10.260795
2011-03-02T05:00:00.000Z,8.86056
2011-03-03T05:00:00.000Z,10.992886
2011-03-04T05:00:00.000Z,11.22477
2011-03-05T05:00:00.000Z,11.753404
2011-03-06T05:00:00.000Z,
2011-03-07T05:00:00.000Z,11.759387
2011-03-08T05:00:00.000Z,12.544389
2011-03-09T05:00:00.000Z,12.030245
2011-03-10T05:00:00.000Z,
2011-03-11T05:00:00.000Z,
2011-03-12T05:00:00.000Z,12.217081
2011-03-13T05:00:00.000Z,5.872011
2011-03-14T05:00:00.000Z,11.500506
2011-03-15T05:00:00.000Z,11.654775
2011-03-16T05:00:00.000Z,12.4701
2011-03-17T05:00:00.000Z,13.043986
2011-03-18T05:00:00.000Z,
2011-03-19T05:00:00.000Z,11.931549
2011-03-20T05:00:00.000Z,12.006698
2011-03-21T05:00:00.000Z,11.501874
2011-03-22T05:00:00.000Z,
2011-03-23T05:00:00.000Z,13.107137
2011-03-24T05:00:00.000Z,13.239149
2011-03-25T05:00:00.000Z,12.1047
2011-03-26T05:00:00.000Z,12.289952
2011-03-27T05:00:00.000Z,
2011-03-28T05:00:00.000Z,13.328643
2011-03-29T05:00:00.000Z,8.707011
2011-03-30T05:00:00.000Z,11.850465
2011-03-31T05:00:00.000Z,9.950568
2011-04-01T05:00:00.000Z,13.129661
2011-04-02T05:00:00.000Z,13.872139
2011-04-03T05:00:00.000Z,
2011-04-04T05:00:00.000Z,12.440549
2011-04-05T05:00:00.000Z,13.250593
2011-04-06T05:00:00.000Z,9.901769
2011-04-07T05:00:00.000Z,
2011-04-08T05:00:00.000Z,11.94152
2011-04-09T05:00:00.000Z,13.100073
2011-04-10T05:00:00.000Z,11.4970455
2011-04-11T05:00:00.000Z,
2011-04-12T05:00:00.000Z,
2011-04-13T05:00:00.000Z,11.67272
2011-04-14T05:00:00.000Z,
2011-04-15T05:00:00.000Z,11.818166
2011-04-16T05:00:00.000Z,9.76601
2011-04-17T05:00:00.000Z,12.918885
2011-04-18T05:00:00.000Z,12.869391
2011-04-19T05:00:00.000Z,
2011-04-20T05:00:00.000Z,12.531226
2011-04-21T05:00:00.000Z,12.187173
2011-04-22T05:00:00.000Z,12.117907
2011-04-23T05:00:00.000Z,
2011-04-24T05:00:00.000Z,10.712107
2011-04-25T05:00:00.000Z,11.241529
2011-04-26T05:00:00.000Z,11.755383
2011-04-27T05:00:00.000Z,10.234621
2011-04-28T05:00:00.000Z,
2011-04-29T05:00:00.000Z,12.925781
2011-04-30T05:00:00.000Z,9.342446
2011-05-01T05:00:00.000Z,11.897632
2011-05-02T05:00:00.000Z,12.897101
2011-05-03T05:00:00.000Z,11.394731
2011-05-04T05:00:00.000Z,12.354705
2011-05-05T05:00:00.000Z,
2011-05-06T05:00:00.000Z,13.403561
2011-05-07T05:00:00.000Z,13.507769
2011-05-08T05:00:00.000Z,11.559003
2011-05-09T05:00:00.000Z,
2011-05-10T05:00:00.000Z,11.574013
2011-05-11T05:00:00.000Z,11.604982
2011-05-12T05:00:00.000Z,12.2209835
2011-05-13T05:00:00.000Z,
2011-05-14T05:00:00.000Z,
2011-05-15T05:00:00.000Z,12.158389
2011-05-16T05:00:00.000Z,9.148984
2011-05-17T05:00:00.000Z,10.079746
2011-05-18T05:00:00.000Z,12.234924
2011-05-19T05:00:00.000Z,13.012252
2011-05-20T05:00:00.000Z,12.319883
2011-05-21T05:00:00.000Z,
2011-05-22T05:00:00.000Z,8.854345
2011-05-23T05:00:00.000Z,11.932551
2011-05-24T05:00:00.000Z,11.284376
2011-05-25T05:00:00.000Z,
2011-05-26T05:00:00.000Z,10.626141
2011-05-27T05:00:00.000Z,9.759308
2011-05-28T05:00:00.000Z,9.1808195
2011-05-29T05:00:00.000Z,9.38752
2011-05-30T05:00:00.000Z,
2011-05-31T05:00:00.000Z,8.827751
2011-06-01T05:00:00.000Z,5.9231186
2011-06-02T05:00:00.000Z,8.551283
2011-06-03T05:00:00.000Z,10.355179
2011-06-04T05:00:00.000Z,10.3706
2011-06-05T05:00:00.000Z,12.213315
2011-06-06T05:00:00.000Z,
2011-06-07T05:00:00.000Z,11.990778
2011-06-08T05:00:00.000Z,12.798379
2011-06-09T05:00:00.000Z,11.272448
2011-06-10T05:00:00.000Z,
2011-06-11T05:00:00.000Z,12.320475
2011-06-12T05:00:00.000Z,12.467208
2011-06-13T05:00:00.000Z,12.561233
2011-06-14T05:00:00.000Z,
2011-06-15T05:00:00.000Z,
2011-06-16T05:00:00.000Z,9.762259
2011-06-17T05:00:00.000Z,7.0412416
2011-06-18T05:00:00.000Z,11.106492
2011-06-19T05:00:00.000Z,10.222735
2011-06-20T05:00:00.000Z,8.189385
2011-06-21T05:00:00.000Z,11.471234
2011-06-22T05:00:00.000Z,
2011-06-23T05:00:00.000Z,8.103584
2011-06-24T05:00:00.000Z,6.3775144
2011-06-25T05:00:00.000Z,9.699008
2011-06-26T05:00:00.000Z,
2011-06-27T05:00:00.000Z,11.36625
2011-06-28T05:00:00.000Z,11.591474
2011-06-29T05:00:00.000Z,10.96023
2011-06-30T05:00:00.000Z,7.324069
2011-07-01T05:00:00.000Z,
2011-07-02T05:00:00.000Z,8.923438
2011-07-03T05:00:00.000Z,
2011-07-04T05:00:00.000Z,9.493843
2011-07-05T05:00:00.000Z,11.387809
2011-07-06T05:00:00.000Z,12.236299
2011-07-07T05:00:00.000Z,7.5322495
2011-07-08T05:00:00.000Z,
2011-07-09T05:00:00.000Z,11.542894
2011-07-10T05:00:00.000Z,
2011-07-11T05:00:00.000Z,11.04295
2011-07-12T05:00:00.000Z,
2011-07-13T05:00:00.000Z,7.4841127
2011-07-14T05:00:00.000Z,7.8302417
2011-07-15T05:00:00.000Z,7.005633
2011-07-16T05:00:00.000Z,
2011-07-17T05:00:00.000Z,
2011-07-18T05:00:00.000Z,8.577012
2011-07-19T05:00:00.000Z,
2011-07-20T05:00:00.000Z,11.151464
2011-07-21T05:00:00.000Z,12.082845
2011-07-22T05:00:00.000Z,12.625152
2011-07-23T05:00:00.000Z,12.350449
2011-07-24T05:00:00.000Z,
2011-07-25T05:00:00.000Z,11.802687
2011-07-26T05:00:00.000Z,
2011-07-27T05:00:00.000Z,11.094928
2011-07-28T05:00:00.000Z,
2011-07-29T05:00:00.000Z,9.772456
2011-07-30T05:00:00.000Z,10.971221
2011-07-31T05:00:00.000Z,11.936659
2011-08-01T05:00:00.000Z,11.6196
2011-08-02T05:00:00.000Z,
2011-08-03T05:00:00.000Z,10.733907
2011-08-04T05:00:00.000Z,
2011-08-05T05:00:00.000Z,12.4900675
2011-08-06T05:00:00.000Z,12.718431
2011-08-07T05:00:00.000Z,12.580029
2011-08-08T05:00:00.000Z,11.914191
2011-08-09T05:00:00.000Z,
2011-08-10T05:00:00.000Z,10.995701
2011-08-11T05:00:00.000Z,
2011-08-12T05:00:00.000Z,6.915429
2011-08-13T05:00:00.000Z,
2011-08-14T05:00:00.000Z,10.224815
2011-08-15T05:00:00.000Z,12.158133
2011-08-16T05:00:00.000Z,10.951291
2011-08-17T05:00:00.000Z,
2011-08-18T05:00:00.000Z,
2011-08-19T05:00:00.000Z,10.093802
2011-08-20T05:00:00.000Z,
2011-08-21T05:00:00.000Z,12.003137
2011-08-22T05:00:00.000Z,10.228281
2011-08-23T05:00:00.000Z,11.274507
2011-08-24T05:00:00.000Z,10.738882
2011-08-25T05:00:00.000Z,
2011-08-26T05:00:00.000Z,9.337399
2011-08-27T05:00:00.000Z,
2011-08-28T05:00:00.000Z,5.739025
2011-08-29T05:00:00.000Z,
2011-08-30T05:00:00.000Z,12.598354
2011-08-31T05:00:00.000Z,12.259744
2011-09-01T05:00:00.000Z,12.728089
2011-09-02T05:00:00.000Z,10.961116
2011-09-03T05:00:00.000Z,
2011-09-04T05:00:00.000Z,12.398106
2011-09-05T05:00:00.000Z,
2011-09-06T05:00:00.000Z,12.115354
2011-09-07T05:00:00.000Z,11.529693
2011-09-08T05:00:00.000Z,12.32941
2011-09-09T05:00:00.000Z,11.399532
2011-09-10T05:00:00.000Z,
2011-09-11T05:00:00.000Z,10.688278
2011-09-12T05:00:00.000Z,
2011-09-13T05:00:00.000Z,11.327352
2011-09-14T05:00:00.000Z,
2011-09-15T05:00:00.000Z,12.901783
2011-09-16T05:00:00.000Z,7.756462
2011-09-17T05:00:00.000Z,9.993091
2011-09-18T05:00:00.000Z,
2011-09-19T05:00:00.000Z,
2011-09-20T05:00:00.000Z,8.062747
2011-09-21T05:00:00.000Z,
2011-09-22T05:00:00.000Z,9.664359
2011-09-23T05:00:00.000Z,10.383712
2011-09-24T05:00:00.000Z,7.5914335
2011-09-25T05:00:00.000Z,10.113289
2011-09-26T05:00:00.000Z,
2011-09-27T05:00:00.000Z,12.483268
2011-09-28T05:00:00.000Z,
2011-09-29T05:00:00.000Z,11.600082
2011-09-30T05:00:00.000Z,
2011-10-01T05:00:00.000Z,9.26713
2011-10-02T05:00:00.000Z,10.863397
2011-10-03T05:00:00.000Z,9.569327
2011-10-04T05:00:00.000Z,11.18321
2011-10-05T05:00:00.000Z,
2011-10-06T05:00:00.000Z,8.805765
2011-10-07T05:00:00.000Z,
2011-10-08T05:00:00.000Z,10.138034
2011-10-09T05:00:00.000Z,
2011-10-10T05:00:00.000Z,11.769395
2011-10-11T05:00:00.000Z,9.58329
2011-10-12T05:00:00.000Z,
2011-10-13T05:00:00.000Z,11.025549
2011-10-14T05:00:00.000Z,
2011-10-15T05:00:00.000Z,8.089709
2011-10-16T05:00:00.000Z,
2011-10-17T05:00:00.000Z,9.576241
2011-10-18T05:00:00.000Z,6.8993554
2011-10-19T05:00:00.000Z,9.871691
2011-10-20T05:00:00.000Z,
2011-10-21T05:00:00.000Z,
2011-10-22T05:00:00.000Z,11.791474
2011-10-23T05:00:00.000Z,
2011-10-24T05:00:00.000Z,10.2487
2011-10-25T05:00:00.000Z,
2011-10-26T05:00:00.000Z,10.46073
2011-10-27T05:00:00.000Z,9.802827
2011-10-28T05:00:00.000Z,
2011-10-29T05:00:00.000Z,9.883921
2011-10-30T05:00:00.000Z,
2011-10-31T05:00:00.000Z,4.991134
2011-11-01T05:00:00.000Z,
2011-11-02T05:00:00.000Z,11.045874
2011-11-03T05:00:00.000Z,9.962374
2011-11-04T05:00:00.000Z,9.3942995
2011-11-05T05:00:00.000Z,10.035876
2011-11-06T05:00:00.000Z,
2011-11-07T05:00:00.000Z,9.027936
2011-11-08T05:00:00.000Z,
2011-11-09T05:00:00.000Z,8.810348
2011-11-10T05:00:00.000Z,9.1277075
2011-11-11T05:00:00.000Z,9.5257635
2011-11-12T05:00:00.000Z,7.4334483
2011-11-13T05:00:00.000Z,
2011-11-14T05:00:00.000Z,9.4261
2011-11-15T05:00:00.000Z,
2011-11-16T05:00:00.000Z,9.427669
2011-11-17T05:00:00.000Z,
2011-11-18T05:00:00.000Z,8.544681
2011-11-19T05:00:00.000Z,8.40196
2011-11-20T05:00:00.000Z,9.247494
2011-11-21T05:00:00.000Z,
2011-11-22T05:00:00.000Z,
2011-11-23T05:00:00.000Z,8.592001
2011-11-24T05:00:00.000Z,
2011-11-25T05:00:00.000Z,8.16503
2011-11-26T05:00:00.000Z,
2011-11-27T05:00:00.000Z,7.610095
2011-11-28T05:00:00.000Z,7.7736354
2011-11-29T05:00:00.000Z,
2011-11-30T05:00:00.000Z,7.788682
2011-12-01T05:00:00.000Z,
2011-12-02T05:00:00.000Z,8.879688
2011-12-03T05:00:00.000Z,
2011-12-04T05:00:00.000Z,8.9904585
2011-12-05T05:00:00.000Z,8.646584
2011-12-06T05:00:00.000Z,9.039102
2011-12-07T05:00:00.000Z,6.4718647
2011-12-08T05:00:00.000Z,
2011-12-09T05:00:00.000Z,8.190375
2011-12-10T05:00:00.000Z,
2011-12-11T05:00:00.000Z,7.4411407
2011-12-12T05:00:00.000Z,3.9966104
2011-12-13T05:00:00.000Z,8.2619095
2011-12-14T05:00:00.000Z,7.9259825
2011-12-15T05:00:00.000Z,
2011-12-16T05:00:00.000Z,7.3005595
2011-12-17T05:00:00.000Z,
2011-12-18T05:00:00.000Z,8.430886
2011-12-19T05:00:00.000Z,
2011-12-20T05:00:00.000Z,9.550113
2011-12-21T05:00:00.000Z,9.729081
2011-12-22T05:00:00.000Z,9.354784
2011-12-23T05:00:00.000Z,
2011-12-24T05:00:00.000Z,8.681441
2011-12-25T05:00:00.000Z,9.613076
2011-12-26T05:00:00.000Z,11.115436
2011-12-27T05:00:00.000Z,9.9723015
2011-12-28T05:00:00.000Z,8.864253
2011-12-29T05:00:00.000Z,9.265957
2011-12-30T05:00:00.000Z,9.15309
2011-12-31T05:00:00.000Z,9.793916
2012-01-01T05:00:00.000Z,10.0457735
2012-01-02T05:00:00.000Z,9.623656
2012-01-03T05:00:00.000Z,9.34044
2012-01-04T05:00:00.000Z,
2012-01-05T05:00:00.000Z,9.505637
2012-01-06T05:00:00.000Z,9.4813175
2012-01-07T05:00:00.000Z,9.951088
2012-01-08T05:00:00.000Z,9.688817
2012-01-09T05:00:00.000Z,10.107094
2012-01-10T05:00:00.000Z,9.862093
2012-01-11T05:00:00.000Z,8.473711
2012-01-12T05:00:00.000Z,8.853424
2012-01-13T05:00:00.000Z,8.904568
2012-01-14T05:00:00.000Z,10.647941
2012-01-15T05:00:00.000Z,7.6956544
2012-01-16T05:00:00.000Z,10.578749
2012-01-17T05:00:00.000Z,10.571209
2012-01-18T05:00:00.000Z,10.503121
2012-01-19T05:00:00.000Z,10.234836
2012-01-20T05:00:00.000Z,
2012-01-21T05:00:00.000Z,11.277013
2012-01-22T05:00:00.000Z,10.895769
2012-01-23T05:00:00.000Z,10.763648
2012-01-24T05:00:00.000Z,
2012-01-25T05:00:00.000Z,10.504444
2012-01-26T05:00:00.000Z,10.669849
2012-01-27T05:00:00.000Z,8.121277
2012-01-28T05:00:00.000Z,11.331252
2012-01-29T05:00:00.000Z,11.399311
2012-01-30T05:00:00.000Z,11.327617
2012-01-31T05:00:00.000Z,10.822874
2012-02-01T05:00:00.000Z,11.6388445
2012-02-02T05:00:00.000Z,11.029315
2012-02-03T05:00:00.000Z,11.090842
2012-02-04T05:00:00.000Z,10.833583
2012-02-05T05:00:00.000Z,
2012-02-06T05:00:00.000Z,10.23326
2012-02-07T05:00:00.000Z,10.829194
2012-02-08T05:00:00.000Z,11.656748
2012-02-09T05:00:00.000Z,10.972618
2012-02-10T05:00:00.000Z,11.3918
2012-02-11T05:00:00.000Z,10.917898
2012-02-12T05:00:00.000Z,9.514624
2012-02-13T05:00:00.000Z,11.732408
2012-02-14T05:00:00.000Z,11.265232
2012-02-15T05:00:00.000Z,11.828033
2012-02-16T05:00:00.000Z,12.224278
2012-02-17T05:00:00.000Z,12.743195
2012-02-18T05:00:00.000Z,11.906207
2012-02-19T05:00:00.000Z,11.709292
2012-02-20T05:00:00.000Z,11.949787
2012-02-21T05:00:00.000Z,
2012-02-22T05:00:00.000Z,13.170864
2012-02-23T05:00:00.000Z,12.68019
2012-02-24T05:00:00.000Z,13.171218
2012-02-25T05:00:00.000Z,
2012-02-26T05:00:00.000Z,12.864622
2012-02-27T05:00:00.000Z,11.402681
2012-02-28T05:00:00.000Z,
2012-02-29T05:00:00.000Z,11.858626
2012-03-01T05:00:00.000Z,12.224733
2012-03-02T05:00:00.000Z,12.557361
2012-03-03T05:00:00.000Z,12.388489
2012-03-04T05:00:00.000Z,12.801029
2012-03-05T05:00:00.000Z,10.292703
2012-03-06T05:00:00.000Z,11.465875
2012-03-07T05:00:00.000Z,12.273047
2012-03-08T05:00:00.000Z,
2012-03-09T05:00:00.000Z,12.528084
2012-03-10T05:00:00.000Z,12.051996
2012-03-11T05:00:00.000Z,12.962352
2012-03-12T05:00:00.000Z,12.640551
2012-03-13T05:00:00.000Z,12.057878
2012-03-14T05:00:00.000Z,12.647935
2012-03-15T05:00:00.000Z,9.019444
2012-03-16T05:00:00.000Z,10.67443
2012-03-17T05:00:00.000Z,11.09607
2012-03-18T05:00:00.000Z,9.996822
2012-03-19T05:00:00.000Z,9.725854
2012-03-20T05:00:00.000Z,11.173804
2012-03-21T05:00:00.000Z,11.725134
2012-03-22T05:00:00.000Z,12.4438305
2012-03-23T05:00:00.000Z,12.019965
2012-03-24T05:00:00.000Z,
2012-03-25T05:00:00.000Z,12.446388
2012-03-26T05:00:00.000Z,13.660121
2012-03-27T05:00:00.000Z,13.181596
2012-03-28T05:00:00.000Z,
2012-03-29T05:00:00.000Z,13.482483
2012-03-30T05:00:00.000Z,10.999022
2012-03-31T05:00:00.000Z,6.0112324
2012-04-01T05:00:00.000Z,10.70107
2012-04-02T05:00:00.000Z,11.342316
2012-04-03T05:00:00.000Z,9.671516
2012-04-04T05:00:00.000Z,12.637226
2012-04-05T05:00:00.000Z,6.7809744
2012-04-06T05:00:00.000Z,7.9375706
2012-04-07T05:00:00.000Z,10.63785
2012-04-08T05:00:00.000Z,10.465967
2012-04-09T05:00:00.000Z,
2012-04-10T05:00:00.000Z,12.668738
2012-04-11T05:00:00.000Z,12.560436
2012-04-12T05:00:00.000Z,10.895945
2012-04-13T05:00:00.000Z,11.849421
2012-04-14T05:00:00.000Z,10.657786
2012-04-15T05:00:00.000Z,13.325818
2012-04-16T05:00:00.000Z,9.541201
2012-04-17T05:00:00.000Z,8.834063
2012-04-18T05:00:00.000Z,10.709161
2012-04-19T05:00:00.000Z,9.488018
2012-04-20T05:00:00.000Z,10.59129
2012-04-21T05:00:00.000Z,13.416394
2012-04-22T05:00:00.000Z,9.369771
2012-04-23T05:00:00.000Z,11.940368
2012-04-24T05:00:00.000Z,8.542174
2012-04-25T05:00:00.000Z,
2012-04-26T05:00:00.000Z,10.895953
2012-04-27T05:00:00.000Z,6.2212086
2012-04-28T05:00:00.000Z,12.71148
2012-04-29T05:00:00.000Z,
2012-04-30T05:00:00.000Z,12.592417
2012-05-01T05:00:00.000Z,10.973416
2012-05-02T05:00:00.000Z,8.38397
2012-05-03T05:00:00.000Z,11.586423
2012-05-04T05:00:00.000Z,2.0563073
2012-05-05T05:00:00.000Z,6.2537656
2012-05-06T05:00:00.000Z,8.437138
2012-05-07T05:00:00.000Z,10.724653
2012-05-08T05:00:00.000Z,12.171361
2012-05-09T05:00:00.000Z,7.284419
2012-05-10T05:00:00.000Z,11.737779
2012-05-11T05:00:00.000Z,
2012-05-12T05:00:00.000Z,9.898697
2012-05-13T05:00:00.000Z,12.192816
2012-05-14T05:00:00.000Z,10.376527
2012-05-15T05:00:00.000Z,12.163231
2012-05-16T05:00:00.000Z,12.538638
2012-05-17T05:00:00.000Z,12.150608
2012-05-18T05:00:00.000Z,6.683298
2012-05-19T05:00:00.000Z,11.256384
2012-05-20T05:00:00.000Z,6.8274226
2012-05-21T05:00:00.000Z,12.037996
2012-05-22T05:00:00.000Z,11.437425
2012-05-23T05:00:00.000Z,12.45875
2012-05-24T05:00:00.000Z,12.11216
2012-05-25T05:00:00.000Z,9.378565
2012-05-26T05:00:00.000Z,9.6206875
2012-05-27T05:00:00.000Z,
2012-05-28T05:00:00.000Z,11.052953
2012-05-29T05:00:00.000Z,11.698628
2012-05-30T05:00:00.000Z,6.32829
2012-05-31T05:00:00.000Z,
2012-06-01T05:00:00.000Z,9.58769
2012-06-02T05:00:00.000Z,10.742663
2012-06-03T05:00:00.000Z,
2012-06-04T05:00:00.000Z,11.513161
2012-06-05T05:00:00.000Z,11.958275
2012-06-06T05:00:00.000Z,12.102785
2012-06-07T05:00:00.000Z,12.014687
2012-06-08T05:00:00.000Z,8.733538
2012-06-09T05:00:00.000Z,11.212285
2012-06-10T05:00:00.000Z,12.090547
2012-06-11T05:00:00.000Z,9.105398
2012-06-12T05:00:00.000Z,
2012-06-13T05:00:00.000Z,9.872394
2012-06-14T05:00:00.000Z,8.426302
2012-06-15T05:00:00.000Z,11.749382
2012-06-16T05:00:00.000Z,7.205728
2012-06-17T05:00:00.000Z,11.774338
2012-06-18T05:00:00.000Z,11.062248
2012-06-19T05:00:00.000Z,8.780427
2012-06-20T05:00:00.000Z,11.362571
2012-06-21T05:00:00.000Z,10.556894
2012-06-22T05:00:00.000Z,11.993377
2012-06-23T05:00:00.000Z,10.041345
2012-06-24T05:00:00.000Z,9.698398
2012-06-25T05:00:00.000Z,9.264968
2012-06-26T05:00:00.000Z,8.776855
2012-06-27T05:00:00.000Z,10.393036
2012-06-28T05:00:00.000Z,
2012-06-29T05:00:00.000Z,11.449853
2012-06-30T05:00:00.000Z,9.142054
2012-07-01T05:00:00.000Z,9.006234
2012-07-02T05:00:00.000Z,
2012-07-03T05:00:00.000Z,9.929922
2012-07-04T05:00:00.000Z,8.272938
2012-07-05T05:00:00.000Z,6.385401
2012-07-06T05:00:00.000Z,9.768551
2012-07-07T05:00:00.000Z,11.724607
2012-07-08T05:00:00.000Z,12.082093
2012-07-09T05:00:00.000Z,11.475967
2012-07-10T05:00:00.000Z,11.731871
2012-07-11T05:00:00.000Z,9.8997135
2012-07-12T05:00:00.000Z,10.083205
2012-07-13T05:00:00.000Z,9.201545
2012-07-14T05:00:00.000Z,
2012-07-15T05:00:00.000Z,11.553971
2012-07-16T05:00:00.000Z,11.455145
2012-07-17T05:00:00.000Z,10.523838
2012-07-18T05:00:00.000Z,10.159963
2012-07-19T05:00:00.000Z,11.425502
2012-07-20T05:00:00.000Z,10.600619
2012-07-21T05:00:00.000Z,
2012-07-22T05:00:00.000Z,11.827818
2012-07-23T05:00:00.000Z,12.074874
2012-07-24T05:00:00.000Z,11.314051
2012-07-25T05:00:00.000Z,11.577998
2012-07-26T05:00:00.000Z,12.151685
2012-07-27T05:00:00.000Z,11.251737
2012-07-28T05:00:00.000Z,11.811383
2012-07-29T05:00:00.000Z,8.410214
2012-07-30T05:00:00.000Z,
2012-07-31T05:00:00.000Z,9.963254
2012-08-01T05:00:00.000Z,9.142908
2012-08-02T05:00:00.000Z,11.780052
2012-08-03T05:00:00.000Z,
2012-08-04T05:00:00.000Z,11.225788
2012-08-05T05:00:00.000Z,8.115283
2012-08-06T05:00:00.000Z,5.83464
2012-08-07T05:00:00.000Z,10.253933
2012-08-08T05:00:00.000Z,8.759952
2012-08-09T05:00:00.000Z,11.566513
2012-08-10T05:00:00.000Z,12.322148
2012-08-11T05:00:00.000Z,10.624574
2012-08-12T05:00:00.000Z,11.118769
2012-08-13T05:00:00.000Z,9.878724
2012-08-14T05:00:00.000Z,7.5692196
2012-08-15T05:00:00.000Z,
2012-08-16T05:00:00.000Z,10.747124
2012-08-17T05:00:00.000Z,9.855272
2012-08-18T05:00:00.000Z,11.374564
2012-08-19T05:00:00.000Z,11.806944
2012-08-20T05:00:00.000Z,12.489521
2012-08-21T05:00:00.000Z,11.237063
2012-08-22T05:00:00.000Z,7.3041067
2012-08-23T05:00:00.000Z,10.587408
2012-08-24T05:00:00.000Z,7.873025
2012-08-25T05:00:00.000Z,12.758216
2012-08-26T05:00:00.000Z,9.443218
2012-08-27T05:00:00.000Z,13.305605
2012-08-28T05:00:00.000Z,12.564532
2012-08-29T05:00:00.000Z,12.071187
2012-08-30T05:00:00.000Z,12.197284
2012-08-31T05:00:00.000Z,
2012-09-01T05:00:00.000Z,12.618354
2012-09-02T05:00:00.000Z,12.394164
2012-09-03T05:00:00.000Z,12.623806
2012-09-04T05:00:00.000Z,
2012-09-05T05:00:00.000Z,10.270461
2012-09-06T05:00:00.000Z,11.421766
2012-09-07T05:00:00.000Z,
2012-09-08T05:00:00.000Z,12.378682
2012-09-09T05:00:00.000Z,13.098779
2012-09-10T05:00:00.000Z,11.429162
2012-09-11T05:00:00.000Z,11.954941
2012-09-12T05:00:00.000Z,12.363398
2012-09-13T05:00:00.000Z,9.302754
2012-09-14T05:00:00.000Z,10.443102
2012-09-15T05:00:00.000Z,12.627905
2012-09-16T05:00:00.000Z,
2012-09-17T05:00:00.000Z,11.831644
2012-09-18T05:00:00.000Z,12.289032
2012-09-19T05:00:00.000Z,12.633894
2012-09-20T05:00:00.000Z,11.866756
2012-09-21T05:00:00.000Z,11.607712
2012-09-22T05:00:00.000Z,10.949716
2012-09-23T05:00:00.000Z,7.3959746
2012-09-24T05:00:00.000Z,10.290423
2012-09-25T05:00:00.000Z,2.5597415
2012-09-26T05:00:00.000Z,12.0982895
2012-09-27T05:00:00.000Z,10.348576
2012-09-28T05:00:00.000Z,8.000168
2012-09-29T05:00:00.000Z,9.611593
2012-09-30T05:00:00.000Z,11.407013
2012-10-01T05:00:00.000Z,11.92054
2012-10-02T05:00:00.000Z,
2012-10-03T05:00:00.000Z,12.741013
2012-10-04T05:00:00.000Z,11.067328
2012-10-05T05:00:00.000Z,6.450033
2012-10-06T05:00:00.000Z,
2012-10-07T05:00:00.000Z,10.232219
2012-10-08T05:00:00.000Z,11.0964365
2012-10-09T05:00:00.000Z,
2012-10-10T05:00:00.000Z,11.769432
2012-10-11T05:00:00.000Z,12.607114
2012-10-12T05:00:00.000Z,11.427102
2012-10-13T05:00:00.000Z,11.912361
2012-10-14T05:00:00.000Z,4.627033
2012-10-15T05:00:00.000Z,10.17824
2012-10-16T05:00:00.000Z,9.698422
2012-10-17T05:00:00.000Z,10.264866
2012-10-18T05:00:00.000Z,
2012-10-19T05:00:00.000Z,9.942114
2012-10-20T05:00:00.000Z,9.267009
2012-10-21T05:00:00.000Z,10.767256
2012-10-22T05:00:00.000Z,9.5667095
2012-10-23T05:00:00.000Z,8.50156
2012-10-24T05:00:00.000Z,5.643427
2012-10-25T05:00:00.000Z,8.986586
2012-10-26T05:00:00.000Z,10.132722
2012-10-27T05:00:00.000Z,11.9312725
2012-10-28T05:00:00.000Z,10.15953
2012-10-29T05:00:00.000Z,7.7804255
2012-10-30T05:00:00.000Z,5.349738
2012-10-31T05:00:00.000Z,10.115723
2012-11-01T05:00:00.000Z,10.940352
2012-11-02T05:00:00.000Z,10.662569
2012-11-03T05:00:00.000Z,
2012-11-04T05:00:00.000Z,11.400214
2012-11-05T05:00:00.000Z,10.151641
2012-11-06T05:00:00.000Z,10.987134
2012-11-07T05:00:00.000Z,
2012-11-08T05:00:00.000Z,11.125207
2012-11-09T05:00:00.000Z,11.770428
2012-11-10T05:00:00.000Z,
2012-11-11T05:00:00.000Z,11.050913
2012-11-12T05:00:00.000Z,7.788984
2012-11-13T05:00:00.000Z,10.577318
2012-11-14T05:00:00.000Z,10.387037
2012-11-15T05:00:00.000Z,10.215088
2012-11-16T05:00:00.000Z,8.047702
2012-11-17T05:00:00.000Z,9.579911
2012-11-18T05:00:00.000Z,6.5924573
2012-11-19T05:00:00.000Z,
2012-11-20T05:00:00.000Z,10.901512
2012-11-21T05:00:00.000Z,8.847275
2012-11-22T05:00:00.000Z,7.280508
2012-11-23T05:00:00.000Z,8.707702
2012-11-24T05:00:00.000Z,10.312061
2012-11-25T05:00:00.000Z,10.279687
2012-11-26T05:00:00.000Z,
2012-11-27T05:00:00.000Z,9.972047
2012-11-28T05:00:00.000Z,10.091315
2012-11-29T05:00:00.000Z,10.378917
2012-11-30T05:00:00.000Z,9.269744
2012-12-01T05:00:00.000Z,9.91594
2012-12-02T05:00:00.000Z,9.987852
2012-12-03T05:00:00.000Z,
2012-12-04T05:00:00.000Z,10.121496
2012-12-05T05:00:00.000Z,
2012-12-06T05:00:00.000Z,9.455081
2012-12-07T05:00:00.000Z,9.327443
2012-12-08T05:00:00.000Z,9.897802
2012-12-09T05:00:00.000Z,
2012-12-10T05:00:00.000Z,10.113208
2012-12-11T05:00:00.000Z,9.762072
2012-12-12T05:00:00.000Z,
2012-12-13T05:00:00.000Z,8.351593
2012-12-14T05:00:00.000Z,6.518848
2012-12-15T05:00:00.000Z,9.467605
2012-12-16T05:00:00.000Z,9.425888
2012-12-17T05:00:00.000Z,9.296208
2012-12-18T05:00:00.000Z,8.914924
2012-12-19T05:00:00.000Z,
2012-12-20T05:00:00.000Z,8.91524
2012-12-21T05:00:00.000Z,
2012-12-22T05:00:00.000Z,8.39599
2012-12-23T05:00:00.000Z,8.755168
2012-12-24T05:00:00.000Z,9.247986
2012-12-25T05:00:00.000Z,9.167939
2012-12-26T05:00:00.000Z,9.655937
2012-12-27T05:00:00.000Z,9.106656
2012-12-28T05:00:00.000Z,
2012-12-29T05:00:00.000Z,10.250551
2012-12-30T05:00:00.000Z,9.9028425
2012-12-31T05:00:00.000Z,9.991734
2013-01-01T05:00:00.000Z,9.063053
2013-01-02T05:00:00.000Z,10.228067
2013-01-03T05:00:00.000Z,9.826408
2013-01-04T05:00:00.000Z,
2013-01-05T05:00:00.000Z,9.915764
2013-01-06T05:00:00.000Z,
2013-01-07T05:00:00.000Z,10.66651
2013-01-08T05:00:00.000Z,10.869162
2013-01-09T05:00:00.000Z,11.158447
2013-01-10T05:00:00.000Z,
2013-01-11T05:00:00.000Z,11.27099
2013-01-12T05:00:00.000Z,10.866374
2013-01-13T05:00:00.000Z,
2013-01-14T05:00:00.000Z,11.2505865
2013-01-15T05:00:00.000Z,10.369316
2013-01-16T05:00:00.000Z,11.121084
2013-01-17T05:00:00.000Z,10.68312
2013-01-18T05:00:00.000Z,11.026814
2013-01-19T05:00:00.000Z,10.69324
2013-01-20T05:00:00.000Z,10.545781
2013-01-21T05:00:00.000Z,11.124026
2013-01-22T05:00:00.000Z,
2013-01-23T05:00:00.000Z,10.670596
2013-01-24T05:00:00.000Z,10.377678
2013-01-25T05:00:00.000Z,10.948709
2013-01-26T05:00:00.000Z,10.765325
2013-01-27T05:00:00.000Z,11.515812
2013-01-28T05:00:00.000Z,11.572645
2013-01-29T05:00:00.000Z,8.574452
2013-01-30T05:00:00.000Z,11.454815
2013-01-31T05:00:00.000Z,
2013-02-01T05:00:00.000Z,11.2107
2013-02-02T05:00:00.000Z,10.457558
2013-02-03T05:00:00.000Z,10.060686
2013-02-04T05:00:00.000Z,10.549138
2013-02-05T05:00:00.000Z,9.943387
2013-02-06T05:00:00.000Z,9.9386835
2013-02-07T05:00:00.000Z,
2013-02-08T05:00:00.000Z,10.46899
2013-02-09T05:00:00.000Z,10.788247
2013-02-10T05:00:00.000Z,10.337114
2013-02-11T05:00:00.000Z,
2013-02-12T05:00:00.000Z,11.773743
2013-02-13T05:00:00.000Z,11.327512
2013-02-14T05:00:00.000Z,11.387227
2013-02-15T05:00:00.000Z,11.775963
2013-02-16T05:00:00.000Z,
2013-02-17T05:00:00.000Z,11.569978
2013-02-18T05:00:00.000Z,11.483867
2013-02-19T05:00:00.000Z,12.060659
2013-02-20T05:00:00.000Z,12.357274
2013-02-21T05:00:00.000Z,12.710327
2013-02-22T05:00:00.000Z,12.695908
2013-02-23T05:00:00.000Z,
2013-02-24T05:00:00.000Z,13.196425
2013-02-25T05:00:00.000Z,12.857347
2013-02-26T05:00:00.000Z,12.8125515
2013-02-27T05:00:00.000Z,11.824517
2013-02-28T05:00:00.000Z,12.470371
2013-03-01T05:00:00.000Z,8.096836
2013-03-02T05:00:00.000Z,9.984423
2013-03-03T05:00:00.000Z,9.038539
2013-03-04T05:00:00.000Z,
2013-03-05T05:00:00.000Z,11.954594
2013-03-06T05:00:00.000Z,10.666297
2013-03-07T05:00:00.000Z,11.048272
2013-03-08T05:00:00.000Z,12.615293
2013-03-09T05:00:00.000Z,13.094478
2013-03-10T05:00:00.000Z,12.3630905
2013-03-11T05:00:00.000Z,
2013-03-12T05:00:00.000Z,11.610699
2013-03-13T05:00:00.000Z,12.124685
2013-03-14T05:00:00.000Z,12.85907
2013-03-15T05:00:00.000Z,
2013-03-16T05:00:00.000Z,12.261378
2013-03-17T05:00:00.000Z,12.171731
2013-03-18T05:00:00.000Z,10.359343
2013-03-19T05:00:00.000Z,10.50923
2013-03-20T05:00:00.000Z,
2013-03-21T05:00:00.000Z,12.299172
2013-03-22T05:00:00.000Z,10.635917
2013-03-23T05:00:00.000Z,11.57936
2013-03-24T05:00:00.000Z,13.067752
2013-03-25T05:00:00.000Z,12.896954
2013-03-26T05:00:00.000Z,13.289464
2013-03-27T05:00:00.000Z,
2013-03-28T05:00:00.000Z,13.545947
2013-03-29T05:00:00.000Z,12.986783
2013-03-30T05:00:00.000Z,13.467909
2013-03-31T05:00:00.000Z,12.508073
2013-04-01T05:00:00.000Z,14.337249
2013-04-02T05:00:00.000Z,12.92673
2013-04-03T05:00:00.000Z,
2013-04-04T05:00:00.000Z,13.19208
2013-04-05T05:00:00.000Z,11.198416
2013-04-06T05:00:00.000Z,13.797811
2013-04-07T05:00:00.000Z,12.971354
2013-04-08T05:00:00.000Z,14.26197
2013-04-09T05:00:00.000Z,12.879262
2013-04-10T05:00:00.000Z,13.439646
2013-04-11T05:00:00.000Z,12.484538
2013-04-12T05:00:00.000Z,
2013-04-13T05:00:00.000Z,13.465473
2013-04-14T05:00:00.000Z,11.927956
2013-04-15T05:00:00.000Z,10.68995
2013-04-16T05:00:00.000Z,
2013-04-17T05:00:00.000Z,11.011181
2013-04-18T05:00:00.000Z,11.144263
2013-04-19T05:00:00.000Z,5.8320894
2013-04-20T05:00:00.000Z,9.515949
2013-04-21T05:00:00.000Z,3.397111
2013-04-22T05:00:00.000Z,12.946364
2013-04-23T05:00:00.000Z,12.511849
2013-04-24T05:00:00.000Z,12.762421
2013-04-25T05:00:00.000Z,12.98766
2013-04-26T05:00:00.000Z,11.185266
2013-04-27T05:00:00.000Z,10.643863
2013-04-28T05:00:00.000Z,
2013-04-29T05:00:00.000Z,12.481007
2013-04-30T05:00:00.000Z,12.085881
2013-05-01T05:00:00.000Z,12.484308
2013-05-02T05:00:00.000Z,5.637826
2013-05-03T05:00:00.000Z,10.796944
2013-05-04T05:00:00.000Z,12.523203
2013-05-05T05:00:00.000Z,7.963937
2013-05-06T05:00:00.000Z,9.665163
2013-05-07T05:00:00.000Z,12.486412
2013-05-08T05:00:00.000Z,13.431446
2013-05-09T05:00:00.000Z,7.236182
2013-05-10T05:00:00.000Z,12.021077
2013-05-11T05:00:00.000Z,11.90927
2013-05-12T05:00:00.000Z,12.331954
2013-05-13T05:00:00.000Z,12.466743
2013-05-14T05:00:00.000Z,
2013-05-15T05:00:00.000Z,12.690154
2013-05-16T05:00:00.000Z,11.42606
2013-05-17T05:00:00.000Z,11.085948
2013-05-18T05:00:00.000Z,
2013-05-19T05:00:00.000Z,11.034648
2013-05-20T05:00:00.000Z,8.194584
2013-05-21T05:00:00.000Z,
2013-05-22T05:00:00.000Z,4.7239885
2013-05-23T05:00:00.000Z,9.799575
2013-05-24T05:00:00.000Z,9.637444
2013-05-25T05:00:00.000Z,12.14061
2013-05-26T05:00:00.000Z,12.528854
2013-05-27T05:00:00.000Z,10.7260475
2013-05-28T05:00:00.000Z,10.732272
2013-05-29T05:00:00.000Z,9.035403
2013-05-30T05:00:00.000Z,
2013-05-31T05:00:00.000Z,6.820084
2013-06-01T05:00:00.000Z,10.852739
2013-06-02T05:00:00.000Z,11.761791
2013-06-03T05:00:00.000Z,11.80444
2013-06-04T05:00:00.000Z,10.722499
2013-06-05T05:00:00.000Z,10.215254
2013-06-06T05:00:00.000Z,6.676448
2013-06-07T05:00:00.000Z,10.675935
2013-06-08T05:00:00.000Z,9.830001
2013-06-09T05:00:00.000Z,9.894917
2013-06-10T05:00:00.000Z,11.124689
2013-06-11T05:00:00.000Z,2.1070561
2013-06-12T05:00:00.000Z,10.312023
2013-06-13T05:00:00.000Z,11.075789
2013-06-14T05:00:00.000Z,10.564945
2013-06-15T05:00:00.000Z,
2013-06-16T05:00:00.000Z,11.087972
2013-06-17T05:00:00.000Z,11.19184
2013-06-18T05:00:00.000Z,11.880298
2013-06-19T05:00:00.000Z,
2013-06-20T05:00:00.000Z,8.223108
2013-06-21T05:00:00.000Z,10.87499
2013-06-22T05:00:00.000Z,7.320848
2013-06-23T05:00:00.000Z,9.791096
2013-06-24T05:00:00.000Z,9.984623
2013-06-25T05:00:00.000Z,9.258076
2013-06-26T05:00:00.000Z,10.119293
2013-06-27T05:00:00.000Z,8.139092
2013-06-28T05:00:00.000Z,8.468589
2013-06-29T05:00:00.000Z,10.018205
2013-06-30T05:00:00.000Z,10.266792
2013-07-01T05:00:00.000Z,
2013-07-02T05:00:00.000Z,11.616948
2013-07-03T05:00:00.000Z,11.030383
2013-07-04T05:00:00.000Z,10.694268
2013-07-05T05:00:00.000Z,9.8220215
2013-07-06T05:00:00.000Z,11.401676
2013-07-07T05:00:00.000Z,11.057143
2013-07-08T05:00:00.000Z,6.279587
2013-07-09T05:00:00.000Z,11.10084
2013-07-10T05:00:00.000Z,11.232221
2013-07-11T05:00:00.000Z,9.634413
2013-07-12T05:00:00.000Z,10.627294
2013-07-13T05:00:00.000Z,11.056905
2013-07-14T05:00:00.000Z,10.799787
2013-07-15T05:00:00.000Z,10.760862
2013-07-16T05:00:00.000Z,10.039161
2013-07-17T05:00:00.000Z,
2013-07-18T05:00:00.000Z,10.1886015
2013-07-19T05:00:00.000Z,10.014611
2013-07-20T05:00:00.000Z,9.497262
2013-07-21T05:00:00.000Z,
2013-07-22T05:00:00.000Z,9.496294
2013-07-23T05:00:00.000Z,10.283902
2013-07-24T05:00:00.000Z,8.380415
2013-07-25T05:00:00.000Z,11.18498
2013-07-26T05:00:00.000Z,11.711946
2013-07-27T05:00:00.000Z,10.995903
2013-07-28T05:00:00.000Z,11.403564
2013-07-29T05:00:00.000Z,11.6518
2013-07-30T05:00:00.000Z,9.482289
2013-07-31T05:00:00.000Z,9.641745
2013-08-01T05:00:00.000Z,8.8009405
2013-08-02T05:00:00.000Z,
2013-08-03T05:00:00.000Z,11.441573
2013-08-04T05:00:00.000Z,11.088571
2013-08-05T05:00:00.000Z,11.665754
2013-08-06T05:00:00.000Z,11.404763
2013-08-07T05:00:00.000Z,10.27877
2013-08-08T05:00:00.000Z,9.323576
2013-08-09T05:00:00.000Z,7.9683046
2013-08-10T05:00:00.000Z,9.599045
2013-08-11T05:00:00.000Z,10.971493
2013-08-12T05:00:00.000Z,9.94875
2013-08-13T05:00:00.000Z,8.824942
2013-08-14T05:00:00.000Z,12.04046
2013-08-15T05:00:00.000Z,11.47154
2013-08-16T05:00:00.000Z,9.512724
2013-08-17T05:00:00.000Z,10.277545
2013-08-18T05:00:00.000Z,
2013-08-19T05:00:00.000Z,11.322397
2013-08-20T05:00:00.000Z,10.008087
2013-08-21T05:00:00.000Z,8.687435
2013-08-22T05:00:00.000Z,
2013-08-23T05:00:00.000Z,12.026944
2013-08-24T05:00:00.000Z,8.666598
2013-08-25T05:00:00.000Z,8.273752
2013-08-26T05:00:00.000Z,8.514768
2013-08-27T05:00:00.000Z,11.217522
2013-08-28T05:00:00.000Z,11.334552
2013-08-29T05:00:00.000Z,11.066086
2013-08-30T05:00:00.000Z,10.733559
2013-08-31T05:00:00.000Z,10.747
2013-09-01T05:00:00.000Z,9.375005
2013-09-02T05:00:00.000Z,10.644938
2013-09-03T05:00:00.000Z,
2013-09-04T05:00:00.000Z,11.251475
2013-09-05T05:00:00.000Z,10.036474
2013-09-06T05:00:00.000Z,6.4113855
2013-09-07T05:00:00.000Z,10.881654
2013-09-08T05:00:00.000Z,11.460664
2013-09-09T05:00:00.000Z,10.298954
2013-09-10T05:00:00.000Z,4.1772223
2013-09-11T05:00:00.000Z,10.278699
2013-09-12T05:00:00.000Z,1.704586
2013-09-13T05:00:00.000Z,10.197969
2013-09-14T05:00:00.000Z,10.315559
2013-09-15T05:00:00.000Z,11.782811
2013-09-16T05:00:00.000Z,9.390079
2013-09-17T05:00:00.000Z,11.228911
2013-09-18T05:00:00.000Z,9.393142
2013-09-19T05:00:00.000Z,
2013-09-20T05:00:00.000Z,12.566256
2013-09-21T05:00:00.000Z,11.953388
2013-09-22T05:00:00.000Z,12.278182
2013-09-23T05:00:00.000Z,
2013-09-24T05:00:00.000Z,9.900504
2013-09-25T05:00:00.000Z,9.800412
2013-09-26T05:00:00.000Z,5.0370426
2013-09-27T05:00:00.000Z,9.916826
2013-09-28T05:00:00.000Z,4.2209377
2013-09-29T05:00:00.000Z,11.326713
2013-09-30T05:00:00.000Z,10.13376
2013-10-01T05:00:00.000Z,10.357155
2013-10-02T05:00:00.000Z,11.719395
2013-10-03T05:00:00.000Z,11.745094
2013-10-04T05:00:00.000Z,3.1858134
2013-10-05T05:00:00.000Z,
2013-10-06T05:00:00.000Z,11.894221
2013-10-07T05:00:00.000Z,9.6065445
2013-10-08T05:00:00.000Z,11.014501
2013-10-09T05:00:00.000Z,10.562661
2013-10-10T05:00:00.000Z,9.940969
2013-10-11T05:00:00.000Z,7.385368
2013-10-12T05:00:00.000Z,
2013-10-13T05:00:00.000Z,6.6643386
2013-10-14T05:00:00.000Z,8.777178
2013-10-15T05:00:00.000Z,8.022347
2013-10-16T05:00:00.000Z,1.8449353
2013-10-17T05:00:00.000Z,11.851865
2013-10-18T05:00:00.000Z,11.45517
2013-10-19T05:00:00.000Z,9.843107
2013-10-20T05:00:00.000Z,10.916525
2013-10-21T05:00:00.000Z,
2013-10-22T05:00:00.000Z,10.229315
2013-10-23T05:00:00.000Z,9.806392
2013-10-24T05:00:00.000Z,10.781244
2013-10-25T05:00:00.000Z,
2013-10-26T05:00:00.000Z,8.626653
2013-10-27T05:00:00.000Z,8.980589
2013-10-28T05:00:00.000Z,6.5870123
2013-10-29T05:00:00.000Z,11.533513
2013-10-30T05:00:00.000Z,10.021397
2013-10-31T05:00:00.000Z,9.394752
2013-11-01T05:00:00.000Z,10.381547
2013-11-02T05:00:00.000Z,6.3830094
2013-11-03T05:00:00.000Z,9.753217
2013-11-04T05:00:00.000Z,9.4978895
2013-11-05T05:00:00.000Z,8.917339
2013-11-06T05:00:00.000Z,
2013-11-07T05:00:00.000Z,7.292653
2013-11-08T05:00:00.000Z,8.977161
2013-11-09T05:00:00.000Z,7.9100595
2013-11-10T05:00:00.000Z,9.575618
2013-11-11T05:00:00.000Z,10.106532
2013-11-12T05:00:00.000Z,10.06599
2013-11-13T05:00:00.000Z,4.8092356
2013-11-14T05:00:00.000Z,9.763538
2013-11-15T05:00:00.000Z,9.552094
2013-11-16T05:00:00.000Z,10.3924885
2013-11-17T05:00:00.000Z,10.390566
2013-11-18T05:00:00.000Z,10.399819
2013-11-19T05:00:00.000Z,9.725424
2013-11-20T05:00:00.000Z,9.436563
2013-11-21T05:00:00.000Z,9.619241
2013-11-22T05:00:00.000Z,
2013-11-23T05:00:00.000Z,9.75893
2013-11-24T05:00:00.000Z,7.653204
2013-11-25T05:00:00.000Z,9.084366
2013-11-26T05:00:00.000Z,
2013-11-27T05:00:00.000Z,9.681596
2013-11-28T05:00:00.000Z,9.872491
2013-11-29T05:00:00.000Z,
2013-11-30T05:00:00.000Z,9.383427
2013-12-01T05:00:00.000Z,8.505729
2013-12-02T05:00:00.000Z,9.49348
2013-12-03T05:00:00.000Z,7.6066766
2013-12-04T05:00:00.000Z,9.404648
2013-12-05T05:00:00.000Z,8.684217
2013-12-06T05:00:00.000Z,
2013-12-07T05:00:00.000Z,9.209602
2013-12-08T05:00:00.000Z,
2013-12-09T05:00:00.000Z,8.49659
2013-12-10T05:00:00.000Z,8.685373
2013-12-11T05:00:00.000Z,9.252387
2013-12-12T05:00:00.000Z,9.304655
2013-12-13T05:00:00.000Z,9.532297
2013-12-14T05:00:00.000Z,8.719418
2013-12-15T05:00:00.000Z,
2013-12-16T05:00:00.000Z,9.788964
2013-12-17T05:00:00.000Z,8.366791
2013-12-18T05:00:00.000Z,7.9927006
2013-12-19T05:00:00.000Z,9.26426
2013-12-20T05:00:00.000Z,9.600571
2013-12-21T05:00:00.000Z,9.534658
2013-12-22T05:00:00.000Z,
2013-12-23T05:00:00.000Z,9.517602
2013-12-24T05:00:00.000Z,
2013-12-25T05:00:00.000Z,9.122235
2013-12-26T05:00:00.000Z,8.627338
2013-12-27T05:00:00.000Z,9.406129
2013-12-28T05:00:00.000Z,
2013-12-29T05:00:00.000Z,9.735646
2013-12-30T05:00:00.000Z,9.847926
2013-12-31T05:00:00.000Z,
2014-01-01T05:00:00.000Z,9.968332
2014-01-02T05:00:00.000Z,9.15672
2014-01-03T05:00:00.000Z,9.80637
2014-01-04T05:00:00.000Z,9.128954
2014-01-05T05:00:00.000Z,9.483597
2014-01-06T05:00:00.000Z,9.224993
2014-01-07T05:00:00.000Z,
2014-01-08T05:00:00.000Z,9.190975
2014-01-09T05:00:00.000Z,
2014-01-10T05:00:00.000Z,10.263708
2014-01-11T05:00:00.000Z,10.438265
2014-01-12T05:00:00.000Z,10.330472
2014-01-13T05:00:00.000Z,10.375866
2014-01-14T05:00:00.000Z,10.38717
2014-01-15T05:00:00.000Z,10.039773
2014-01-16T05:00:00.000Z,
2014-01-17T05:00:00.000Z,10.305295
2014-01-18T05:00:00.000Z,10.022792
2014-01-19T05:00:00.000Z,9.948669
2014-01-20T05:00:00.000Z,9.470389
2014-01-21T05:00:00.000Z,10.41211
2014-01-22T05:00:00.000Z,10.3301735
2014-01-23T05:00:00.000Z,10.53661
2014-01-24T05:00:00.000Z,10.268132
2014-01-25T05:00:00.000Z,
2014-01-26T05:00:00.000Z,10.724394
2014-01-27T05:00:00.000Z,9.974283
2014-01-28T05:00:00.000Z,10.080618
2014-01-29T05:00:00.000Z,
2014-01-30T05:00:00.000Z,10.18508
2014-01-31T05:00:00.000Z,10.803413
2014-02-01T05:00:00.000Z,8.309126
2014-02-02T05:00:00.000Z,10.922206
2014-02-03T05:00:00.000Z,10.144078
2014-02-04T05:00:00.000Z,10.697097
2014-02-05T05:00:00.000Z,10.223828
2014-02-06T05:00:00.000Z,10.360118
2014-02-07T05:00:00.000Z,10.908449
2014-02-08T05:00:00.000Z,11.530003
2014-02-09T05:00:00.000Z,11.172711
2014-02-10T05:00:00.000Z,
2014-02-11T05:00:00.000Z,11.64446
2014-02-12T05:00:00.000Z,11.141449
2014-02-13T05:00:00.000Z,11.215353
2014-02-14T05:00:00.000Z,10.459723
2014-02-15T05:00:00.000Z,11.673163
2014-02-16T05:00:00.000Z,11.888297
2014-02-17T05:00:00.000Z,11.107598
2014-02-18T05:00:00.000Z,12.335775
2014-02-19T05:00:00.000Z,11.735611
2014-02-20T05:00:00.000Z,11.834221
2014-02-21T05:00:00.000Z,11.976231
2014-02-22T05:00:00.000Z,12.279031
2014-02-23T05:00:00.000Z,12.000691
2014-02-24T05:00:00.000Z,11.677447
2014-02-25T05:00:00.000Z,11.505081
2014-02-26T05:00:00.000Z,
2014-02-27T05:00:00.000Z,11.453495
2014-02-28T05:00:00.000Z,10.660497
2014-03-01T05:00:00.000Z,10.141381
2014-03-02T05:00:00.000Z,
2014-03-03T05:00:00.000Z,12.046519
2014-03-04T05:00:00.000Z,11.605169
2014-03-05T05:00:00.000Z,8.8466625
2014-03-06T05:00:00.000Z,10.989618
2014-03-07T05:00:00.000Z,11.048349
2014-03-08T05:00:00.000Z,10.585418
2014-03-09T05:00:00.000Z,11.610543
2014-03-10T05:00:00.000Z,11.362564
2014-03-11T05:00:00.000Z,10.399212
2014-03-12T05:00:00.000Z,11.711143
2014-03-13T05:00:00.000Z,11.607376
2014-03-14T05:00:00.000Z,
2014-03-15T05:00:00.000Z,12.426731
2014-03-16T05:00:00.000Z,12.336062
2014-03-17T05:00:00.000Z,13.028299
2014-03-18T05:00:00.000Z,12.521124
2014-03-19T05:00:00.000Z,12.585143
2014-03-20T05:00:00.000Z,12.8288145
2014-03-21T05:00:00.000Z,
2014-03-22T05:00:00.000Z,12.87003
2014-03-23T05:00:00.000Z,12.654072
2014-03-24T05:00:00.000Z,12.258729
2014-03-25T05:00:00.000Z,11.601184
2014-03-26T05:00:00.000Z,11.614413
2014-03-27T05:00:00.000Z,12.695306
2014-03-28T05:00:00.000Z,14.131316
2014-03-29T05:00:00.000Z,13.781582
2014-03-30T05:00:00.000Z,
2014-03-31T05:00:00.000Z,12.803365
2014-04-01T05:00:00.000Z,13.724738
2014-04-02T05:00:00.000Z,13.627145
2014-04-03T05:00:00.000Z,
2014-04-04T05:00:00.000Z,12.739043
2014-04-05T05:00:00.000Z,12.857765
2014-04-06T05:00:00.000Z,
2014-04-07T05:00:00.000Z,13.054878
2014-04-08T05:00:00.000Z,13.210283
2014-04-09T05:00:00.000Z,12.050222
2014-04-10T05:00:00.000Z,12.676487
2014-04-11T05:00:00.000Z,14.377231
2014-04-12T05:00:00.000Z,12.983464
2014-04-13T05:00:00.000Z,12.786726
2014-04-14T05:00:00.000Z,11.854707
2014-04-15T05:00:00.000Z,
2014-04-16T05:00:00.000Z,11.722493
2014-04-17T05:00:00.000Z,12.112005
2014-04-18T05:00:00.000Z,12.403136
2014-04-19T05:00:00.000Z,11.349977
2014-04-20T05:00:00.000Z,11.32661
2014-04-21T05:00:00.000Z,10.647609
2014-04-22T05:00:00.000Z,8.32114
2014-04-23T05:00:00.000Z,9.566034
2014-04-24T05:00:00.000Z,12.601558
2014-04-25T05:00:00.000Z,10.381454
2014-04-26T05:00:00.000Z,10.111477
2014-04-27T05:00:00.000Z,6.252088
2014-04-28T05:00:00.000Z,12.272596
2014-04-29T05:00:00.000Z,11.447901
2014-04-30T05:00:00.000Z,9.525381
2014-05-01T05:00:00.000Z,
2014-05-02T05:00:00.000Z,12.596378
2014-05-03T05:00:00.000Z,12.133738
2014-05-04T05:00:00.000Z,9.181969
2014-05-05T05:00:00.000Z,
2014-05-06T05:00:00.000Z,11.796568
2014-05-07T05:00:00.000Z,10.301373
2014-05-08T05:00:00.000Z,7.6949463
2014-05-09T05:00:00.000Z,11.367694
2014-05-10T05:00:00.000Z,11.560806
2014-05-11T05:00:00.000Z,11.341468
2014-05-12T05:00:00.000Z,11.851595
2014-05-13T05:00:00.000Z,12.451841
2014-05-14T05:00:00.000Z,11.28399
2014-05-15T05:00:00.000Z,8.440994
2014-05-16T05:00:00.000Z,10.531349
2014-05-17T05:00:00.000Z,
2014-05-18T05:00:00.000Z,11.318081
2014-05-19T05:00:00.000Z,11.600929
2014-05-20T05:00:00.000Z,12.496541
2014-05-21T05:00:00.000Z,10.247664
2014-05-22T05:00:00.000Z,11.870508
2014-05-23T05:00:00.000Z,11.467706
2014-05-24T05:00:00.000Z,9.427002
2014-05-25T05:00:00.000Z,11.701993
2014-05-26T05:00:00.000Z,11.326996
2014-05-27T05:00:00.000Z,11.5701475
2014-05-28T05:00:00.000Z,12.274437
2014-05-29T05:00:00.000Z,5.90311
2014-05-30T05:00:00.000Z,9.914911
2014-05-31T05:00:00.000Z,11.007306
2014-06-01T05:00:00.000Z,11.683107
2014-06-02T05:00:00.000Z,
2014-06-03T05:00:00.000Z,11.772168
2014-06-04T05:00:00.000Z,11.877468
2014-06-05T05:00:00.000Z,12.2431555
2014-06-06T05:00:00.000Z,
2014-06-07T05:00:00.000Z,11.675933
2014-06-08T05:00:00.000Z,10.255911
2014-06-09T05:00:00.000Z,8.592769
2014-06-10T05:00:00.000Z,11.52648
2014-06-11T05:00:00.000Z,10.962415
2014-06-12T05:00:00.000Z,12.118546
2014-06-13T05:00:00.000Z,11.061651
2014-06-14T05:00:00.000Z,11.871202
2014-06-15T05:00:00.000Z,10.971752
2014-06-16T05:00:00.000Z,10.6364765
2014-06-17T05:00:00.000Z,11.037711
2014-06-18T05:00:00.000Z,
2014-06-19T05:00:00.000Z,12.016059
2014-06-20T05:00:00.000Z,11.636559
2014-06-21T05:00:00.000Z,9.674302
2014-06-22T05:00:00.000Z,11.528873
2014-06-23T05:00:00.000Z,10.653683
2014-06-24T05:00:00.000Z,9.363713
2014-06-25T05:00:00.000Z,7.2208056
2014-06-26T05:00:00.000Z,10.95051
2014-06-27T05:00:00.000Z,11.787101
2014-06-28T05:00:00.000Z,10.136596
2014-06-29T05:00:00.000Z,11.803105
2014-06-30T05:00:00.000Z,10.587356
2014-07-01T05:00:00.000Z,7.934093
2014-07-02T05:00:00.000Z,11.038118
2014-07-03T05:00:00.000Z,11.664313
2014-07-04T05:00:00.000Z,
2014-07-05T05:00:00.000Z,10.600841
2014-07-06T05:00:00.000Z,10.873058
2014-07-07T05:00:00.000Z,10.657121
2014-07-08T05:00:00.000Z,
2014-07-09T05:00:00.000Z,11.4669075
2014-07-10T05:00:00.000Z,11.37471
2014-07-11T05:00:00.000Z,7.4332376
2014-07-12T05:00:00.000Z,10.703449
2014-07-13T05:00:00.000Z,12.117404
2014-07-14T05:00:00.000Z,12.044913
2014-07-15T05:00:00.000Z,9.559528
2014-07-16T05:00:00.000Z,11.287427
2014-07-17T05:00:00.000Z,11.234125
2014-07-18T05:00:00.000Z,10.668178
2014-07-19T05:00:00.000Z,11.720981
2014-07-20T05:00:00.000Z,
2014-07-21T05:00:00.000Z,9.964313
2014-07-22T05:00:00.000Z,11.039786
2014-07-23T05:00:00.000Z,11.959408
2014-07-24T05:00:00.000Z,11.274593
2014-07-25T05:00:00.000Z,11.491951
2014-07-26T05:00:00.000Z,10.31935
2014-07-27T05:00:00.000Z,8.080927
2014-07-28T05:00:00.000Z,11.894506
2014-07-29T05:00:00.000Z,11.408322
2014-07-30T05:00:00.000Z,11.819496
2014-07-31T05:00:00.000Z,10.520065
2014-08-01T05:00:00.000Z,11.406938
2014-08-02T05:00:00.000Z,8.765032
2014-08-03T05:00:00.000Z,10.25659
2014-08-04T05:00:00.000Z,11.087727
2014-08-05T05:00:00.000Z,
2014-08-06T05:00:00.000Z,10.96313
2014-08-07T05:00:00.000Z,9.829738
2014-08-08T05:00:00.000Z,10.271562
2014-08-09T05:00:00.000Z,
2014-08-10T05:00:00.000Z,9.168859
2014-08-11T05:00:00.000Z,11.36696
2014-08-12T05:00:00.000Z,9.007801
2014-08-13T05:00:00.000Z,11.42619
2014-08-14T05:00:00.000Z,11.78283
2014-08-15T05:00:00.000Z,12.430617
2014-08-16T05:00:00.000Z,11.876969
2014-08-17T05:00:00.000Z,12.686871
2014-08-18T05:00:00.000Z,10.440069
2014-08-19T05:00:00.000Z,9.82459
2014-08-20T05:00:00.000Z,11.733264
2014-08-21T05:00:00.000Z,
2014-08-22T05:00:00.000Z,9.497154
2014-08-23T05:00:00.000Z,10.528989
2014-08-24T05:00:00.000Z,11.818013
2014-08-25T05:00:00.000Z,10.096509
2014-08-26T05:00:00.000Z,10.761029
2014-08-27T05:00:00.000Z,10.887855
2014-08-28T05:00:00.000Z,9.313558
2014-08-29T05:00:00.000Z,12.983947
2014-08-30T05:00:00.000Z,13.109394
2014-08-31T05:00:00.000Z,12.794444
2014-09-01T05:00:00.000Z,12.873826
2014-09-02T05:00:00.000Z,12.360966
2014-09-03T05:00:00.000Z,9.873182
2014-09-04T05:00:00.000Z,12.533336
2014-09-05T05:00:00.000Z,12.096606
2014-09-06T05:00:00.000Z,
2014-09-07T05:00:00.000Z,11.410759
2014-09-08T05:00:00.000Z,11.395036
2014-09-09T05:00:00.000Z,12.209494
2014-09-10T05:00:00.000Z,
2014-09-11T05:00:00.000Z,8.632325
2014-09-12T05:00:00.000Z,6.827927
2014-09-13T05:00:00.000Z,8.517846
2014-09-14T05:00:00.000Z,9.46362
2014-09-15T05:00:00.000Z,12.167528
2014-09-16T05:00:00.000Z,7.415807
2014-09-17T05:00:00.000Z,11.117563
2014-09-18T05:00:00.000Z,9.875233
2014-09-19T05:00:00.000Z,11.17642
2014-09-20T05:00:00.000Z,10.427368
2014-09-21T05:00:00.000Z,9.648952
2014-09-22T05:00:00.000Z,
2014-09-23T05:00:00.000Z,11.997389
2014-09-24T05:00:00.000Z,11.143468
2014-09-25T05:00:00.000Z,12.160116
2014-09-26T05:00:00.000Z,11.750212
2014-09-27T05:00:00.000Z,12.835483
2014-09-28T05:00:00.000Z,9.589361
2014-09-29T05:00:00.000Z,8.341444
2014-09-30T05:00:00.000Z,12.15534
2014-10-01T05:00:00.000Z,12.316931
2014-10-02T05:00:00.000Z,11.654494
2014-10-03T05:00:00.000Z,10.323804
2014-10-04T05:00:00.000Z,10.699316
2014-10-05T05:00:00.000Z,10.146623
2014-10-06T05:00:00.000Z,8.585897
2014-10-07T05:00:00.000Z,9.152502
2014-10-08T05:00:00.000Z,
2014-10-09T05:00:00.000Z,8.505867
2014-10-10T05:00:00.000Z,11.328413
2014-10-11T05:00:00.000Z,9.062681
2014-10-12T05:00:00.000Z,
2014-10-13T05:00:00.000Z,10.337818
2014-10-14T05:00:00.000Z,6.654048
2014-10-15T05:00:00.000Z,8.694123
2014-10-16T05:00:00.000Z,8.768046
2014-10-17T05:00:00.000Z,4.8487425
2014-10-18T05:00:00.000Z,8.807753
2014-10-19T05:00:00.000Z,9.766198
2014-10-20T05:00:00.000Z,10.680313
2014-10-21T05:00:00.000Z,11.529894
2014-10-22T05:00:00.000Z,10.851709
2014-10-23T05:00:00.000Z,10.614082
2014-10-24T05:00:00.000Z,
2014-10-25T05:00:00.000Z,9.449784
2014-10-26T05:00:00.000Z,10.5217905
2014-10-27T05:00:00.000Z,11.59487
2014-10-28T05:00:00.000Z,10.506696
2014-10-29T05:00:00.000Z,11.188419
2014-10-30T05:00:00.000Z,9.56131
2014-10-31T05:00:00.000Z,
2014-11-01T05:00:00.000Z,9.456309
2014-11-02T05:00:00.000Z,
2014-11-03T05:00:00.000Z,11.005584
2014-11-04T05:00:00.000Z,11.03953
2014-11-05T05:00:00.000Z,
2014-11-06T05:00:00.000Z,9.793116
2014-11-07T05:00:00.000Z,
2014-11-08T05:00:00.000Z,10.761558
2014-11-09T05:00:00.000Z,
2014-11-10T05:00:00.000Z,7.4205885
2014-11-11T05:00:00.000Z,9.446448
2014-11-12T05:00:00.000Z,8.029944
2014-11-13T05:00:00.000Z,
2014-11-14T05:00:00.000Z,
2014-11-15T05:00:00.000Z,9.937778
2014-11-16T05:00:00.000Z,
2014-11-17T05:00:00.000Z,10.346145
2014-11-18T05:00:00.000Z,
2014-11-19T05:00:00.000Z,10.419143
2014-11-20T05:00:00.000Z,9.44218
2014-11-21T05:00:00.000Z,
2014-11-22T05:00:00.000Z,10.227481
2014-11-23T05:00:00.000Z,
2014-11-24T05:00:00.000Z,10.083322
2014-11-25T05:00:00.000Z,
2014-11-26T05:00:00.000Z,9.653823
2014-11-27T05:00:00.000Z,10.027364
2014-11-28T05:00:00.000Z,10.490916
2014-11-29T05:00:00.000Z,10.186046
2014-11-30T05:00:00.000Z,
2014-12-01T05:00:00.000Z,10.125825
2014-12-02T05:00:00.000Z,
2014-12-03T05:00:00.000Z,7.75535
2014-12-04T05:00:00.000Z,
2014-12-05T05:00:00.000Z,6.2017717
2014-12-06T05:00:00.000Z,7.2395844
2014-12-07T05:00:00.000Z,
2014-12-08T05:00:00.000Z,9.530173
2014-12-09T05:00:00.000Z,
2014-12-10T05:00:00.000Z,6.023479
2014-12-11T05:00:00.000Z,
2014-12-12T05:00:00.000Z,9.373516
2014-12-13T05:00:00.000Z,7.377292
2014-12-14T05:00:00.000Z,5.2013083
2014-12-15T05:00:00.000Z,
2014-12-16T05:00:00.000Z,
2014-12-17T05:00:00.000Z,9.297988
2014-12-18T05:00:00.000Z,
2014-12-19T05:00:00.000Z,9.297995
2014-12-20T05:00:00.000Z,
2014-12-21T05:00:00.000Z,9.634178
2014-12-22T05:00:00.000Z,9.63641
2014-12-23T05:00:00.000Z,
2014-12-24T05:00:00.000Z,10.201117
2014-12-25T05:00:00.000Z,
2014-12-26T05:00:00.000Z,10.076526
2014-12-27T05:00:00.000Z,
2014-12-28T05:00:00.000Z,9.903524
2014-12-29T05:00:00.000Z,9.742246
2014-12-30T05:00:00.000Z,9.673771
2014-12-31T05:00:00.000Z,9.535698
2015-01-01T05:00:00.000Z,
2015-01-02T05:00:00.000Z,10.155449
2015-01-03T05:00:00.000Z,
2015-01-04T05:00:00.000Z,10.707776
2015-01-05T05:00:00.000Z,
2015-01-06T05:00:00.000Z,10.5163555
2015-01-07T05:00:00.000Z,10.434703
2015-01-08T05:00:00.000Z,
2015-01-09T05:00:00.000Z,10.384865
2015-01-10T05:00:00.000Z,
2015-01-11T05:00:00.000Z,10.362578
2015-01-12T05:00:00.000Z,
2015-01-13T05:00:00.000Z,10.570796
2015-01-14T05:00:00.000Z,9.65363
2015-01-15T05:00:00.000Z,10.103778
2015-01-16T05:00:00.000Z,
2015-01-17T05:00:00.000Z,
2015-01-18T05:00:00.000Z,9.903026
2015-01-19T05:00:00.000Z,
2015-01-20T05:00:00.000Z,9.519814
2015-01-21T05:00:00.000Z,
2015-01-22T05:00:00.000Z,10.401058
2015-01-23T05:00:00.000Z,10.239612
2015-01-24T05:00:00.000Z,
2015-01-25T05:00:00.000Z,10.868065
2015-01-26T05:00:00.000Z,
2015-01-27T05:00:00.000Z,10.327323
2015-01-28T05:00:00.000Z,
2015-01-29T05:00:00.000Z,11.378704
2015-01-30T05:00:00.000Z,11.442528
2015-01-31T05:00:00.000Z,10.856442
2015-02-01T05:00:00.000Z,10.618816
2015-02-02T05:00:00.000Z,
2015-02-03T05:00:00.000Z,11.142731
2015-02-04T05:00:00.000Z,
2015-02-05T05:00:00.000Z,11.574053
2015-02-06T05:00:00.000Z,
2015-02-07T05:00:00.000Z,10.744521
2015-02-08T05:00:00.000Z,9.902717
2015-02-09T05:00:00.000Z,
2015-02-10T05:00:00.000Z,10.563425
2015-02-11T05:00:00.000Z,9.470346
2015-02-12T05:00:00.000Z,10.785294
2015-02-13T05:00:00.000Z,
2015-02-14T05:00:00.000Z,10.996038
2015-02-15T05:00:00.000Z,11.501599
2015-02-16T05:00:00.000Z,12.170732
2015-02-17T05:00:00.000Z,
2015-02-18T05:00:00.000Z,11.873635
2015-02-19T05:00:00.000Z,10.584585
2015-02-20T05:00:00.000Z,
2015-02-21T05:00:00.000Z,12.264669
2015-02-22T05:00:00.000Z,12.922206
2015-02-23T05:00:00.000Z,12.74051
2015-02-24T05:00:00.000Z,12.359093
2015-02-25T05:00:00.000Z,12.1204195
2015-02-26T05:00:00.000Z,11.981151
2015-02-27T05:00:00.000Z,12.355624
2015-02-28T05:00:00.000Z,11.253902
2015-03-01T05:00:00.000Z,
2015-03-02T05:00:00.000Z,12.554085
2015-03-03T05:00:00.000Z,12.581156
2015-03-04T05:00:00.000Z,13.064672
2015-03-05T05:00:00.000Z,12.309611
2015-03-06T05:00:00.000Z,12.372095
2015-03-07T05:00:00.000Z,12.122357
2015-03-08T05:00:00.000Z,10.731665
2015-03-09T05:00:00.000Z,13.006342
2015-03-10T05:00:00.000Z,13.77644
2015-03-11T05:00:00.000Z,13.437353
2015-03-12T05:00:00.000Z,13.043262
2015-03-13T05:00:00.000Z,13.291866
2015-03-14T05:00:00.000Z,12.662896
2015-03-15T05:00:00.000Z,13.201286
2015-03-16T05:00:00.000Z,12.084355
2015-03-17T05:00:00.000Z,
2015-03-18T05:00:00.000Z,12.234666
2015-03-19T05:00:00.000Z,11.40317
2015-03-20T05:00:00.000Z,11.044453
2015-03-21T05:00:00.000Z,
2015-03-22T05:00:00.000Z,12.293353
2015-03-23T05:00:00.000Z,12.783944
2015-03-24T05:00:00.000Z,
2015-03-25T05:00:00.000Z,12.195095
2015-03-26T05:00:00.000Z,12.700968
2015-03-27T05:00:00.000Z,13.561359
2015-03-28T05:00:00.000Z,11.678981
2015-03-29T05:00:00.000Z,9.638733
2015-03-30T05:00:00.000Z,9.296689
2015-03-31T05:00:00.000Z,12.631995
2015-04-01T05:00:00.000Z,12.813478
2015-04-02T05:00:00.000Z,
2015-04-03T05:00:00.000Z,12.384501
2015-04-04T05:00:00.000Z,12.103743
2015-04-05T05:00:00.000Z,12.956003
2015-04-06T05:00:00.000Z,12.686657
2015-04-07T05:00:00.000Z,13.810568
2015-04-08T05:00:00.000Z,10.524887
2015-04-09T05:00:00.000Z,
2015-04-10T05:00:00.000Z,12.307251
2015-04-11T05:00:00.000Z,13.110396
2015-04-12T05:00:00.000Z,11.099745
2015-04-13T05:00:00.000Z,11.02807
2015-04-14T05:00:00.000Z,8.466791
2015-04-15T05:00:00.000Z,11.848524
2015-04-16T05:00:00.000Z,9.786813
2015-04-17T05:00:00.000Z,10.083877
2015-04-18T05:00:00.000Z,
2015-04-19T05:00:00.000Z,10.791557
2015-04-20T05:00:00.000Z,11.99192
2015-04-21T05:00:00.000Z,11.762237
2015-04-22T05:00:00.000Z,
2015-04-23T05:00:00.000Z,13.355921
2015-04-24T05:00:00.000Z,12.993147
2015-04-25T05:00:00.000Z,10.775144
2015-04-26T05:00:00.000Z,9.609272
2015-04-27T05:00:00.000Z,12.672083
2015-04-28T05:00:00.000Z,13.373863
2015-04-29T05:00:00.000Z,12.611656
2015-04-30T05:00:00.000Z,11.899099
2015-05-01T05:00:00.000Z,12.5401325
2015-05-02T05:00:00.000Z,12.023307
2015-05-03T05:00:00.000Z,12.402359
2015-05-04T05:00:00.000Z,
2015-05-05T05:00:00.000Z,12.608987
2015-05-06T05:00:00.000Z,13.4658375
2015-05-07T05:00:00.000Z,12.738078
2015-05-08T05:00:00.000Z,9.498506
2015-05-09T05:00:00.000Z,12.92612
2015-05-10T05:00:00.000Z,10.442451
2015-05-11T05:00:00.000Z,11.034898
2015-05-12T05:00:00.000Z,12.156536
2015-05-13T05:00:00.000Z,
2015-05-14T05:00:00.000Z,12.145691
2015-05-15T05:00:00.000Z,7.8384476
2015-05-16T05:00:00.000Z,11.2554
2015-05-17T05:00:00.000Z,10.45552
2015-05-18T05:00:00.000Z,12.051991
2015-05-19T05:00:00.000Z,9.735503
2015-05-20T05:00:00.000Z,
2015-05-21T05:00:00.000Z,8.266107
2015-05-22T05:00:00.000Z,8.750335
2015-05-23T05:00:00.000Z,12.3707485
2015-05-24T05:00:00.000Z,
2015-05-25T05:00:00.000Z,9.574003
2015-05-26T05:00:00.000Z,11.162164
2015-05-27T05:00:00.000Z,9.809729
2015-05-28T05:00:00.000Z,6.3209443
2015-05-29T05:00:00.000Z,8.8108835
2015-05-30T05:00:00.000Z,7.6213183
2015-05-31T05:00:00.000Z,11.323166
2015-06-01T05:00:00.000Z,9.017693
2015-06-02T05:00:00.000Z,11.316266
2015-06-03T05:00:00.000Z,12.105066
2015-06-04T05:00:00.000Z,10.8034725
2015-06-05T05:00:00.000Z,
2015-06-06T05:00:00.000Z,10.090098
2015-06-07T05:00:00.000Z,9.389184
2015-06-08T05:00:00.000Z,9.608582
2015-06-09T05:00:00.000Z,10.843682
2015-06-10T05:00:00.000Z,10.853688
2015-06-11T05:00:00.000Z,11.169069
2015-06-12T05:00:00.000Z,8.63002
2015-06-13T05:00:00.000Z,11.435217
2015-06-14T05:00:00.000Z,11.378821
2015-06-15T05:00:00.000Z,11.303794
2015-06-16T05:00:00.000Z,11.054431
2015-06-17T05:00:00.000Z,11.806101
2015-06-18T05:00:00.000Z,11.935026
2015-06-19T05:00:00.000Z,11.787851
2015-06-20T05:00:00.000Z,11.072236
2015-06-21T05:00:00.000Z,
2015-06-22T05:00:00.000Z,10.439733
2015-06-23T05:00:00.000Z,12.030188
2015-06-24T05:00:00.000Z,12.291241
2015-06-25T05:00:00.000Z,
2015-06-26T05:00:00.000Z,11.849041
2015-06-27T05:00:00.000Z,11.824158
2015-06-28T05:00:00.000Z,10.545203
2015-06-29T05:00:00.000Z,9.615033
2015-06-30T05:00:00.000Z,11.482092
2015-07-01T05:00:00.000Z,12.318053
2015-07-02T05:00:00.000Z,11.791143
2015-07-03T05:00:00.000Z,12.09952
2015-07-04T05:00:00.000Z,11.757501
2015-07-05T05:00:00.000Z,11.207744
2015-07-06T05:00:00.000Z,8.91815
2015-07-07T05:00:00.000Z,
2015-07-08T05:00:00.000Z,10.380221
2015-07-09T05:00:00.000Z,10.482519
2015-07-10T05:00:00.000Z,11.265529
2015-07-11T05:00:00.000Z,9.954655
2015-07-12T05:00:00.000Z,11.033
2015-07-13T05:00:00.000Z,10.51725
2015-07-14T05:00:00.000Z,10.176215
2015-07-15T05:00:00.000Z,8.105077
2015-07-16T05:00:00.000Z,10.7108755
2015-07-17T05:00:00.000Z,10.422525
2015-07-18T05:00:00.000Z,4.4430857
2015-07-19T05:00:00.000Z,5.899375
2015-07-20T05:00:00.000Z,9.4931965
2015-07-21T05:00:00.000Z,10.539708
2015-07-22T05:00:00.000Z,9.983465
2015-07-23T05:00:00.000Z,
2015-07-24T05:00:00.000Z,11.719439
2015-07-25T05:00:00.000Z,12.565602
2015-07-26T05:00:00.000Z,12.213271
2015-07-27T05:00:00.000Z,
2015-07-28T05:00:00.000Z,11.485872
2015-07-29T05:00:00.000Z,10.011431
2015-07-30T05:00:00.000Z,9.387357
2015-07-31T05:00:00.000Z,10.810995
2015-08-01T05:00:00.000Z,12.6893635
2015-08-02T05:00:00.000Z,12.048587
2015-08-03T05:00:00.000Z,12.099673
2015-08-04T05:00:00.000Z,12.02564
2015-08-05T05:00:00.000Z,11.976854
2015-08-06T05:00:00.000Z,11.933523
2015-08-07T05:00:00.000Z,10.936431
2015-08-08T05:00:00.000Z,
2015-08-09T05:00:00.000Z,9.731305
2015-08-10T05:00:00.000Z,9.962112
2015-08-11T05:00:00.000Z,11.400881
2015-08-12T05:00:00.000Z,12.094124
2015-08-13T05:00:00.000Z,8.545294
2015-08-14T05:00:00.000Z,10.142275
2015-08-15T05:00:00.000Z,10.074371
2015-08-16T05:00:00.000Z,9.7688
2015-08-17T05:00:00.000Z,11.707636
2015-08-18T05:00:00.000Z,12.011746
2015-08-19T05:00:00.000Z,11.9992695
2015-08-20T05:00:00.000Z,11.863773
2015-08-21T05:00:00.000Z,9.274179
2015-08-22T05:00:00.000Z,6.4555
2015-08-23T05:00:00.000Z,10.0051
2015-08-24T05:00:00.000Z,
2015-08-25T05:00:00.000Z,9.778004
2015-08-26T05:00:00.000Z,10.122293
2015-08-27T05:00:00.000Z,11.332322
2015-08-28T05:00:00.000Z,
2015-08-29T05:00:00.000Z,12.346197
2015-08-30T05:00:00.000Z,11.271118
2015-08-31T05:00:00.000Z,
2015-09-01T05:00:00.000Z,11.395243
2015-09-02T05:00:00.000Z,11.335679
2015-09-03T05:00:00.000Z,5.396076
2015-09-04T05:00:00.000Z,10.687727
2015-09-05T05:00:00.000Z,9.5518875
2015-09-06T05:00:00.000Z,10.27747
2015-09-07T05:00:00.000Z,11.528592
2015-09-08T05:00:00.000Z,11.586894
2015-09-09T05:00:00.000Z,
2015-09-10T05:00:00.000Z,9.121047
2015-09-11T05:00:00.000Z,7.536971
2015-09-12T05:00:00.000Z,12.318424
2015-09-13T05:00:00.000Z,12.1228285
2015-09-14T05:00:00.000Z,11.655353
2015-09-15T05:00:00.000Z,11.271415
2015-09-16T05:00:00.000Z,9.637482
2015-09-17T05:00:00.000Z,7.282215
2015-09-18T05:00:00.000Z,9.552805
2015-09-19T05:00:00.000Z,11.052685
2015-09-20T05:00:00.000Z,10.124041
2015-09-21T05:00:00.000Z,12.785518
2015-09-22T05:00:00.000Z,11.944305
2015-09-23T05:00:00.000Z,9.47986
2015-09-24T05:00:00.000Z,8.638044
2015-09-25T05:00:00.000Z,
2015-09-26T05:00:00.000Z,10.814677
2015-09-27T05:00:00.000Z,11.56843
2015-09-28T05:00:00.000Z,11.728839
2015-09-29T05:00:00.000Z,
2015-09-30T05:00:00.000Z,9.595986
2015-10-01T05:00:00.000Z,10.779589
2015-10-02T05:00:00.000Z,
2015-10-03T05:00:00.000Z,11.615279
2015-10-04T05:00:00.000Z,11.252212
2015-10-05T05:00:00.000Z,12.253021
2015-10-06T05:00:00.000Z,11.765984
2015-10-07T05:00:00.000Z,9.918845
2015-10-08T05:00:00.000Z,10.763001
2015-10-09T05:00:00.000Z,8.923385
2015-10-10T05:00:00.000Z,9.145427
2015-10-11T05:00:00.000Z,
2015-10-12T05:00:00.000Z,9.378496
2015-10-13T05:00:00.000Z,7.0408664
2015-10-14T05:00:00.000Z,7.904997
2015-10-15T05:00:00.000Z,9.984008
2015-10-16T05:00:00.000Z,10.834603
2015-10-17T05:00:00.000Z,11.360517
2015-10-18T05:00:00.000Z,10.187855
2015-10-19T05:00:00.000Z,10.922621
2015-10-20T05:00:00.000Z,10.557342
2015-10-21T05:00:00.000Z,11.750826
2015-10-22T05:00:00.000Z,10.925662
2015-10-23T05:00:00.000Z,10.536299
2015-10-24T05:00:00.000Z,6.982461
2015-10-25T05:00:00.000Z,10.430645
2015-10-26T05:00:00.000Z,6.719681
2015-10-27T05:00:00.000Z,
2015-10-28T05:00:00.000Z,10.615768
2015-10-29T05:00:00.000Z,9.893503
2015-10-30T05:00:00.000Z,10.669252
2015-10-31T05:00:00.000Z,
2015-11-01T05:00:00.000Z,5.9626184
2015-11-02T05:00:00.000Z,7.926747
2015-11-03T05:00:00.000Z,
2015-11-04T05:00:00.000Z,8.819221
2015-11-05T05:00:00.000Z,
2015-11-06T05:00:00.000Z,10.429659
2015-11-07T05:00:00.000Z,10.167423
2015-11-08T05:00:00.000Z,
2015-11-09T05:00:00.000Z,8.943474
2015-11-10T05:00:00.000Z,
2015-11-11T05:00:00.000Z,7.6664743
2015-11-12T05:00:00.000Z,
2015-11-13T05:00:00.000Z,9.99147
2015-11-14T05:00:00.000Z,10.020524
2015-11-15T05:00:00.000Z,9.204975
2015-11-16T05:00:00.000Z,3.9455225
2015-11-17T05:00:00.000Z,
2015-11-18T05:00:00.000Z,4.5589805
2015-11-19T05:00:00.000Z,
2015-11-20T05:00:00.000Z,9.284619
2015-11-21T05:00:00.000Z,
2015-11-22T05:00:00.000Z,10.228865
2015-11-23T05:00:00.000Z,10.052917
2015-11-24T05:00:00.000Z,
2015-11-25T05:00:00.000Z,9.624363
2015-11-26T05:00:00.000Z,
2015-11-27T05:00:00.000Z,9.793905
2015-11-28T05:00:00.000Z,
2015-11-29T05:00:00.000Z,10.1014385
2015-11-30T05:00:00.000Z,9.05611
2015-12-01T05:00:00.000Z,9.182199
2015-12-02T05:00:00.000Z,
2015-12-03T05:00:00.000Z,
2015-12-04T05:00:00.000Z,9.059511
2015-12-05T05:00:00.000Z,
2015-12-06T05:00:00.000Z,9.639941
2015-12-07T05:00:00.000Z,
2015-12-08T05:00:00.000Z,9.45114
2015-12-09T05:00:00.000Z,9.035997
2015-12-10T05:00:00.000Z,
2015-12-11T05:00:00.000Z,9.481802
2015-12-12T05:00:00.000Z,
2015-12-13T05:00:00.000Z,8.367606
2015-12-14T05:00:00.000Z,
2015-12-15T05:00:00.000Z,7.5479174
2015-12-16T05:00:00.000Z,8.426302
2015-12-17T05:00:00.000Z,9.383534
2015-12-18T05:00:00.000Z,8.92478
2015-12-19T05:00:00.000Z,
2015-12-20T05:00:00.000Z,9.608344
2015-12-21T05:00:00.000Z,
2015-12-22T05:00:00.000Z,10.086972
2015-12-23T05:00:00.000Z,
2015-12-24T05:00:00.000Z,10.348974
2015-12-25T05:00:00.000Z,10.406931
2015-12-26T05:00:00.000Z,
2015-12-27T05:00:00.000Z,9.971945
2015-12-28T05:00:00.000Z,
2015-12-29T05:00:00.000Z,9.547369
2015-12-30T05:00:00.000Z,
2015-12-31T05:00:00.000Z,9.646001
2016-01-01T05:00:00.000Z,6.8370304
2016-01-02T05:00:00.000Z,8.695524
2016-01-03T05:00:00.000Z,
2016-01-04T05:00:00.000Z,
2016-01-05T05:00:00.000Z,9.177847
2016-01-06T05:00:00.000Z,
2016-01-07T05:00:00.000Z,9.399565
2016-01-08T05:00:00.000Z,
2016-01-09T05:00:00.000Z,9.666644
2016-01-10T05:00:00.000Z,9.161709
2016-01-11T05:00:00.000Z,
2016-01-12T05:00:00.000Z,9.601526
2016-01-13T05:00:00.000Z,
2016-01-14T05:00:00.000Z,10.271788
2016-01-15T05:00:00.000Z,
2016-01-16T05:00:00.000Z,10.829662
2016-01-17T05:00:00.000Z,10.692514
2016-01-18T05:00:00.000Z,10.494596
2016-01-19T05:00:00.000Z,10.221966
2016-01-20T05:00:00.000Z,
2016-01-21T05:00:00.000Z,10.8176775
2016-01-22T05:00:00.000Z,
2016-01-23T05:00:00.000Z,10.073821
2016-01-24T05:00:00.000Z,
2016-01-25T05:00:00.000Z,11.270074
2016-01-26T05:00:00.000Z,11.20248
2016-01-27T05:00:00.000Z,
2016-01-28T05:00:00.000Z,10.480368
2016-01-29T05:00:00.000Z,
2016-01-30T05:00:00.000Z,10.881572
2016-01-31T05:00:00.000Z,
2016-02-01T05:00:00.000Z,11.551323
2016-02-02T05:00:00.000Z,11.4132595
2016-02-03T05:00:00.000Z,11.738035
2016-02-04T05:00:00.000Z,
2016-02-05T05:00:00.000Z,
2016-02-06T05:00:00.000Z,11.845169
2016-02-07T05:00:00.000Z,
2016-02-08T05:00:00.000Z,11.714783
2016-02-09T05:00:00.000Z,
2016-02-10T05:00:00.000Z,11.520483
2016-02-11T05:00:00.000Z,12.161231
2016-02-12T05:00:00.000Z,12.823625
2016-02-13T05:00:00.000Z,12.094572
2016-02-14T05:00:00.000Z,11.747375
2016-02-15T05:00:00.000Z,12.185132
2016-02-16T05:00:00.000Z,
2016-02-17T05:00:00.000Z,11.445736
2016-02-18T05:00:00.000Z,11.9059305
2016-02-19T05:00:00.000Z,13.090849
2016-02-20T05:00:00.000Z,12.741763
2016-02-21T05:00:00.000Z,12.373179
2016-02-22T05:00:00.000Z,12.29475
2016-02-23T05:00:00.000Z,
2016-02-24T05:00:00.000Z,12.418034
2016-02-25T05:00:00.000Z,10.295884
2016-02-26T05:00:00.000Z,10.263011
2016-02-27T05:00:00.000Z,13.158944
2016-02-28T05:00:00.000Z,12.993412
2016-02-29T05:00:00.000Z,12.84148
2016-03-01T05:00:00.000Z,13.059401
2016-03-02T05:00:00.000Z,13.057785
2016-03-03T05:00:00.000Z,
2016-03-04T05:00:00.000Z,13.668526
2016-03-05T05:00:00.000Z,12.867791
2016-03-06T05:00:00.000Z,13.591143
2016-03-07T05:00:00.000Z,
2016-03-08T05:00:00.000Z,13.342544
2016-03-09T05:00:00.000Z,13.481571
2016-03-10T05:00:00.000Z,
2016-03-11T05:00:00.000Z,13.311263
2016-03-12T05:00:00.000Z,13.312342
2016-03-13T05:00:00.000Z,14.049219
2016-03-14T05:00:00.000Z,12.275083
2016-03-15T05:00:00.000Z,12.858624
2016-03-16T05:00:00.000Z,12.892144
2016-03-17T05:00:00.000Z,12.349834
2016-03-18T05:00:00.000Z,12.106489
2016-03-19T05:00:00.000Z,
2016-03-20T05:00:00.000Z,13.778944
2016-03-21T05:00:00.000Z,13.368676
2016-03-22T05:00:00.000Z,14.536188
2016-03-23T05:00:00.000Z,13.616147
2016-03-24T05:00:00.000Z,14.316476
2016-03-25T05:00:00.000Z,13.509095
2016-03-26T05:00:00.000Z,
2016-03-27T05:00:00.000Z,12.931044
2016-03-28T05:00:00.000Z,12.436708
2016-03-29T05:00:00.000Z,13.430038
2016-03-30T05:00:00.000Z,12.641999
2016-03-31T05:00:00.000Z,12.7899065
2016-04-01T05:00:00.000Z,11.789262
2016-04-02T05:00:00.000Z,12.972251
2016-04-03T05:00:00.000Z,12.512173
2016-04-04T05:00:00.000Z,
2016-04-05T05:00:00.000Z,11.648741
2016-04-06T05:00:00.000Z,13.514702
2016-04-07T05:00:00.000Z,13.191485
2016-04-08T05:00:00.000Z,
2016-04-09T05:00:00.000Z,13.399733
2016-04-10T05:00:00.000Z,12.83501
2016-04-11T05:00:00.000Z,
2016-04-12T05:00:00.000Z,13.315443
2016-04-13T05:00:00.000Z,12.612585
2016-04-14T05:00:00.000Z,13.018424
2016-04-15T05:00:00.000Z,14.151803
2016-04-16T05:00:00.000Z,12.900095
2016-04-17T05:00:00.000Z,10.893109
2016-04-18T05:00:00.000Z,13.07266
2016-04-19T05:00:00.000Z,9.443107
2016-04-20T05:00:00.000Z,
2016-04-21T05:00:00.000Z,12.887147
2016-04-22T05:00:00.000Z,13.042433
2016-04-23T05:00:00.000Z,10.042255
2016-04-24T05:00:00.000Z,8.731093
2016-04-25T05:00:00.000Z,8.879742
2016-04-26T05:00:00.000Z,13.0304985
2016-04-27T05:00:00.000Z,
2016-04-28T05:00:00.000Z,8.628065
2016-04-29T05:00:00.000Z,12.90491
2016-04-30T05:00:00.000Z,9.935925
2016-05-01T05:00:00.000Z,11.632768
2016-05-02T05:00:00.000Z,7.655524
2016-05-03T05:00:00.000Z,12.506829
2016-05-04T05:00:00.000Z,12.208464
2016-05-05T05:00:00.000Z,12.233207
2016-05-06T05:00:00.000Z,
2016-05-07T05:00:00.000Z,12.382046
2016-05-08T05:00:00.000Z,10.647873
2016-05-09T05:00:00.000Z,6.3187566
2016-05-10T05:00:00.000Z,
2016-05-11T05:00:00.000Z,11.806525
2016-05-12T05:00:00.000Z,12.9447155
2016-05-13T05:00:00.000Z,
2016-05-14T05:00:00.000Z,9.950463
2016-05-15T05:00:00.000Z,14.396461
2016-05-16T05:00:00.000Z,13.680851
2016-05-17T05:00:00.000Z,10.627086
2016-05-18T05:00:00.000Z,9.262123
2016-05-19T05:00:00.000Z,13.240575
2016-05-20T05:00:00.000Z,13.288626
2016-05-21T05:00:00.000Z,12.916047
2016-05-22T05:00:00.000Z,
2016-05-23T05:00:00.000Z,9.398343
2016-05-24T05:00:00.000Z,6.656387
2016-05-25T05:00:00.000Z,5.6236625
2016-05-26T05:00:00.000Z,12.290069
2016-05-27T05:00:00.000Z,5.3836107
2016-05-28T05:00:00.000Z,10.9824
2016-05-29T05:00:00.000Z,
2016-05-30T05:00:00.000Z,
2016-06-15T05:00:00.000Z,10.822643
2016-06-16T05:00:00.000Z,12.4407625
2016-06-17T05:00:00.000Z,12.531204
2016-06-18T05:00:00.000Z,11.434302
2016-06-19T05:00:00.000Z,11.510053
2016-06-20T05:00:00.000Z,6.2646465
2016-06-21T05:00:00.000Z,11.858534
2016-06-22T05:00:00.000Z,11.93163
2016-06-23T05:00:00.000Z,
2016-06-24T05:00:00.000Z,10.505965
2016-06-25T05:00:00.000Z,6.1233554
2016-06-26T05:00:00.000Z,11.461784
2016-06-27T05:00:00.000Z,12.668871
2016-06-28T05:00:00.000Z,12.894208
2016-06-29T05:00:00.000Z,10.823935
2016-06-30T05:00:00.000Z,
2016-07-01T05:00:00.000Z,9.285256
2016-07-02T05:00:00.000Z,7.9183245
2016-07-03T05:00:00.000Z,10.775583
2016-07-04T05:00:00.000Z,10.949646
2016-07-05T05:00:00.000Z,10.765486
2016-07-06T05:00:00.000Z,9.908421
2016-07-07T05:00:00.000Z,11.877403
2016-07-08T05:00:00.000Z,11.998737
2016-07-09T05:00:00.000Z,
2016-07-10T05:00:00.000Z,11.191724
2016-07-11T05:00:00.000Z,10.4511
2016-07-12T05:00:00.000Z,11.218634
2016-07-13T05:00:00.000Z,
2016-07-14T05:00:00.000Z,10.878964
2016-07-15T05:00:00.000Z,10.367376
2016-07-16T05:00:00.000Z,
2016-07-17T05:00:00.000Z,9.813504
2016-07-18T05:00:00.000Z,9.4917
2016-07-19T05:00:00.000Z,11.729893
2016-07-20T05:00:00.000Z,11.02837
2016-07-21T05:00:00.000Z,11.332648
2016-07-22T05:00:00.000Z,10.561345
2016-07-23T05:00:00.000Z,10.071591
2016-07-24T05:00:00.000Z,11.104238
2016-07-25T05:00:00.000Z,
2016-07-26T05:00:00.000Z,12.2148905
2016-07-27T05:00:00.000Z,11.759307
2016-07-28T05:00:00.000Z,12.188582
2016-07-29T05:00:00.000Z,8.891163
2016-07-30T05:00:00.000Z,10.0403595
2016-07-31T05:00:00.000Z,10.047289
2016-08-01T05:00:00.000Z,
2016-08-02T05:00:00.000Z,11.389084
2016-08-03T05:00:00.000Z,10.535252
2016-08-04T05:00:00.000Z,10.52495
2016-08-05T05:00:00.000Z,11.6655855
2016-08-06T05:00:00.000Z,11.812963
2016-08-07T05:00:00.000Z,10.946439
2016-08-08T05:00:00.000Z,11.789838
2016-08-09T05:00:00.000Z,11.566399
2016-08-10T05:00:00.000Z,
2016-08-11T05:00:00.000Z,9.9988785
2016-08-12T05:00:00.000Z,11.151647
2016-08-13T05:00:00.000Z,12.566261
2016-08-14T05:00:00.000Z,
2016-08-15T05:00:00.000Z,11.776971
2016-08-16T05:00:00.000Z,11.010978
2016-08-17T05:00:00.000Z,
2016-08-18T05:00:00.000Z,10.827326
2016-08-19T05:00:00.000Z,12.26731
2016-08-20T05:00:00.000Z,11.413531
2016-08-21T05:00:00.000Z,12.396582
2016-08-22T05:00:00.000Z,12.531451
2016-08-23T05:00:00.000Z,10.995767
2016-08-24T05:00:00.000Z,12.034068
2016-08-25T05:00:00.000Z,9.753692
2016-08-26T05:00:00.000Z,
2016-08-27T05:00:00.000Z,12.396196
2016-08-28T05:00:00.000Z,11.512457
2016-08-29T05:00:00.000Z,11.299873
2016-08-30T05:00:00.000Z,11.073468
2016-08-31T05:00:00.000Z,12.424947
2016-09-01T05:00:00.000Z,10.340857
2016-09-02T05:00:00.000Z,
2016-09-03T05:00:00.000Z,11.100056
2016-09-04T05:00:00.000Z,12.307536
2016-09-05T05:00:00.000Z,8.810057
2016-09-06T05:00:00.000Z,12.456903
2016-09-07T05:00:00.000Z,13.163852
2016-09-08T05:00:00.000Z,12.808174
2016-09-09T05:00:00.000Z,11.2720175
2016-09-10T05:00:00.000Z,7.313653
2016-09-11T05:00:00.000Z,
2016-09-12T05:00:00.000Z,6.595201
2016-09-13T05:00:00.000Z,10.386171
2016-09-14T05:00:00.000Z,9.266501
2016-09-15T05:00:00.000Z,
2016-09-16T05:00:00.000Z,13.087834
2016-09-17T05:00:00.000Z,12.76434
2016-09-18T05:00:00.000Z,
2016-09-19T05:00:00.000Z,12.702443
2016-09-20T05:00:00.000Z,12.249077
2016-09-21T05:00:00.000Z,9.600584
2016-09-22T05:00:00.000Z,10.404742
2016-09-23T05:00:00.000Z,12.359392
2016-09-24T05:00:00.000Z,11.437359
2016-09-25T05:00:00.000Z,11.346984
2016-09-26T05:00:00.000Z,11.723333
2016-09-27T05:00:00.000Z,
2016-09-28T05:00:00.000Z,12.251324
2016-09-29T05:00:00.000Z,11.295221
2016-09-30T05:00:00.000Z,10.756974
2016-10-01T05:00:00.000Z,4.6157703
2016-10-02T05:00:00.000Z,4.84416
2016-10-03T05:00:00.000Z,10.341671
2016-10-04T05:00:00.000Z,
2016-10-05T05:00:00.000Z,10.526755
2016-10-06T05:00:00.000Z,11.951536
2016-10-07T05:00:00.000Z,9.412184
2016-10-08T05:00:00.000Z,10.948503
2016-10-09T05:00:00.000Z,10.380265
2016-10-10T05:00:00.000Z,8.907227
2016-10-11T05:00:00.000Z,10.021963
2016-10-12T05:00:00.000Z,4.772512
2016-10-13T05:00:00.000Z,
2016-10-14T05:00:00.000Z,10.869049
2016-10-15T05:00:00.000Z,11.392521
2016-10-16T05:00:00.000Z,7.398486
2016-10-17T05:00:00.000Z,
2016-10-18T05:00:00.000Z,6.026204
2016-10-19T05:00:00.000Z,10.84761
2016-10-20T05:00:00.000Z,
2016-10-21T05:00:00.000Z,11.136476
2016-10-22T05:00:00.000Z,11.554076
2016-10-23T05:00:00.000Z,10.902934
2016-10-24T05:00:00.000Z,10.3510685
2016-10-25T05:00:00.000Z,7.541513
2016-10-26T05:00:00.000Z,8.685562
2016-10-27T05:00:00.000Z,10.592889
2016-10-28T05:00:00.000Z,9.418447
2016-10-29T05:00:00.000Z,
2016-10-30T05:00:00.000Z,10.983977
2016-10-31T05:00:00.000Z,10.697509
2016-11-01T05:00:00.000Z,8.704346
2016-11-02T05:00:00.000Z,8.990238
2016-11-03T05:00:00.000Z,
2016-11-04T05:00:00.000Z,10.948233
2016-11-05T05:00:00.000Z,
2016-11-06T05:00:00.000Z,7.8409166
2016-11-07T05:00:00.000Z,
2016-11-08T05:00:00.000Z,10.324072
2016-11-09T05:00:00.000Z,9.547225
2016-11-10T05:00:00.000Z,
2016-11-11T05:00:00.000Z,6.981655
2016-11-12T05:00:00.000Z,
2016-11-13T05:00:00.000Z,9.193642
2016-11-14T05:00:00.000Z,
2016-11-15T05:00:00.000Z,9.743554
2016-11-16T05:00:00.000Z,9.407546
2016-11-17T05:00:00.000Z,9.04058
2016-11-18T05:00:00.000Z,
2016-11-19T05:00:00.000Z,
2016-11-20T05:00:00.000Z,7.67221
2016-11-21T05:00:00.000Z,
2016-11-22T05:00:00.000Z,10.181343
2016-11-23T05:00:00.000Z,
2016-11-24T05:00:00.000Z,9.562581
2016-11-25T05:00:00.000Z,7.1195793
2016-11-26T05:00:00.000Z,
2016-11-27T05:00:00.000Z,6.81385
2016-11-28T05:00:00.000Z,
2016-11-29T05:00:00.000Z,9.413808
2016-11-30T05:00:00.000Z,
2016-12-01T05:00:00.000Z,9.53954
2016-12-02T05:00:00.000Z,8.383923
2016-12-03T05:00:00.000Z,8.319187
2016-12-04T05:00:00.000Z,9.309981
2016-12-05T05:00:00.000Z,
2016-12-06T05:00:00.000Z,9.247759
2016-12-07T05:00:00.000Z,
2016-12-08T05:00:00.000Z,8.820977
2016-12-09T05:00:00.000Z,
2016-12-10T05:00:00.000Z,8.952251
2016-12-11T05:00:00.000Z,8.696449
2016-12-12T05:00:00.000Z,
2016-12-13T05:00:00.000Z,9.200021
2016-12-14T05:00:00.000Z,
2016-12-15T05:00:00.000Z,9.300516
2016-12-16T05:00:00.000Z,
2016-12-17T05:00:00.000Z,9.892818
2016-12-18T05:00:00.000Z,9.820018
2016-12-19T05:00:00.000Z,9.901973
2016-12-20T05:00:00.000Z,
2016-12-21T05:00:00.000Z,
2016-12-22T05:00:00.000Z,8.898858
2016-12-23T05:00:00.000Z,
2016-12-24T05:00:00.000Z,9.524169
2016-12-25T05:00:00.000Z,
2016-12-26T05:00:00.000Z,8.826035
2016-12-27T05:00:00.000Z,8.564517
2016-12-28T05:00:00.000Z,
2016-12-29T05:00:00.000Z,9.9720125
2016-12-30T05:00:00.000Z,
2016-12-31T05:00:00.000Z,9.129264
2017-01-01T05:00:00.000Z,
2017-01-02T05:00:00.000Z,10.494112
2017-01-03T05:00:00.000Z,10.320898
2017-01-04T05:00:00.000Z,9.910123
2017-01-05T05:00:00.000Z,9.883084
2017-01-06T05:00:00.000Z,
2017-01-07T05:00:00.000Z,7.454791
2017-01-08T05:00:00.000Z,
2017-01-09T05:00:00.000Z,7.958903
2017-01-10T05:00:00.000Z,
2017-01-11T05:00:00.000Z,10.977562
2017-01-12T05:00:00.000Z,10.333407
2017-01-13T05:00:00.000Z,
2017-01-14T05:00:00.000Z,10.141305
2017-01-15T05:00:00.000Z,
2017-01-16T05:00:00.000Z,9.971175
2017-01-17T05:00:00.000Z,
2017-01-18T05:00:00.000Z,10.49447
2017-01-19T05:00:00.000Z,10.110991
2017-01-20T05:00:00.000Z,10.430955
2017-01-21T05:00:00.000Z,
2017-01-22T05:00:00.000Z,
2017-01-23T05:00:00.000Z,10.453988
2017-01-24T05:00:00.000Z,
2017-01-25T05:00:00.000Z,10.133203
2017-01-26T05:00:00.000Z,
2017-01-27T05:00:00.000Z,10.918956
2017-01-28T05:00:00.000Z,11.091294
2017-01-29T05:00:00.000Z,
2017-01-30T05:00:00.000Z,10.626713
2017-01-31T05:00:00.000Z,
2017-02-01T05:00:00.000Z,10.576547
2017-02-02T05:00:00.000Z,
2017-02-03T05:00:00.000Z,11.547582
2017-02-04T05:00:00.000Z,11.216563
2017-02-05T05:00:00.000Z,12.023175
2017-02-06T05:00:00.000Z,11.986644
2017-02-07T05:00:00.000Z,
2017-02-08T05:00:00.000Z,11.790405
2017-02-09T05:00:00.000Z,
2017-02-10T05:00:00.000Z,11.427574
2017-02-11T05:00:00.000Z,
2017-02-12T05:00:00.000Z,11.772782
2017-02-13T05:00:00.000Z,11.492958
2017-02-14T05:00:00.000Z,10.596009
2017-02-15T05:00:00.000Z,11.675875
2017-02-16T05:00:00.000Z,11.322165
2017-02-17T05:00:00.000Z,11.736602
2017-02-18T05:00:00.000Z,
2017-02-19T05:00:00.000Z,12.432213
2017-02-20T05:00:00.000Z,11.658873
2017-02-21T05:00:00.000Z,11.706261
2017-02-22T05:00:00.000Z,
2017-02-23T05:00:00.000Z,11.765143
2017-02-24T05:00:00.000Z,12.380725
2017-02-25T05:00:00.000Z,
2017-02-26T05:00:00.000Z,11.157001
2017-02-27T05:00:00.000Z,11.834256
2017-02-28T05:00:00.000Z,13.171224
2017-03-01T05:00:00.000Z,12.142071
2017-03-02T05:00:00.000Z,13.017925
2017-03-03T05:00:00.000Z,12.13141
2017-03-04T05:00:00.000Z,11.925878
2017-03-05T05:00:00.000Z,11.833511
2017-03-06T05:00:00.000Z,
2017-03-07T05:00:00.000Z,11.898033
2017-03-08T05:00:00.000Z,11.582776
2017-03-09T05:00:00.000Z,12.694103
2017-03-10T05:00:00.000Z,13.058769
2017-03-11T05:00:00.000Z,11.91685
2017-03-17T05:00:00.000Z,
2017-03-18T05:00:00.000Z,12.740961
2017-03-19T05:00:00.000Z,11.717944
2017-03-20T05:00:00.000Z,12.227129
2017-03-21T05:00:00.000Z,11.7922
2017-03-22T05:00:00.000Z,
2017-03-23T05:00:00.000Z,6.973905
2017-03-24T05:00:00.000Z,7.338148
2017-03-25T05:00:00.000Z,10.94187
2017-03-26T05:00:00.000Z,
2017-03-27T05:00:00.000Z,11.838842
2017-03-28T05:00:00.000Z,12.620302
2017-03-29T05:00:00.000Z,
2017-03-30T05:00:00.000Z,10.417347
2017-03-31T05:00:00.000Z,12.666317
2017-04-01T05:00:00.000Z,13.733708
2017-04-02T05:00:00.000Z,14.164034
2017-04-03T05:00:00.000Z,12.27784
2017-04-04T05:00:00.000Z,13.820072
2017-04-05T05:00:00.000Z,14.406212
2017-04-06T05:00:00.000Z,14.313792
2017-04-07T05:00:00.000Z,
2017-04-08T05:00:00.000Z,12.86958
2017-04-09T05:00:00.000Z,11.581914
2017-04-10T05:00:00.000Z,13.390514
2017-04-11T05:00:00.000Z,13.162738
2017-04-12T05:00:00.000Z,12.702917
2017-04-13T05:00:00.000Z,12.177082
2017-04-14T05:00:00.000Z,
2017-04-15T05:00:00.000Z,11.969958
2017-04-16T05:00:00.000Z,13.819423
2017-04-17T05:00:00.000Z,11.123388
2017-04-18T05:00:00.000Z,13.288286
2017-04-19T05:00:00.000Z,3.1776316
2017-04-20T05:00:00.000Z,4.9544687
2017-04-21T05:00:00.000Z,13.358687
2017-04-22T05:00:00.000Z,12.817603
2017-04-23T05:00:00.000Z,
2017-04-24T05:00:00.000Z,10.622469
2017-04-25T05:00:00.000Z,9.081515
2017-04-26T05:00:00.000Z,10.159728
2017-04-27T05:00:00.000Z,
2017-04-28T05:00:00.000Z,13.52582
2017-04-29T05:00:00.000Z,13.21137
2017-04-30T05:00:00.000Z,
2017-05-01T05:00:00.000Z,9.596116
2017-05-02T05:00:00.000Z,12.99911
2017-05-03T05:00:00.000Z,12.71103
2017-05-04T05:00:00.000Z,11.922596
2017-05-05T05:00:00.000Z,8.861946
2017-05-06T05:00:00.000Z,7.449588
2017-05-07T05:00:00.000Z,9.221444
2017-05-08T05:00:00.000Z,9.386648
2017-05-09T05:00:00.000Z,
2017-05-10T05:00:00.000Z,10.506526
2017-05-11T05:00:00.000Z,8.360217
2017-05-12T05:00:00.000Z,10.235618
2017-05-13T05:00:00.000Z,11.305743
2017-05-15T05:00:00.000Z,
2017-05-16T05:00:00.000Z,
2017-05-17T05:00:00.000Z,11.156924
2017-05-18T05:00:00.000Z,9.743176
2017-05-19T05:00:00.000Z,12.723435
2017-05-20T05:00:00.000Z,9.190309
2017-05-21T05:00:00.000Z,5.6680784
2017-05-22T05:00:00.000Z,10.714852
2017-05-23T05:00:00.000Z,10.8102
2017-05-24T05:00:00.000Z,10.152825
2017-05-25T05:00:00.000Z,
2017-05-26T05:00:00.000Z,8.194358
2017-05-27T05:00:00.000Z,10.804623
2017-05-28T05:00:00.000Z,12.367778
2017-05-29T05:00:00.000Z,
2017-05-30T05:00:00.000Z,10.926923
2017-05-31T05:00:00.000Z,10.904832
2017-06-01T05:00:00.000Z,
2017-06-02T05:00:00.000Z,11.8394985
2017-06-03T05:00:00.000Z,12.080534
2017-06-04T05:00:00.000Z,11.837582
2017-06-05T05:00:00.000Z,7.3941493
2017-06-06T05:00:00.000Z,9.949503
2017-06-07T05:00:00.000Z,9.748996
2017-06-08T05:00:00.000Z,6.7310534
2017-06-09T05:00:00.000Z,7.9243493
2017-06-10T05:00:00.000Z,
2017-06-11T05:00:00.000Z,9.74792
2017-06-12T05:00:00.000Z,7.511507
2017-06-13T05:00:00.000Z,9.993986
2017-06-14T05:00:00.000Z,12.362466
2017-06-15T05:00:00.000Z,6.9000926
2017-06-16T05:00:00.000Z,10.3021145
2017-06-17T05:00:00.000Z,
2017-06-18T05:00:00.000Z,8.835169
2017-06-19T05:00:00.000Z,11.311511
2017-06-20T05:00:00.000Z,11.434652
2017-06-21T05:00:00.000Z,9.740029
2017-06-22T05:00:00.000Z,11.267914
2017-06-23T05:00:00.000Z,11.35687
2017-06-24T05:00:00.000Z,12.025937
2017-06-25T05:00:00.000Z,10.134767
2017-06-26T05:00:00.000Z,
2017-06-27T05:00:00.000Z,12.130829
2017-06-28T05:00:00.000Z,11.913314
2017-06-29T05:00:00.000Z,11.90476
2017-06-30T05:00:00.000Z,
2017-07-01T05:00:00.000Z,12.599147
2017-07-02T05:00:00.000Z,11.594595
2017-07-03T05:00:00.000Z,
2017-07-04T05:00:00.000Z,11.585226
2017-07-05T05:00:00.000Z,12.267061
2017-07-06T05:00:00.000Z,11.994921
2017-07-07T05:00:00.000Z,11.1001005
2017-07-08T05:00:00.000Z,9.259107
2017-07-09T05:00:00.000Z,10.33296
2017-07-10T05:00:00.000Z,10.965696
2017-07-11T05:00:00.000Z,8.855741
2017-07-12T05:00:00.000Z,
2017-07-13T05:00:00.000Z,10.831434
2017-07-14T05:00:00.000Z,9.607226
2017-07-15T05:00:00.000Z,10.701464
2017-07-16T05:00:00.000Z,10.514737
2017-07-17T05:00:00.000Z,10.620289
2017-07-18T05:00:00.000Z,11.329057
2017-07-19T05:00:00.000Z,
2017-07-20T05:00:00.000Z,4.1216936
2017-07-21T05:00:00.000Z,12.978793
2017-07-22T05:00:00.000Z,12.299463
2017-07-23T05:00:00.000Z,10.918344
2017-07-24T05:00:00.000Z,11.879421
2017-07-25T05:00:00.000Z,10.797904
2017-07-26T05:00:00.000Z,11.419897
2017-07-27T05:00:00.000Z,11.104236
2017-07-28T05:00:00.000Z,
2017-07-29T05:00:00.000Z,8.926957
2017-07-30T05:00:00.000Z,7.477399
2017-07-31T05:00:00.000Z,11.816406
2017-08-01T05:00:00.000Z,
2017-08-02T05:00:00.000Z,11.593962
2017-08-03T05:00:00.000Z,11.965453
2017-08-04T05:00:00.000Z,
2017-08-05T05:00:00.000Z,9.179391
2017-08-06T05:00:00.000Z,12.042172
2017-08-07T05:00:00.000Z,12.58096
2017-08-08T05:00:00.000Z,11.688779
2017-08-09T05:00:00.000Z,2.3072667
2017-08-10T05:00:00.000Z,10.322274
2017-08-11T05:00:00.000Z,11.423748
2017-08-12T05:00:00.000Z,8.860186
2017-08-13T05:00:00.000Z,
2017-08-14T05:00:00.000Z,12.438293
2017-08-15T05:00:00.000Z,12.3778305
2017-08-16T05:00:00.000Z,10.283107
2017-08-17T05:00:00.000Z,11.474265
2017-08-18T05:00:00.000Z,12.047837
2017-08-19T05:00:00.000Z,9.769654
2017-08-20T05:00:00.000Z,
2017-08-21T05:00:00.000Z,
2017-08-22T05:00:00.000Z,13.201632
2017-08-23T05:00:00.000Z,11.588435
2017-08-24T05:00:00.000Z,8.529747
2017-08-25T05:00:00.000Z,6.4058566
2017-08-26T05:00:00.000Z,11.997549
2017-08-27T05:00:00.000Z,12.246346
2017-08-28T05:00:00.000Z,8.03925
2017-08-29T05:00:00.000Z,
2017-08-30T05:00:00.000Z,8.594852
2017-08-31T05:00:00.000Z,11.630558
2017-09-01T05:00:00.000Z,13.295997
2017-09-02T05:00:00.000Z,
2017-09-03T05:00:00.000Z,12.274114
2017-09-04T05:00:00.000Z,11.722921
2017-09-05T05:00:00.000Z,
2017-09-06T05:00:00.000Z,12.008301
2017-09-07T05:00:00.000Z,9.625326
2017-09-08T05:00:00.000Z,8.523106
2017-09-09T05:00:00.000Z,9.079597
2017-09-10T05:00:00.000Z,8.228286
2017-09-11T05:00:00.000Z,11.292703
2017-09-12T05:00:00.000Z,11.818716
2017-09-13T05:00:00.000Z,8.69544
2017-09-14T05:00:00.000Z,
2017-09-15T05:00:00.000Z,13.15224
2017-09-16T05:00:00.000Z,12.4199
2017-09-17T05:00:00.000Z,5.0885386
2017-09-18T05:00:00.000Z,8.845838
2017-09-19T05:00:00.000Z,12.522954
2017-09-20T05:00:00.000Z,11.3318615
2017-09-21T05:00:00.000Z,
2017-09-22T05:00:00.000Z,9.967471
2017-09-23T05:00:00.000Z,8.222639
2017-09-24T05:00:00.000Z,11.072315
2017-09-25T05:00:00.000Z,10.160444
2017-09-26T05:00:00.000Z,12.933094
2017-09-27T05:00:00.000Z,11.51471
2017-09-28T05:00:00.000Z,11.037884
2017-09-29T05:00:00.000Z,7.4185996
2017-09-30T05:00:00.000Z,
2017-10-01T05:00:00.000Z,9.063236
2017-10-02T05:00:00.000Z,11.030483
2017-10-03T05:00:00.000Z,10.199062
2017-10-04T05:00:00.000Z,
2017-10-05T05:00:00.000Z,10.618476
2017-10-06T05:00:00.000Z,9.743629
2017-10-07T05:00:00.000Z,
2017-10-08T05:00:00.000Z,11.59377
2017-10-09T05:00:00.000Z,9.881406
2017-10-10T05:00:00.000Z,10.609268
2017-10-11T05:00:00.000Z,9.45868
2017-10-12T05:00:00.000Z,12.384822
2017-10-13T05:00:00.000Z,11.116985
2017-10-14T05:00:00.000Z,11.619753
2017-10-15T05:00:00.000Z,10.068008
2017-10-16T05:00:00.000Z,
2017-10-17T05:00:00.000Z,12.649302
2017-10-18T05:00:00.000Z,11.183198
2017-10-19T05:00:00.000Z,11.7123785
2017-10-20T05:00:00.000Z,11.291597
2017-10-21T05:00:00.000Z,8.145955
2017-10-22T05:00:00.000Z,9.326261
2017-10-23T05:00:00.000Z,
2017-10-24T05:00:00.000Z,9.7685175
2017-10-25T05:00:00.000Z,11.141925
2017-10-26T05:00:00.000Z,10.822973
2017-10-27T05:00:00.000Z,10.198883
2017-10-28T05:00:00.000Z,8.973202
2017-10-29T05:00:00.000Z,7.427846
2017-10-30T05:00:00.000Z,9.883452
2017-10-31T05:00:00.000Z,10.183071
2017-11-01T05:00:00.000Z,
2017-11-02T05:00:00.000Z,11.122468
2017-11-03T05:00:00.000Z,9.025217
2017-11-04T05:00:00.000Z,10.390651
2017-11-05T05:00:00.000Z,
2017-11-06T05:00:00.000Z,
2017-11-07T05:00:00.000Z,9.349847
2017-11-08T05:00:00.000Z,
2017-11-09T05:00:00.000Z,8.301458
2017-11-10T05:00:00.000Z,
2017-11-11T05:00:00.000Z,8.889314
2017-11-12T05:00:00.000Z,10.313764
2017-11-13T05:00:00.000Z,
2017-11-14T05:00:00.000Z,3.5178266
2017-11-15T05:00:00.000Z,
2017-11-16T05:00:00.000Z,10.597235
2017-11-17T05:00:00.000Z,
2017-11-18T05:00:00.000Z,8.487184
2017-11-19T05:00:00.000Z,10.705321
2017-11-20T05:00:00.000Z,10.729473
2017-11-21T05:00:00.000Z,10.127337
2017-11-22T05:00:00.000Z,
2017-11-23T05:00:00.000Z,9.740829
2017-11-24T05:00:00.000Z,
2017-11-25T05:00:00.000Z,9.453632
2017-11-26T05:00:00.000Z,
2017-11-27T05:00:00.000Z,9.98533
2017-11-28T05:00:00.000Z,8.230054
2017-11-29T05:00:00.000Z,
2017-11-30T05:00:00.000Z,9.686694
2017-12-01T05:00:00.000Z,
2017-12-02T05:00:00.000Z,9.279428
2017-12-03T05:00:00.000Z,
2017-12-04T05:00:00.000Z,9.83386
2017-12-05T05:00:00.000Z,9.244039
2017-12-06T05:00:00.000Z,9.567373
2017-12-07T05:00:00.000Z,
2017-12-08T05:00:00.000Z,
2017-12-09T05:00:00.000Z,8.724907
2017-12-10T05:00:00.000Z,
2017-12-11T05:00:00.000Z,8.423181
2017-12-12T05:00:00.000Z,
2017-12-13T05:00:00.000Z,9.740812
2017-12-14T05:00:00.000Z,10.234941
2017-12-15T05:00:00.000Z,
2017-12-16T05:00:00.000Z,10.194639
2017-12-17T05:00:00.000Z,
2017-12-18T05:00:00.000Z,9.8404045
2017-12-19T05:00:00.000Z,
2017-12-20T05:00:00.000Z,10.168588
2017-12-21T05:00:00.000Z,9.65237
2017-12-22T05:00:00.000Z,10.197189
2017-12-23T05:00:00.000Z,9.979209
2017-12-24T05:00:00.000Z,
2017-12-25T05:00:00.000Z,9.145631
2017-12-26T05:00:00.000Z,
2017-12-27T05:00:00.000Z,9.363605
2017-12-28T05:00:00.000Z,
2017-12-29T05:00:00.000Z,6.167063
2017-12-30T05:00:00.000Z,8.872727
2017-12-31T05:00:00.000Z,
2018-01-01T05:00:00.000Z,8.410512
2018-01-02T05:00:00.000Z,
2018-01-03T05:00:00.000Z,7.9931545
2018-01-04T05:00:00.000Z,
2018-01-05T05:00:00.000Z,9.375779
2018-01-06T05:00:00.000Z,8.991666
2018-01-07T05:00:00.000Z,8.737614
2018-01-08T05:00:00.000Z,
2018-01-09T05:00:00.000Z,
2018-01-10T05:00:00.000Z,8.816789
2018-01-11T05:00:00.000Z,
2018-01-12T05:00:00.000Z,8.691955
2018-01-13T05:00:00.000Z,
2018-01-14T05:00:00.000Z,8.885204
2018-01-15T05:00:00.000Z,9.7424965
2018-01-16T05:00:00.000Z,
2018-01-17T05:00:00.000Z,9.615461
2018-01-18T05:00:00.000Z,
2018-01-19T05:00:00.000Z,9.569047
2018-01-20T05:00:00.000Z,
2018-01-21T05:00:00.000Z,10.360154
2018-01-22T05:00:00.000Z,11.014415
2018-01-23T05:00:00.000Z,10.305656
2018-01-24T05:00:00.000Z,10.755059
2018-01-25T05:00:00.000Z,
2018-01-26T05:00:00.000Z,10.919377
2018-01-27T05:00:00.000Z,
2018-01-28T05:00:00.000Z,11.2410755
2018-01-29T05:00:00.000Z,
2018-01-30T05:00:00.000Z,11.184964
2018-01-31T05:00:00.000Z,11.505991
2018-02-01T05:00:00.000Z,
2018-02-02T05:00:00.000Z,11.050171
2018-02-03T05:00:00.000Z,
2018-02-04T05:00:00.000Z,11.366328
2018-02-05T05:00:00.000Z,
2018-02-06T05:00:00.000Z,11.631531
2018-02-07T05:00:00.000Z,11.776154
2018-02-08T05:00:00.000Z,12.119372
2018-02-09T05:00:00.000Z,
2018-02-10T05:00:00.000Z,11.971416
2018-02-11T05:00:00.000Z,11.865324
2018-02-12T05:00:00.000Z,
2018-02-13T05:00:00.000Z,12.225043
2018-02-14T05:00:00.000Z,12.052201
2018-02-15T05:00:00.000Z,12.257962
2018-02-16T05:00:00.000Z,12.19946
2018-02-17T05:00:00.000Z,12.933586
2018-02-18T05:00:00.000Z,12.8656
2018-02-19T05:00:00.000Z,12.303749
2018-02-20T05:00:00.000Z,12.773306
2018-02-21T05:00:00.000Z,
2018-02-22T05:00:00.000Z,12.793103
2018-02-23T05:00:00.000Z,12.568476
2018-02-24T05:00:00.000Z,12.180719
2018-02-25T05:00:00.000Z,11.6260805
2018-02-26T05:00:00.000Z,11.761484
2018-02-27T05:00:00.000Z,11.678914
2018-02-28T05:00:00.000Z,
2018-03-01T05:00:00.000Z,12.208915
2018-03-02T05:00:00.000Z,12.265517
2018-03-03T05:00:00.000Z,12.025367
2018-03-04T05:00:00.000Z,10.411221
2018-03-05T05:00:00.000Z,13.295322
2018-03-06T05:00:00.000Z,10.831149
2018-03-07T05:00:00.000Z,12.682409
2018-03-08T05:00:00.000Z,11.970834
2018-03-09T05:00:00.000Z,
2018-03-10T05:00:00.000Z,13.223411
2018-03-11T05:00:00.000Z,13.783835
2018-03-12T05:00:00.000Z,13.359723
2018-03-13T05:00:00.000Z,
2018-03-14T05:00:00.000Z,12.971406
2018-03-15T05:00:00.000Z,11.834952
2018-03-16T05:00:00.000Z,
2018-03-17T05:00:00.000Z,12.265073
2018-03-18T05:00:00.000Z,12.677432
2018-03-19T05:00:00.000Z,13.458277
2018-03-20T05:00:00.000Z,13.290004
2018-03-21T05:00:00.000Z,13.715653
2018-03-22T05:00:00.000Z,12.309912
2018-03-23T05:00:00.000Z,12.370644
2018-03-24T05:00:00.000Z,12.139243
2018-03-25T05:00:00.000Z,
2018-03-26T05:00:00.000Z,13.104597
2018-03-27T05:00:00.000Z,13.319886
2018-03-28T05:00:00.000Z,13.594265
2018-03-29T05:00:00.000Z,13.592307
2018-03-30T05:00:00.000Z,12.662383
2018-03-31T05:00:00.000Z,10.519511
2018-04-01T05:00:00.000Z,
2018-04-02T05:00:00.000Z,10.834208
2018-04-03T05:00:00.000Z,12.574432
2018-04-04T05:00:00.000Z,12.243251
2018-04-05T05:00:00.000Z,9.580878
2018-04-06T05:00:00.000Z,9.797395
2018-04-07T05:00:00.000Z,10.962599
2018-04-08T05:00:00.000Z,12.365192
2018-04-09T05:00:00.000Z,11.434688
2018-04-10T05:00:00.000Z,
2018-04-11T05:00:00.000Z,8.870067
2018-04-12T05:00:00.000Z,11.908711
2018-04-13T05:00:00.000Z,11.667636
2018-04-14T05:00:00.000Z,
2018-04-15T05:00:00.000Z,12.849193
2018-04-16T05:00:00.000Z,12.173439
2018-04-17T05:00:00.000Z,
2018-04-18T05:00:00.000Z,11.657256
2018-04-19T05:00:00.000Z,12.161307
2018-04-20T05:00:00.000Z,12.274376
2018-04-21T05:00:00.000Z,12.968353
2018-04-22T05:00:00.000Z,10.748264
2018-04-23T05:00:00.000Z,11.356457
2018-04-24T05:00:00.000Z,12.820529
2018-04-25T05:00:00.000Z,11.776446
2018-04-26T05:00:00.000Z,
2018-04-27T05:00:00.000Z,9.345412
2018-04-28T05:00:00.000Z,7.158628
2018-04-29T05:00:00.000Z,12.99903
2018-04-30T05:00:00.000Z,12.381002
2018-05-01T05:00:00.000Z,12.765173
2018-05-02T05:00:00.000Z,12.040022
2018-05-03T05:00:00.000Z,
2018-05-04T05:00:00.000Z,5.9526033
2018-05-05T05:00:00.000Z,10.380396
2018-05-06T05:00:00.000Z,11.373444
2018-05-07T05:00:00.000Z,9.324372
2018-05-08T05:00:00.000Z,4.4690433
2018-05-09T05:00:00.000Z,10.829086
2018-05-10T05:00:00.000Z,12.322183
2018-05-11T05:00:00.000Z,11.171552
2018-05-12T05:00:00.000Z,
2018-05-13T05:00:00.000Z,11.152077
2018-05-14T05:00:00.000Z,5.6289787
2018-05-15T05:00:00.000Z,11.78065
2018-05-16T05:00:00.000Z,
2018-05-17T05:00:00.000Z,9.467414
2018-05-18T05:00:00.000Z,8.592324
2018-05-19T05:00:00.000Z,
2018-05-20T05:00:00.000Z,11.763446
2018-05-21T05:00:00.000Z,6.700136
2018-05-22T05:00:00.000Z,10.405695
2018-05-23T05:00:00.000Z,10.71925
2018-05-24T05:00:00.000Z,3.3715203
2018-05-25T05:00:00.000Z,11.1627445
2018-05-26T05:00:00.000Z,9.092985
2018-05-27T05:00:00.000Z,10.286297
2018-05-28T05:00:00.000Z,
2018-05-29T05:00:00.000Z,12.266901
2018-05-30T05:00:00.000Z,11.023168
2018-05-31T05:00:00.000Z,12.154291
2018-06-01T05:00:00.000Z,11.590889
2018-06-02T05:00:00.000Z,12.136502
2018-06-03T05:00:00.000Z,11.317523
2018-06-04T05:00:00.000Z,
2018-06-05T05:00:00.000Z,10.193812
2018-06-06T05:00:00.000Z,10.900657
2018-06-07T05:00:00.000Z,11.924736
2018-06-08T05:00:00.000Z,11.055924
2018-06-09T05:00:00.000Z,12.477367
2018-06-10T05:00:00.000Z,9.704966
2018-06-11T05:00:00.000Z,9.371916
2018-06-12T05:00:00.000Z,11.297614
2018-06-13T05:00:00.000Z,
2018-06-14T05:00:00.000Z,8.780113
2018-06-15T05:00:00.000Z,9.257011
2018-06-16T05:00:00.000Z,11.844795
2018-06-17T05:00:00.000Z,
2018-06-18T05:00:00.000Z,10.316473
2018-06-19T05:00:00.000Z,7.3983283
2018-06-20T05:00:00.000Z,
2018-06-21T05:00:00.000Z,10.422053
2018-06-22T05:00:00.000Z,11.108018
2018-06-23T05:00:00.000Z,12.25711
2018-06-24T05:00:00.000Z,10.079685
2018-06-25T05:00:00.000Z,9.713328
2018-06-26T05:00:00.000Z,10.8737755
2018-06-27T05:00:00.000Z,9.701532
2018-06-28T05:00:00.000Z,10.20281
2018-06-29T05:00:00.000Z,
2018-06-30T05:00:00.000Z,12.072282
2018-07-01T05:00:00.000Z,8.966372
2018-07-02T05:00:00.000Z,11.385749
2018-07-03T05:00:00.000Z,8.63224
2018-07-04T05:00:00.000Z,11.644393
2018-07-05T05:00:00.000Z,10.670135
2018-07-06T05:00:00.000Z,
2018-07-07T05:00:00.000Z,11.32699
2018-07-08T05:00:00.000Z,10.544139
2018-07-09T05:00:00.000Z,12.103143
2018-07-10T05:00:00.000Z,11.04752
2018-07-11T05:00:00.000Z,11.59114
2018-07-12T05:00:00.000Z,11.825353
2018-07-13T05:00:00.000Z,11.417086
2018-07-14T05:00:00.000Z,10.336966
2018-07-15T05:00:00.000Z,
2018-07-16T05:00:00.000Z,11.1046715
2018-07-17T05:00:00.000Z,11.018914
2018-07-18T05:00:00.000Z,12.069685
2018-07-19T05:00:00.000Z,
2018-07-20T05:00:00.000Z,11.267178
2018-07-21T05:00:00.000Z,10.781658
2018-07-22T05:00:00.000Z,
2018-07-23T05:00:00.000Z,11.273361
2018-07-24T05:00:00.000Z,12.691455
2018-07-25T05:00:00.000Z,12.007468
2018-07-26T05:00:00.000Z,9.755707
2018-07-27T05:00:00.000Z,5.420159
2018-07-28T05:00:00.000Z,9.293588
2018-07-29T05:00:00.000Z,9.836336
2018-07-30T05:00:00.000Z,8.999276
2018-07-31T05:00:00.000Z,
2018-08-01T05:00:00.000Z,11.648412
2018-08-02T05:00:00.000Z,11.109331
2018-08-03T05:00:00.000Z,10.086448
2018-08-04T05:00:00.000Z,11.131319
2018-08-05T05:00:00.000Z,10.455298
2018-08-06T05:00:00.000Z,11.787387
2018-08-07T05:00:00.000Z,
2018-08-08T05:00:00.000Z,11.799396
2018-08-09T05:00:00.000Z,12.8425045
2018-08-10T05:00:00.000Z,11.867632
2018-08-11T05:00:00.000Z,12.632344
2018-08-12T05:00:00.000Z,12.750275
2018-08-13T05:00:00.000Z,11.3944
2018-08-14T05:00:00.000Z,10.070001
2018-08-15T05:00:00.000Z,6.8549833
2018-08-16T05:00:00.000Z,
2018-08-17T05:00:00.000Z,12.410777
2018-08-18T05:00:00.000Z,11.713005
2018-08-19T05:00:00.000Z,12.26523
2018-08-20T05:00:00.000Z,
2018-08-21T05:00:00.000Z,12.078962
2018-08-22T05:00:00.000Z,10.54676
2018-08-23T05:00:00.000Z,
2018-08-24T05:00:00.000Z,10.284538
2018-08-25T05:00:00.000Z,12.523903
2018-08-26T05:00:00.000Z,11.114913
2018-08-27T05:00:00.000Z,11.909308
2018-08-28T05:00:00.000Z,11.737183
2018-08-29T05:00:00.000Z,10.301332
2018-08-30T05:00:00.000Z,11.063142
2018-08-31T05:00:00.000Z,11.670183
2018-09-01T05:00:00.000Z,
2018-09-02T05:00:00.000Z,11.52789
2018-09-03T05:00:00.000Z,12.148636
2018-09-04T05:00:00.000Z,7.928823
2018-09-05T05:00:00.000Z,9.9767275
2018-09-06T05:00:00.000Z,11.525156
2018-09-07T05:00:00.000Z,9.906461
2018-09-08T05:00:00.000Z,
2018-09-09T05:00:00.000Z,10.71805
2018-09-10T05:00:00.000Z,12.0581455
2018-09-11T05:00:00.000Z,10.974816
2018-09-12T05:00:00.000Z,10.38227
2018-09-13T05:00:00.000Z,12.258632
2018-09-14T05:00:00.000Z,10.297066
2018-09-15T05:00:00.000Z,10.361727
2018-09-16T05:00:00.000Z,7.924367
2018-09-17T05:00:00.000Z,
2018-09-18T05:00:00.000Z,11.710997
2018-09-19T05:00:00.000Z,11.504375
2018-09-20T05:00:00.000Z,12.492547
2018-09-21T05:00:00.000Z,
2018-09-22T05:00:00.000Z,8.1525345
2018-09-23T05:00:00.000Z,10.815699
2018-09-24T05:00:00.000Z,
2018-09-25T05:00:00.000Z,11.261585
2018-09-26T05:00:00.000Z,10.339494
2018-09-27T05:00:00.000Z,8.234371
2018-09-28T05:00:00.000Z,9.688831
2018-09-29T05:00:00.000Z,12.111213
2018-09-30T05:00:00.000Z,11.939353
2018-10-01T05:00:00.000Z,8.447623
2018-10-02T05:00:00.000Z,8.242318
2018-10-03T05:00:00.000Z,
2018-10-04T05:00:00.000Z,8.191846
2018-10-05T05:00:00.000Z,9.127231
2018-10-06T05:00:00.000Z,7.0952106
2018-10-07T05:00:00.000Z,10.043764
2018-10-08T05:00:00.000Z,10.56908
2018-10-09T05:00:00.000Z,9.933975
2018-10-10T05:00:00.000Z,
2018-10-11T05:00:00.000Z,8.282973
2018-10-12T05:00:00.000Z,12.141034
2018-10-13T05:00:00.000Z,12.035645
2018-10-14T05:00:00.000Z,11.475129
2018-10-15T05:00:00.000Z,12.093446
2018-10-16T05:00:00.000Z,11.675215
2018-10-17T05:00:00.000Z,11.465797
2018-10-18T05:00:00.000Z,11.069434
2018-10-19T05:00:00.000Z,
2018-10-20T05:00:00.000Z,11.303439
2018-10-21T05:00:00.000Z,8.991778
2018-10-22T05:00:00.000Z,10.620044
2018-10-23T05:00:00.000Z,
2018-10-24T05:00:00.000Z,10.848714
2018-10-25T05:00:00.000Z,9.986158
2018-10-26T05:00:00.000Z,
2018-10-27T05:00:00.000Z,10.094852
2018-10-28T05:00:00.000Z,10.880158
2018-10-29T05:00:00.000Z,11.09513
2018-10-30T05:00:00.000Z,8.836102
2018-10-31T05:00:00.000Z,11.196708
2018-11-01T05:00:00.000Z,10.456258
2018-11-02T05:00:00.000Z,
2018-11-03T05:00:00.000Z,8.355173
2018-11-04T05:00:00.000Z,
2018-11-05T05:00:00.000Z,10.569581
2018-11-06T05:00:00.000Z,11.172326
2018-11-07T05:00:00.000Z,11.493362
2018-11-08T05:00:00.000Z,10.745125
2018-11-09T05:00:00.000Z,
2018-11-10T05:00:00.000Z,8.707144
2018-11-11T05:00:00.000Z,
2018-11-12T05:00:00.000Z,10.79371
2018-11-13T05:00:00.000Z,
2018-11-14T05:00:00.000Z,9.114771
2018-11-15T05:00:00.000Z,10.203177
2018-11-16T05:00:00.000Z,
2018-11-17T05:00:00.000Z,10.486524
2018-11-18T05:00:00.000Z,
2018-11-19T05:00:00.000Z,9.804953
2018-11-20T05:00:00.000Z,
2018-11-21T05:00:00.000Z,10.602372
2018-11-22T05:00:00.000Z,8.666908
2018-11-23T05:00:00.000Z,10.92493
2018-11-24T05:00:00.000Z,
2018-11-25T05:00:00.000Z,
2018-11-26T05:00:00.000Z,10.42252
2018-11-27T05:00:00.000Z,
2018-11-28T05:00:00.000Z,10.185272
2018-11-29T05:00:00.000Z,
2018-11-30T05:00:00.000Z,10.323595
2018-12-01T05:00:00.000Z,10.440361
2018-12-02T05:00:00.000Z,
2018-12-03T05:00:00.000Z,9.994338
2018-12-04T05:00:00.000Z,
2018-12-05T05:00:00.000Z,9.44697
2018-12-06T05:00:00.000Z,
2018-12-07T05:00:00.000Z,9.971955
2018-12-08T05:00:00.000Z,9.948004
2018-12-09T05:00:00.000Z,10.074912
2018-12-10T05:00:00.000Z,9.935033
2018-12-11T05:00:00.000Z,
2018-12-12T05:00:00.000Z,9.691449
2018-12-13T05:00:00.000Z,
2018-12-14T05:00:00.000Z,8.9929905
2018-12-15T05:00:00.000Z,
2018-12-16T05:00:00.000Z,9.892579
2018-12-17T05:00:00.000Z,9.605661
2018-12-18T05:00:00.000Z,
2018-12-19T05:00:00.000Z,9.53491
2018-12-20T05:00:00.000Z,
2018-12-21T05:00:00.000Z,8.021712
2018-12-22T05:00:00.000Z,
2018-12-23T05:00:00.000Z,9.916443
2018-12-24T05:00:00.000Z,9.735276
2018-12-25T05:00:00.000Z,9.914355
2018-12-26T05:00:00.000Z,
2018-12-27T05:00:00.000Z,
2018-12-28T05:00:00.000Z,9.942969
2018-12-29T05:00:00.000Z,
2018-12-30T05:00:00.000Z,10.407047
2018-12-31T05:00:00.000Z,
2019-01-01T05:00:00.000Z,10.802609
2019-01-02T05:00:00.000Z,10.724287
2019-01-03T05:00:00.000Z,
2019-01-04T05:00:00.000Z,10.5099535
2019-01-05T05:00:00.000Z,
2019-01-06T05:00:00.000Z,9.384472
2019-01-07T05:00:00.000Z,
2019-01-08T05:00:00.000Z,9.050704
2019-01-09T05:00:00.000Z,8.643781
2019-01-10T05:00:00.000Z,8.725808
2019-01-11T05:00:00.000Z,9.345652
2019-01-12T05:00:00.000Z,
2019-01-13T05:00:00.000Z,9.790488
2019-01-14T05:00:00.000Z,
2019-01-15T05:00:00.000Z,9.978551
2019-01-16T05:00:00.000Z,
2019-01-17T05:00:00.000Z,10.523656
2019-01-18T05:00:00.000Z,10.318236
2019-01-19T05:00:00.000Z,
2019-01-20T05:00:00.000Z,11.193106
2019-01-21T05:00:00.000Z,
2019-01-22T05:00:00.000Z,10.920046
2019-01-23T05:00:00.000Z,
2019-01-24T05:00:00.000Z,11.534144
2019-01-25T05:00:00.000Z,11.435111
2019-01-26T05:00:00.000Z,11.0072565
2019-01-27T05:00:00.000Z,
2019-01-28T05:00:00.000Z,
2019-01-29T05:00:00.000Z,10.765362
2019-01-30T05:00:00.000Z,
2019-01-31T05:00:00.000Z,10.370297
2019-02-01T05:00:00.000Z,
2019-02-02T05:00:00.000Z,10.990382
2019-02-03T05:00:00.000Z,11.464075
2019-02-04T05:00:00.000Z,
2019-02-05T05:00:00.000Z,10.688994
2019-02-06T05:00:00.000Z,
2019-02-07T05:00:00.000Z,10.913202
2019-02-08T05:00:00.000Z,
2019-02-09T05:00:00.000Z,11.47729
2019-02-10T05:00:00.000Z,12.076124
2019-02-11T05:00:00.000Z,12.374216
2019-02-12T05:00:00.000Z,11.825686
2019-02-13T05:00:00.000Z,11.785093
2019-02-14T05:00:00.000Z,11.178761
2019-02-15T05:00:00.000Z,
2019-02-16T05:00:00.000Z,11.296388
2019-02-17T05:00:00.000Z,12.224258
2019-02-18T05:00:00.000Z,12.429702
2019-02-19T05:00:00.000Z,12.038962
2019-02-20T05:00:00.000Z,11.431899
2019-02-21T05:00:00.000Z,12.440341
2019-02-22T05:00:00.000Z,12.281798
2019-02-23T05:00:00.000Z,10.791939
2019-02-24T05:00:00.000Z,
2019-02-25T05:00:00.000Z,13.160402
2019-02-26T05:00:00.000Z,12.613156
2019-02-27T05:00:00.000Z,13.104801
2019-02-28T05:00:00.000Z,
2019-03-01T05:00:00.000Z,12.282425
2019-03-02T05:00:00.000Z,11.068671
2019-03-03T05:00:00.000Z,
2019-03-04T05:00:00.000Z,11.239736
2019-03-05T05:00:00.000Z,11.692202
2019-03-06T05:00:00.000Z,12.960448
2019-03-07T05:00:00.000Z,12.525561
2019-03-08T05:00:00.000Z,13.964578
2019-03-09T05:00:00.000Z,13.339312
2019-03-10T05:00:00.000Z,13.106426
2019-03-11T05:00:00.000Z,12.841715
2019-03-12T05:00:00.000Z,
2019-03-13T05:00:00.000Z,13.397057
2019-03-14T05:00:00.000Z,13.927491
2019-03-15T05:00:00.000Z,13.197212
2019-03-16T05:00:00.000Z,13.452429
2019-03-17T05:00:00.000Z,13.589038
2019-03-18T05:00:00.000Z,12.96954
2019-03-19T05:00:00.000Z,
2019-03-20T05:00:00.000Z,11.520897
2019-03-21T05:00:00.000Z,11.957319
2019-03-22T05:00:00.000Z,11.807014
2019-03-23T05:00:00.000Z,12.121219
2019-03-24T05:00:00.000Z,12.492251
2019-03-25T05:00:00.000Z,12.255707
2019-03-26T05:00:00.000Z,12.207237
2019-03-27T05:00:00.000Z,11.977628
2019-03-28T05:00:00.000Z,
2019-03-29T05:00:00.000Z,11.120873
2019-03-30T05:00:00.000Z,12.009301
2019-03-31T05:00:00.000Z,12.871143
2019-04-01T05:00:00.000Z,
2019-04-02T05:00:00.000Z,12.037872
2019-04-03T05:00:00.000Z,12.475955
2019-04-04T05:00:00.000Z,
2019-04-05T05:00:00.000Z,13.0964365
2019-04-06T05:00:00.000Z,9.261607
2019-04-07T05:00:00.000Z,13.041017
2019-04-08T05:00:00.000Z,12.544991
2019-04-09T05:00:00.000Z,11.993222
2019-04-10T05:00:00.000Z,12.375583
2019-04-11T05:00:00.000Z,11.890861
2019-04-12T05:00:00.000Z,12.347796
2019-04-13T05:00:00.000Z,
2019-04-14T05:00:00.000Z,12.160769
2019-04-15T05:00:00.000Z,11.494328
2019-04-16T05:00:00.000Z,13.012998
2019-04-17T05:00:00.000Z,12.29044
2019-04-18T05:00:00.000Z,11.729589
2019-04-19T05:00:00.000Z,11.899742
2019-04-21T05:00:00.000Z,
2019-04-22T05:00:00.000Z,9.638696
2019-04-23T05:00:00.000Z,12.050486
2019-04-24T05:00:00.000Z,11.969037
2019-04-25T05:00:00.000Z,13.15818
2019-04-26T05:00:00.000Z,10.822304
2019-04-27T05:00:00.000Z,11.967335
2019-04-28T05:00:00.000Z,13.316764
2019-04-29T05:00:00.000Z,
2019-04-30T05:00:00.000Z,13.852853
2019-05-01T05:00:00.000Z,13.938985
2019-05-02T05:00:00.000Z,13.79063
2019-05-03T05:00:00.000Z,
2019-05-04T05:00:00.000Z,9.872397
2019-05-05T05:00:00.000Z,12.572953
2019-05-06T05:00:00.000Z,
2019-05-07T05:00:00.000Z,11.41051
2019-05-08T05:00:00.000Z,7.3130355
2019-05-09T05:00:00.000Z,8.855554
2019-05-10T05:00:00.000Z,7.7245603
2019-05-11T05:00:00.000Z,9.87781
2019-05-12T05:00:00.000Z,11.522414
2019-05-13T05:00:00.000Z,11.649648
2019-05-14T05:00:00.000Z,10.758579
2019-05-15T05:00:00.000Z,
2019-05-16T05:00:00.000Z,12.290528
2019-05-17T05:00:00.000Z,11.321423
2019-05-18T05:00:00.000Z,7.1969585
2019-05-19T05:00:00.000Z,5.728246
2019-05-20T05:00:00.000Z,11.854508
2019-05-21T05:00:00.000Z,5.1390653
2019-05-22T05:00:00.000Z,
2019-05-23T05:00:00.000Z,7.63597
2019-05-24T05:00:00.000Z,5.5949597
2019-05-25T05:00:00.000Z,9.207243
2019-05-26T05:00:00.000Z,4.087286
2019-05-27T05:00:00.000Z,11.146889
2019-05-28T05:00:00.000Z,5.9971547
2019-05-29T05:00:00.000Z,10.570243
2019-05-30T05:00:00.000Z,8.031182
2019-05-31T05:00:00.000Z,
2019-06-01T05:00:00.000Z,10.307573
2019-06-02T05:00:00.000Z,10.362841
2019-06-03T05:00:00.000Z,12.053747
2019-06-04T05:00:00.000Z,
2019-06-05T05:00:00.000Z,10.795128
2019-06-06T05:00:00.000Z,3.3050444
2019-06-07T05:00:00.000Z,
2019-06-08T05:00:00.000Z,11.034324
2019-06-09T05:00:00.000Z,12.072094
2019-06-10T05:00:00.000Z,9.258851
2019-06-11T05:00:00.000Z,10.656134
2019-06-12T05:00:00.000Z,12.795196
2019-06-13T05:00:00.000Z,11.987402
2019-06-14T05:00:00.000Z,11.667368
2019-06-15T05:00:00.000Z,10.80854
2019-06-16T05:00:00.000Z,
2019-06-17T05:00:00.000Z,12.728981
2019-06-18T05:00:00.000Z,12.264541
2019-06-19T05:00:00.000Z,11.70322
2019-06-20T05:00:00.000Z,11.338044
2019-06-21T05:00:00.000Z,12.295739
2019-06-22T05:00:00.000Z,7.957394
2019-06-23T05:00:00.000Z,
2019-06-24T05:00:00.000Z,8.669779
2019-06-25T05:00:00.000Z,10.668229
2019-06-26T05:00:00.000Z,13.176021
2019-06-27T05:00:00.000Z,10.605365
2019-06-28T05:00:00.000Z,12.0931225
2019-06-29T05:00:00.000Z,10.240204
2019-06-30T05:00:00.000Z,11.0885
2019-07-01T05:00:00.000Z,9.008436
2019-07-02T05:00:00.000Z,
2019-07-03T05:00:00.000Z,12.355952
2019-07-04T05:00:00.000Z,12.415135
2019-07-05T05:00:00.000Z,12.37906
2019-07-06T05:00:00.000Z,
2019-07-07T05:00:00.000Z,11.615417
2019-07-08T05:00:00.000Z,9.396931
2019-07-09T05:00:00.000Z,
2019-07-10T05:00:00.000Z,11.317574
2019-07-11T05:00:00.000Z,11.784804
2019-07-12T05:00:00.000Z,12.216939
2019-07-13T05:00:00.000Z,11.795887
2019-07-14T05:00:00.000Z,11.531454
2019-07-15T05:00:00.000Z,10.536059
2019-07-16T05:00:00.000Z,11.315254
2019-07-17T05:00:00.000Z,11.170256
2019-07-18T05:00:00.000Z,
2019-07-19T05:00:00.000Z,11.174079
2019-07-20T05:00:00.000Z,12.358403
2019-07-21T05:00:00.000Z,12.531188
2019-07-22T05:00:00.000Z,11.795061
2019-07-23T05:00:00.000Z,8.827537
2019-07-24T05:00:00.000Z,7.864908
2019-07-25T05:00:00.000Z,
2019-07-26T05:00:00.000Z,10.751666
2019-07-27T05:00:00.000Z,11.847184
2019-07-28T05:00:00.000Z,12.4017515
2019-07-29T05:00:00.000Z,11.33698
2019-07-30T05:00:00.000Z,10.465757
2019-07-31T05:00:00.000Z,11.592109
2019-08-01T05:00:00.000Z,11.311464
2019-08-02T05:00:00.000Z,11.471731
2019-08-03T05:00:00.000Z,
2019-08-04T05:00:00.000Z,10.4875765
2019-08-05T05:00:00.000Z,11.607097
2019-08-06T05:00:00.000Z,10.896158
2019-08-07T05:00:00.000Z,
2019-08-08T05:00:00.000Z,11.997694
2019-08-09T05:00:00.000Z,9.359977
2019-08-10T05:00:00.000Z,
2019-08-11T05:00:00.000Z,12.197434
2019-08-12T05:00:00.000Z,12.860543
2019-08-13T05:00:00.000Z,8.017431
2019-08-14T05:00:00.000Z,7.682905
2019-08-15T05:00:00.000Z,11.714965
2019-08-16T05:00:00.000Z,6.501348
2019-08-17T05:00:00.000Z,11.361512
2019-08-18T05:00:00.000Z,11.431502
2019-08-19T05:00:00.000Z,
2019-08-20T05:00:00.000Z,13.301357
2019-08-21T05:00:00.000Z,11.181001
2019-08-22T05:00:00.000Z,12.880869
2019-08-23T05:00:00.000Z,11.879293
2019-08-24T05:00:00.000Z,8.545272
2019-08-25T05:00:00.000Z,12.476195
2019-08-26T05:00:00.000Z,
2019-08-27T05:00:00.000Z,13.160896
2019-08-28T05:00:00.000Z,8.740511
2019-08-29T05:00:00.000Z,11.53468
2019-08-30T05:00:00.000Z,12.844909
2019-08-31T05:00:00.000Z,12.264665
2019-09-01T05:00:00.000Z,11.233706
2019-09-02T05:00:00.000Z,7.7901754
2019-09-03T05:00:00.000Z,12.0019245
2019-09-04T05:00:00.000Z,
2019-09-05T05:00:00.000Z,12.931072
2019-09-06T05:00:00.000Z,12.723757
2019-09-07T05:00:00.000Z,12.780662
2019-09-08T05:00:00.000Z,
2019-09-09T05:00:00.000Z,13.177461
2019-09-10T05:00:00.000Z,13.426763
2019-09-11T05:00:00.000Z,
2019-09-12T05:00:00.000Z,10.141299
2019-09-13T05:00:00.000Z,12.232447
2019-09-14T05:00:00.000Z,10.4090605
2019-09-15T05:00:00.000Z,11.408516
2019-09-16T05:00:00.000Z,12.070193
2019-09-17T05:00:00.000Z,10.932638
2019-09-18T05:00:00.000Z,11.602348
2019-09-19T05:00:00.000Z,4.6974487
2019-09-20T05:00:00.000Z,
2019-09-21T05:00:00.000Z,8.310554
2019-09-22T05:00:00.000Z,11.581453
2019-09-23T05:00:00.000Z,9.362721
2019-09-24T05:00:00.000Z,12.474364
2019-09-25T05:00:00.000Z,11.99604
2019-09-26T05:00:00.000Z,8.393353
2019-09-27T05:00:00.000Z,
2019-09-28T05:00:00.000Z,12.199847
2019-09-29T05:00:00.000Z,12.47078
2019-09-30T05:00:00.000Z,9.802347
2019-10-01T05:00:00.000Z,12.141353
2019-10-02T05:00:00.000Z,11.017386
2019-10-03T05:00:00.000Z,11.596217
2019-10-04T05:00:00.000Z,11.525784
2019-10-05T05:00:00.000Z,12.386146
2019-10-06T05:00:00.000Z,
2019-10-07T05:00:00.000Z,12.441487
2019-10-08T05:00:00.000Z,11.562993
2019-10-09T05:00:00.000Z,11.29184
2019-10-10T05:00:00.000Z,
2019-10-11T05:00:00.000Z,5.158976
2019-10-12T05:00:00.000Z,7.807482
2019-10-13T05:00:00.000Z,
2019-10-14T05:00:00.000Z,8.138784
2019-10-15T05:00:00.000Z,11.230472
2019-10-16T05:00:00.000Z,7.7218037
2019-10-17T05:00:00.000Z,10.632454
2019-10-18T05:00:00.000Z,11.820319
2019-10-19T05:00:00.000Z,7.564113
2019-10-20T05:00:00.000Z,10.001487
2019-10-21T05:00:00.000Z,7.6173615
2019-10-22T05:00:00.000Z,
2019-10-23T05:00:00.000Z,11.685839
2019-10-24T05:00:00.000Z,6.9944324
2019-10-25T05:00:00.000Z,10.631782
2019-10-26T05:00:00.000Z,9.49704
2019-10-27T05:00:00.000Z,10.072395
2019-10-28T05:00:00.000Z,10.797747
2019-10-29T05:00:00.000Z,
2019-10-30T05:00:00.000Z,9.245086
2019-10-31T05:00:00.000Z,
2019-11-01T05:00:00.000Z,10.819219
2019-11-02T05:00:00.000Z,7.511769
2019-11-03T05:00:00.000Z,
2019-11-04T05:00:00.000Z,9.281853
2019-11-05T05:00:00.000Z,
2019-11-06T05:00:00.000Z,9.617246
2019-11-07T05:00:00.000Z,
2019-11-08T05:00:00.000Z,11.377988
2019-11-09T05:00:00.000Z,8.802749
2019-11-10T05:00:00.000Z,9.855
2019-11-11T05:00:00.000Z,
2019-11-12T05:00:00.000Z,
2019-11-13T05:00:00.000Z,8.556167
2019-11-14T05:00:00.000Z,
2019-11-15T05:00:00.000Z,10.089643
2019-11-16T05:00:00.000Z,
2019-11-17T05:00:00.000Z,10.046004
2019-11-18T05:00:00.000Z,7.461509
2019-11-19T05:00:00.000Z,
2019-11-20T05:00:00.000Z,9.762615
2019-11-21T05:00:00.000Z,
2019-11-22T05:00:00.000Z,9.537803
2019-11-23T05:00:00.000Z,
2019-11-24T05:00:00.000Z,10.352196
2019-11-25T05:00:00.000Z,10.620068
2019-11-26T05:00:00.000Z,10.670859
2019-11-27T05:00:00.000Z,10.588655
2019-11-28T05:00:00.000Z,
2019-11-29T05:00:00.000Z,7.041408
2019-11-30T05:00:00.000Z,
2019-12-01T05:00:00.000Z,9.974868
2019-12-02T05:00:00.000Z,
2019-12-03T05:00:00.000Z,9.33852
2019-12-04T05:00:00.000Z,8.819219
2019-12-05T05:00:00.000Z,
2019-12-06T05:00:00.000Z,9.566368
2019-12-07T05:00:00.000Z,
2019-12-08T05:00:00.000Z,9.071675
2019-12-09T05:00:00.000Z,
2019-12-10T05:00:00.000Z,9.961559
2019-12-11T05:00:00.000Z,9.08046
2019-12-12T05:00:00.000Z,9.25874
2019-12-13T05:00:00.000Z,9.097362
2019-12-14T05:00:00.000Z,
2019-12-15T05:00:00.000Z,8.616317
2019-12-16T05:00:00.000Z,
2019-12-17T05:00:00.000Z,9.178049
2019-12-18T05:00:00.000Z,
2019-12-19T05:00:00.000Z,9.601965
2019-12-20T05:00:00.000Z,9.321217
2019-12-21T05:00:00.000Z,
2019-12-22T05:00:00.000Z,8.896834
2019-12-23T05:00:00.000Z,
2019-12-24T05:00:00.000Z,9.247568
2019-12-25T05:00:00.000Z,
2019-12-26T05:00:00.000Z,9.2523775
2019-12-27T05:00:00.000Z,8.255079
2019-12-28T05:00:00.000Z,9.517866
2019-12-29T05:00:00.000Z,9.640885
2019-12-30T05:00:00.000Z,
2019-12-31T05:00:00.000Z,7.4548655
2020-01-01T05:00:00.000Z,
2020-01-02T05:00:00.000Z,10.191981
2020-01-03T05:00:00.000Z,
2020-01-04T05:00:00.000Z,10.292511
2020-01-05T05:00:00.000Z,9.194917
2020-01-06T05:00:00.000Z,
2020-01-07T05:00:00.000Z,9.573576
2020-01-08T05:00:00.000Z,
2020-01-09T05:00:00.000Z,9.934786
2020-01-10T05:00:00.000Z,
2020-01-11T05:00:00.000Z,10.208426
2020-01-12T05:00:00.000Z,10.448724
2020-01-13T05:00:00.000Z,10.487052
2020-01-14T05:00:00.000Z,10.079144
2020-01-15T05:00:00.000Z,
2020-01-16T05:00:00.000Z,9.986409
2020-01-17T05:00:00.000Z,
2020-01-18T05:00:00.000Z,10.512091
2020-01-19T05:00:00.000Z,
2020-01-20T05:00:00.000Z,10.268855
2020-01-21T05:00:00.000Z,9.589129
2020-01-22T05:00:00.000Z,
2020-01-23T05:00:00.000Z,9.812383
2020-01-24T05:00:00.000Z,
2020-01-25T05:00:00.000Z,9.610761
2020-01-26T05:00:00.000Z,
2020-01-27T05:00:00.000Z,10.643084
2020-01-28T05:00:00.000Z,10.183924
2020-01-29T05:00:00.000Z,10.617983
2020-01-30T05:00:00.000Z,10.400872
2020-01-31T05:00:00.000Z,
2020-02-01T05:00:00.000Z,10.983668
2020-02-02T05:00:00.000Z,
2020-02-03T05:00:00.000Z,11.171175
2020-02-04T05:00:00.000Z,
2020-02-05T05:00:00.000Z,12.187554
2020-02-06T05:00:00.000Z,11.479953
2020-02-07T05:00:00.000Z,
2020-02-08T05:00:00.000Z,11.598225
2020-02-09T05:00:00.000Z,
2020-02-10T05:00:00.000Z,11.366919
2020-02-11T05:00:00.000Z,
2020-02-12T05:00:00.000Z,11.481023
2020-02-13T05:00:00.000Z,11.293637
2020-02-14T05:00:00.000Z,11.532513
2020-02-15T05:00:00.000Z,11.842513
2020-02-16T05:00:00.000Z,12.11919
2020-02-17T05:00:00.000Z,11.992932
2020-02-18T05:00:00.000Z,
2020-02-19T05:00:00.000Z,12.203305
2020-02-20T05:00:00.000Z,12.247983
2020-02-21T05:00:00.000Z,11.209229
2020-02-22T05:00:00.000Z,10.365871
2020-02-23T05:00:00.000Z,10.964788
2020-02-24T05:00:00.000Z,11.600923
2020-02-25T05:00:00.000Z,9.944556
2020-02-26T05:00:00.000Z,11.262592
2020-02-27T05:00:00.000Z,
2020-02-28T05:00:00.000Z,12.6235895
2020-02-29T05:00:00.000Z,12.328992
2020-03-01T05:00:00.000Z,12.575543
2020-03-02T05:00:00.000Z,12.42348
2020-03-03T05:00:00.000Z,12.72906
2020-03-04T05:00:00.000Z,12.664631
2020-03-05T05:00:00.000Z,
2020-03-06T05:00:00.000Z,13.117268
2020-03-07T05:00:00.000Z,11.97251
2020-03-08T05:00:00.000Z,12.887597
2020-03-09T05:00:00.000Z,12.295941
2020-03-10T05:00:00.000Z,12.621155
2020-03-11T05:00:00.000Z,11.05965
2020-03-12T05:00:00.000Z,10.857942
2020-03-13T05:00:00.000Z,10.785314
2020-03-14T05:00:00.000Z,
2020-03-15T05:00:00.000Z,13.107032
2020-03-16T05:00:00.000Z,12.605525
2020-03-17T05:00:00.000Z,12.647857
2020-03-18T05:00:00.000Z,12.310996
2020-03-19T05:00:00.000Z,12.552498
2020-03-20T05:00:00.000Z,11.650678
2020-03-21T05:00:00.000Z,
2020-03-22T05:00:00.000Z,12.156199
2020-03-23T05:00:00.000Z,12.69462
2020-03-24T05:00:00.000Z,12.651006
2020-03-25T05:00:00.000Z,11.973303
2020-03-26T05:00:00.000Z,12.929887
2020-03-27T05:00:00.000Z,12.584401
2020-03-28T05:00:00.000Z,11.04527
2020-03-29T05:00:00.000Z,12.6428
2020-03-30T05:00:00.000Z,
2020-03-31T05:00:00.000Z,10.927794
2020-04-01T05:00:00.000Z,9.636817
2020-04-02T05:00:00.000Z,11.439588
2020-04-03T05:00:00.000Z,11.256838
2020-04-04T05:00:00.000Z,12.233628
2020-04-05T05:00:00.000Z,12.463342
2020-04-06T05:00:00.000Z,
2020-04-07T05:00:00.000Z,12.23537
2020-04-08T05:00:00.000Z,14.281343
2020-04-09T05:00:00.000Z,13.744897
2020-04-10T05:00:00.000Z,12.186744
2020-04-11T05:00:00.000Z,13.47339
2020-04-12T05:00:00.000Z,12.369812
2020-04-13T05:00:00.000Z,10.06218
2020-04-14T05:00:00.000Z,12.076411
2020-04-15T05:00:00.000Z,
2020-04-16T05:00:00.000Z,13.820137
2020-04-17T05:00:00.000Z,12.454585
2020-04-18T05:00:00.000Z,11.741378
2020-04-19T05:00:00.000Z,10.876112
2020-04-20T05:00:00.000Z,11.065679
2020-04-21T05:00:00.000Z,11.170695
2020-04-22T05:00:00.000Z,
2020-04-23T05:00:00.000Z,10.609823
2020-04-24T05:00:00.000Z,11.269418
2020-04-25T05:00:00.000Z,13.05576
2020-04-26T05:00:00.000Z,12.852056
2020-04-27T05:00:00.000Z,13.135504
2020-04-28T05:00:00.000Z,11.397083
2020-04-29T05:00:00.000Z,9.587101
2020-04-30T05:00:00.000Z,11.350406
2020-05-01T05:00:00.000Z,
2020-05-02T05:00:00.000Z,11.553513
2020-05-03T05:00:00.000Z,10.338057
2020-05-04T05:00:00.000Z,10.700427
2020-05-05T05:00:00.000Z,10.724661
2020-05-06T05:00:00.000Z,10.812249
2020-05-07T05:00:00.000Z,11.332807
2020-05-08T05:00:00.000Z,
2020-05-09T05:00:00.000Z,13.166854
2020-05-10T05:00:00.000Z,12.409399
2020-05-11T05:00:00.000Z,12.282182
2020-05-12T05:00:00.000Z,10.210064
2020-05-13T05:00:00.000Z,11.354682
2020-05-14T05:00:00.000Z,11.345386
2020-05-15T05:00:00.000Z,9.9657955
2020-05-16T05:00:00.000Z,12.112483
2020-05-17T05:00:00.000Z,
2020-05-18T05:00:00.000Z,12.628134
2020-05-19T05:00:00.000Z,8.930512
2020-05-20T05:00:00.000Z,13.457774
2020-05-21T05:00:00.000Z,12.643466
2020-05-22T05:00:00.000Z,10.544314
2020-05-23T05:00:00.000Z,12.842591
2020-05-24T05:00:00.000Z,
2020-05-25T05:00:00.000Z,10.689374
2020-05-26T05:00:00.000Z,11.648551
2020-05-27T05:00:00.000Z,11.994841
2020-05-28T05:00:00.000Z,8.306242
2020-05-29T05:00:00.000Z,3.3131232
2020-05-30T05:00:00.000Z,7.520874
2020-05-31T05:00:00.000Z,11.438883
2020-06-01T05:00:00.000Z,11.385909
2020-06-02T05:00:00.000Z,
2020-06-03T05:00:00.000Z,11.282817
2020-06-04T05:00:00.000Z,12.020193
2020-06-05T05:00:00.000Z,11.351672
2020-06-06T05:00:00.000Z,8.5590105
2020-06-07T05:00:00.000Z,11.2193165
2020-06-08T05:00:00.000Z,12.033404
2020-06-09T05:00:00.000Z,
2020-06-10T05:00:00.000Z,6.6230373
2020-06-11T05:00:00.000Z,10.407069
2020-06-12T05:00:00.000Z,9.947078
2020-06-13T05:00:00.000Z,11.335388
2020-06-14T05:00:00.000Z,12.384202
2020-06-15T05:00:00.000Z,9.595477
2020-06-16T05:00:00.000Z,10.509665
2020-06-17T05:00:00.000Z,10.192631
2020-06-18T05:00:00.000Z,
2020-06-19T05:00:00.000Z,11.026579
2020-06-20T05:00:00.000Z,10.374235
2020-06-21T05:00:00.000Z,9.997054
2020-06-22T05:00:00.000Z,10.011588
2020-06-23T05:00:00.000Z,11.679059
2020-06-24T05:00:00.000Z,11.808477
2020-06-25T05:00:00.000Z,
2020-06-26T05:00:00.000Z,10.695583
2020-06-27T05:00:00.000Z,10.727594
2020-06-28T05:00:00.000Z,7.307028
2020-06-29T05:00:00.000Z,11.6967535
2020-06-30T05:00:00.000Z,12.289492
2020-07-01T05:00:00.000Z,9.25784
2020-07-02T05:00:00.000Z,9.871942
2020-07-03T05:00:00.000Z,9.961248
2020-07-04T05:00:00.000Z,
2020-07-05T05:00:00.000Z,9.892125
2020-07-06T05:00:00.000Z,10.691077
2020-07-07T05:00:00.000Z,10.815268
2020-07-08T05:00:00.000Z,9.603593
2020-07-09T05:00:00.000Z,11.352621
2020-07-10T05:00:00.000Z,11.124619
2020-07-11T05:00:00.000Z,
2020-07-12T05:00:00.000Z,8.982398
2020-07-13T05:00:00.000Z,11.874403
2020-07-14T05:00:00.000Z,11.253063
2020-07-15T05:00:00.000Z,11.548316
2020-07-16T05:00:00.000Z,10.889082
2020-07-17T05:00:00.000Z,9.8039665
2020-07-18T05:00:00.000Z,10.211114
2020-07-19T05:00:00.000Z,10.48553
2020-07-20T05:00:00.000Z,
2020-07-21T05:00:00.000Z,7.1669903
2020-07-22T05:00:00.000Z,9.935055
2020-07-23T05:00:00.000Z,10.468388
2020-07-24T05:00:00.000Z,8.763175
2020-07-25T05:00:00.000Z,9.240365
2020-07-26T05:00:00.000Z,11.4047985
2020-07-27T05:00:00.000Z,
2020-07-28T05:00:00.000Z,11.2250595
2020-07-29T05:00:00.000Z,11.866069
2020-07-30T05:00:00.000Z,11.738223
2020-07-31T05:00:00.000Z,9.929884
2020-08-01T05:00:00.000Z,12.173041
2020-08-02T05:00:00.000Z,10.796924
2020-08-03T05:00:00.000Z,9.662679
2020-08-04T05:00:00.000Z,10.351762
2020-08-05T05:00:00.000Z,
2020-08-06T05:00:00.000Z,8.787371
2020-08-07T05:00:00.000Z,10.86288
2020-08-08T05:00:00.000Z,12.029272
2020-08-09T05:00:00.000Z,9.579132
2020-08-10T05:00:00.000Z,9.828586
2020-08-11T05:00:00.000Z,11.70339
2020-08-12T05:00:00.000Z,
2020-08-13T05:00:00.000Z,11.973498
2020-08-14T05:00:00.000Z,11.947969
2020-08-15T05:00:00.000Z,11.413906
2020-08-16T05:00:00.000Z,11.24686
2020-08-17T05:00:00.000Z,7.343907
2020-08-18T05:00:00.000Z,10.277911
2020-08-19T05:00:00.000Z,8.728264
2020-08-20T05:00:00.000Z,9.614325
2020-08-21T05:00:00.000Z,
2020-08-22T05:00:00.000Z,8.877537
2020-08-23T05:00:00.000Z,10.534253
2020-08-24T05:00:00.000Z,8.163346
2020-08-25T05:00:00.000Z,9.215627
2020-08-26T05:00:00.000Z,8.27561
2020-08-27T05:00:00.000Z,10.982637
2020-08-28T05:00:00.000Z,
2020-08-29T05:00:00.000Z,12.233195
2020-08-30T05:00:00.000Z,11.156374
2020-08-31T05:00:00.000Z,12.126803
2020-09-01T05:00:00.000Z,11.759218
2020-09-02T05:00:00.000Z,11.517024
2020-09-03T05:00:00.000Z,11.989283
2020-09-04T05:00:00.000Z,10.341811
2020-09-05T05:00:00.000Z,11.876224
2020-09-06T05:00:00.000Z,
2020-09-07T05:00:00.000Z,10.223322
2020-09-08T05:00:00.000Z,10.350912
2020-09-09T05:00:00.000Z,11.690538
2020-09-10T05:00:00.000Z,12.667158
2020-09-11T05:00:00.000Z,11.8106365
2020-09-12T05:00:00.000Z,10.043865
2020-09-13T05:00:00.000Z,
2020-09-14T05:00:00.000Z,12.087611
2020-09-15T05:00:00.000Z,9.780641
2020-09-16T05:00:00.000Z,10.013507
2020-09-17T05:00:00.000Z,12.006029
2020-09-18T05:00:00.000Z,6.232986
2020-09-19T05:00:00.000Z,11.562914
2020-09-20T05:00:00.000Z,8.700717
2020-09-21T05:00:00.000Z,11.348912
2020-09-22T05:00:00.000Z,
2020-09-23T05:00:00.000Z,12.107436
2020-09-24T05:00:00.000Z,5.719301
2020-09-25T05:00:00.000Z,11.95656
2020-09-26T05:00:00.000Z,9.73026
2020-09-27T05:00:00.000Z,9.752814
2020-09-28T05:00:00.000Z,11.450155
2020-09-29T05:00:00.000Z,
2020-09-30T05:00:00.000Z,10.951566
2020-10-01T05:00:00.000Z,11.224483
2020-10-02T05:00:00.000Z,7.584721
2020-10-03T05:00:00.000Z,6.125782
2020-10-04T05:00:00.000Z,7.6096187
2020-10-05T05:00:00.000Z,11.483571
2020-10-06T05:00:00.000Z,9.571773
2020-10-07T05:00:00.000Z,10.158368
2020-10-08T05:00:00.000Z,
2020-10-09T05:00:00.000Z,12.481821
2020-10-10T05:00:00.000Z,11.389389
2020-10-11T05:00:00.000Z,12.188058
2020-10-12T05:00:00.000Z,10.254095
2020-10-13T05:00:00.000Z,7.086124
2020-10-14T05:00:00.000Z,7.988128
2020-10-15T05:00:00.000Z,
2020-10-16T05:00:00.000Z,11.52889
2020-10-17T05:00:00.000Z,9.771107
2020-10-18T05:00:00.000Z,10.397295
2020-10-19T05:00:00.000Z,11.201403
2020-10-20T05:00:00.000Z,8.422448
2020-10-21T05:00:00.000Z,10.260542
2020-10-22T05:00:00.000Z,7.811214
2020-10-23T05:00:00.000Z,8.976792
2020-10-24T05:00:00.000Z,
2020-10-25T05:00:00.000Z,10.841156
2020-10-26T05:00:00.000Z,10.13845
2020-10-27T05:00:00.000Z,11.285711
2020-10-28T05:00:00.000Z,9.878509
2020-10-29T05:00:00.000Z,10.213677
2020-10-30T05:00:00.000Z,10.501133
2020-10-31T05:00:00.000Z,
2020-11-01T05:00:00.000Z,6.452932
2020-11-02T05:00:00.000Z,
2020-11-03T05:00:00.000Z,11.131046
2020-11-04T05:00:00.000Z,10.279311
2020-11-05T05:00:00.000Z,
2020-11-06T05:00:00.000Z,6.725172
2020-11-07T05:00:00.000Z,
2020-11-08T05:00:00.000Z,7.8207145
2020-11-09T05:00:00.000Z,
2020-11-10T05:00:00.000Z,10.049933
2020-11-11T05:00:00.000Z,9.2278385
2020-11-12T05:00:00.000Z,9.944006
2020-11-13T05:00:00.000Z,4.522943
2020-11-14T05:00:00.000Z,
2020-11-15T05:00:00.000Z,8.3836
2020-11-16T05:00:00.000Z,
2020-11-17T05:00:00.000Z,7.3767
2020-11-18T05:00:00.000Z,
2020-11-19T05:00:00.000Z,10.105062
2020-11-20T05:00:00.000Z,9.143724
2020-11-21T05:00:00.000Z,
2020-11-22T05:00:00.000Z,9.317281
2020-11-23T05:00:00.000Z,
2020-11-24T05:00:00.000Z,9.385603
2020-11-25T05:00:00.000Z,
2020-11-26T05:00:00.000Z,9.67441
2020-11-27T05:00:00.000Z,9.060944
2020-11-28T05:00:00.000Z,7.4787564
2020-11-29T05:00:00.000Z,9.23664
2020-11-30T05:00:00.000Z,
2020-12-01T05:00:00.000Z,6.521075
2020-12-02T05:00:00.000Z,
2020-12-03T05:00:00.000Z,9.714567
2020-12-04T05:00:00.000Z,
2020-12-05T05:00:00.000Z,9.909724
2020-12-06T05:00:00.000Z,8.841655
2020-12-07T05:00:00.000Z,
2020-12-08T05:00:00.000Z,7.375619
2020-12-09T05:00:00.000Z,
2020-12-10T05:00:00.000Z,8.996451
2020-12-11T05:00:00.000Z,
2020-12-12T05:00:00.000Z,9.793881
2020-12-13T05:00:00.000Z,9.75589
2020-12-14T05:00:00.000Z,9.989095
2020-12-15T05:00:00.000Z,9.403846
2020-12-16T05:00:00.000Z,
2020-12-17T05:00:00.000Z,9.660619
2020-12-18T05:00:00.000Z,
2020-12-19T05:00:00.000Z,9.752059
2020-12-20T05:00:00.000Z,
2020-12-21T05:00:00.000Z,10.104592
2020-12-22T05:00:00.000Z,9.601884
2020-12-23T05:00:00.000Z,
2020-12-24T05:00:00.000Z,9.587932
2020-12-25T05:00:00.000Z,
2020-12-26T05:00:00.000Z,9.069943
2020-12-27T05:00:00.000Z,
2020-12-28T05:00:00.000Z,9.562943
2020-12-29T05:00:00.000Z,9.317398
2020-12-30T05:00:00.000Z,9.63591
2020-12-31T05:00:00.000Z,9.669757
2021-01-01T05:00:00.000Z,
2021-01-02T05:00:00.000Z,10.081297
2021-01-03T05:00:00.000Z,
2021-01-04T05:00:00.000Z,9.924889
2021-01-05T05:00:00.000Z,
2021-01-06T05:00:00.000Z,10.188255
2021-01-07T05:00:00.000Z,9.320006
2021-01-08T05:00:00.000Z,
2021-01-09T05:00:00.000Z,8.189453
2021-01-10T05:00:00.000Z,
2021-01-11T05:00:00.000Z,9.306212
2021-01-12T05:00:00.000Z,
2021-01-13T05:00:00.000Z,10.707327
2021-01-14T05:00:00.000Z,9.658928
2021-01-15T05:00:00.000Z,10.065718
2021-01-16T05:00:00.000Z,9.568307
2021-01-17T05:00:00.000Z,
2021-01-18T05:00:00.000Z,10.111658
2021-01-19T05:00:00.000Z,
2021-01-20T05:00:00.000Z,10.774152
2021-01-21T05:00:00.000Z,
2021-01-22T05:00:00.000Z,10.973349
2021-01-23T05:00:00.000Z,10.687717
2021-01-24T05:00:00.000Z,
2021-01-25T05:00:00.000Z,10.264843
2021-01-26T05:00:00.000Z,
2021-01-27T05:00:00.000Z,10.62181
2021-01-28T05:00:00.000Z,
2021-01-29T05:00:00.000Z,11.352883
2021-01-30T05:00:00.000Z,11.62374
2021-01-31T05:00:00.000Z,11.950292
2021-02-01T05:00:00.000Z,11.652027
2021-02-02T05:00:00.000Z,
2021-02-03T05:00:00.000Z,11.36615
2021-02-04T05:00:00.000Z,
2021-02-05T05:00:00.000Z,11.652667
2021-02-06T05:00:00.000Z,
2021-02-07T05:00:00.000Z,12.238981
2021-02-08T05:00:00.000Z,11.739593
2021-02-09T05:00:00.000Z,
2021-02-10T05:00:00.000Z,11.293832
2021-02-11T05:00:00.000Z,
2021-02-12T05:00:00.000Z,11.907296
2021-02-13T05:00:00.000Z,
2021-02-14T05:00:00.000Z,11.07014
2021-02-15T05:00:00.000Z,11.536274
2021-02-16T05:00:00.000Z,11.566411
2021-02-17T05:00:00.000Z,11.604208
2021-02-18T05:00:00.000Z,12.788272
2021-02-19T05:00:00.000Z,11.78583
2021-02-20T05:00:00.000Z,
2021-02-21T05:00:00.000Z,11.462091
2021-02-22T05:00:00.000Z,11.961441
2021-02-23T05:00:00.000Z,12.071614
2021-02-24T05:00:00.000Z,12.544011
2021-02-25T05:00:00.000Z,12.661204
2021-02-26T05:00:00.000Z,12.052555
2021-02-27T05:00:00.000Z,10.451353
2021-02-28T05:00:00.000Z,12.761773
2021-03-01T05:00:00.000Z,
2021-03-02T05:00:00.000Z,12.826058
2021-03-03T05:00:00.000Z,13.020462
2021-03-04T05:00:00.000Z,12.876367
2021-03-05T05:00:00.000Z,12.471958
2021-03-06T05:00:00.000Z,12.105809
2021-03-07T05:00:00.000Z,11.579078
2021-03-08T05:00:00.000Z,
2021-03-09T05:00:00.000Z,10.215375
2021-03-10T05:00:00.000Z,12.099202
2021-03-11T05:00:00.000Z,12.658965
2021-03-12T05:00:00.000Z,12.300498
2021-03-13T05:00:00.000Z,12.32737
2021-03-14T05:00:00.000Z,12.010372
2021-03-15T05:00:00.000Z,10.380038
2021-03-16T05:00:00.000Z,10.806903
2021-03-17T05:00:00.000Z,
2021-03-18T05:00:00.000Z,11.65235
2021-03-19T05:00:00.000Z,11.951306
2021-03-20T05:00:00.000Z,12.549258
2021-03-21T05:00:00.000Z,12.39857
2021-03-22T05:00:00.000Z,10.812631
2021-03-23T05:00:00.000Z,9.232991
2021-03-24T05:00:00.000Z,
2021-03-25T05:00:00.000Z,11.554373
2021-03-26T05:00:00.000Z,12.975407
2021-03-27T05:00:00.000Z,12.568612
2021-03-28T05:00:00.000Z,13.606904
2021-03-29T05:00:00.000Z,12.810986
2021-03-30T05:00:00.000Z,13.408639
2021-03-31T05:00:00.000Z,10.89721
2021-04-01T05:00:00.000Z,12.563993
2021-04-02T05:00:00.000Z,
2021-04-03T05:00:00.000Z,11.01625
2021-04-04T05:00:00.000Z,12.714811
2021-04-05T05:00:00.000Z,12.028017
2021-04-06T05:00:00.000Z,10.350648
2021-04-07T05:00:00.000Z,7.107195
2021-04-08T05:00:00.000Z,11.653261
2021-04-09T05:00:00.000Z,
2021-04-10T05:00:00.000Z,8.432334
2021-04-11T05:00:00.000Z,12.599507
2021-04-12T05:00:00.000Z,12.406544
2021-04-13T05:00:00.000Z,12.759776
2021-04-14T05:00:00.000Z,11.430372
2021-04-15T05:00:00.000Z,10.732752
2021-04-16T05:00:00.000Z,8.768665
2021-04-17T05:00:00.000Z,11.247832
2021-04-18T05:00:00.000Z,
2021-04-19T05:00:00.000Z,13.092811
2021-04-20T05:00:00.000Z,13.232344
2021-04-21T05:00:00.000Z,12.95977
2021-04-22T05:00:00.000Z,12.813406
2021-04-23T05:00:00.000Z,12.84485
2021-04-24T05:00:00.000Z,12.008001
2021-04-25T05:00:00.000Z,
2021-04-26T05:00:00.000Z,10.601518
2021-04-27T05:00:00.000Z,10.666798
2021-04-28T05:00:00.000Z,9.81379
2021-04-29T05:00:00.000Z,12.5084305
2021-04-30T05:00:00.000Z,9.591434
2021-05-01T05:00:00.000Z,11.71074
2021-05-02T05:00:00.000Z,10.563669
2021-05-03T05:00:00.000Z,9.971651
2021-05-04T05:00:00.000Z,
2021-05-05T05:00:00.000Z,11.368288
2021-05-06T05:00:00.000Z,10.606996
2021-05-07T05:00:00.000Z,11.258811
2021-05-08T05:00:00.000Z,11.091203
2021-05-09T05:00:00.000Z,10.021517
2021-05-10T05:00:00.000Z,8.179137
2021-05-11T05:00:00.000Z,
2021-05-12T05:00:00.000Z,10.718529
2021-05-13T05:00:00.000Z,10.617665
2021-05-14T05:00:00.000Z,13.580064
2021-05-15T05:00:00.000Z,12.863759
2021-05-16T05:00:00.000Z,12.47392
2021-05-17T05:00:00.000Z,9.46645
2021-05-18T05:00:00.000Z,9.272763
2021-05-19T05:00:00.000Z,11.927905
2021-05-20T05:00:00.000Z,
2021-05-21T05:00:00.000Z,12.18529
2021-05-22T05:00:00.000Z,10.174761
2021-05-23T05:00:00.000Z,11.467996
2021-05-24T05:00:00.000Z,11.493349
2021-05-25T05:00:00.000Z,10.783348
2021-05-26T05:00:00.000Z,12.516878
2021-05-27T05:00:00.000Z,
2021-05-28T05:00:00.000Z,9.658685
2021-05-29T05:00:00.000Z,9.0978775
2021-05-30T05:00:00.000Z,11.7590475
2021-05-31T05:00:00.000Z,12.418688
2021-06-01T05:00:00.000Z,8.675104
2021-06-02T05:00:00.000Z,9.064122
2021-06-03T05:00:00.000Z,10.326209
2021-06-04T05:00:00.000Z,10.970635
2021-06-05T05:00:00.000Z,
2021-06-06T05:00:00.000Z,7.9035835
2021-06-07T05:00:00.000Z,3.8199313
2021-06-08T05:00:00.000Z,7.9575067
2021-06-09T05:00:00.000Z,3.5438533
2021-06-10T05:00:00.000Z,12.51947
2021-06-11T05:00:00.000Z,11.558183
2021-06-12T05:00:00.000Z,
2021-06-13T05:00:00.000Z,10.566817
2021-06-14T05:00:00.000Z,8.440322
2021-06-15T05:00:00.000Z,10.863165
2021-06-16T05:00:00.000Z,11.678161
2021-06-17T05:00:00.000Z,12.164856
2021-06-18T05:00:00.000Z,9.308719
2021-06-19T05:00:00.000Z,9.540537
2021-06-20T05:00:00.000Z,10.544468
2021-06-21T05:00:00.000Z,
2021-06-22T05:00:00.000Z,10.267784
2021-06-23T05:00:00.000Z,10.268399
2021-06-24T05:00:00.000Z,5.121663
2021-06-25T05:00:00.000Z,11.727393
2021-06-26T05:00:00.000Z,11.503283
2021-06-27T05:00:00.000Z,11.136216
2021-06-28T05:00:00.000Z,
2021-06-29T05:00:00.000Z,11.943473
2021-06-30T05:00:00.000Z,11.587333
2021-07-01T05:00:00.000Z,8.867861
2021-07-02T05:00:00.000Z,10.432483
2021-07-03T05:00:00.000Z,6.9151483
2021-07-04T05:00:00.000Z,10.08591
2021-07-05T05:00:00.000Z,8.040793
2021-07-06T05:00:00.000Z,11.337311
2021-07-07T05:00:00.000Z,
2021-07-08T05:00:00.000Z,11.660604
2021-07-09T05:00:00.000Z,8.580215
2021-07-10T05:00:00.000Z,6.8950944
2021-07-11T05:00:00.000Z,8.275915
2021-07-12T05:00:00.000Z,12.042406
2021-07-13T05:00:00.000Z,10.81829
2021-07-14T05:00:00.000Z,
2021-07-15T05:00:00.000Z,10.777852
2021-07-16T05:00:00.000Z,11.633228
2021-07-17T05:00:00.000Z,11.117407
2021-07-18T05:00:00.000Z,11.270195
2021-07-19T05:00:00.000Z,12.167371
2021-07-20T05:00:00.000Z,11.936948
2021-07-21T05:00:00.000Z,9.962128
2021-07-22T05:00:00.000Z,11.995931
2021-07-23T05:00:00.000Z,
2021-07-24T05:00:00.000Z,8.063175
2021-07-25T05:00:00.000Z,5.3007936
2021-07-26T05:00:00.000Z,10.764911
2021-07-27T05:00:00.000Z,9.842682
2021-07-28T05:00:00.000Z,12.512943
2021-07-29T05:00:00.000Z,11.653277
2021-07-30T05:00:00.000Z,
2021-07-31T05:00:00.000Z,12.232913
2021-08-01T05:00:00.000Z,11.686891
2021-08-02T05:00:00.000Z,10.51192
2021-08-03T05:00:00.000Z,9.711424
2021-08-04T05:00:00.000Z,12.632793
2021-08-05T05:00:00.000Z,12.404817
2021-08-06T05:00:00.000Z,8.743958
2021-08-07T05:00:00.000Z,9.956483
2021-08-08T05:00:00.000Z,
2021-08-09T05:00:00.000Z,12.145567
2021-08-10T05:00:00.000Z,11.688366
2021-08-11T05:00:00.000Z,10.280228
2021-08-12T05:00:00.000Z,12.080786
2021-08-13T05:00:00.000Z,9.831775
2021-08-14T05:00:00.000Z,9.920208
2021-08-15T05:00:00.000Z,
2021-08-16T05:00:00.000Z,9.433487
2021-08-17T05:00:00.000Z,11.789073
2021-08-18T05:00:00.000Z,12.400543
2021-08-19T05:00:00.000Z,8.692276
2021-08-20T05:00:00.000Z,9.863786
2021-08-21T05:00:00.000Z,11.75479
2021-08-22T05:00:00.000Z,9.436777
2021-08-23T05:00:00.000Z,11.19337
2021-08-24T05:00:00.000Z,
2021-08-25T05:00:00.000Z,10.553276
2021-08-26T05:00:00.000Z,10.796251
2021-08-27T05:00:00.000Z,11.473895
2021-08-28T05:00:00.000Z,10.331969
2021-08-29T05:00:00.000Z,12.127645
2021-08-30T05:00:00.000Z,5.591957
2021-08-31T05:00:00.000Z,
2021-09-01T05:00:00.000Z,11.585406
2021-09-02T05:00:00.000Z,12.968148
2021-09-03T05:00:00.000Z,12.705425
2021-09-04T05:00:00.000Z,10.882544
2021-09-05T05:00:00.000Z,8.945787
2021-09-06T05:00:00.000Z,11.410618
2021-09-07T05:00:00.000Z,8.819158
2021-09-08T05:00:00.000Z,10.245993
2021-09-09T05:00:00.000Z,
2021-09-10T05:00:00.000Z,12.477012
2021-09-11T05:00:00.000Z,8.280954
2021-09-12T05:00:00.000Z,10.041958
2021-09-13T05:00:00.000Z,10.698375
2021-09-14T05:00:00.000Z,10.9712515
2021-09-15T05:00:00.000Z,10.6131
2021-09-16T05:00:00.000Z,
2021-09-17T05:00:00.000Z,12.1795
2021-09-18T05:00:00.000Z,12.524551
2021-09-19T05:00:00.000Z,11.974481
2021-09-20T05:00:00.000Z,10.430762
2021-09-21T05:00:00.000Z,10.90236
2021-09-22T05:00:00.000Z,7.44189
2021-09-23T05:00:00.000Z,9.80614
2021-09-24T05:00:00.000Z,9.769591
2021-09-25T05:00:00.000Z,
2021-09-26T05:00:00.000Z,12.165604
2021-09-27T05:00:00.000Z,12.284919
2021-09-28T05:00:00.000Z,9.991985
2021-09-29T05:00:00.000Z,9.03958
2021-09-30T05:00:00.000Z,11.13401
2021-10-01T05:00:00.000Z,9.990687
2021-10-02T05:00:00.000Z,
2021-10-03T05:00:00.000Z,10.602478
2021-10-04T05:00:00.000Z,7.538141
2021-10-05T05:00:00.000Z,11.346369
2021-10-06T05:00:00.000Z,9.4145775
2021-10-07T05:00:00.000Z,11.956349
2021-10-08T05:00:00.000Z,11.176129
2021-10-09T05:00:00.000Z,9.0943365
2021-10-10T05:00:00.000Z,9.6315565
2021-10-11T05:00:00.000Z,
2021-10-12T05:00:00.000Z,10.4270735
2021-10-13T05:00:00.000Z,4.9042444
2021-10-14T05:00:00.000Z,11.459605
2021-10-15T05:00:00.000Z,10.34183
2021-10-16T05:00:00.000Z,10.042711
2021-10-17T05:00:00.000Z,9.548703
2021-10-18T05:00:00.000Z,
2021-10-19T05:00:00.000Z,10.771533
2021-10-20T05:00:00.000Z,11.511817
2021-10-21T05:00:00.000Z,10.392346
2021-10-22T05:00:00.000Z,11.160148
2021-10-23T05:00:00.000Z,10.720004
2021-10-24T05:00:00.000Z,9.769711
2021-10-25T05:00:00.000Z,9.404133
2021-10-26T05:00:00.000Z,10.356324
2021-10-27T05:00:00.000Z,
2021-10-28T05:00:00.000Z,10.186853
2021-10-29T05:00:00.000Z,8.282898
2021-10-30T05:00:00.000Z,9.632774
2021-10-31T05:00:00.000Z,9.035688
2021-11-01T05:00:00.000Z,
2021-11-02T05:00:00.000Z,9.757917
2021-11-03T05:00:00.000Z,
2021-11-04T05:00:00.000Z,9.884521
2021-11-05T05:00:00.000Z,
2021-11-06T05:00:00.000Z,11.1816435
2021-11-07T05:00:00.000Z,10.22086
2021-11-08T05:00:00.000Z,
2021-11-09T05:00:00.000Z,10.028628
2021-11-10T05:00:00.000Z,
2021-11-11T05:00:00.000Z,10.313072
2021-11-12T05:00:00.000Z,
2021-11-13T05:00:00.000Z,11.215668
2021-11-14T05:00:00.000Z,10.109409
2021-11-15T05:00:00.000Z,10.577431
2021-11-16T05:00:00.000Z,10.03145
2021-11-17T05:00:00.000Z,
2021-11-18T05:00:00.000Z,10.636952
2021-11-19T05:00:00.000Z,
2021-11-20T05:00:00.000Z,9.741812
2021-11-21T05:00:00.000Z,
2021-11-22T05:00:00.000Z,8.143025
2021-11-23T05:00:00.000Z,6.622953
2021-11-24T05:00:00.000Z,
2021-11-25T05:00:00.000Z,9.164785
2021-11-26T05:00:00.000Z,
2021-11-27T05:00:00.000Z,9.161779
2021-11-28T05:00:00.000Z,
2021-11-29T05:00:00.000Z,9.8597355
2021-11-30T05:00:00.000Z,8.113192
2021-12-01T05:00:00.000Z,8.785606
2021-12-02T05:00:00.000Z,9.732298
2021-12-03T05:00:00.000Z,
2021-12-04T05:00:00.000Z,7.6027412
2021-12-05T05:00:00.000Z,
2021-12-06T05:00:00.000Z,9.910569
2021-12-07T05:00:00.000Z,
2021-12-08T05:00:00.000Z,9.954892
2021-12-09T05:00:00.000Z,9.560885
2021-12-10T05:00:00.000Z,
2021-12-11T05:00:00.000Z,9.300776
2021-12-12T05:00:00.000Z,
2021-12-13T05:00:00.000Z,9.344472
2021-12-14T05:00:00.000Z,
2021-12-15T05:00:00.000Z,8.950006
2021-12-16T05:00:00.000Z,9.279622
2021-12-17T05:00:00.000Z,8.881977
2021-12-18T05:00:00.000Z,8.234446
2021-12-19T05:00:00.000Z,
2021-12-20T05:00:00.000Z,8.983095
2021-12-21T05:00:00.000Z,
2021-12-22T05:00:00.000Z,8.150969
2021-12-23T05:00:00.000Z,
2021-12-24T05:00:00.000Z,9.231021
2021-12-25T05:00:00.000Z,9.005533
2021-12-26T05:00:00.000Z,
2021-12-27T05:00:00.000Z,9.100538
2021-12-28T05:00:00.000Z,
2021-12-29T05:00:00.000Z,9.390407
2021-12-30T05:00:00.000Z,
2021-12-31T05:00:00.000Z,9.943191
2022-01-01T05:00:00.000Z,10.258722
2022-01-02T05:00:00.000Z,9.98255
2022-01-03T05:00:00.000Z,9.623454
2022-01-04T05:00:00.000Z,
2022-01-05T05:00:00.000Z,9.720068
2022-01-06T05:00:00.000Z,
2022-01-07T05:00:00.000Z,9.89483
2022-01-08T05:00:00.000Z,
2022-01-09T05:00:00.000Z,10.110471
2022-01-10T05:00:00.000Z,8.857257
2022-01-11T05:00:00.000Z,
2022-01-12T05:00:00.000Z,9.671616
2022-01-13T05:00:00.000Z,
2022-01-14T05:00:00.000Z,9.402997
2022-01-15T05:00:00.000Z,
2022-01-16T05:00:00.000Z,10.143627
2022-01-17T05:00:00.000Z,9.859828
2022-01-18T05:00:00.000Z,9.918862
2022-01-19T05:00:00.000Z,10.423118
2022-01-20T05:00:00.000Z,
2022-01-21T05:00:00.000Z,10.18966
2022-01-22T05:00:00.000Z,
2022-01-23T05:00:00.000Z,9.589106
2022-01-24T05:00:00.000Z,
2022-01-25T05:00:00.000Z,10.473652
2022-01-26T05:00:00.000Z,9.611091
2022-01-27T05:00:00.000Z,
2022-01-28T05:00:00.000Z,10.738061
2022-01-29T05:00:00.000Z,
2022-01-30T05:00:00.000Z,10.011697
2022-01-31T05:00:00.000Z,
2022-02-01T05:00:00.000Z,10.808701
2022-02-02T05:00:00.000Z,10.597411
2022-02-03T05:00:00.000Z,11.003385
2022-02-04T05:00:00.000Z,10.611987
2022-02-05T05:00:00.000Z,
2022-02-06T05:00:00.000Z,10.95756
2022-02-07T05:00:00.000Z,
2022-02-08T05:00:00.000Z,9.473435
2022-02-09T05:00:00.000Z,
2022-02-10T05:00:00.000Z,11.051383
2022-02-11T05:00:00.000Z,11.033786
2022-02-12T05:00:00.000Z,11.475504
2022-02-13T05:00:00.000Z,11.131098
2022-02-14T05:00:00.000Z,9.557915
2022-02-15T05:00:00.000Z,10.280585
2022-02-16T05:00:00.000Z,
2022-02-17T05:00:00.000Z,12.046482
2022-02-18T05:00:00.000Z,11.576724
2022-02-19T05:00:00.000Z,11.256777
2022-02-20T05:00:00.000Z,11.6179285
2022-02-21T05:00:00.000Z,11.610958
2022-02-22T05:00:00.000Z,11.914649
2022-02-23T05:00:00.000Z,
2022-02-24T05:00:00.000Z,11.713197
2022-02-25T05:00:00.000Z,11.753235
2022-02-26T05:00:00.000Z,11.845597
2022-02-27T05:00:00.000Z,11.133318
2022-02-28T05:00:00.000Z,9.473054
2022-03-01T05:00:00.000Z,10.60893
2022-03-02T05:00:00.000Z,10.1536665
2022-03-03T05:00:00.000Z,11.784003
2022-03-04T05:00:00.000Z,
2022-03-05T05:00:00.000Z,11.340742
2022-03-06T05:00:00.000Z,12.267956
2022-03-07T05:00:00.000Z,11.389863
2022-03-08T05:00:00.000Z,12.484503
2022-03-09T05:00:00.000Z,12.518736
2022-03-10T05:00:00.000Z,11.305142
2022-03-11T05:00:00.000Z,
2022-03-12T05:00:00.000Z,11.439729
2022-03-13T05:00:00.000Z,10.687987
2022-03-14T05:00:00.000Z,13.531463
2022-03-15T05:00:00.000Z,11.944526
2022-03-16T05:00:00.000Z,12.287038
2022-03-17T05:00:00.000Z,10.1368
2022-03-18T05:00:00.000Z,11.486723
2022-03-19T05:00:00.000Z,12.44293
2022-03-20T05:00:00.000Z,
2022-03-21T05:00:00.000Z,12.987943
2022-03-22T05:00:00.000Z,14.229206
2022-03-23T05:00:00.000Z,14.234255
2022-03-24T05:00:00.000Z,13.626167
2022-03-25T05:00:00.000Z,13.22526
2022-03-26T05:00:00.000Z,11.581964
2022-03-27T05:00:00.000Z,
2022-03-28T05:00:00.000Z,10.423704
2022-03-29T05:00:00.000Z,11.176201
2022-03-30T05:00:00.000Z,12.264052
2022-03-31T05:00:00.000Z,12.500234
2022-04-01T05:00:00.000Z,12.446245
2022-04-02T05:00:00.000Z,11.86253
2022-04-03T05:00:00.000Z,9.501416
2022-04-04T05:00:00.000Z,10.642239
2022-04-05T05:00:00.000Z,
2022-04-06T05:00:00.000Z,12.159898
2022-04-07T05:00:00.000Z,11.3776455
2022-04-08T05:00:00.000Z,12.066374
2022-04-09T05:00:00.000Z,13.212925
2022-04-10T05:00:00.000Z,13.318093
2022-04-11T05:00:00.000Z,12.8939295
2022-04-12T05:00:00.000Z,
2022-04-13T05:00:00.000Z,12.850092
2022-04-14T05:00:00.000Z,8.637884
2022-04-15T05:00:00.000Z,13.880011
2022-04-16T05:00:00.000Z,11.705489
2022-04-17T05:00:00.000Z,13.274111
2022-04-18T05:00:00.000Z,11.245362
2022-04-19T05:00:00.000Z,11.8979645
2022-04-20T05:00:00.000Z,8.948556
2022-04-21T05:00:00.000Z,
2022-04-22T05:00:00.000Z,9.347915
2022-04-23T05:00:00.000Z,11.067813
2022-04-24T05:00:00.000Z,12.71061
2022-04-25T05:00:00.000Z,8.728321
2022-04-26T05:00:00.000Z,9.231177
2022-04-27T05:00:00.000Z,11.089207
2022-04-28T05:00:00.000Z,
2022-04-29T05:00:00.000Z,9.987597
2022-04-30T05:00:00.000Z,7.0777016
2022-05-01T05:00:00.000Z,12.767526
2022-05-02T05:00:00.000Z,13.486035
2022-05-03T05:00:00.000Z,14.142197
2022-05-04T05:00:00.000Z,13.266213
2022-05-05T05:00:00.000Z,9.750745
2022-05-06T05:00:00.000Z,6.698124
2022-05-07T05:00:00.000Z,
2022-05-08T05:00:00.000Z,12.772081
2022-05-09T05:00:00.000Z,9.706328
2022-05-10T05:00:00.000Z,7.0761185
2022-05-11T05:00:00.000Z,8.89836
2022-05-12T05:00:00.000Z,12.373117
2022-05-13T05:00:00.000Z,9.382052
2022-05-14T05:00:00.000Z,
2022-05-15T05:00:00.000Z,9.604893
2022-05-16T05:00:00.000Z,12.033766
2022-05-17T05:00:00.000Z,5.81402
2022-05-18T05:00:00.000Z,8.338596
2022-05-19T05:00:00.000Z,8.779367
2022-05-20T05:00:00.000Z,11.439177
2022-05-21T05:00:00.000Z,11.975108
2022-05-22T05:00:00.000Z,12.625655
2022-05-23T05:00:00.000Z,
2022-05-24T05:00:00.000Z,9.413195
2022-05-25T05:00:00.000Z,10.072565
2022-05-26T05:00:00.000Z,8.394881
2022-05-27T05:00:00.000Z,12.099677
2022-05-28T05:00:00.000Z,11.799532
2022-05-29T05:00:00.000Z,11.937688
2022-05-30T05:00:00.000Z,
2022-05-31T05:00:00.000Z,11.456061
2022-06-01T05:00:00.000Z,9.932191
2022-06-02T05:00:00.000Z,10.723313
2022-06-03T05:00:00.000Z,10.264486
2022-06-04T05:00:00.000Z,7.0811944
2022-06-05T05:00:00.000Z,10.040087
2022-06-06T05:00:00.000Z,9.657261
2022-06-07T05:00:00.000Z,9.944427
2022-06-08T05:00:00.000Z,
2022-06-09T05:00:00.000Z,8.271711
2022-06-10T05:00:00.000Z,10.271532
2022-06-11T05:00:00.000Z,6.89708
2022-06-12T05:00:00.000Z,8.745798
2022-06-13T05:00:00.000Z,12.283157
2022-06-14T05:00:00.000Z,6.0319176
2022-06-15T05:00:00.000Z,
2022-06-16T05:00:00.000Z,10.089042
2022-06-17T05:00:00.000Z,4.7910624
2022-06-18T05:00:00.000Z,9.504807
2022-06-19T05:00:00.000Z,6.5761943
2022-06-20T05:00:00.000Z,11.610233
2022-06-21T05:00:00.000Z,9.420724
2022-06-22T05:00:00.000Z,10.620697
2022-06-23T05:00:00.000Z,10.55406
2022-06-24T05:00:00.000Z,
2022-06-25T05:00:00.000Z,8.87475
2022-06-26T05:00:00.000Z,9.450882
2022-06-27T05:00:00.000Z,8.294631
2022-06-28T05:00:00.000Z,10.853748
2022-06-29T05:00:00.000Z,11.051154
2022-06-30T05:00:00.000Z,10.137015
2022-07-01T05:00:00.000Z,
2022-07-02T05:00:00.000Z,10.379436
2022-07-03T05:00:00.000Z,11.819545
2022-07-04T05:00:00.000Z,11.27058
2022-07-05T05:00:00.000Z,8.723548
2022-07-06T05:00:00.000Z,10.857778
2022-07-07T05:00:00.000Z,10.919361
2022-07-08T05:00:00.000Z,10.373009
2022-07-09T05:00:00.000Z,11.421374
2022-07-10T05:00:00.000Z,
2022-07-11T05:00:00.000Z,8.609109
2022-07-12T05:00:00.000Z,10.369943
2022-07-13T05:00:00.000Z,11.052215
2022-07-14T05:00:00.000Z,10.478225
2022-07-15T05:00:00.000Z,11.32668
2022-07-16T05:00:00.000Z,10.786227
2022-07-17T05:00:00.000Z,
2022-07-18T05:00:00.000Z,9.016487
2022-07-19T05:00:00.000Z,11.280347
2022-07-20T05:00:00.000Z,10.659021
2022-07-21T05:00:00.000Z,9.75227
2022-07-22T05:00:00.000Z,9.435486
2022-07-23T05:00:00.000Z,10.493763
2022-07-24T05:00:00.000Z,9.616785
2022-07-25T05:00:00.000Z,7.2001843
2022-07-26T05:00:00.000Z,
2022-07-27T05:00:00.000Z,10.181847
2022-07-28T05:00:00.000Z,6.4218097
2022-07-29T05:00:00.000Z,12.221068
2022-07-30T05:00:00.000Z,11.503627
2022-07-31T05:00:00.000Z,11.488328
2022-08-01T05:00:00.000Z,7.7448835
2022-08-02T05:00:00.000Z,
2022-08-03T05:00:00.000Z,8.045242
2022-08-04T05:00:00.000Z,10.9049
2022-08-05T05:00:00.000Z,8.152444
2022-08-06T05:00:00.000Z,9.127652
2022-08-07T05:00:00.000Z,10.000252
2022-08-08T05:00:00.000Z,11.180092
2022-08-09T05:00:00.000Z,11.221141
2022-08-10T05:00:00.000Z,8.296671
2022-08-11T05:00:00.000Z,
2022-08-12T05:00:00.000Z,8.663894
2022-08-13T05:00:00.000Z,10.330951
2022-08-14T05:00:00.000Z,9.6059475
2022-08-15T05:00:00.000Z,10.552928
2022-08-16T05:00:00.000Z,9.808824
2022-08-17T05:00:00.000Z,11.956698
2022-08-18T05:00:00.000Z,
2022-08-19T05:00:00.000Z,11.992904
2022-08-20T05:00:00.000Z,9.672107
2022-08-21T05:00:00.000Z,10.723797
2022-08-22T05:00:00.000Z,5.997292
2022-08-23T05:00:00.000Z,12.814502
2022-08-24T05:00:00.000Z,12.162348
2022-08-25T05:00:00.000Z,12.047427
2022-08-26T05:00:00.000Z,7.8706546
2022-08-27T05:00:00.000Z,
2022-08-28T05:00:00.000Z,11.813383
2022-08-29T05:00:00.000Z,9.706387
2022-08-30T05:00:00.000Z,12.273155
2022-08-31T05:00:00.000Z,9.611483
2022-09-01T05:00:00.000Z,8.01976
2022-09-02T05:00:00.000Z,11.426833
2022-09-03T05:00:00.000Z,
2022-09-04T05:00:00.000Z,9.922533
2022-09-05T05:00:00.000Z,8.655023
2022-09-06T05:00:00.000Z,11.338802
2022-09-07T05:00:00.000Z,9.491068
2022-09-08T05:00:00.000Z,5.5437603
2022-09-09T05:00:00.000Z,
2022-09-10T05:00:00.000Z,9.668878
2022-09-11T05:00:00.000Z,8.81074
2022-09-12T05:00:00.000Z,
2022-09-13T05:00:00.000Z,10.794131
2022-09-14T05:00:00.000Z,10.317999
2022-09-15T05:00:00.000Z,8.660534
2022-09-16T05:00:00.000Z,10.715434
2022-09-17T05:00:00.000Z,11.057017
2022-09-18T05:00:00.000Z,6.247878
2022-09-19T05:00:00.000Z,
2022-09-20T05:00:00.000Z,9.144113
2022-09-21T05:00:00.000Z,10.304496
2022-09-22T05:00:00.000Z,10.025816
2022-09-23T05:00:00.000Z,8.5921755
2022-09-24T05:00:00.000Z,9.124685
2022-09-25T05:00:00.000Z,10.241244
2022-09-26T05:00:00.000Z,8.685744
2022-09-27T05:00:00.000Z,8.824448
2022-09-28T05:00:00.000Z,
2022-09-29T05:00:00.000Z,8.7476225
2022-09-30T05:00:00.000Z,6.0598063
2022-10-01T05:00:00.000Z,9.008422
2022-10-02T05:00:00.000Z,11.283162
2022-10-03T05:00:00.000Z,11.978618
2022-10-04T05:00:00.000Z,11.012033
2022-10-05T05:00:00.000Z,
2022-10-06T05:00:00.000Z,7.515403
2022-10-07T05:00:00.000Z,4.373742
2022-10-08T05:00:00.000Z,8.170642
2022-10-09T05:00:00.000Z,9.43404
2022-10-10T05:00:00.000Z,9.250974
2022-10-11T05:00:00.000Z,10.821654
2022-10-12T05:00:00.000Z,9.573035
2022-10-13T05:00:00.000Z,8.185405
2022-10-14T05:00:00.000Z,
2022-10-15T05:00:00.000Z,10.763868
2022-10-16T05:00:00.000Z,9.81832
2022-10-17T05:00:00.000Z,4.7107263
2022-10-18T05:00:00.000Z,11.233127
2022-10-19T05:00:00.000Z,10.672986
2022-10-20T05:00:00.000Z,10.114244
2022-10-21T05:00:00.000Z,
2022-10-22T05:00:00.000Z,9.750675
2022-10-23T05:00:00.000Z,9.236744
2022-10-24T05:00:00.000Z,8.549866
2022-10-25T05:00:00.000Z,6.8465934
2022-10-26T05:00:00.000Z,10.729677
2022-10-27T05:00:00.000Z,10.45982
2022-10-28T05:00:00.000Z,9.281554
2022-10-29T05:00:00.000Z,10.75239
2022-10-30T05:00:00.000Z,
2022-10-31T05:00:00.000Z,11.017514
2022-11-01T05:00:00.000Z,10.7422695
2022-11-02T05:00:00.000Z,9.460894
2022-11-03T05:00:00.000Z,7.7479935
2022-11-04T05:00:00.000Z,
2022-11-05T05:00:00.000Z,2.1730556
2022-11-06T05:00:00.000Z,
2022-11-07T05:00:00.000Z,4.9133735
2022-11-08T05:00:00.000Z,
2022-11-09T05:00:00.000Z,8.927251
2022-11-10T05:00:00.000Z,8.768245
2022-11-11T05:00:00.000Z,
2022-11-12T05:00:00.000Z,7.9942765
2022-11-13T05:00:00.000Z,
2022-11-14T05:00:00.000Z,7.601887
2022-11-15T05:00:00.000Z,
2022-11-16T05:00:00.000Z,9.772586
2022-11-17T05:00:00.000Z,9.119948
2022-11-18T05:00:00.000Z,6.637582
2022-11-19T05:00:00.000Z,9.073726
2022-11-20T05:00:00.000Z,
2022-11-21T05:00:00.000Z,8.31334
2022-11-22T05:00:00.000Z,
2022-11-23T05:00:00.000Z,8.572631
2022-11-24T05:00:00.000Z,
2022-11-25T05:00:00.000Z,9.471637
2022-11-26T05:00:00.000Z,8.81941
2022-11-27T05:00:00.000Z,
2022-11-28T05:00:00.000Z,8.614987
2022-11-29T05:00:00.000Z,
2022-11-30T05:00:00.000Z,9.049061
2022-12-01T05:00:00.000Z,
2022-12-02T05:00:00.000Z,9.253049
2022-12-03T05:00:00.000Z,9.686918
2022-12-04T05:00:00.000Z,9.381542
2022-12-05T05:00:00.000Z,8.626635
2022-12-06T05:00:00.000Z,
2022-12-07T05:00:00.000Z,9.456806
2022-12-08T05:00:00.000Z,
2022-12-09T05:00:00.000Z,9.416388
2022-12-10T05:00:00.000Z,
2022-12-11T05:00:00.000Z,8.996062
2022-12-12T05:00:00.000Z,8.970004
2022-12-13T05:00:00.000Z,
2022-12-14T05:00:00.000Z,7.680018
2022-12-15T05:00:00.000Z,
2022-12-16T05:00:00.000Z,9.051935
2022-12-17T05:00:00.000Z,
2022-12-18T05:00:00.000Z,9.21651
2022-12-19T05:00:00.000Z,9.508925
2022-12-20T05:00:00.000Z,9.652183
2022-12-21T05:00:00.000Z,9.708121
2022-12-22T05:00:00.000Z,
2022-12-23T05:00:00.000Z,9.76022
2022-12-24T05:00:00.000Z,
2022-12-25T05:00:00.000Z,9.799956
2022-12-26T05:00:00.000Z,
2022-12-27T05:00:00.000Z,9.04588
2022-12-28T05:00:00.000Z,9.10736
2022-12-29T05:00:00.000Z,
2022-12-30T05:00:00.000Z,9.428573
2022-12-31T05:00:00.000Z,
2023-01-01T05:00:00.000Z,8.58683
2023-01-02T05:00:00.000Z,
2023-01-03T05:00:00.000Z,9.253286
2023-01-04T05:00:00.000Z,8.896915
2023-01-05T05:00:00.000Z,9.516135
2023-01-06T05:00:00.000Z,9.020422
2023-01-07T05:00:00.000Z,
2023-01-08T05:00:00.000Z,7.622034
2023-01-09T05:00:00.000Z,
2023-01-10T05:00:00.000Z,8.310052
2023-01-11T05:00:00.000Z,
2023-01-12T05:00:00.000Z,9.248814
2023-01-13T05:00:00.000Z,9.299997
2023-01-14T05:00:00.000Z,
2023-01-15T05:00:00.000Z,9.091222
2023-01-16T05:00:00.000Z,
2023-01-17T05:00:00.000Z,9.838587
2023-01-18T05:00:00.000Z,
2023-01-19T05:00:00.000Z,10.071259
2023-01-20T05:00:00.000Z,10.31635
2023-01-21T05:00:00.000Z,10.256199
2023-01-22T05:00:00.000Z,10.047193
2023-01-23T05:00:00.000Z,
2023-01-24T05:00:00.000Z,9.782819
2023-01-25T05:00:00.000Z,
2023-01-26T05:00:00.000Z,10.509209
2023-01-27T05:00:00.000Z,
2023-01-28T05:00:00.000Z,11.243042
2023-01-29T05:00:00.000Z,11.321823
2023-01-30T05:00:00.000Z,
2023-01-31T05:00:00.000Z,11.060188
2023-02-01T05:00:00.000Z,
2023-02-02T05:00:00.000Z,
2023-02-03T05:00:00.000Z,
2023-02-04T05:00:00.000Z,10.784825
2023-02-05T05:00:00.000Z,9.865067
2023-02-06T05:00:00.000Z,11.304765
2023-02-07T05:00:00.000Z,11.144704
2023-02-08T05:00:00.000Z,
2023-02-09T05:00:00.000Z,11.188841
2023-02-10T05:00:00.000Z,
2023-02-11T05:00:00.000Z,10.976522
2023-02-12T05:00:00.000Z,
2023-02-13T05:00:00.000Z,11.459211
2023-02-14T05:00:00.000Z,10.988292
2023-02-15T05:00:00.000Z,11.478266
2023-02-16T05:00:00.000Z,11.426952
2023-02-17T05:00:00.000Z,
2023-02-18T05:00:00.000Z,12.217181
2023-02-19T05:00:00.000Z,
2023-02-20T05:00:00.000Z,12.606151
2023-02-21T05:00:00.000Z,12.38665
2023-02-22T05:00:00.000Z,12.324461
2023-02-23T05:00:00.000Z,11.888841
2023-02-24T05:00:00.000Z,12.3556795
2023-02-25T05:00:00.000Z,12.038892
2023-02-26T05:00:00.000Z,
2023-02-27T05:00:00.000Z,12.663233
2023-02-28T05:00:00.000Z,12.953577
2023-03-01T05:00:00.000Z,13.200616
2023-03-02T05:00:00.000Z,12.924477
2023-03-03T05:00:00.000Z,13.004509
2023-03-04T05:00:00.000Z,12.45635
2023-03-05T05:00:00.000Z,
2023-03-06T05:00:00.000Z,11.413682
2023-03-07T05:00:00.000Z,
2023-03-08T05:00:00.000Z,11.3151655
2023-03-09T05:00:00.000Z,10.167253
2023-03-10T05:00:00.000Z,12.192641
2023-03-11T05:00:00.000Z,11.366296
2023-03-12T05:00:00.000Z,12.397408
2023-03-13T05:00:00.000Z,10.174966
2023-03-14T05:00:00.000Z,
2023-03-15T05:00:00.000Z,11.5063925
2023-03-16T05:00:00.000Z,11.593101
2023-03-17T05:00:00.000Z,11.948041
2023-03-18T05:00:00.000Z,11.282659
2023-03-19T05:00:00.000Z,12.572966
2023-03-20T05:00:00.000Z,12.016823
2023-03-21T05:00:00.000Z,
2023-03-22T05:00:00.000Z,13.363045
2023-03-23T05:00:00.000Z,
2023-03-24T05:00:00.000Z,13.277694
2023-03-25T05:00:00.000Z,12.660154
2023-03-26T05:00:00.000Z,12.797336
2023-03-27T05:00:00.000Z,12.609655
2023-03-28T05:00:00.000Z,13.210477
2023-03-29T05:00:00.000Z,12.256537
2023-03-30T05:00:00.000Z,
2023-03-31T05:00:00.000Z,12.879282
2023-04-01T05:00:00.000Z,12.873641
2023-04-02T05:00:00.000Z,13.833637
2023-04-03T05:00:00.000Z,13.645716
2023-04-04T05:00:00.000Z,13.82686
2023-04-05T05:00:00.000Z,12.507429
2023-04-06T05:00:00.000Z,
2023-04-07T05:00:00.000Z,11.16009
2023-04-08T05:00:00.000Z,13.548865
2023-04-09T05:00:00.000Z,13.070173
2023-04-10T05:00:00.000Z,12.528147
2023-04-11T05:00:00.000Z,8.280972
2023-04-12T05:00:00.000Z,10.834257
2023-04-13T05:00:00.000Z,
2023-04-14T05:00:00.000Z,13.006104
2023-04-15T05:00:00.000Z,
2023-04-16T05:00:00.000Z,10.349458
2023-04-17T05:00:00.000Z,10.775253
2023-04-18T05:00:00.000Z,11.58248
2023-04-19T05:00:00.000Z,12.225393
2023-04-20T05:00:00.000Z,13.143797
2023-04-21T05:00:00.000Z,10.260116
2023-04-22T05:00:00.000Z,
2023-04-23T05:00:00.000Z,12.129567
2023-04-24T05:00:00.000Z,12.001527
2023-04-25T05:00:00.000Z,13.582267
2023-04-26T05:00:00.000Z,12.715006
2023-04-27T05:00:00.000Z,12.414361
2023-04-28T05:00:00.000Z,11.43791
2023-04-29T05:00:00.000Z,
2023-04-30T05:00:00.000Z,6.452349
2023-05-01T05:00:00.000Z,12.567849
2023-05-02T05:00:00.000Z,13.970852
2023-05-03T05:00:00.000Z,13.548745
2023-05-04T05:00:00.000Z,12.244895
2023-05-05T05:00:00.000Z,13.103583
2023-05-06T05:00:00.000Z,
2023-05-07T05:00:00.000Z,12.043416
2023-05-08T05:00:00.000Z,
2023-05-09T05:00:00.000Z,12.7589445
2023-05-10T05:00:00.000Z,9.317524
2023-05-11T05:00:00.000Z,10.7968235
2023-05-12T05:00:00.000Z,12.657835
2023-05-13T05:00:00.000Z,12.796421
2023-05-14T05:00:00.000Z,10.826596
2023-05-15T05:00:00.000Z,
2023-05-16T05:00:00.000Z,4.759203
2023-05-17T05:00:00.000Z,13.127804
2023-05-18T05:00:00.000Z,12.873764
2023-05-19T05:00:00.000Z,11.951041
2023-05-20T05:00:00.000Z,8.58857
2023-05-21T05:00:00.000Z,9.334346
2023-05-22T05:00:00.000Z,
2023-05-23T05:00:00.000Z,11.956312
2023-05-24T05:00:00.000Z,11.549739
2023-05-25T05:00:00.000Z,9.793413
2023-05-26T05:00:00.000Z,11.151503
2023-05-27T05:00:00.000Z,12.106274
2023-05-28T05:00:00.000Z,10.698675
2023-05-29T05:00:00.000Z,
2023-05-30T05:00:00.000Z,10.194143
2023-05-31T05:00:00.000Z,
2023-06-01T05:00:00.000Z,9.108205
2023-06-02T05:00:00.000Z,11.530267
2023-06-03T05:00:00.000Z,10.560834
2023-06-04T05:00:00.000Z,3.5082808
2023-06-05T05:00:00.000Z,
2023-06-06T05:00:00.000Z,10.281192
2023-06-07T05:00:00.000Z,
2023-06-08T05:00:00.000Z,4.8006577
2023-06-09T05:00:00.000Z,11.547294
2023-06-10T05:00:00.000Z,7.656126
2023-06-11T05:00:00.000Z,12.368166
2023-06-12T05:00:00.000Z,11.419715
2023-06-13T05:00:00.000Z,12.2033205
2023-06-14T05:00:00.000Z,
2023-06-15T05:00:00.000Z,10.419001
2023-06-16T05:00:00.000Z,10.577755
2023-06-17T05:00:00.000Z,11.172907
2023-06-18T05:00:00.000Z,12.045118
2023-06-19T05:00:00.000Z,12.167603
2023-06-20T05:00:00.000Z,12.785184
2023-06-21T05:00:00.000Z,
2023-06-22T05:00:00.000Z,11.619066
2023-06-23T05:00:00.000Z,10.5922
2023-06-24T05:00:00.000Z,11.847961
2023-06-25T05:00:00.000Z,9.269988
2023-06-26T05:00:00.000Z,2.9709225
2023-06-27T05:00:00.000Z,11.268428
2023-06-28T05:00:00.000Z,
2023-06-29T05:00:00.000Z,11.968263
2023-06-30T05:00:00.000Z,
2023-07-01T05:00:00.000Z,9.232237
2023-07-02T05:00:00.000Z,7.17381
2023-07-03T05:00:00.000Z,
2023-07-04T05:00:00.000Z,10.846926
2023-07-05T05:00:00.000Z,
2023-07-06T05:00:00.000Z,7.061469
2023-07-07T05:00:00.000Z,
2023-07-08T05:00:00.000Z,11.640026
2023-07-09T05:00:00.000Z,12.404219
2023-07-10T05:00:00.000Z,11.8198595
2023-07-11T05:00:00.000Z,10.719655
2023-07-12T05:00:00.000Z,11.811281
2023-07-13T05:00:00.000Z,11.651333
2023-07-14T05:00:00.000Z,
2023-07-15T05:00:00.000Z,10.097557
2023-07-16T05:00:00.000Z,8.977413
2023-07-17T05:00:00.000Z,12.469604
2023-07-18T05:00:00.000Z,10.8601675
2023-07-19T05:00:00.000Z,
2023-07-20T05:00:00.000Z,12.334914
2023-07-21T05:00:00.000Z,
2023-07-22T05:00:00.000Z,10.329561
2023-07-23T05:00:00.000Z,10.027472
2023-07-24T05:00:00.000Z,11.990871
2023-07-25T05:00:00.000Z,10.259588
2023-07-26T05:00:00.000Z,6.6773615
2023-07-27T05:00:00.000Z,11.483118
2023-07-28T05:00:00.000Z,
2023-07-29T05:00:00.000Z,11.934558
2023-07-30T05:00:00.000Z,
2023-07-31T05:00:00.000Z,11.184364
2023-08-01T05:00:00.000Z,11.794782
2023-08-02T05:00:00.000Z,10.02872
2023-08-03T05:00:00.000Z,11.4608135
2023-08-04T05:00:00.000Z,
2023-08-05T05:00:00.000Z,12.119878
2023-08-06T05:00:00.000Z,
2023-08-07T05:00:00.000Z,
2023-08-08T05:00:00.000Z,12.042372
2023-08-09T05:00:00.000Z,9.647723
2023-08-10T05:00:00.000Z,8.278087
2023-08-11T05:00:00.000Z,9.136848
2023-08-12T05:00:00.000Z,12.060195
2023-08-13T05:00:00.000Z,
2023-08-14T05:00:00.000Z,10.76387
2023-08-15T05:00:00.000Z,11.071624
2023-08-16T05:00:00.000Z,12.237552
2023-08-17T05:00:00.000Z,11.1803465
2023-08-18T05:00:00.000Z,12.317325
2023-08-19T05:00:00.000Z,9.432752
2023-08-20T05:00:00.000Z,
2023-08-21T05:00:00.000Z,7.635765
2023-08-22T05:00:00.000Z,9.59462
2023-08-23T05:00:00.000Z,12.696363
2023-08-24T05:00:00.000Z,10.141681
2023-08-25T05:00:00.000Z,11.859259
2023-08-26T05:00:00.000Z,10.823889
2023-08-27T05:00:00.000Z,
2023-08-28T05:00:00.000Z,11.946133
2023-08-29T05:00:00.000Z,13.030487
2023-08-30T05:00:00.000Z,13.174194
2023-08-31T05:00:00.000Z,13.110126
2023-09-01T05:00:00.000Z,12.519833
2023-09-02T05:00:00.000Z,9.405138
2023-09-03T05:00:00.000Z,
2023-09-04T05:00:00.000Z,11.583863
2023-09-05T05:00:00.000Z,12.603183
2023-09-06T05:00:00.000Z,13.130121
2023-09-07T05:00:00.000Z,10.209184
2023-09-08T05:00:00.000Z,13.01542
2023-09-09T05:00:00.000Z,10.754845
2023-09-10T05:00:00.000Z,
2023-09-11T05:00:00.000Z,12.105773
2023-09-12T05:00:00.000Z,
2023-09-13T05:00:00.000Z,12.38351
2023-09-14T05:00:00.000Z,11.722125
2023-09-15T05:00:00.000Z,8.79203
2023-09-16T05:00:00.000Z,11.47718
2023-09-17T05:00:00.000Z,
2023-09-18T05:00:00.000Z,9.878039
2023-09-19T05:00:00.000Z,
2023-09-20T05:00:00.000Z,12.477249
2023-09-21T05:00:00.000Z,11.639431
2023-09-22T05:00:00.000Z,11.649191
2023-09-23T05:00:00.000Z,10.43404
2023-09-24T05:00:00.000Z,
2023-09-25T05:00:00.000Z,11.73398
2023-09-26T05:00:00.000Z,
2023-09-27T05:00:00.000Z,12.370648
2023-09-28T05:00:00.000Z,11.871312
2023-09-29T05:00:00.000Z,12.07045
2023-09-30T05:00:00.000Z,10.9906435
2023-10-01T05:00:00.000Z,10.231637
2023-10-02T05:00:00.000Z,9.878199
2023-10-03T05:00:00.000Z,
2023-10-04T05:00:00.000Z,9.905622
2023-10-05T05:00:00.000Z,10.405818
2023-10-06T05:00:00.000Z,9.579126
2023-10-07T05:00:00.000Z,11.885361
2023-10-08T05:00:00.000Z,4.746664
2023-10-09T05:00:00.000Z,
2023-10-10T05:00:00.000Z,
2023-10-11T05:00:00.000Z,11.789029
2023-10-12T05:00:00.000Z,10.140519
2023-10-13T05:00:00.000Z,11.889257
2023-10-14T05:00:00.000Z,
2023-10-15T05:00:00.000Z,11.876064
2023-10-16T05:00:00.000Z,9.318673
2023-10-17T05:00:00.000Z,
2023-10-18T05:00:00.000Z,11.74177
2023-10-19T05:00:00.000Z,11.957421
2023-10-20T05:00:00.000Z,12.306725
2023-10-21T05:00:00.000Z,9.600285
2023-10-22T05:00:00.000Z,11.696271
2023-10-23T05:00:00.000Z,10.617388
2023-10-24T05:00:00.000Z,
2023-10-25T05:00:00.000Z,8.154442
2023-10-26T05:00:00.000Z,7.7798524
2023-10-27T05:00:00.000Z,8.766856
2023-10-28T05:00:00.000Z,7.788167
2023-10-29T05:00:00.000Z,10.229864
2023-10-30T05:00:00.000Z,9.983936
2023-10-31T05:00:00.000Z,
2023-11-01T05:00:00.000Z,7.0697513
2023-11-02T05:00:00.000Z,7.0090117
2023-11-03T05:00:00.000Z,10.872677
2023-11-04T05:00:00.000Z,10.521842
2023-11-05T05:00:00.000Z,
2023-11-06T05:00:00.000Z,8.744077
2023-11-07T05:00:00.000Z,
2023-11-08T05:00:00.000Z,10.719847
2023-11-09T05:00:00.000Z,
2023-11-10T05:00:00.000Z,10.359752
2023-11-11T05:00:00.000Z,9.678844
2023-11-12T05:00:00.000Z,
2023-11-13T05:00:00.000Z,9.97642
2023-11-14T05:00:00.000Z,
2023-11-15T05:00:00.000Z,6.331352
2023-11-16T05:00:00.000Z,
2023-11-17T05:00:00.000Z,9.596962
2023-11-18T05:00:00.000Z,6.3155456
2023-11-19T05:00:00.000Z,
2023-11-20T05:00:00.000Z,9.105802
2023-11-21T05:00:00.000Z,
2023-11-22T05:00:00.000Z,9.095946
2023-11-23T05:00:00.000Z,
2023-11-24T05:00:00.000Z,10.355012
2023-11-25T05:00:00.000Z,8.815013
2023-11-26T05:00:00.000Z,
2023-11-27T05:00:00.000Z,10.064767
2023-11-28T05:00:00.000Z,
2023-11-29T05:00:00.000Z,10.1811
2023-11-30T05:00:00.000Z,
2023-12-01T05:00:00.000Z,10.7907715
2023-12-02T05:00:00.000Z,10.511529
2023-12-04T05:00:00.000Z,10.433695
2023-12-05T05:00:00.000Z,
2023-12-06T05:00:00.000Z,10.131991
2023-12-07T05:00:00.000Z,
2023-12-08T05:00:00.000Z,10.128939
2023-12-09T05:00:00.000Z,10.131816
2023-12-10T05:00:00.000Z,
2023-12-11T05:00:00.000Z,9.608003
2023-12-12T05:00:00.000Z,
2023-12-13T05:00:00.000Z,9.518862
2023-12-14T05:00:00.000Z,
2023-12-15T05:00:00.000Z,9.381396
2023-12-16T05:00:00.000Z,9.2175865
2023-12-17T05:00:00.000Z,
2023-12-18T05:00:00.000Z,9.302533
2023-12-19T05:00:00.000Z,
2023-12-20T05:00:00.000Z,8.721366
2023-12-21T05:00:00.000Z,9.620253
2023-12-22T05:00:00.000Z,9.977556
2023-12-23T05:00:00.000Z,9.770446
2023-12-24T05:00:00.000Z,
2023-12-25T05:00:00.000Z,9.720074
2023-12-26T05:00:00.000Z,
2023-12-27T05:00:00.000Z,9.331783
2023-12-28T05:00:00.000Z,9.559139
2023-12-29T05:00:00.000Z,8.124052
2023-12-30T05:00:00.000Z,9.847148
2023-12-31T05:00:00.000Z,
2024-01-01T05:00:00.000Z,9.804028
2024-01-02T05:00:00.000Z,
2024-01-03T05:00:00.000Z,9.818128
2024-01-04T05:00:00.000Z,9.707801
2024-01-05T05:00:00.000Z,10.260688
2024-01-06T05:00:00.000Z,10.053047
2024-01-07T05:00:00.000Z,
2024-01-08T05:00:00.000Z,10.319117
2024-01-09T05:00:00.000Z,
2024-01-10T05:00:00.000Z,10.526584
2024-01-11T05:00:00.000Z,9.941335
2024-01-12T05:00:00.000Z,10.185918
2024-01-13T05:00:00.000Z,10.013575
2024-01-14T05:00:00.000Z,
2024-01-15T05:00:00.000Z,10.818564
2024-01-16T05:00:00.000Z,
2024-01-17T05:00:00.000Z,10.863886
2024-01-18T05:00:00.000Z,10.70118
2024-01-19T05:00:00.000Z,10.886598
2024-01-20T05:00:00.000Z,11.017565
2024-01-21T05:00:00.000Z,
2024-01-22T05:00:00.000Z,11.031953
2024-01-23T05:00:00.000Z,
2024-01-24T05:00:00.000Z,11.714311
2024-01-25T05:00:00.000Z,11.513394
2024-01-26T05:00:00.000Z,11.980782
2024-01-27T05:00:00.000Z,11.197804
2024-01-28T05:00:00.000Z,
2024-01-29T05:00:00.000Z,11.575432
2024-01-30T05:00:00.000Z,
2024-01-31T05:00:00.000Z,10.690304
2024-02-01T05:00:00.000Z,10.323251
2024-02-02T05:00:00.000Z,9.625277
2024-02-03T05:00:00.000Z,10.705403
2024-02-04T05:00:00.000Z,
2024-02-05T05:00:00.000Z,10.752951
2024-02-06T05:00:00.000Z,
2024-02-07T05:00:00.000Z,5.5463557
2024-02-08T05:00:00.000Z,9.088147
2024-02-09T05:00:00.000Z,12.208189
2024-02-10T05:00:00.000Z,12.296338
2024-02-12T05:00:00.000Z,12.562238
2024-02-13T05:00:00.000Z,
2024-02-14T05:00:00.000Z,13.072913
2024-02-15T05:00:00.000Z,12.962159
2024-02-16T05:00:00.000Z,13.623944
2024-02-17T05:00:00.000Z,12.983995
2024-02-18T05:00:00.000Z,
2024-02-19T05:00:00.000Z,12.298973
2024-02-20T05:00:00.000Z,
2024-02-21T05:00:00.000Z,12.072793
2024-02-22T05:00:00.000Z,12.273263
2024-02-23T05:00:00.000Z,11.886049
2024-02-24T05:00:00.000Z,12.395847
2024-02-25T05:00:00.000Z,
2024-02-26T05:00:00.000Z,12.2643175
2024-02-27T05:00:00.000Z,
2024-02-28T05:00:00.000Z,13.634183
2024-02-29T05:00:00.000Z,13.383665
2024-03-01T05:00:00.000Z,13.447419
2024-03-02T05:00:00.000Z,12.406858
2024-03-03T05:00:00.000Z,
2024-03-04T05:00:00.000Z,12.820631
2024-03-05T05:00:00.000Z,12.409069
2024-03-06T05:00:00.000Z,13.789873
2024-03-07T05:00:00.000Z,12.949122
2024-03-08T05:00:00.000Z,12.96939
2024-03-09T05:00:00.000Z,12.290354
2024-03-10T05:00:00.000Z,
2024-03-11T05:00:00.000Z,13.471676
2024-03-12T05:00:00.000Z,13.944673
2024-03-13T05:00:00.000Z,13.44467
2024-03-14T05:00:00.000Z,13.071658
2024-03-15T05:00:00.000Z,13.850419
2024-03-16T05:00:00.000Z,12.78754
2024-03-17T05:00:00.000Z,
2024-03-18T05:00:00.000Z,13.475195
2024-03-19T05:00:00.000Z,12.324922
2024-03-20T05:00:00.000Z,12.566606
2024-03-21T05:00:00.000Z,11.632566
2024-03-22T05:00:00.000Z,13.984019
2024-03-23T05:00:00.000Z,12.08538
2024-03-24T05:00:00.000Z,
2024-03-25T05:00:00.000Z,13.676113
2024-03-26T05:00:00.000Z,13.708191
2024-03-27T05:00:00.000Z,12.596189
2024-03-28T05:00:00.000Z,13.731502
2024-03-29T05:00:00.000Z,12.920031
2024-03-30T05:00:00.000Z,13.087775
2024-03-31T05:00:00.000Z,
2024-04-01T05:00:00.000Z,13.854524
2024-04-02T05:00:00.000Z,12.543556
2024-04-03T05:00:00.000Z,12.081229
2024-04-04T05:00:00.000Z,10.30206
2024-04-05T05:00:00.000Z,
2024-04-06T05:00:00.000Z,12.9336815
2024-04-07T05:00:00.000Z,
2024-04-08T05:00:00.000Z,13.893545
2024-04-09T05:00:00.000Z,13.180591
2024-04-10T05:00:00.000Z,13.866611
2024-04-11T05:00:00.000Z,13.319236
2024-04-12T05:00:00.000Z,
2024-04-13T05:00:00.000Z,13.345598
2024-04-14T05:00:00.000Z,
2024-04-15T05:00:00.000Z,13.535172
2024-04-16T05:00:00.000Z,12.640963
2024-04-17T05:00:00.000Z,12.649774
2024-04-18T05:00:00.000Z,11.859251
2024-04-19T05:00:00.000Z,
2024-04-20T05:00:00.000Z,12.163839
2024-04-21T05:00:00.000Z,9.510872
2024-04-22T05:00:00.000Z,10.179292
2024-04-23T05:00:00.000Z,11.681951
2024-04-24T05:00:00.000Z,12.604423
2024-04-25T05:00:00.000Z,9.330126
2024-04-26T05:00:00.000Z,
2024-04-27T05:00:00.000Z,9.763028
2024-04-28T05:00:00.000Z,10.107115
2024-04-29T05:00:00.000Z,11.477609
2024-04-30T05:00:00.000Z,12.359734
2024-05-01T05:00:00.000Z,12.593496
2024-05-02T05:00:00.000Z,10.879579
2024-05-03T05:00:00.000Z,
2024-05-04T05:00:00.000Z,7.664992
2024-05-05T05:00:00.000Z,12.771088
2024-05-06T05:00:00.000Z,11.777904
2024-05-07T05:00:00.000Z,9.333387
2024-05-08T05:00:00.000Z,
2024-05-09T05:00:00.000Z,7.357293
2024-05-10T05:00:00.000Z,
2024-05-11T05:00:00.000Z,13.330566
2024-05-12T05:00:00.000Z,11.931948
2024-05-13T05:00:00.000Z,13.045026
2024-05-14T05:00:00.000Z,11.661218
2024-05-15T05:00:00.000Z,
2024-05-16T05:00:00.000Z,11.93984
2024-05-17T05:00:00.000Z,12.835209
2024-05-18T05:00:00.000Z,12.404702
2024-05-19T05:00:00.000Z,11.468158
2024-05-20T05:00:00.000Z,9.776067
2024-05-21T05:00:00.000Z,4.1222053
2024-05-22T05:00:00.000Z,
2024-05-23T05:00:00.000Z,11.63823
2024-05-24T05:00:00.000Z,8.158033
2024-05-25T05:00:00.000Z,9.13193
2024-05-26T05:00:00.000Z,11.2850895
2024-05-27T05:00:00.000Z,10.841037
2024-05-28T05:00:00.000Z,8.683473
2024-05-29T05:00:00.000Z,
2024-05-30T05:00:00.000Z,8.880592
2024-05-31T05:00:00.000Z,11.48309
2024-06-01T05:00:00.000Z,11.281211
2024-06-02T05:00:00.000Z,11.433266
2024-06-03T05:00:00.000Z,
2024-06-04T05:00:00.000Z,9.732291
2024-06-05T05:00:00.000Z,
2024-06-06T05:00:00.000Z,7.052113
2024-06-07T05:00:00.000Z,10.398519
2024-06-08T05:00:00.000Z,11.705398
2024-06-09T05:00:00.000Z,10.511508
2024-06-10T05:00:00.000Z,
2024-06-11T05:00:00.000Z,10.472167
2024-06-12T05:00:00.000Z,9.080529
2024-06-13T05:00:00.000Z,10.445883
2024-06-14T05:00:00.000Z,8.93167
2024-06-15T05:00:00.000Z,8.331771
2024-06-16T05:00:00.000Z,7.901289
2024-06-17T05:00:00.000Z,
2024-06-18T05:00:00.000Z,9.786676
2024-06-19T05:00:00.000Z,7.80832
2024-06-20T05:00:00.000Z,10.096606
2024-06-21T05:00:00.000Z,9.897842
2024-06-22T05:00:00.000Z,
2024-06-23T05:00:00.000Z,9.936082
2024-06-24T05:00:00.000Z,
2024-06-25T05:00:00.000Z,10.043212
2024-06-26T05:00:00.000Z,7.476752
2024-06-27T05:00:00.000Z,8.186363
2024-06-28T05:00:00.000Z,10.361006
2024-06-29T05:00:00.000Z,
2024-06-30T05:00:00.000Z,10.819939
2024-07-01T05:00:00.000Z,10.3297
2024-07-02T05:00:00.000Z,6.094797
2024-07-03T05:00:00.000Z,10.507919
2024-07-04T05:00:00.000Z,10.156733
2024-07-05T05:00:00.000Z,4.523026
2024-07-06T05:00:00.000Z,
2024-07-07T05:00:00.000Z,11.535988
2024-07-08T05:00:00.000Z,9.567174
2024-07-09T05:00:00.000Z,11.538346
2024-07-10T05:00:00.000Z,10.746958
2024-07-11T05:00:00.000Z,10.240318
2024-07-12T05:00:00.000Z,9.487249
2024-07-13T05:00:00.000Z,
2024-07-14T05:00:00.000Z,11.638892
2024-07-15T05:00:00.000Z,11.36102
2024-07-16T05:00:00.000Z,11.861582
2024-07-17T05:00:00.000Z,10.225268
2024-07-18T05:00:00.000Z,
2024-07-19T05:00:00.000Z,8.209635
2024-07-20T05:00:00.000Z,9.364958
2024-07-21T05:00:00.000Z,11.8493185
2024-07-22T05:00:00.000Z,11.96836
2024-07-23T05:00:00.000Z,11.055665
2024-07-24T05:00:00.000Z,11.162446
2024-07-25T05:00:00.000Z,
2024-07-26T05:00:00.000Z,8.184779
2024-07-27T05:00:00.000Z,9.236906
2024-07-28T05:00:00.000Z,12.028487
2024-07-29T05:00:00.000Z,12.208183
2024-07-30T05:00:00.000Z,8.0158415
2024-07-31T05:00:00.000Z,11.372375
2024-08-01T05:00:00.000Z,
2024-08-02T05:00:00.000Z,12.279701
2024-08-03T05:00:00.000Z,10.78252
2024-08-04T05:00:00.000Z,11.570503
2024-08-05T05:00:00.000Z,10.633117
2024-08-06T05:00:00.000Z,
2024-08-07T05:00:00.000Z,7.1717014
2024-08-08T05:00:00.000Z,10.897192
2024-08-09T05:00:00.000Z,11.600744
2024-08-10T05:00:00.000Z,10.692536
2024-08-11T05:00:00.000Z,12.361054
2024-08-12T05:00:00.000Z,12.351026
2024-08-13T05:00:00.000Z,
2024-08-14T05:00:00.000Z,11.980651
2024-08-15T05:00:00.000Z,11.708899
2024-08-16T05:00:00.000Z,11.789718
2024-08-17T05:00:00.000Z,11.485092
2024-08-18T05:00:00.000Z,
2024-08-19T05:00:00.000Z,12.029792
2024-08-20T05:00:00.000Z,
2024-08-21T05:00:00.000Z,10.138283
2024-08-22T05:00:00.000Z,10.01409
2024-08-23T05:00:00.000Z,10.5666685
2024-08-24T05:00:00.000Z,9.737065
2024-08-25T05:00:00.000Z,
2024-08-26T05:00:00.000Z,6.3884635
2024-08-27T05:00:00.000Z,10.93381
2024-08-28T05:00:00.000Z,11.661697
2024-08-29T05:00:00.000Z,12.585105
2024-08-30T05:00:00.000Z,10.849151
2024-08-31T05:00:00.000Z,11.121989
2024-09-01T05:00:00.000Z,
2024-09-02T05:00:00.000Z,10.690803
2024-09-03T05:00:00.000Z,11.0679455
2024-09-04T05:00:00.000Z,12.401922
2024-09-05T05:00:00.000Z,11.929109
2024-09-06T05:00:00.000Z,
2024-09-07T05:00:00.000Z,9.241004
2024-09-08T05:00:00.000Z,11.743655
2024-09-09T05:00:00.000Z,12.474711
2024-09-10T05:00:00.000Z,8.790055
2024-09-11T05:00:00.000Z,11.586153
2024-09-12T05:00:00.000Z,7.903099
2024-09-13T05:00:00.000Z,
2024-09-14T05:00:00.000Z,12.291929
2024-09-15T05:00:00.000Z,12.558825
2024-09-16T05:00:00.000Z,12.427271
2024-09-17T05:00:00.000Z,9.173923
2024-09-18T05:00:00.000Z,
2024-09-19T05:00:00.000Z,11.514327
2024-09-20T05:00:00.000Z,8.975085
2024-09-21T05:00:00.000Z,9.593382
2024-09-22T05:00:00.000Z,3.48734
2024-09-23T05:00:00.000Z,11.994185
2024-09-24T05:00:00.000Z,10.946922
2024-09-25T05:00:00.000Z,
2024-09-26T05:00:00.000Z,10.846249
2024-09-27T05:00:00.000Z,11.008618
2024-09-28T05:00:00.000Z,8.421827
2024-09-29T05:00:00.000Z,4.357603
2024-09-30T05:00:00.000Z,
2024-10-01T05:00:00.000Z,10.693795
2024-10-02T05:00:00.000Z,11.701273
2024-10-03T05:00:00.000Z,10.800471
2024-10-04T05:00:00.000Z,10.627237
2024-10-05T05:00:00.000Z,
2024-10-06T05:00:00.000Z,
2024-10-07T05:00:00.000Z,
2024-10-08T05:00:00.000Z,11.245322
2024-10-09T05:00:00.000Z,
2024-10-10T05:00:00.000Z,9.453528
2024-10-11T05:00:00.000Z,10.969048
2024-10-12T05:00:00.000Z,
2024-10-13T05:00:00.000Z,10.428403
2024-10-14T05:00:00.000Z,9.754182
2024-10-15T05:00:00.000Z,7.7151413
2024-10-16T05:00:00.000Z,7.122817
2024-10-17T05:00:00.000Z,9.1804
2024-10-18T05:00:00.000Z,10.642472
2024-10-19T05:00:00.000Z,
2024-10-20T05:00:00.000Z,7.583768
2024-10-21T05:00:00.000Z,9.375125
2024-10-22T05:00:00.000Z,9.42929
2024-10-23T05:00:00.000Z,10.531898
2024-10-24T05:00:00.000Z,
2024-10-25T05:00:00.000Z,11.001464
2024-10-26T05:00:00.000Z,10.960338
2024-10-27T05:00:00.000Z,11.105751
2024-10-28T05:00:00.000Z,7.8007927
2024-10-29T05:00:00.000Z,
2024-10-30T05:00:00.000Z,9.579044
2024-10-31T05:00:00.000Z,
2024-11-01T05:00:00.000Z,7.497104
2024-11-02T05:00:00.000Z,7.9657326
2024-11-03T05:00:00.000Z,
2024-11-04T05:00:00.000Z,6.316129
2024-11-05T05:00:00.000Z,
2024-11-06T05:00:00.000Z,10.222467
2024-11-07T05:00:00.000Z,8.095164
2024-11-08T05:00:00.000Z,
2024-11-09T05:00:00.000Z,9.400483
2024-11-10T05:00:00.000Z,
2024-11-11T05:00:00.000Z,8.636123
2024-11-12T05:00:00.000Z,9.9008255
2024-11-13T05:00:00.000Z,9.148421
2024-11-14T05:00:00.000Z,8.7005
2024-11-15T05:00:00.000Z,
2024-11-16T05:00:00.000Z,8.543697
2024-11-17T05:00:00.000Z,
2024-11-18T05:00:00.000Z,9.981456
2024-11-19T05:00:00.000Z,9.564252
2024-11-20T05:00:00.000Z,
2024-11-21T05:00:00.000Z,8.554519
2024-11-22T05:00:00.000Z,
2024-11-23T05:00:00.000Z,9.236184
2024-11-24T05:00:00.000Z,9.487154
2024-11-25T05:00:00.000Z,
2024-11-26T05:00:00.000Z,6.1706557
2024-11-27T05:00:00.000Z,
2024-11-28T05:00:00.000Z,9.354798
2024-11-29T05:00:00.000Z,8.260656
2024-11-30T05:00:00.000Z,9.922229
2024-12-01T05:00:00.000Z,9.316885
2024-12-02T05:00:00.000Z,
2024-12-03T05:00:00.000Z,8.973603
2024-12-04T05:00:00.000Z,
2024-12-05T05:00:00.000Z,10.1733885
2024-12-06T05:00:00.000Z,9.180669
2024-12-07T05:00:00.000Z,
2024-12-08T05:00:00.000Z,9.63455
2024-12-09T05:00:00.000Z,
2024-12-10T05:00:00.000Z,10.067453
2024-12-11T05:00:00.000Z,9.737109
2024-12-12T05:00:00.000Z,
2024-12-13T05:00:00.000Z,9.57682
2024-12-14T05:00:00.000Z,
2024-12-15T05:00:00.000Z,9.529436
2024-12-16T05:00:00.000Z,
2024-12-17T05:00:00.000Z,
2024-12-18T05:00:00.000Z,8.13459
2024-12-19T05:00:00.000Z,
2024-12-20T05:00:00.000Z,8.557717
2024-12-21T05:00:00.000Z,
2024-12-22T05:00:00.000Z,3.990178
2024-12-23T05:00:00.000Z,6.9160347
2024-12-24T05:00:00.000Z,
2024-12-25T05:00:00.000Z,8.688175
2024-12-26T05:00:00.000Z,
2024-12-27T05:00:00.000Z,7.169291
2024-12-28T05:00:00.000Z,6.7236233
2024-12-29T05:00:00.000Z,
2024-12-30T05:00:00.000Z,6.863065
2024-12-31T05:00:00.000Z,
2025-01-01T05:00:00.000Z,8.424277
2025-01-02T05:00:00.000Z,8.595471
2025-01-03T05:00:00.000Z,8.545719
2025-01-04T05:00:00.000Z,5.8504014
2025-01-05T05:00:00.000Z,
2025-01-06T05:00:00.000Z,
2025-01-07T05:00:00.000Z,
2025-01-08T05:00:00.000Z,9.636583
2025-01-09T05:00:00.000Z,9.161696
2025-01-10T05:00:00.000Z,
2025-01-11T05:00:00.000Z,10.131838
2025-01-12T05:00:00.000Z,
2025-01-13T05:00:00.000Z,9.873851
2025-01-14T05:00:00.000Z,9.804684
2025-01-15T05:00:00.000Z,
2025-01-16T05:00:00.000Z,9.554848
2025-01-17T05:00:00.000Z,
2025-01-18T05:00:00.000Z,10.264915
2025-01-19T05:00:00.000Z,10.334331
2025-01-20T05:00:00.000Z,9.911459
2025-01-21T05:00:00.000Z,10.487483
2025-01-22T05:00:00.000Z,
2025-01-23T05:00:00.000Z,
2025-01-24T05:00:00.000Z,10.495203
2025-01-25T05:00:00.000Z,10.702537
2025-01-26T05:00:00.000Z,10.5208235
2025-01-27T05:00:00.000Z,
2025-01-28T05:00:00.000Z,10.368785
2025-01-29T05:00:00.000Z,
2025-01-30T05:00:00.000Z,10.984647
2025-01-31T05:00:00.000Z,10.104224
2025-02-01T05:00:00.000Z,
2025-02-02T05:00:00.000Z,10.563489
2025-02-03T05:00:00.000Z,
2025-02-04T05:00:00.000Z,10.848641
2025-02-05T05:00:00.000Z,10.14427
2025-02-06T05:00:00.000Z,
2025-02-07T05:00:00.000Z,11.014022
2025-02-08T05:00:00.000Z,
2025-02-09T05:00:00.000Z,10.435287
2025-02-10T05:00:00.000Z,10.783706
2025-02-11T05:00:00.000Z,11.186079
2025-02-12T05:00:00.000Z,10.730824
2025-02-13T05:00:00.000Z,
2025-02-14T05:00:00.000Z,10.454438
2025-02-15T05:00:00.000Z,11.078827
2025-02-16T05:00:00.000Z,10.924622
2025-02-17T05:00:00.000Z,10.321857
2025-02-18T05:00:00.000Z,10.226188
2025-02-19T05:00:00.000Z,11.155767
2025-02-20T05:00:00.000Z,
2025-02-21T05:00:00.000Z,12.053527
2025-02-22T05:00:00.000Z,11.439642
2025-02-23T05:00:00.000Z,11.143611
2025-02-24T05:00:00.000Z,10.050953
2025-02-25T05:00:00.000Z,
2025-02-26T05:00:00.000Z,10.205547
2025-02-27T05:00:00.000Z,10.781031
2025-02-28T05:00:00.000Z,11.95863
2025-03-01T05:00:00.000Z,11.537394
2025-03-02T05:00:00.000Z,
2025-03-03T05:00:00.000Z,12.026528
2025-03-04T05:00:00.000Z,11.878472
2025-03-05T05:00:00.000Z,11.991479
2025-03-06T05:00:00.000Z,11.324162
2025-03-07T05:00:00.000Z,
2025-03-08T05:00:00.000Z,12.715904
2025-03-09T05:00:00.000Z,12.718986
2025-03-10T05:00:00.000Z,12.798414
2025-03-11T05:00:00.000Z,12.315806
2025-03-12T05:00:00.000Z,
2025-03-13T05:00:00.000Z,12.458761
2025-03-14T05:00:00.000Z,12.535739
2025-03-15T05:00:00.000Z,12.982413
2025-03-16T05:00:00.000Z,12.045434
2025-03-17T05:00:00.000Z,12.758981
2025-03-18T05:00:00.000Z,9.888956
2025-03-19T05:00:00.000Z,
2025-03-20T05:00:00.000Z,12.651487
2025-03-21T05:00:00.000Z,11.85115
2025-03-22T05:00:00.000Z,13.452167
2025-03-23T05:00:00.000Z,13.368246
2025-03-24T05:00:00.000Z,
2025-03-25T05:00:00.000Z,13.568691
2025-03-26T05:00:00.000Z,10.867695
2025-03-27T05:00:00.000Z,13.104971
2025-03-28T05:00:00.000Z,11.763886
2025-03-29T05:00:00.000Z,
2025-03-30T05:00:00.000Z,12.806529
2025-03-31T05:00:00.000Z,12.595357
2025-04-01T05:00:00.000Z,11.9929285
2025-04-02T05:00:00.000Z,13.2254715
2025-04-03T05:00:00.000Z,
2025-04-04T05:00:00.000Z,11.751852
2025-04-05T05:00:00.000Z,13.080138
2025-04-06T05:00:00.000Z,10.704481
2025-04-07T05:00:00.000Z,12.717582
2025-04-08T05:00:00.000Z,
2025-04-09T05:00:00.000Z,11.898996
2025-04-10T05:00:00.000Z,10.386543
2025-04-11T05:00:00.000Z,11.681504
2025-04-12T05:00:00.000Z,12.415882
2025-04-13T05:00:00.000Z,
2025-04-14T05:00:00.000Z,13.38479
2025-04-15T05:00:00.000Z,14.081877
2025-04-16T05:00:00.000Z,13.579515
2025-04-17T05:00:00.000Z,12.657539
2025-04-18T05:00:00.000Z,10.561353
2025-04-19T05:00:00.000Z,12.170729
2025-04-20T05:00:00.000Z,
2025-04-21T05:00:00.000Z,12.328992
2025-04-22T05:00:00.000Z,12.013939
2025-04-23T05:00:00.000Z,11.936688
2025-04-24T05:00:00.000Z,12.437458
2025-04-25T05:00:00.000Z,
2025-04-26T05:00:00.000Z,10.728802
2025-04-27T05:00:00.000Z,10.235953
2025-04-28T05:00:00.000Z,10.24011
2025-04-29T05:00:00.000Z,7.484791
2025-04-30T05:00:00.000Z,
2025-05-01T05:00:00.000Z,12.020516
2025-05-02T05:00:00.000Z,9.395723
2025-05-03T05:00:00.000Z,7.3482842
2025-05-04T05:00:00.000Z,12.152023
2025-05-05T05:00:00.000Z,
2025-05-06T05:00:00.000Z,11.807811
2025-05-07T05:00:00.000Z,4.4402533
2025-05-08T05:00:00.000Z,8.246227
2025-05-09T05:00:00.000Z,12.942198
2025-05-10T05:00:00.000Z,
2025-05-11T05:00:00.000Z,13.236695
2025-05-12T05:00:00.000Z,
2025-05-13T05:00:00.000Z,12.277678
2025-05-14T05:00:00.000Z,10.926607
2025-05-15T05:00:00.000Z,
2025-05-16T05:00:00.000Z,8.052891
2025-05-17T05:00:00.000Z,7.4477916
2025-05-18T05:00:00.000Z,10.658434
2025-05-19T05:00:00.000Z,8.9225645
2025-05-20T05:00:00.000Z,
2025-05-21T05:00:00.000Z,11.278044
2025-05-22T05:00:00.000Z,10.683313
2025-05-23T05:00:00.000Z,12.670253
2025-05-24T05:00:00.000Z,11.8208
2025-05-25T05:00:00.000Z,
2025-05-26T05:00:00.000Z,9.721562
2025-05-27T05:00:00.000Z,8.514531
2025-05-28T05:00:00.000Z,9.663689
2025-05-29T05:00:00.000Z,11.477676
2025-05-30T05:00:00.000Z,
2025-05-31T05:00:00.000Z,6.256526
2025-06-01T05:00:00.000Z,10.265478
2025-06-02T05:00:00.000Z,11.166517
2025-06-03T05:00:00.000Z,10.758175
2025-06-04T05:00:00.000Z,11.206614
2025-06-05T05:00:00.000Z,9.060474
2025-06-06T05:00:00.000Z,
2025-06-07T05:00:00.000Z,12.233322
2025-06-08T05:00:00.000Z,11.648594
2025-06-09T05:00:00.000Z,9.398964
2025-06-10T05:00:00.000Z,7.0024247
2025-06-11T05:00:00.000Z,
2025-06-12T05:00:00.000Z,5.983657
2025-06-13T05:00:00.000Z,4.6684394
2025-06-14T05:00:00.000Z,10.333289
2025-06-15T05:00:00.000Z,11.876803
2025-06-16T05:00:00.000Z,
2025-06-17T05:00:00.000Z,9.550583
2025-06-18T05:00:00.000Z,9.761901
2025-06-19T05:00:00.000Z,11.638636
2025-06-20T05:00:00.000Z,8.071715
2025-06-21T05:00:00.000Z,
2025-06-22T05:00:00.000Z,6.305699
2025-06-23T05:00:00.000Z,7.8047414
2025-06-24T05:00:00.000Z,10.936624
2025-06-25T05:00:00.000Z,10.8092575
2025-06-26T05:00:00.000Z,
2025-06-27T05:00:00.000Z,10.956309
2025-06-28T05:00:00.000Z,11.276854
2025-06-29T05:00:00.000Z,11.584257
2025-06-30T05:00:00.000Z,10.35467
2025-07-01T05:00:00.000Z,
2025-07-02T05:00:00.000Z,11.633427
2025-07-03T05:00:00.000Z,9.549117
2025-07-04T05:00:00.000Z,4.005348
2025-07-05T05:00:00.000Z,7.284004
2025-07-06T05:00:00.000Z,
2025-07-07T05:00:00.000Z,11.356738
2025-07-08T05:00:00.000Z,11.138542
2025-07-09T05:00:00.000Z,9.047942
2025-07-10T05:00:00.000Z,9.613067
2025-07-11T05:00:00.000Z,
2025-07-12T05:00:00.000Z,7.9981637
2025-07-13T05:00:00.000Z,5.0042415
2025-07-14T05:00:00.000Z,10.816498
2025-07-15T05:00:00.000Z,11.609631
2025-07-16T05:00:00.000Z,
2025-07-17T05:00:00.000Z,11.851332
2025-07-18T05:00:00.000Z,12.034295
2025-07-19T05:00:00.000Z,11.958866
2025-07-20T05:00:00.000Z,11.764663
2025-07-21T05:00:00.000Z,
2025-07-22T05:00:00.000Z,11.072012
2025-07-23T05:00:00.000Z,8.085364
2025-07-24T05:00:00.000Z,10.467628
2025-07-25T05:00:00.000Z,10.461858
2025-07-26T05:00:00.000Z,
2025-07-27T05:00:00.000Z,11.079934
2025-07-28T05:00:00.000Z,11.529717
2025-07-29T05:00:00.000Z,11.3621
2025-07-30T05:00:00.000Z,9.301689
2025-07-31T05:00:00.000Z,
2025-08-01T05:00:00.000Z,11.57987
2025-08-02T05:00:00.000Z,12.006072
2025-08-03T05:00:00.000Z,5.0781617
2025-08-04T05:00:00.000Z,11.095023
2025-08-05T05:00:00.000Z,10.445435
2025-08-06T05:00:00.000Z,11.4400625
2025-08-07T05:00:00.000Z,
2025-08-08T05:00:00.000Z,12.273344
2025-08-09T05:00:00.000Z,6.518326
2025-08-10T05:00:00.000Z,6.2867036
2025-08-11T05:00:00.000Z,12.064315
2025-08-12T05:00:00.000Z,
2025-08-13T05:00:00.000Z,12.578137
2025-08-14T05:00:00.000Z,8.833645
2025-08-15T05:00:00.000Z,9.820352
2025-08-16T05:00:00.000Z,10.489606
2025-08-17T05:00:00.000Z,
2025-08-18T05:00:00.000Z,9.53916
2025-08-19T05:00:00.000Z,11.384422
2025-08-20T05:00:00.000Z,11.910268
2025-08-21T05:00:00.000Z,10.412368
2025-08-22T05:00:00.000Z,
2025-08-23T05:00:00.000Z,12.1676035
2025-08-24T05:00:00.000Z,11.191011
2025-08-25T05:00:00.000Z,12.702775
2025-08-26T05:00:00.000Z,12.137061
2025-08-27T05:00:00.000Z,
2025-08-28T05:00:00.000Z,12.61998
2025-08-29T05:00:00.000Z,12.563138
2025-08-30T05:00:00.000Z,7.87293
2025-08-31T05:00:00.000Z,12.308408
2025-09-01T05:00:00.000Z,
2025-09-02T05:00:00.000Z,12.34954
2025-09-03T05:00:00.000Z,11.091785
2025-09-04T05:00:00.000Z,11.381369
2025-09-05T05:00:00.000Z,8.957762
2025-09-06T05:00:00.000Z,
2025-09-07T05:00:00.000Z,8.879253
2025-09-08T05:00:00.000Z,9.661761
2025-09-09T05:00:00.000Z,13.531495
2025-09-10T05:00:00.000Z,12.320159
2025-09-11T05:00:00.000Z,
2025-09-12T05:00:00.000Z,10.346754
2025-09-13T05:00:00.000Z,11.062429
2025-09-14T05:00:00.000Z,9.863492
2025-09-15T05:00:00.000Z,11.8586855
2025-09-16T05:00:00.000Z,
2025-09-17T05:00:00.000Z,12.347732
2025-09-18T05:00:00.000Z,8.7311735
2025-09-19T05:00:00.000Z,4.328462
2025-09-20T05:00:00.000Z,13.118305
2025-09-21T05:00:00.000Z,
2025-09-22T05:00:00.000Z,11.692811
2025-09-23T05:00:00.000Z,12.189879
2025-09-24T05:00:00.000Z,9.026864
2025-09-25T05:00:00.000Z,12.082577
2025-09-26T05:00:00.000Z,
2025-09-27T05:00:00.000Z,10.498103
2025-09-28T05:00:00.000Z,11.534729
2025-09-29T05:00:00.000Z,11.3249235
2025-09-30T05:00:00.000Z,11.514615
2025-10-01T05:00:00.000Z,
2025-10-02T05:00:00.000Z,10.502993
2025-10-03T05:00:00.000Z,10.564111
2025-10-04T05:00:00.000Z,9.816586
2025-10-05T05:00:00.000Z,11.673448
2025-10-06T05:00:00.000Z,
2025-10-07T05:00:00.000Z,11.744851
2025-10-08T05:00:00.000Z,9.98389
2025-10-09T05:00:00.000Z,8.443079
2025-10-10T05:00:00.000Z,8.322846
2025-10-11T05:00:00.000Z,
2025-10-12T05:00:00.000Z,10.5236025
2025-10-13T05:00:00.000Z,11.35064
2025-10-14T05:00:00.000Z,10.990911
2025-10-15T05:00:00.000Z,9.484771
2025-10-16T05:00:00.000Z,
2025-10-17T05:00:00.000Z,9.12104
2025-10-18T05:00:00.000Z,10.314431
2025-10-19T05:00:00.000Z,11.210084
2025-10-20T05:00:00.000Z,8.580168
2025-10-21T05:00:00.000Z,
2025-10-22T05:00:00.000Z,9.098594
2025-10-23T05:00:00.000Z,8.436005
2025-10-24T05:00:00.000Z,10.800727
2025-10-25T05:00:00.000Z,10.655866
2025-10-26T05:00:00.000Z,
2025-10-27T05:00:00.000Z,9.090679
2025-10-28T05:00:00.000Z,11.445797
2025-10-29T05:00:00.000Z,11.307496
2025-10-30T05:00:00.000Z,8.957555
2025-10-31T05:00:00.000Z,
2025-11-01T05:00:00.000Z,10.757758
2025-11-02T05:00:00.000Z,8.725325
2025-11-03T05:00:00.000Z,10.933398
2025-11-04T05:00:00.000Z,10.571818
2025-11-05T05:00:00.000Z,
2025-11-06T05:00:00.000Z,9.382803
2025-11-07T05:00:00.000Z,10.58205
2025-11-08T05:00:00.000Z,10.777431
2025-11-09T05:00:00.000Z,10.522045
2025-11-10T05:00:00.000Z,
2025-11-11T05:00:00.000Z,9.742499
2025-11-12T05:00:00.000Z,10.499827
2025-11-13T05:00:00.000Z,10.843563
2025-11-14T05:00:00.000Z,9.710816
2025-11-15T05:00:00.000Z,
2025-11-16T05:00:00.000Z,8.050589
2025-11-17T05:00:00.000Z,10.632641
2025-11-18T05:00:00.000Z,9.676907
2025-11-19T05:00:00.000Z,9.647178
2025-11-20T05:00:00.000Z,
2025-11-21T05:00:00.000Z,9.252239
2025-11-22T05:00:00.000Z,9.648201
2025-11-23T05:00:00.000Z,9.950073
2025-11-24T05:00:00.000Z,9.251745
2025-11-25T05:00:00.000Z,
2025-11-26T05:00:00.000Z,10.189879
2025-11-27T05:00:00.000Z,10.056053
2025-11-28T05:00:00.000Z,5.774866
2025-11-29T05:00:00.000Z,5.197501
2025-11-30T05:00:00.000Z,
2025-12-01T05:00:00.000Z,6.564577
2025-12-02T05:00:00.000Z,8.87825
2025-12-03T05:00:00.000Z,
2025-12-04T05:00:00.000Z,9.681015
2025-12-05T05:00:00.000Z,
2025-12-06T05:00:00.000Z,9.286636
2025-12-07T05:00:00.000Z,9.381238
2025-12-08T05:00:00.000Z,
2025-12-09T05:00:00.000Z,9.182064
2025-12-10T05:00:00.000Z,
2025-12-11T05:00:00.000Z,10.108805
2025-12-12T05:00:00.000Z,9.580192
2025-12-13T05:00:00.000Z,
2025-12-14T05:00:00.000Z,8.646261
2025-12-15T05:00:00.000Z,
2025-12-16T05:00:00.000Z,9.475597
2025-12-17T05:00:00.000Z,9.19144
2025-12-18T05:00:00.000Z,
2025-12-19T05:00:00.000Z,9.635526
2025-12-20T05:00:00.000Z,
2025-12-21T05:00:00.000Z,9.903448
2025-12-22T05:00:00.000Z,9.739645
2025-12-23T05:00:00.000Z,
2025-12-24T05:00:00.000Z,9.1739
2025-12-25T05:00:00.000Z,
2025-12-26T05:00:00.000Z,9.842949
2025-12-27T05:00:00.000Z,9.76815
2025-12-28T05:00:00.000Z,
2025-12-29T05:00:00.000Z,9.991369
2025-12-30T05:00:00.000Z,
2025-12-31T05:00:00.000Z,9.985922