-BEGIN HEADER-;;;;;;;;;;;;
NASA/POWER Source Native Resolution Daily Data ;;;;;;;;;;;;
Dates (month/day/year): 01/01/1995 through 12/31/2025 in LST;;;;;;;;;;;;
Location: latitude  10.9639   longitude -74.7964 ;;;;;;;;;;;;
elevation from MERRA-2: Average for 0.5 x 0.625 degree lat/lon region = 29.56 meters;;;;;;;;;;;;
The value for missing source data that cannot be computed or is outside of the sources availability range: -999 ;;;;;;;;;;;;
parameter(s): ;;;;;;;;;;;;
ALLSKY_SFC_SW_DWN     CERES SYN1deg All Sky Surface Shortwave Downward Irradiance (kW-hr/m^2/day) ;;;;;;;;;;;;
CLRSKY_SFC_SW_DWN     CERES SYN1deg Clear Sky Surface Shortwave Downward Irradiance (kW-hr/m^2/day) ;;;;;;;;;;;;
ALLSKY_KT             CERES SYN1deg All Sky Insolation Clearness Index (dimensionless) ;;;;;;;;;;;;
T2M                   MERRA-2 Temperature at 2 Meters (C) ;;;;;;;;;;;;
T2M_MAX               MERRA-2 Temperature at 2 Meters Maximum (C) ;;;;;;;;;;;;
T2M_MIN               MERRA-2 Temperature at 2 Meters Minimum (C) ;;;;;;;;;;;;
RH2M                  MERRA-2 Relative Humidity at 2 Meters (%) ;;;;;;;;;;;;
WS10M                 MERRA-2 Wind Speed at 10 Meters (m/s) ;;;;;;;;;;;;
WD10M                 MERRA-2 Wind Direction at 10 Meters (Degrees) ;;;;;;;;;;;;
PRECTOTCORR           MERRA-2 Precipitation Corrected (mm/day) ;;;;;;;;;;;;
-END HEADER-;;;;;;;;;;;;
YEAR;MO;DY;ALLSKY_SFC_SW_DWN;CLRSKY_SFC_SW_DWN;ALLSKY_KT;T2M;T2M_MAX;T2M_MIN;RH2M;WS10M;WD10M;PRECTOTCORR
1995;1;1;52.958;57.912;-999.0;27.62;31.21;24.88;71.91;8.01;47.6;0.0
1995;1;2;50.527;52.841;-999.0;27.46;30.69;25.32;73.85;8.72;46.9;0.0
1995;1;3;51.468;54.307;-999.0;27.62;31.3;25.4;74.21;8.28;48.7;0.0
1995;1;4;56.551;58.999;-999.0;27.22;30.5;25.07;73.98;7.13;46.0;0.0
1995;1;5;53.645;56.719;-999.0;26.63;29.63;24.25;74.67;7.71;42.8;0.0
1995;1;6;51.372;54.432;-999.0;26.95;30.54;24.47;70.72;7.83;49.1;0.0
1995;1;7;5.255;55.682;-999.0;26.96;30.72;24.54;71.63;7.06;46.3;0.0
1995;1;8;48.557;52.133;-999.0;26.64;30.11;24.43;74.58;7.24;40.7;0.0
1995;1;9;51.504;56.266;-999.0;26.35;28.82;24.62;70.86;7.39;39.9;0.0
1995;1;10;51.216;54.391;-999.0;26.53;29.78;24.57;70.32;7.03;40.6;0.0
1995;1;11;55.709;59.129;-999.0;26.26;29.26;23.76;73.16;6.76;43.7;0.0
1995;1;12;57.161;59.748;-999.0;26.22;29.29;23.5;72.49;6.94;45.4;0.0
1995;1;13;59.059;6.055;-999.0;26.48;30.52;23.37;75.21;5.34;46.3;0.0
1995;1;14;52.788;58.762;-999.0;27.2;31.63;24.14;77.72;4.56;45.5;0.0
1995;1;15;52.565;58.978;-999.0;27.39;31.28;24.94;79.43;4.74;40.3;0.0
1995;1;16;52.471;58.063;-999.0;27.48;31.59;24.84;77.36;6.22;35.8;0.0
1995;1;17;54.931;58.627;-999.0;27.22;30.47;25.37;76.44;7.05;37.5;0.0
1995;1;18;56.676;59.371;-999.0;27.28;30.88;24.97;77.44;6.88;37.0;0.01
1995;1;19;5.609;58.615;-999.0;27.46;31.5;25.19;76.71;6.75;35.7;0.01
1995;1;20;50.038;57.341;-999.0;27.3;30.3;25.67;79.21;7.58;38.2;0.06
1995;1;21;40.517;5.857;-999.0;27.79;31.76;25.41;80.14;6.15;35.6;0.06
1995;1;22;51.996;59.412;-999.0;27.86;31.32;25.81;76.6;7.47;40.1;0.05
1995;1;23;57.038;61.308;-999.0;27.98;31.9;25.55;70.47;7.27;43.8;0.0
1995;1;24;60.797;63.636;-999.0;27.17;30.0;25.36;73.98;7.99;42.2;0.0
1995;1;25;60.919;62.851;-999.0;27.04;29.86;25.36;75.26;9.5;40.6;0.0
1995;1;26;6.101;63.444;-999.0;27.1;30.12;25.13;72.08;9.34;45.6;0.0
1995;1;27;60.943;62.731;-999.0;27.24;30.71;24.98;69.24;8.2;44.3;0.0
1995;1;28;61.682;63.182;-999.0;27.25;31.15;24.64;71.1;7.53;45.3;0.0
1995;1;29;5.484;6.113;-999.0;27.08;31.24;24.59;76.35;6.04;42.9;0.0
1995;1;30;53.839;57.979;-999.0;27.24;31.59;24.32;75.83;5.75;39.3;0.0
1995;1;31;51.096;62.426;-999.0;26.89;31.08;24.6;75.52;6.23;40.6;0.0
1995;2;1;54.257;64.265;-999.0;27.12;31.13;24.59;72.93;6.28;37.8;0.0
1995;2;2;50.954;57.953;-999.0;27.13;30.96;24.91;73.45;7.23;40.1;0.0
1995;2;3;54.499;63.043;-999.0;27.53;31.5;25.43;70.92;7.67;36.3;0.0
1995;2;4;54.125;63.684;-999.0;27.3;31.31;25.26;69.66;7.08;31.0;0.0
1995;2;5;50.842;61.807;-999.0;26.95;30.37;25.08;71.88;7.48;30.6;0.0
1995;2;6;53.386;64.963;-999.0;27.04;30.52;25.31;72.68;7.58;31.7;0.0
1995;2;7;50.678;64.068;-999.0;27.27;30.73;25.33;72.59;7.55;37.6;0.0
1995;2;8;56.518;65.227;-999.0;27.38;31.81;24.53;72.71;6.0;36.7;0.0
1995;2;9;54.384;61.997;-999.0;26.95;30.18;25.13;73.36;8.33;33.1;0.0
1995;2;10;61.423;63.305;-999.0;27.46;30.71;25.46;71.2;7.62;37.1;0.0
1995;2;11;63.451;66.977;-999.0;27.53;31.48;24.76;71.1;7.29;41.1;0.0
1995;2;12;64.889;68.345;-999.0;27.65;31.71;24.64;72.3;6.61;44.1;0.0
1995;2;13;64.553;66.977;-999.0;27.67;31.44;24.91;71.08;6.83;41.9;0.0
1995;2;14;61.891;66.029;-999.0;27.46;31.34;24.22;69.53;8.55;43.5;0.0
1995;2;15;68.316;69.799;-999.0;27.58;31.26;25.16;66.56;9.45;46.7;0.0
1995;2;16;66.958;68.398;-999.0;27.65;31.79;24.95;65.98;8.63;44.5;0.0
1995;2;17;61.373;6.385;-999.0;27.59;31.24;24.46;68.16;8.11;46.5;0.0
1995;2;18;62.302;6.415;-999.0;27.39;30.73;24.54;67.1;8.79;45.6;0.0
1995;2;19;60.192;61.726;-999.0;27.32;31.41;24.29;67.51;8.34;42.8;0.0
1995;2;20;59.186;66.607;-999.0;26.93;30.8;24.14;69.93;6.92;34.8;0.02
1995;2;21;54.211;61.764;-999.0;26.52;29.77;24.7;75.86;6.72;21.3;0.12
1995;2;22;48.557;66.722;-999.0;26.31;29.13;24.79;75.39;6.67;21.5;0.01
1995;2;23;50.887;64.745;-999.0;26.53;29.43;24.7;75.68;6.75;34.1;0.01
1995;2;24;54.096;6.671;-999.0;27.11;31.22;24.48;72.81;6.48;32.2;0.01
1995;2;25;5.281;65.849;-999.0;27.32;31.52;25.13;71.94;7.08;31.2;0.0
1995;2;26;5.513;64.303;-999.0;27.18;30.62;25.38;72.4;7.51;33.9;0.0
1995;2;27;60.206;66.391;-999.0;27.45;31.11;25.28;70.82;7.72;36.6;0.0
1995;2;28;5.977;64.793;-999.0;27.49;31.43;25.13;72.74;7.09;35.3;0.0
1995;3;1;56.462;64.262;-999.0;27.52;31.58;25.38;72.02;6.93;35.1;0.0
1995;3;2;60.379;6.355;-999.0;27.36;30.91;25.41;72.58;7.98;33.5;0.0
1995;3;3;65.887;67.416;-999.0;27.71;31.67;25.28;71.75;9.0;35.8;0.0
1995;3;4;64.874;67.426;-999.0;27.9;31.55;25.55;69.4;9.82;40.8;0.0
1995;3;5;60.348;65.743;-999.0;28.12;32.19;25.62;66.61;8.62;41.0;0.0
1995;3;6;67.754;70.891;-999.0;27.91;31.76;25.41;67.31;8.65;42.0;0.0
1995;3;7;55.927;61.819;-999.0;27.58;31.18;24.72;70.0;7.35;41.1;0.01
1995;3;8;53.086;6.042;-999.0;27.73;32.44;25.07;70.81;6.38;42.3;0.03
1995;3;9;54.163;61.286;-999.0;27.68;32.28;24.98;71.53;6.8;33.3;0.0
1995;3;10;50.832;67.008;-999.0;26.93;30.06;25.25;73.36;8.1;28.4;0.0
1995;3;11;5.411;54.118;-999.0;26.99;30.0;25.11;72.35;8.06;33.4;0.02
1995;3;12;57.852;63.677;-999.0;27.17;30.45;25.14;72.96;6.6;34.8;0.5
1995;3;13;57.084;66.902;-999.0;27.1;30.82;24.68;74.99;6.23;30.5;0.4
1995;3;14;53.438;68.477;-999.0;27.63;31.7;25.32;72.47;5.96;33.7;1.48
1995;3;15;58.903;6.606;-999.0;27.35;30.84;25.25;73.96;6.7;33.6;1.11
1995;3;16;56.035;63.396;-999.0;27.71;31.32;25.02;73.07;5.53;42.1;0.04
1995;3;17;44.736;65.755;-999.0;28.28;32.67;25.67;71.79;6.08;44.1;0.0
1995;3;18;51.778;66.223;-999.0;28.01;31.73;25.87;74.44;6.53;36.8;0.0
1995;3;19;50.729;68.755;-999.0;27.43;30.69;25.78;75.67;6.47;23.8;0.03
1995;3;20;47.794;68.042;-999.0;27.13;29.65;25.71;74.09;5.96;10.4;0.04
1995;3;21;62.035;6.852;-999.0;26.87;29.53;25.44;72.96;5.6;12.8;0.0
1995;3;22;57.374;60.533;-999.0;26.56;29.69;24.55;73.55;5.03;12.6;0.05
1995;3;23;56.074;65.546;-999.0;26.59;29.92;24.85;75.41;4.68;2.9;0.1
1995;3;24;61.469;66.072;-999.0;27.28;30.62;24.8;75.84;4.27;9.9;0.1
1995;3;25;58.406;63.787;-999.0;28.29;32.27;25.81;75.05;5.14;28.2;1.18
1995;3;26;53.834;69.158;-999.0;28.14;30.91;26.29;78.18;7.72;40.4;1.61
1995;3;27;60.101;6.72;-999.0;28.32;31.27;26.28;74.47;8.55;41.7;0.06
1995;3;28;59.302;7.051;-999.0;28.03;31.06;26.41;72.48;9.41;39.4;0.0
1995;3;29;61.704;66.142;-999.0;27.92;31.08;26.15;73.07;9.04;38.6;0.0
1995;3;30;63.862;68.928;-999.0;28.32;31.74;26.27;73.45;8.82;39.8;0.01
1995;3;31;59.702;67.786;-999.0;28.25;32.35;25.73;73.05;8.01;41.4;0.0
1995;4;1;58.982;68.587;-999.0;28.31;32.83;25.58;73.57;6.61;36.7;0.01
1995;4;2;52.378;69.247;-999.0;28.19;32.87;25.8;75.43;5.99;36.4;0.0
1995;4;3;61.248;68.851;-999.0;27.96;31.74;25.63;75.09;8.23;36.1;0.04
1995;4;4;64.877;71.755;-999.0;28.33;32.04;26.11;69.55;8.38;40.2;0.0
1995;4;5;64.258;70.176;-999.0;28.31;32.45;25.33;70.89;6.74;41.1;0.04
1995;4;6;59.342;67.702;-999.0;28.86;33.62;25.72;73.12;5.15;38.5;0.14
1995;4;7;46.109;74.165;-999.0;28.52;32.69;26.0;76.94;3.65;22.4;0.09
1995;4;8;53.599;74.143;-999.0;28.17;31.76;26.02;78.07;5.22;24.0;0.02
1995;4;9;52.805;71.818;-999.0;28.35;32.27;26.26;75.16;5.95;34.4;0.0
1995;4;10;59.472;70.118;-999.0;28.31;31.91;26.36;72.85;6.65;32.7;0.0
1995;4;11;61.334;74.988;-999.0;28.66;32.88;26.28;71.45;7.2;35.6;0.0
1995;4;12;54.427;70.975;-999.0;28.06;31.67;26.06;74.78;7.75;32.7;0.03
1995;4;13;53.143;70.046;-999.0;27.68;31.45;25.59;74.29;7.58;33.4;0.08
1995;4;14;58.874;67.838;-999.0;26.96;30.28;24.97;76.11;7.03;26.7;0.27
1995;4;15;60.523;70.159;-999.0;27.11;29.86;25.3;75.89;6.73;24.6;0.47
1995;4;16;56.894;68.129;-999.0;28.09;31.77;25.98;72.11;7.79;35.0;0.67
1995;4;17;40.798;73.334;-999.0;27.94;32.18;25.94;79.07;6.74;40.8;13.39
1995;4;18;4.415;72.766;-999.0;27.12;30.2;25.24;83.03;6.31;38.6;4.54
1995;4;19;51.984;68.894;-999.0;27.29;30.63;25.31;78.7;6.65;38.9;1.11
1995;4;20;59.657;70.673;-999.0;27.56;31.19;25.39;72.95;6.85;37.5;0.01
1995;4;21;54.022;7.176;-999.0;27.52;31.32;24.94;72.9;7.02;39.4;0.0
1995;4;22;60.898;74.304;-999.0;27.68;31.05;25.69;73.6;7.06;37.6;0.04
1995;4;23;60.492;71.215;-999.0;27.87;31.62;25.41;76.18;5.64;41.7;0.11
1995;4;24;58.757;68.566;-999.0;28.39;32.15;25.82;76.64;6.27;40.4;0.04
1995;4;25;39.823;75.326;-999.0;27.6;29.69;26.23;84.51;4.77;43.0;10.84
1995;4;26;37.178;68.374;-999.0;27.71;29.97;26.06;84.51;5.01;49.2;14.27
1995;4;27;58.807;6.966;-999.0;27.62;30.09;26.19;83.07;6.1;43.3;6.24
1995;4;28;5.179;70.454;-999.0;27.49;29.98;25.93;82.74;3.86;46.2;5.61
1995;4;29;38.369;74.899;-999.0;27.86;31.26;26.01;82.15;3.89;29.4;10.65
1995;4;30;63.444;73.714;-999.0;27.76;30.83;26.1;83.32;3.28;25.8;8.91
1995;5;1;55.495;69.701;-999.0;27.51;29.67;26.18;85.95;2.85;22.1;1.24
1995;5;2;51.773;70.927;-999.0;27.76;30.91;26.05;84.26;3.13;35.7;1.21
1995;5;3;59.909;68.899;-999.0;27.89;30.2;26.23;84.49;5.13;36.1;1.2
1995;5;4;46.104;74.866;-999.0;28.1;30.47;26.47;81.31;6.13;42.2;0.46
1995;5;5;44.916;71.239;-999.0;27.72;29.9;26.79;82.34;5.68;42.8;8.12
1995;5;6;53.832;70.145;-999.0;28.5;32.48;26.38;74.12;5.72;35.0;3.37
1995;5;7;3.665;70.819;-999.0;27.74;30.77;25.86;75.23;5.77;31.7;0.08
1995;5;8;59.179;67.615;-999.0;28.17;32.09;25.63;74.36;4.7;36.5;0.06
1995;5;9;68.719;71.954;-999.0;28.63;32.27;26.21;75.94;6.45;39.7;0.56
1995;5;10;7.098;72.898;-999.0;28.8;32.5;26.36;75.06;5.92;42.1;0.19
1995;5;11;65.527;70.882;-999.0;28.6;31.13;26.9;78.84;5.77;51.0;0.02
1995;5;12;57.382;70.589;-999.0;29.07;32.92;26.8;76.14;6.64;44.3;0.04
1995;5;13;58.896;72.204;-999.0;28.6;32.2;26.39;77.44;6.0;44.8;0.05
1995;5;14;46.366;71.508;-999.0;28.08;31.01;26.74;80.11;4.43;47.2;0.05
1995;5;15;36.521;71.141;-999.0;27.6;29.59;26.42;81.33;5.32;41.1;8.62
1995;5;16;1.374;7.159;-999.0;26.8;28.76;25.83;85.29;5.19;27.7;14.36
1995;5;17;37.685;71.978;-999.0;27.59;30.88;25.43;78.71;3.76;41.2;3.24
1995;5;18;6.545;71.758;-999.0;28.19;31.69;26.22;79.28;5.27;42.7;4.14
1995;5;19;43.145;71.935;-999.0;28.05;31.33;26.43;81.61;4.51;42.9;3.6
1995;5;20;56.033;71.134;-999.0;28.27;30.67;26.76;82.85;4.22;41.4;2.67
1995;5;21;60.571;70.368;-999.0;28.85;32.15;26.61;79.1;4.39;39.1;0.9
1995;5;22;55.706;71.129;-999.0;28.61;31.23;26.98;81.8;4.12;41.0;2.09
1995;5;23;49.498;71.227;-999.0;28.65;31.91;26.69;79.07;4.27;48.5;2.53
1995;5;24;47.093;71.246;-999.0;27.88;30.18;26.53;83.47;4.59;43.6;12.86
1995;5;25;5.382;71.734;-999.0;27.48;29.64;26.63;83.68;3.12;62.6;8.74
1995;5;26;52.238;7.032;-999.0;27.14;29.09;26.14;84.91;4.31;44.3;13.73
1995;5;27;64.382;71.935;-999.0;26.83;28.4;25.86;87.04;4.72;50.1;4.13
1995;5;28;48.269;71.335;-999.0;26.33;27.25;25.7;89.19;5.57;44.4;4.54
1995;5;29;59.892;71.021;-999.0;26.97;29.71;25.43;86.25;5.31;43.4;6.84
1995;5;30;45.886;71.638;-999.0;27.29;29.78;25.75;86.08;4.54;52.1;3.36
1995;5;31;5.969;69.331;-999.0;27.44;30.07;25.85;84.81;3.37;56.2;1.73
1995;6;1;55.726;71.412;-999.0;27.38;29.49;25.9;86.36;3.63;53.1;3.53
1995;6;2;54.406;71.134;-999.0;26.88;28.24;25.81;89.61;3.9;26.8;2.03
1995;6;3;45.787;68.398;-999.0;27.79;30.27;26.23;84.51;2.89;42.8;1.97
1995;6;4;61.613;68.362;-999.0;28.06;30.23;26.58;82.98;3.05;57.5;1.85
1995;6;5;55.553;70.666;-999.0;28.85;32.45;26.79;80.34;4.68;43.6;4.81
1995;6;6;44.645;71.822;-999.0;28.57;31.72;26.44;79.65;2.81;52.4;4.39
1995;6;7;41.388;67.997;-999.0;27.14;28.66;25.81;86.09;1.9;37.0;5.9
1995;6;8;49.457;70.025;-999.0;27.77;29.93;26.64;83.56;4.6;45.8;3.85
1995;6;9;51.559;69.938;-999.0;28.25;30.07;26.99;82.7;5.47;50.6;0.71
1995;6;10;6.127;67.608;-999.0;28.64;30.71;26.91;82.45;5.06;50.4;1.61
1995;6;11;65.218;71.858;-999.0;28.8;30.69;27.43;84.49;5.7;47.9;0.61
1995;6;12;44.064;69.662;-999.0;28.99;31.57;27.6;84.19;3.52;37.9;2.9
1995;6;13;22.968;70.778;-999.0;27.95;29.85;26.85;87.61;4.46;30.1;2.85
1995;6;14;51.566;68.808;-999.0;27.28;28.75;26.01;88.25;4.74;36.8;6.38
1995;6;15;51.631;67.298;-999.0;28.24;30.22;26.65;80.71;4.54;51.4;3.77
1995;6;16;60.089;6.745;-999.0;28.84;32.14;26.55;78.83;5.19;45.4;1.04
1995;6;17;51.931;69.502;-999.0;28.82;31.32;27.17;82.35;4.69;55.9;2.39
1995;6;18;49.375;68.117;-999.0;28.41;30.22;27.28;83.49;3.19;65.7;4.25
1995;6;19;34.812;69.859;-999.0;28.2;29.9;27.34;86.15;2.03;47.9;9.33
1995;6;20;53.328;69.485;-999.0;28.64;32.15;26.81;79.52;2.71;40.1;4.44
1995;6;21;60.797;69.943;-999.0;28.36;30.4;27.16;83.67;3.28;40.7;2.78
1995;6;22;65.095;70.118;-999.0;29.9;33.29;27.7;76.69;4.81;51.9;0.94
1995;6;23;50.069;70.848;-999.0;29.67;33.31;27.39;77.8;3.82;57.7;5.6
1995;6;24;52.164;6.935;-999.0;28.36;30.15;26.71;82.03;2.73;28.4;4.48
1995;6;25;61.723;67.807;-999.0;29.35;33.33;27.09;76.05;4.54;49.3;0.26
1995;6;26;65.088;69.886;-999.0;29.46;32.96;26.95;74.45;5.52;49.3;0.08
1995;6;27;54.358;68.741;-999.0;28.85;31.12;27.49;79.65;6.18;47.8;0.16
1995;6;28;63.326;69.319;-999.0;29.04;32.0;27.39;77.27;5.31;46.5;0.1
1995;6;29;63.427;70.675;-999.0;28.49;30.87;27.15;79.81;4.75;45.5;0.35
1995;6;30;26.635;69.682;-999.0;28.66;31.51;27.24;81.07;4.96;44.6;1.24
1995;7;1;63.744;69.283;-999.0;28.4;30.97;27.27;81.71;3.76;54.6;1.47
1995;7;2;60.142;69.146;-999.0;29.09;32.98;26.68;76.81;5.51;49.0;0.2
1995;7;3;63.317;71.388;-999.0;29.01;32.2;27.14;75.62;6.69;53.9;1.22
1995;7;4;42.631;70.505;-999.0;28.0;30.35;26.61;81.47;5.13;49.6;3.09
1995;7;5;4.686;68.417;-999.0;26.9;28.0;26.09;88.31;4.33;43.3;14.53
1995;7;6;51.002;71.482;-999.0;26.79;28.8;25.99;86.75;3.76;50.5;10.92
1995;7;7;60.439;7.032;-999.0;27.73;29.79;26.18;84.48;3.73;53.0;3.54
1995;7;8;65.297;69.955;-999.0;28.28;30.94;26.64;81.97;4.6;51.3;1.41
1995;7;9;63.055;7.027;-999.0;29.04;32.9;26.73;78.02;5.46;52.1;0.33
1995;7;10;64.656;71.827;-999.0;28.71;31.46;27.03;81.34;5.44;58.2;0.33
1995;7;11;65.748;70.994;-999.0;28.3;31.6;26.35;78.62;6.2;48.2;0.31
1995;7;12;55.982;69.216;-999.0;28.04;31.67;25.72;78.93;5.07;47.2;0.16
1995;7;13;32.693;70.452;-999.0;27.58;30.2;25.91;81.62;4.58;42.7;0.2
1995;7;14;50.172;67.793;-999.0;27.62;29.8;26.36;83.89;4.26;37.6;0.33
1995;7;15;61.042;69.214;-999.0;28.17;31.38;26.18;78.85;5.91;35.1;1.87
1995;7;16;51.905;66.874;-999.0;27.77;30.08;26.58;86.74;5.12;39.8;11.65
1995;7;17;50.911;68.681;-999.0;27.7;29.41;26.6;87.35;2.76;50.8;20.14
1995;7;18;46.723;69.571;-999.0;28.13;30.8;26.59;83.36;4.59;42.2;8.58
1995;7;19;58.795;69.031;-999.0;28.11;30.14;26.9;85.53;5.12;48.4;7.1
1995;7;20;49.224;68.278;-999.0;28.2;30.85;26.62;83.11;5.16;53.2;4.51
1995;7;21;4.811;67.862;-999.0;27.71;30.04;26.47;85.3;5.11;56.1;25.93
1995;7;22;51.007;68.345;-999.0;27.44;28.98;26.34;85.58;3.44;49.4;16.74
1995;7;23;51.629;68.652;-999.0;28.08;30.8;26.65;82.55;5.8;45.1;16.05
1995;7;24;39.547;71.215;-999.0;27.72;30.01;26.54;83.52;5.84;47.3;7.18
1995;7;25;49.654;70.111;-999.0;27.18;28.28;26.45;88.18;3.75;51.6;20.23
1995;7;26;32.674;70.685;-999.0;27.46;28.87;26.27;88.2;4.14;62.6;33.84
1995;7;27;29.275;7.195;-999.0;27.53;29.7;25.96;86.93;3.61;34.6;28.26
1995;7;28;25.219;71.954;-999.0;26.74;27.3;26.26;90.91;3.65;258.3;47.64
1995;7;29;67.243;70.992;-999.0;26.87;29.07;25.77;86.67;1.86;355.3;2.6
1995;7;30;65.251;69.994;-999.0;27.66;29.92;26.08;86.16;3.05;34.4;0.79
1995;7;31;65.921;70.406;-999.0;27.71;29.63;26.68;86.21;2.68;34.7;3.22
1995;8;1;49.358;67.282;-999.0;27.1;29.52;25.29;80.16;1.57;308.2;3.41
1995;8;2;39.492;68.532;-999.0;26.06;26.85;25.27;89.86;3.38;308.2;8.01
1995;8;3;46.942;67.469;-999.0;26.46;27.16;25.81;91.72;3.46;15.4;3.76
1995;8;4;55.123;68.616;-999.0;27.17;28.64;26.21;84.52;2.56;46.8;2.16
1995;8;5;63.749;69.845;-999.0;26.62;29.16;25.25;85.3;2.53;18.2;4.97
1995;8;6;60.852;71.827;-999.0;27.91;30.72;25.59;76.2;2.21;313.7;1.76
1995;8;7;70.181;72.216;-999.0;28.48;30.31;27.07;84.88;3.39;41.4;0.62
1995;8;8;6.425;70.927;-999.0;28.71;30.54;27.61;85.54;4.34;44.4;2.18
1995;8;9;49.589;71.472;-999.0;28.08;29.71;26.48;85.43;3.21;65.6;9.83
1995;8;10;24.821;71.798;-999.0;26.18;26.91;25.52;90.53;3.24;250.1;25.79
1995;8;11;5.321;69.955;-999.0;26.32;27.99;25.23;87.87;2.12;236.9;13.31
1995;8;12;52.958;69.293;-999.0;26.49;28.03;25.39;89.36;2.36;339.8;9.54
1995;8;13;53.273;68.779;-999.0;27.36;28.84;26.19;88.9;4.65;24.3;10.46
1995;8;14;43.003;69.242;-999.0;27.99;30.24;26.39;83.7;2.51;53.3;17.5
1995;8;15;56.882;70.217;-999.0;27.2;29.57;26.12;87.9;2.24;18.2;20.81
1995;8;16;54.158;71.722;-999.0;26.14;26.59;25.72;90.06;2.66;217.0;15.63
1995;8;17;61.277;69.886;-999.0;28.03;30.49;26.08;80.05;2.81;40.3;4.69
1995;8;18;65.892;70.759;-999.0;27.81;29.56;26.53;83.68;2.82;41.7;14.81
1995;8;19;45.134;71.138;-999.0;27.58;30.45;26.05;81.72;2.52;236.2;15.28
1995;8;20;46.498;71.832;-999.0;27.14;29.38;25.49;82.32;1.52;342.6;19.5
1995;8;21;57.338;70.735;-999.0;27.34;29.19;25.78;85.5;2.9;32.6;8.2
1995;8;22;57.235;69.581;-999.0;28.11;30.6;26.92;85.38;4.66;37.2;17.69
1995;8;23;47.465;7.109;-999.0;28.09;30.05;27.19;84.97;4.41;40.4;11.77
1995;8;24;63.336;71.198;-999.0;28.52;30.89;26.92;78.08;2.39;31.8;7.04
1995;8;25;50.225;70.294;-999.0;28.06;30.34;26.57;81.48;1.83;344.3;5.85
1995;8;26;66.982;71.242;-999.0;27.91;30.35;26.3;80.66;2.18;8.7;12.04
1995;8;27;65.162;70.404;-999.0;28.19;31.04;26.5;81.36;3.56;28.5;18.71
1995;8;28;56.328;7.037;-999.0;27.32;28.81;26.05;87.67;3.25;41.5;33.14
1995;8;29;55.056;70.548;-999.0;26.78;28.22;25.4;87.71;2.5;17.5;13.51
1995;8;30;62.834;6.995;-999.0;28.0;30.47;26.49;86.33;3.38;29.9;5.94
1995;8;31;65.419;71.155;-999.0;28.75;31.13;27.38;86.19;3.95;32.1;7.65
1995;9;1;6.265;72.554;-999.0;28.39;30.94;27.17;83.44;2.65;32.1;8.43
1995;9;2;53.285;70.661;-999.0;28.17;30.56;26.83;85.33;2.17;24.6;10.63
1995;9;3;68.966;7.44;-999.0;28.44;30.55;26.83;86.06;3.24;35.7;1.95
1995;9;4;7.098;74.628;-999.0;29.08;31.0;27.81;84.26;3.82;53.6;1.43
1995;9;5;56.086;72.658;-999.0;28.6;30.56;27.24;83.51;3.79;53.0;2.16
1995;9;6;61.709;6.997;-999.0;27.95;30.11;26.63;83.19;2.51;44.7;2.47
1995;9;7;61.582;69.941;-999.0;27.76;30.69;25.99;81.1;1.65;316.4;2.67
1995;9;8;57.026;7.243;-999.0;27.16;29.74;25.63;82.44;3.03;9.7;3.29
1995;9;9;66.706;69.492;-999.0;27.74;30.13;25.51;88.68;4.49;30.9;3.69
1995;9;10;64.951;70.394;-999.0;27.96;29.42;27.11;87.75;3.56;46.3;2.75
1995;9;11;37.858;68.842;-999.0;28.08;29.7;27.29;87.0;4.05;44.9;11.54
1995;9;12;52.246;69.151;-999.0;28.1;30.45;26.33;82.33;2.81;48.0;12.05
1995;9;13;41.731;74.573;-999.0;26.6;27.55;25.92;89.89;2.64;87.3;10.57
1995;9;14;50.074;7.285;-999.0;27.62;29.54;26.45;83.85;2.05;33.7;4.64
1995;9;15;61.874;68.868;-999.0;27.93;30.03;26.91;84.23;2.38;32.4;5.98
1995;9;16;58.042;69.727;-999.0;28.04;30.72;26.54;80.95;3.42;41.1;5.98
1995;9;17;63.936;7.056;-999.0;27.95;30.58;26.1;78.77;2.58;16.7;1.47
1995;9;18;56.993;69.324;-999.0;26.91;28.17;26.16;86.24;2.65;20.5;2.71
1995;9;19;64.054;69.991;-999.0;27.95;30.53;26.0;86.36;2.98;36.8;1.5
1995;9;20;62.952;70.567;-999.0;28.41;29.63;27.57;86.09;3.71;60.4;2.69
1995;9;21;66.715;69.662;-999.0;28.4;30.02;26.89;81.71;3.62;49.9;2.84
1995;9;22;44.604;70.843;-999.0;27.48;29.15;26.21;82.1;3.46;50.2;2.77
1995;9;23;4.343;73.409;-999.0;27.27;28.32;26.32;85.99;3.32;130.9;4.46
1995;9;24;52.159;69.768;-999.0;26.71;28.17;25.65;85.4;1.32;264.9;2.98
1995;9;25;58.133;70.572;-999.0;27.2;28.97;26.07;82.79;1.35;344.1;5.68
1995;9;26;56.035;72.929;-999.0;26.95;28.32;26.1;87.76;3.11;11.6;6.09
1995;9;27;36.751;73.272;-999.0;26.92;27.9;26.22;89.94;4.26;348.2;3.36
1995;9;28;61.121;69.545;-999.0;28.32;29.99;26.93;84.06;4.25;47.0;5.79
1995;9;29;59.645;69.526;-999.0;28.8;30.78;27.54;80.41;2.17;45.6;2.54
1995;9;30;59.486;68.897;-999.0;27.62;29.62;26.2;82.16;2.19;164.1;6.22
1995;10;1;47.441;69.516;-999.0;27.3;28.65;26.45;85.22;2.61;28.2;10.48
1995;10;2;63.581;70.838;-999.0;27.01;28.19;26.04;83.35;1.85;236.5;7.53
1995;10;3;45.386;72.962;-999.0;27.26;28.56;26.17;83.52;1.65;306.5;1.79
1995;10;4;65.052;70.354;-999.0;28.21;30.15;26.42;83.08;3.56;36.1;1.12
1995;10;5;34.903;70.529;-999.0;27.79;29.17;26.53;82.88;3.78;23.8;3.35
1995;10;6;50.138;71.407;-999.0;26.49;27.85;25.54;85.37;1.79;248.3;5.45
1995;10;7;52.526;70.315;-999.0;27.44;29.67;25.86;82.37;2.14;354.3;1.25
1995;10;8;51.235;66.576;-999.0;27.33;29.28;26.19;85.52;2.24;317.7;8.61
1995;10;9;38.136;69.245;-999.0;27.24;29.96;25.71;86.17;1.85;11.3;19.61
1995;10;10;28.654;69.624;-999.0;26.34;27.58;25.5;85.31;2.0;44.7;20.42
1995;10;11;5.597;68.378;-999.0;26.13;28.27;24.69;85.68;1.82;209.2;19.48
1995;10;12;45.936;69.487;-999.0;26.33;27.92;25.12;86.52;2.95;210.4;6.65
1995;10;13;5.592;65.909;-999.0;26.46;28.41;25.15;86.78;2.27;242.7;13.36
1995;10;14;48.192;66.499;-999.0;26.93;28.6;25.69;88.02;2.42;359.5;14.82
1995;10;15;55.944;67.879;-999.0;27.72;30.15;26.47;85.12;2.05;208.7;38.71
1995;10;16;10.879;68.568;-999.0;26.98;28.51;25.93;80.49;1.75;169.4;24.5
1995;10;17;37.447;68.688;-999.0;27.46;28.91;26.02;76.44;2.02;57.1;28.9
1995;10;18;32.251;68.213;-999.0;27.5;29.67;26.04;77.37;1.84;315.5;9.17
1995;10;19;52.675;64.538;-999.0;27.03;29.29;25.57;84.1;2.84;348.5;7.32
1995;10;20;56.122;65.729;-999.0;26.76;28.82;25.6;83.05;2.49;341.9;4.11
1995;10;21;50.777;65.729;-999.0;26.82;29.36;25.24;80.84;1.9;359.0;8.35
1995;10;22;57.084;67.562;-999.0;26.75;27.96;25.77;88.07;3.36;21.9;8.93
1995;10;23;51.343;66.682;-999.0;27.58;29.66;26.24;82.52;3.55;42.2;2.18
1995;10;24;59.976;66.689;-999.0;27.37;28.45;26.45;85.52;3.32;44.9;1.21
1995;10;25;51.653;65.753;-999.0;27.35;29.59;26.1;84.98;2.43;12.3;1.45
1995;10;26;49.692;63.113;-999.0;27.7;29.81;26.14;79.19;1.13;301.6;5.96
1995;10;27;47.369;66.703;-999.0;27.16;28.75;25.93;82.49;1.58;278.0;3.14
1995;10;28;5.544;64.358;-999.0;26.86;28.27;26.05;85.5;2.19;20.7;0.39
1995;10;29;53.201;64.334;-999.0;27.71;29.91;25.96;84.97;3.24;38.3;0.47
1995;10;30;59.386;65.719;-999.0;28.46;30.78;26.95;81.23;5.83;49.5;0.11
1995;10;31;4.949;62.551;-999.0;28.26;30.81;26.74;80.61;6.68;50.4;0.12
1995;11;1;58.022;64.166;-999.0;28.16;30.75;26.88;80.32;6.29;44.9;0.44
1995;11;2;49.711;63.367;-999.0;27.57;29.32;26.48;84.52;5.71;50.0;1.81
1995;11;3;45.946;63.878;-999.0;27.59;29.36;26.56;84.09;5.23;52.6;1.98
1995;11;4;57.926;6.343;-999.0;27.89;29.76;26.76;83.99;6.38;46.7;1.31
1995;11;5;60.934;64.589;-999.0;28.07;30.42;26.66;82.19;6.84;47.9;0.67
1995;11;6;48.427;65.885;-999.0;28.06;30.62;26.73;82.18;7.04;46.0;0.81
1995;11;7;56.143;62.717;-999.0;27.9;30.76;26.49;83.79;5.15;41.8;1.13
1995;11;8;46.997;65.904;-999.0;27.24;28.64;26.27;87.82;4.94;28.9;4.89
1995;11;9;40.075;63.924;-999.0;27.54;29.13;26.64;86.06;5.99;45.4;3.54
1995;11;10;49.476;61.397;-999.0;28.07;30.52;26.71;81.67;6.18;50.7;2.21
1995;11;11;5.873;62.174;-999.0;28.0;30.63;26.24;80.79;6.01;50.7;0.26
1995;11;12;47.474;59.069;-999.0;27.5;30.05;26.01;77.37;6.04;42.0;0.0
1995;11;13;44.957;60.989;-999.0;26.96;28.7;25.74;81.7;4.48;37.1;0.01
1995;11;14;50.712;63.504;-999.0;27.75;30.71;25.82;79.54;3.54;41.6;0.19
1995;11;15;5.37;62.964;-999.0;27.52;28.68;26.7;84.79;5.26;39.6;0.03
1995;11;16;48.614;60.367;-999.0;27.93;29.71;26.76;85.69;5.65;46.1;0.71
1995;11;17;37.572;60.739;-999.0;27.64;28.82;26.78;84.51;5.08;57.6;0.6
1995;11;18;34.994;62.465;-999.0;27.34;28.35;26.58;84.07;2.62;63.9;0.3
1995;11;19;49.658;61.339;-999.0;27.51;29.32;26.43;84.56;4.0;51.1;0.37
1995;11;20;5.232;58.248;-999.0;27.47;28.96;26.66;84.72;4.68;50.8;0.24
1995;11;21;45.281;60.967;-999.0;27.11;27.99;26.43;84.3;3.29;68.6;4.39
1995;11;22;34.646;6.233;-999.0;27.51;29.45;26.25;84.98;3.89;32.8;8.98
1995;11;23;49.013;58.973;-999.0;28.27;30.95;26.73;82.66;6.35;47.6;1.46
1995;11;24;48.456;58.927;-999.0;27.54;28.86;26.7;86.15;5.84;53.4;2.66
1995;11;25;41.729;6.102;-999.0;27.23;29.05;26.24;86.44;2.88;58.5;7.05
1995;11;26;42.314;59.021;-999.0;27.59;30.25;26.17;81.45;3.19;37.1;1.88
1995;11;27;50.333;5.856;-999.0;27.82;30.59;26.14;81.82;3.13;42.6;0.06
1995;11;28;56.194;5.982;-999.0;28.02;31.12;26.12;79.4;5.4;53.7;0.0
1995;11;29;55.747;61.243;-999.0;27.83;30.68;25.96;79.61;5.57;52.6;0.0
1995;11;30;5.845;60.773;-999.0;27.96;31.26;25.91;78.5;6.18;49.9;0.0
1995;12;1;5.586;59.873;-999.0;27.47;29.69;26.21;78.99;7.79;46.4;0.7
1995;12;2;55.814;58.649;-999.0;27.47;29.88;25.88;80.04;7.69;47.0;0.7
1995;12;3;52.159;59.909;-999.0;27.47;29.8;26.2;79.93;7.4;42.3;0.23
1995;12;4;49.198;57.802;-999.0;27.59;30.57;25.8;80.1;5.67;44.5;0.42
1995;12;5;44.066;57.074;-999.0;27.21;29.38;25.91;79.16;6.44;44.8;0.26
1995;12;6;53.959;5.927;-999.0;27.04;29.61;25.63;77.96;5.99;45.3;0.03
1995;12;7;5.257;56.755;-999.0;27.0;29.98;25.11;79.15;5.2;42.2;0.0
1995;12;8;56.978;60.806;-999.0;27.2;30.23;25.65;80.02;6.22;44.4;0.01
1995;12;9;5.507;58.459;-999.0;26.87;29.53;25.06;77.76;7.1;46.2;0.01
1995;12;10;52.944;58.459;-999.0;26.85;29.38;25.49;79.8;7.35;42.0;0.18
1995;12;11;4.543;58.531;-999.0;26.62;28.78;25.55;79.82;7.19;37.4;0.1
1995;12;12;50.566;5.723;-999.0;26.55;28.95;25.32;82.38;5.87;44.3;0.0
1995;12;13;46.253;5.639;-999.0;26.73;29.27;25.09;82.3;5.86;46.5;0.01
1995;12;14;53.666;57.804;-999.0;26.86;29.17;25.43;81.38;5.5;49.7;0.0
1995;12;15;4.481;5.813;-999.0;26.9;29.72;25.18;79.46;6.34;46.2;0.0
1995;12;16;54.358;5.819;-999.0;26.68;29.63;24.84;81.23;5.34;48.1;0.0
1995;12;17;56.146;59.712;-999.0;27.08;30.55;25.26;79.53;3.81;49.3;0.0
1995;12;18;5.207;5.675;-999.0;27.16;30.83;25.08;79.76;3.89;47.3;0.02
1995;12;19;47.798;5.718;-999.0;27.55;30.37;25.65;82.81;3.4;41.6;0.41
1995;12;20;37.927;59.678;-999.0;26.99;28.61;25.93;87.37;2.35;18.3;1.45
1995;12;21;39.905;60.082;-999.0;27.44;30.72;25.68;84.83;3.64;26.8;0.81
1995;12;22;53.282;57.694;-999.0;27.66;30.0;26.27;84.89;4.34;36.2;0.26
1995;12;23;38.292;5.677;-999.0;27.06;28.46;26.21;88.32;4.9;35.9;0.66
1995;12;24;44.064;55.308;-999.0;26.73;28.17;25.92;89.57;3.24;48.9;1.46
1995;12;25;41.258;58.464;-999.0;27.05;28.7;26.18;85.19;6.61;38.7;0.96
1995;12;26;48.298;59.659;-999.0;27.31;28.73;26.4;79.72;8.08;44.8;0.3
1995;12;27;53.978;5.795;-999.0;27.53;30.37;25.86;77.34;6.39;49.3;0.0
1995;12;28;51.713;59.894;-999.0;27.17;30.22;25.0;79.01;5.45;50.5;0.0
1995;12;29;46.802;57.698;-999.0;27.63;31.04;25.41;77.73;4.59;54.4;0.0
1995;12;30;54.468;58.906;-999.0;27.94;31.56;25.69;74.42;6.07;51.7;0.0
1995;12;31;57.869;59.515;-999.0;27.31;30.37;24.88;76.2;6.06;51.1;0.0
1996;1;1;51.583;55.406;-999.0;27.56;31.07;25.2;74.86;4.83;53.9;0.01
1996;1;2;54.154;58.332;-999.0;27.58;31.42;24.94;76.41;3.42;54.8;0.0
1996;1;3;51.562;57.163;-999.0;27.83;31.54;25.74;74.07;4.79;49.7;0.0
1996;1;4;52.207;58.874;-999.0;27.75;30.95;25.62;74.13;7.06;46.0;0.0
1996;1;5;57.674;60.134;-999.0;27.25;29.59;25.71;75.21;7.72;46.1;0.01
1996;1;6;57.847;60.408;-999.0;27.71;31.05;25.33;75.28;7.26;46.9;0.01
1996;1;7;57.818;59.309;-999.0;27.59;31.09;25.17;75.63;5.56;46.6;0.0
1996;1;8;55.183;59.345;-999.0;27.77;31.88;25.62;76.55;4.88;42.7;0.0
1996;1;9;51.257;59.354;-999.0;27.33;29.96;25.87;77.19;7.05;36.0;0.0
1996;1;10;55.128;59.102;-999.0;27.41;30.45;25.22;75.72;7.08;43.3;0.01
1996;1;11;58.061;60.641;-999.0;27.83;31.38;25.64;74.08;7.32;47.0;0.09
1996;1;12;55.858;58.968;-999.0;27.81;31.9;25.22;74.52;5.62;43.3;0.0
1996;1;13;48.365;5.749;-999.0;27.15;30.61;25.24;80.3;3.15;15.7;1.32
1996;1;14;50.431;60.679;-999.0;26.62;29.29;24.93;79.6;6.0;31.5;1.93
1996;1;15;5.208;59.578;-999.0;27.18;30.07;25.36;77.03;8.02;45.2;0.38
1996;1;16;57.317;59.138;-999.0;27.31;30.16;25.5;73.51;8.01;44.0;0.61
1996;1;17;56.582;5.981;-999.0;27.84;31.5;25.09;75.15;6.14;44.8;0.12
1996;1;18;51.274;59.426;-999.0;27.75;31.49;25.35;75.8;5.48;46.7;0.12
1996;1;19;56.734;6.126;-999.0;27.36;30.59;24.91;75.55;6.43;43.8;0.11
1996;1;20;5.563;6.127;-999.0;27.46;30.35;25.64;75.52;7.51;41.3;1.35
1996;1;21;56.453;59.078;-999.0;27.73;31.02;25.7;74.72;7.85;45.0;0.02
1996;1;22;51.996;59.134;-999.0;27.32;30.07;25.68;74.83;8.0;43.1;0.01
1996;1;23;56.069;61.387;-999.0;27.06;29.52;25.51;70.98;8.28;46.1;0.0
1996;1;24;60.012;62.338;-999.0;27.08;30.47;24.85;68.14;7.81;43.8;0.0
1996;1;25;59.323;61.666;-999.0;26.47;29.37;24.84;70.2;8.67;44.6;0.0
1996;1;26;60.569;63.478;-999.0;26.23;28.9;24.52;67.8;9.06;45.7;0.0
1996;1;27;54.626;58.697;-999.0;26.16;29.08;24.07;69.2;8.19;44.0;0.0
1996;1;28;60.557;61.918;-999.0;26.17;29.12;24.24;70.81;8.25;43.8;0.0
1996;1;29;61.874;63.274;-999.0;26.22;29.5;23.51;71.77;6.52;41.2;0.0
1996;1;30;54.706;61.565;-999.0;26.41;30.08;23.36;73.43;6.65;44.5;0.0
1996;1;31;50.844;61.162;-999.0;26.48;29.74;23.9;74.09;6.97;41.3;0.0
1996;2;1;6.107;63.665;-999.0;26.91;30.3;24.12;73.37;7.21;42.6;0.0
1996;2;2;5.874;63.634;-999.0;27.18;30.75;24.26;73.67;7.14;46.8;0.0
1996;2;3;56.525;63.312;-999.0;27.5;31.08;24.86;72.81;7.35;44.2;0.0
1996;2;4;5.971;63.559;-999.0;27.05;30.19;25.0;72.16;8.13;38.6;0.0
1996;2;5;5.653;63.422;-999.0;26.83;29.65;25.06;72.91;9.1;38.9;0.06
1996;2;6;58.202;63.468;-999.0;27.04;30.07;25.05;71.59;6.89;40.1;0.02
1996;2;7;54.082;65.081;-999.0;27.35;31.22;24.92;72.75;6.54;39.5;0.02
1996;2;8;58.579;63.895;-999.0;27.28;30.18;25.71;75.63;7.54;35.9;0.07
1996;2;9;54.089;62.208;-999.0;26.72;28.93;25.42;80.2;7.71;36.4;0.1
1996;2;10;53.832;62.122;-999.0;26.89;29.06;25.45;81.06;7.1;40.6;0.04
1996;2;11;60.238;6.336;-999.0;27.62;31.16;25.42;76.33;7.72;40.2;0.0
1996;2;12;62.554;64.867;-999.0;27.75;31.38;25.51;75.43;7.76;39.2;0.0
1996;2;13;5.963;6.503;-999.0;27.36;30.35;25.57;75.59;9.27;39.3;0.0
1996;2;14;6.139;66.396;-999.0;27.42;30.63;25.36;73.14;8.5;38.0;0.0
1996;2;15;61.579;64.922;-999.0;27.56;30.72;25.65;75.69;6.62;37.2;0.0
1996;2;16;60.559;65.018;-999.0;27.89;32.06;25.7;75.95;6.3;32.8;0.0
1996;2;17;39.658;66.926;-999.0;26.81;28.8;25.66;79.39;7.43;31.1;0.0
1996;2;18;44.681;6.168;-999.0;27.0;29.75;25.49;72.89;8.27;29.3;0.0
1996;2;19;59.443;66.048;-999.0;27.34;30.59;25.43;71.74;8.14;34.7;0.0
1996;2;20;51.182;61.793;-999.0;27.5;31.1;25.62;72.89;7.38;36.7;0.0
1996;2;21;58.721;65.436;-999.0;27.25;30.62;25.75;72.01;7.69;34.3;0.0
1996;2;22;51.036;61.433;-999.0;27.15;29.89;25.35;73.49;7.88;34.7;0.0
1996;2;23;54.348;64.778;-999.0;27.44;31.05;25.34;72.83;7.65;35.5;0.0
1996;2;24;6.547;67.927;-999.0;27.58;30.62;25.67;71.02;8.83;38.4;0.0
1996;2;25;6.516;6.727;-999.0;27.91;31.12;25.94;70.7;9.22;43.1;0.0
1996;2;26;61.618;65.861;-999.0;27.76;30.74;25.87;71.14;8.97;42.1;0.0
1996;2;27;55.495;64.838;-999.0;27.73;30.81;26.0;69.36;8.63;42.1;0.0
1996;2;28;45.103;68.318;-999.0;27.31;29.97;25.8;71.69;7.73;43.5;0.0
1996;2;29;45.338;6.421;-999.0;27.4;30.92;25.06;72.32;7.47;39.9;0.0
1996;3;1;47.506;70.483;-999.0;27.36;30.58;25.41;73.0;7.31;42.4;0.0
1996;3;2;42.809;68.921;-999.0;27.43;30.16;25.58;76.1;5.79;46.9;0.0
1996;3;3;55.133;69.048;-999.0;27.33;30.38;25.37;76.09;6.9;40.2;0.0
1996;3;4;6.216;67.054;-999.0;27.3;29.64;25.81;71.4;9.38;41.8;0.0
1996;3;5;66.002;69.149;-999.0;27.62;30.86;25.42;67.26;9.93;43.1;0.0
1996;3;6;6.295;67.618;-999.0;27.73;31.63;25.12;68.8;7.6;41.8;0.0
1996;3;7;5.629;6.757;-999.0;27.63;31.57;24.99;72.31;6.19;41.0;0.0
1996;3;8;54.509;64.118;-999.0;27.99;32.62;25.36;74.06;5.47;41.6;0.2
1996;3;9;59.921;64.646;-999.0;27.7;31.34;25.46;75.84;6.28;32.3;0.07
1996;3;10;46.438;65.899;-999.0;27.49;31.04;25.49;78.88;4.49;20.5;4.91
1996;3;11;43.769;70.332;-999.0;26.42;28.96;24.92;83.54;5.39;6.4;6.13
1996;3;12;22.217;70.752;-999.0;25.88;27.85;24.59;84.38;7.49;14.2;1.62
1996;3;13;48.588;65.141;-999.0;26.16;28.5;24.76;80.91;8.18;19.2;1.21
1996;3;14;53.594;62.722;-999.0;26.17;28.36;24.78;79.21;7.14;17.9;0.42
1996;3;15;50.954;64.654;-999.0;26.27;28.64;24.85;76.82;6.72;23.2;0.37
1996;3;16;59.438;66.703;-999.0;26.51;29.28;24.76;76.65;6.07;26.7;0.4
1996;3;17;58.298;64.915;-999.0;27.56;31.72;25.1;74.22;6.38;34.8;0.38
1996;3;18;59.794;70.013;-999.0;27.77;31.92;25.32;73.56;5.86;39.6;0.0
1996;3;19;6.097;70.915;-999.0;27.9;32.62;24.95;75.17;5.97;37.0;0.0
1996;3;20;59.618;66.002;-999.0;28.08;31.68;26.06;72.26;8.08;34.8;0.01
1996;3;21;48.065;65.722;-999.0;27.49;29.78;26.24;72.29;8.42;28.6;0.03
1996;3;22;51.821;64.152;-999.0;27.29;29.46;26.03;74.18;7.09;31.7;0.0
1996;3;23;6.048;69.499;-999.0;27.81;30.91;25.86;71.05;8.14;40.2;0.0
1996;3;24;63.526;68.364;-999.0;27.84;30.86;25.81;69.97;8.22;39.1;0.0
1996;3;25;65.366;70.066;-999.0;28.12;31.31;25.72;70.88;8.65;43.0;0.0
1996;3;26;58.582;69.953;-999.0;27.49;29.76;25.95;70.94;7.85;43.3;0.0
1996;3;27;66.302;71.419;-999.0;28.31;31.96;25.65;67.42;8.39;44.4;0.0
1996;3;28;65.191;68.023;-999.0;28.45;32.04;25.99;66.69;8.18;44.2;0.0
1996;3;29;59.606;66.588;-999.0;27.6;30.95;25.79;72.22;7.55;40.2;0.0
1996;3;30;57.768;70.414;-999.0;27.29;30.43;24.92;74.96;7.2;36.3;0.0
1996;3;31;64.075;70.097;-999.0;27.32;30.75;24.83;76.55;6.64;34.7;0.0
1996;4;1;45.202;67.517;-999.0;27.82;31.27;25.58;76.46;6.66;37.0;0.0
1996;4;2;52.226;68.364;-999.0;27.43;30.1;25.78;78.26;6.96;36.8;0.0
1996;4;3;47.381;73.853;-999.0;27.05;29.26;25.84;81.0;7.77;36.7;0.02
1996;4;4;59.165;67.819;-999.0;27.86;31.73;25.54;76.98;7.15;38.4;0.01
1996;4;5;46.265;69.708;-999.0;28.05;31.39;25.63;74.53;7.39;40.9;0.0
1996;4;6;5.838;67.217;-999.0;28.19;31.63;26.04;73.62;6.44;45.9;0.01
1996;4;7;69.643;73.147;-999.0;28.31;32.47;26.01;70.76;7.75;39.8;0.0
1996;4;8;6.601;71.839;-999.0;28.55;32.21;25.85;70.51;7.49;38.5;0.07
1996;4;9;53.556;69.509;-999.0;28.73;32.74;26.11;72.27;6.34;40.5;0.13
1996;4;10;47.458;74.933;-999.0;28.3;32.2;26.3;77.11;4.4;36.3;0.35
1996;4;11;51.787;74.441;-999.0;27.38;30.16;26.02;79.76;6.9;31.7;0.3
1996;4;12;58.205;75.235;-999.0;27.96;30.88;26.04;71.81;9.26;38.5;0.02
1996;4;13;54.355;69.137;-999.0;28.49;32.3;26.5;66.99;8.27;41.8;0.05
1996;4;14;74.364;77.028;-999.0;28.4;32.12;25.49;65.08;7.41;39.1;0.02
1996;4;15;60.725;72.528;-999.0;28.1;32.44;25.23;66.19;6.75;41.4;0.01
1996;4;16;67.174;72.682;-999.0;28.03;31.9;25.47;68.97;7.64;39.1;0.01
1996;4;17;70.166;71.491;-999.0;27.77;31.08;25.82;68.71;8.36;36.2;0.0
1996;4;18;65.731;71.674;-999.0;27.69;31.51;25.47;70.51;7.81;35.6;0.0
1996;4;19;57.216;68.839;-999.0;27.59;31.04;25.57;71.8;7.78;33.3;0.0
1996;4;20;65.542;72.458;-999.0;27.62;30.8;25.6;71.17;7.71;36.1;0.0
1996;4;21;72.451;7.614;-999.0;27.74;30.67;25.84;68.9;8.3;38.6;0.01
1996;4;22;74.196;75.955;-999.0;27.99;31.7;25.48;68.11;7.83;37.4;0.0
1996;4;23;64.987;7.164;-999.0;27.97;31.6;25.84;71.27;6.9;36.8;0.02
1996;4;24;46.814;72.641;-999.0;27.42;30.78;25.48;78.52;5.76;35.0;0.49
1996;4;25;52.008;74.798;-999.0;27.27;29.97;25.87;80.37;6.3;38.7;0.37
1996;4;26;59.174;75.862;-999.0;28.08;32.07;25.67;77.59;6.42;38.5;0.06
1996;4;27;50.129;75.389;-999.0;28.12;31.78;26.07;77.42;7.07;39.5;0.07
1996;4;28;43.272;75.828;-999.0;28.09;30.87;25.99;75.42;7.6;42.5;0.06
1996;4;29;5.604;71.918;-999.0;28.51;31.98;26.65;73.25;7.21;46.6;0.13
1996;4;30;50.254;75.746;-999.0;28.15;30.89;26.27;77.58;5.75;49.0;0.35
1996;5;1;50.155;70.397;-999.0;28.26;32.48;25.96;77.74;6.17;47.4;3.99
1996;5;2;55.908;70.949;-999.0;28.01;31.61;25.92;79.5;6.59;39.8;6.47
1996;5;3;54.869;72.734;-999.0;27.57;30.13;26.18;83.03;6.63;43.7;8.01
1996;5;4;65.959;74.554;-999.0;27.09;29.11;25.94;83.91;6.81;49.9;3.18
1996;5;5;52.183;74.059;-999.0;27.45;30.14;25.75;79.52;7.51;48.3;0.72
1996;5;6;48.398;7.517;-999.0;27.03;29.64;25.2;81.34;7.52;48.1;0.49
1996;5;7;47.206;69.804;-999.0;27.03;29.87;25.48;85.63;5.26;43.9;1.9
1996;5;8;41.146;74.395;-999.0;27.49;30.01;25.82;83.18;5.76;52.8;1.03
1996;5;9;60.458;70.044;-999.0;28.28;31.75;25.88;78.59;6.73;48.5;0.1
1996;5;10;64.128;7.045;-999.0;28.54;31.71;26.5;76.89;7.02;49.1;0.06
1996;5;11;58.644;70.534;-999.0;27.82;29.99;26.1;78.87;6.15;47.3;0.22
1996;5;12;4.717;70.829;-999.0;27.87;30.55;26.23;81.52;4.33;50.4;0.98
1996;5;13;27.511;69.948;-999.0;27.64;29.81;26.41;83.99;3.62;42.8;9.36
1996;5;14;65.342;70.913;-999.0;27.51;30.1;25.88;83.16;5.31;39.5;1.88
1996;5;15;4.812;70.658;-999.0;27.4;30.22;25.98;83.99;6.71;41.9;6.92
1996;5;16;41.335;74.062;-999.0;26.93;28.88;25.96;84.91;4.55;57.2;5.06
1996;5;17;38.765;74.066;-999.0;27.41;30.33;25.69;81.88;3.49;47.2;2.71
1996;5;18;68.527;73.831;-999.0;27.9;31.0;25.86;83.05;4.71;45.0;2.79
1996;5;19;42.797;74.004;-999.0;27.45;29.95;26.11;84.96;4.93;48.0;7.13
1996;5;20;35.882;74.009;-999.0;27.25;28.95;26.2;84.68;3.35;40.7;3.98
1996;5;21;60.564;71.239;-999.0;27.99;31.48;25.89;78.01;2.27;11.8;1.32
1996;5;22;56.899;71.525;-999.0;28.34;31.54;26.24;79.35;5.14;29.9;0.81
1996;5;23;52.843;70.447;-999.0;27.8;30.18;26.73;83.32;4.25;34.6;4.88
1996;5;24;38.258;71.736;-999.0;28.41;31.41;26.59;81.48;2.51;33.4;5.06
1996;5;25;57.257;71.674;-999.0;27.59;29.39;25.54;85.28;2.67;72.0;17.85
1996;5;26;37.522;73.918;-999.0;27.14;29.79;25.22;83.22;2.27;271.0;12.85
1996;5;27;65.798;71.196;-999.0;28.14;30.37;26.6;81.57;4.27;39.1;7.04
1996;5;28;47.357;7.073;-999.0;28.21;30.77;26.73;80.6;5.4;42.1;1.43
1996;5;29;48.482;71.666;-999.0;27.93;30.15;26.5;80.0;4.77;48.0;1.92
1996;5;30;40.301;71.803;-999.0;26.91;28.91;25.9;87.12;4.46;28.4;8.35
1996;5;31;5.628;69.108;-999.0;26.83;28.21;25.71;86.05;4.75;30.0;2.92
1996;6;1;61.704;6.823;-999.0;27.78;30.03;26.16;81.09;5.06;41.4;0.92
1996;6;2;61.058;69.761;-999.0;28.27;31.41;26.15;79.26;4.92;37.1;1.71
1996;6;3;57.559;69.696;-999.0;27.84;30.27;26.2;84.5;4.24;44.1;2.86
1996;6;4;37.891;7.211;-999.0;27.83;29.59;26.62;84.62;4.48;51.4;3.41
1996;6;5;46.975;72.235;-999.0;27.81;29.61;26.53;85.0;4.41;57.3;2.49
1996;6;6;68.652;72.187;-999.0;27.85;30.07;26.29;82.95;5.5;51.0;1.18
1996;6;7;67.704;71.851;-999.0;27.72;29.57;26.62;85.55;4.17;50.3;4.7
1996;6;8;61.814;72.319;-999.0;28.02;30.04;26.5;83.69;4.45;55.7;1.75
1996;6;9;66.377;71.282;-999.0;28.6;30.76;26.85;81.76;5.6;49.9;0.37
1996;6;10;68.921;72.019;-999.0;29.08;32.42;27.15;77.19;6.75;49.9;0.02
1996;6;11;52.536;7.026;-999.0;28.09;30.88;26.63;80.71;5.33;55.8;0.03
1996;6;12;55.572;69.158;-999.0;28.38;31.98;26.34;81.04;4.65;41.3;0.12
1996;6;13;53.803;69.888;-999.0;28.13;31.04;26.32;83.87;4.37;41.0;0.13
1996;6;14;59.503;71.297;-999.0;28.35;31.84;26.25;79.97;4.89;45.0;0.14
1996;6;15;39.552;72.118;-999.0;27.68;30.0;26.2;82.12;4.16;56.2;0.14
1996;6;16;4.698;71.093;-999.0;27.65;29.93;26.17;83.57;4.35;47.7;0.19
1996;6;17;4.429;67.836;-999.0;28.33;31.67;26.3;81.28;4.46;53.0;0.73
1996;6;18;53.729;66.703;-999.0;28.37;31.02;26.62;81.11;4.53;42.6;0.26
1996;6;19;46.169;67.241;-999.0;28.13;29.94;27.03;83.12;3.76;57.6;2.2
1996;6;20;60.185;68.057;-999.0;28.85;32.23;26.27;74.67;5.81;45.3;0.27
1996;6;21;59.822;6.87;-999.0;28.81;32.53;26.5;79.06;4.94;45.2;0.51
1996;6;22;6.457;6.9;-999.0;28.47;30.98;27.01;83.44;4.86;46.1;1.58
1996;6;23;47.419;69.019;-999.0;28.55;31.15;26.94;84.42;3.92;53.3;1.19
1996;6;24;56.254;70.001;-999.0;28.38;30.35;26.87;83.04;3.77;57.8;2.43
1996;6;25;44.076;69.178;-999.0;28.32;30.71;26.7;79.36;4.9;55.0;4.09
1996;6;26;30.504;70.625;-999.0;26.73;28.5;25.89;87.07;4.38;46.6;13.92
1996;6;27;39.276;70.618;-999.0;27.27;28.99;26.16;83.34;4.31;49.7;12.52
1996;6;28;42.768;66.535;-999.0;27.31;29.45;26.22;85.24;4.0;55.6;12.19
1996;6;29;46.927;67.421;-999.0;27.87;30.37;26.61;83.85;3.76;42.4;16.03
1996;6;30;27.871;70.776;-999.0;26.8;27.95;25.81;88.43;3.03;50.1;15.62
1996;7;1;29.928;70.865;-999.0;25.94;27.76;24.44;87.57;3.32;270.1;10.98
1996;7;2;46.834;70.116;-999.0;25.79;27.88;24.33;87.78;2.38;276.2;23.53
1996;7;3;49.963;68.479;-999.0;27.27;30.21;24.82;82.96;2.54;22.0;8.83
1996;7;4;52.814;69.142;-999.0;27.56;29.18;26.34;84.61;2.27;42.4;5.19
1996;7;5;57.262;67.843;-999.0;28.07;30.28;26.62;83.86;4.22;52.0;0.2
1996;7;6;5.43;68.827;-999.0;27.99;30.81;26.2;78.03;6.39;49.8;0.05
1996;7;7;58.553;6.725;-999.0;27.92;31.62;25.76;78.31;4.98;47.6;0.06
1996;7;8;6.467;69.274;-999.0;27.86;30.36;26.33;80.47;4.99;40.7;0.07
1996;7;9;64.217;70.442;-999.0;27.6;29.9;26.28;80.71;4.29;36.2;0.22
1996;7;10;58.946;67.781;-999.0;27.77;30.24;26.07;82.4;5.98;35.4;0.86
1996;7;11;6.517;70.702;-999.0;27.73;29.66;26.61;85.26;5.04;46.9;1.47
1996;7;12;41.381;71.186;-999.0;26.78;28.27;25.79;85.94;3.69;52.4;1.56
1996;7;13;56.071;67.882;-999.0;27.83;31.29;25.7;82.62;4.18;38.7;2.39
1996;7;14;55.166;69.262;-999.0;27.88;30.32;26.46;83.84;5.56;47.2;1.5
1996;7;15;62.518;70.639;-999.0;28.26;31.05;26.45;83.07;4.9;47.8;1.69
1996;7;16;53.071;70.776;-999.0;27.47;29.0;26.25;84.82;4.63;58.2;2.0
1996;7;17;6.119;70.001;-999.0;27.64;30.1;26.06;81.24;6.26;51.6;2.56
1996;7;18;69.538;72.173;-999.0;27.7;30.02;26.09;83.02;6.42;49.3;1.27
1996;7;19;54.396;71.652;-999.0;27.96;30.34;26.54;84.04;6.04;47.5;1.07
1996;7;20;41.309;71.674;-999.0;28.38;31.67;26.68;80.94;4.99;46.1;1.57
1996;7;21;52.246;69.665;-999.0;27.96;30.03;26.43;83.38;5.06;48.7;0.57
1996;7;22;60.811;72.151;-999.0;28.13;30.29;26.69;83.05;4.93;55.4;1.03
1996;7;23;43.315;70.562;-999.0;27.92;30.16;26.57;81.53;5.74;46.8;4.61
1996;7;24;65.918;7.069;-999.0;28.2;31.47;26.01;77.13;7.36;46.4;0.7
1996;7;25;57.972;71.614;-999.0;28.07;31.19;26.57;79.99;6.65;38.2;3.15
1996;7;26;32.086;70.723;-999.0;27.38;29.1;25.78;83.64;2.4;65.3;34.41
1996;7;27;59.002;7.128;-999.0;26.51;29.02;25.36;86.25;3.89;65.6;5.55
1996;7;28;53.208;67.742;-999.0;26.9;29.27;25.66;87.48;4.42;43.7;19.95
1996;7;29;60.158;72.502;-999.0;26.61;27.49;25.89;87.73;3.94;59.7;10.32
1996;7;30;61.663;71.916;-999.0;27.57;30.51;25.88;81.27;6.66;51.3;0.02
1996;7;31;61.745;72.139;-999.0;27.44;29.59;25.97;81.03;5.74;45.3;0.0
1996;8;1;70.049;71.894;-999.0;28.06;30.82;26.47;81.52;5.65;41.9;0.1
1996;8;2;66.811;7.069;-999.0;28.26;31.74;26.44;82.08;5.31;43.1;0.01
1996;8;3;51.178;69.096;-999.0;28.55;32.23;26.52;80.56;5.49;44.4;0.45
1996;8;4;51.437;71.842;-999.0;27.26;28.4;26.34;87.21;4.57;58.5;1.44
1996;8;5;62.494;71.287;-999.0;27.41;29.74;25.99;86.74;3.81;52.4;1.37
1996;8;6;5.671;70.327;-999.0;27.38;29.56;26.24;86.89;3.98;46.4;2.17
1996;8;7;50.266;7.29;-999.0;26.75;28.27;25.8;88.41;4.22;51.5;1.85
1996;8;8;64.608;69.492;-999.0;27.04;28.54;26.0;86.52;5.37;47.6;1.22
1996;8;9;56.479;70.296;-999.0;27.11;28.67;26.14;84.0;3.55;55.3;0.64
1996;8;10;44.957;70.152;-999.0;27.33;29.91;25.48;81.49;6.25;45.8;2.62
1996;8;11;59.263;71.064;-999.0;27.79;30.12;26.04;82.94;5.8;48.1;3.04
1996;8;12;6.498;72.763;-999.0;28.27;31.11;26.31;79.9;5.57;47.4;0.56
1996;8;13;71.618;73.968;-999.0;28.98;31.88;27.11;78.28;5.58;43.9;0.86
1996;8;14;58.392;7.171;-999.0;28.62;31.88;26.91;79.14;4.77;46.1;1.75
1996;8;15;43.565;72.756;-999.0;28.09;30.51;26.74;83.76;3.56;48.2;2.17
1996;8;16;53.518;71.321;-999.0;27.63;30.22;26.46;84.58;3.5;32.4;5.4
1996;8;17;62.033;72.737;-999.0;27.04;28.31;25.84;84.86;2.28;26.2;4.4
1996;8;18;48.305;72.934;-999.0;26.33;27.69;25.37;86.67;2.72;35.0;2.53
1996;8;19;64.925;71.438;-999.0;27.71;30.34;25.39;82.79;3.86;46.6;0.23
1996;8;20;58.342;70.651;-999.0;28.6;31.84;26.97;80.18;3.89;45.2;0.91
1996;8;21;57.062;72.218;-999.0;28.19;30.65;26.81;80.64;2.56;59.4;1.04
1996;8;22;59.102;69.866;-999.0;27.8;29.75;26.56;84.86;4.12;49.8;2.4
1996;8;23;52.284;70.944;-999.0;27.8;29.89;26.31;81.83;6.33;50.1;1.06
1996;8;24;46.565;68.558;-999.0;28.11;31.32;26.24;79.87;5.08;48.5;1.29
1996;8;25;43.174;71.098;-999.0;27.08;28.51;26.09;85.98;3.19;47.7;5.37
1996;8;26;61.296;69.737;-999.0;27.6;30.78;25.69;80.07;5.08;42.4;3.36
1996;8;27;60.991;68.798;-999.0;28.3;32.24;25.71;73.28;5.48;41.2;1.1
1996;8;28;65.995;71.242;-999.0;28.03;30.54;26.28;75.26;4.53;41.1;0.06
1996;8;29;66.912;70.522;-999.0;28.42;31.98;26.43;77.8;4.64;34.9;0.13
1996;8;30;4.889;72.422;-999.0;27.39;29.4;26.04;83.77;3.93;34.1;0.32
1996;8;31;47.962;6.905;-999.0;27.03;28.88;25.82;85.49;2.95;37.0;2.01
1996;9;1;53.971;70.154;-999.0;27.73;30.26;26.32;84.27;4.97;28.0;1.81
1996;9;2;50.222;70.018;-999.0;27.29;28.71;26.21;87.19;4.74;27.1;3.19
1996;9;3;56.273;69.401;-999.0;27.46;30.25;25.56;81.17;2.01;328.6;12.52
1996;9;4;47.357;72.446;-999.0;26.9;29.7;24.96;78.63;2.22;57.4;7.38
1996;9;5;50.167;71.141;-999.0;26.85;28.81;24.95;81.36;2.2;12.4;8.74
1996;9;6;46.598;72.281;-999.0;27.88;29.95;26.54;82.62;4.45;44.6;3.55
1996;9;7;57.146;69.312;-999.0;28.02;30.25;26.81;83.68;4.33;44.2;10.94
1996;9;8;41.131;72.415;-999.0;27.55;29.43;26.54;85.82;4.11;40.3;15.62
1996;9;9;63.595;69.703;-999.0;27.43;29.39;26.25;84.06;3.52;30.4;7.74
1996;9;10;61.118;6.991;-999.0;27.26;28.75;26.23;86.32;3.48;32.5;7.03
1996;9;11;63.725;7.061;-999.0;27.89;30.25;26.35;84.83;2.77;20.0;9.79
1996;9;12;49.637;69.458;-999.0;27.1;28.89;26.26;88.02;3.19;26.0;6.55
1996;9;13;63.881;69.991;-999.0;27.7;29.8;26.12;86.62;2.78;28.7;1.64
1996;9;14;63.487;70.992;-999.0;28.26;30.26;27.05;83.33;2.84;48.2;1.95
1996;9;15;64.817;70.193;-999.0;27.99;29.47;27.03;84.34;3.19;59.0;5.14
1996;9;16;46.114;68.654;-999.0;27.45;29.6;26.51;85.42;3.46;35.3;7.17
1996;9;17;50.407;68.426;-999.0;27.59;29.0;26.63;87.43;5.2;42.1;7.63
1996;9;18;64.198;70.272;-999.0;27.63;29.39;26.75;85.1;5.67;49.1;4.39
1996;9;19;59.465;68.071;-999.0;27.86;29.9;26.57;84.29;3.84;52.2;2.34
1996;9;20;37.387;71.338;-999.0;27.31;28.66;26.47;85.62;2.7;72.8;5.12
1996;9;21;37.483;7.145;-999.0;27.36;29.36;26.03;85.97;3.13;42.8;3.77
1996;9;22;59.952;69.706;-999.0;28.02;30.38;26.24;85.52;4.27;43.8;3.32
1996;9;23;5.623;70.692;-999.0;28.42;31.38;26.85;81.96;3.88;42.6;0.45
1996;9;24;4.357;69.977;-999.0;28.04;30.05;26.66;83.97;2.8;49.9;4.44
1996;9;25;45.365;69.775;-999.0;26.9;27.94;26.03;88.91;2.96;39.6;4.24
1996;9;26;59.892;69.074;-999.0;27.11;28.51;26.32;86.58;3.83;42.6;2.79
1996;9;27;46.486;67.574;-999.0;27.63;29.47;26.73;86.8;5.12;47.7;11.82
1996;9;28;25.459;7.129;-999.0;27.04;28.27;26.41;88.01;3.14;63.0;29.68
1996;9;29;59.376;6.803;-999.0;26.41;28.7;25.39;86.28;2.4;85.0;9.17
1996;9;30;46.018;69.262;-999.0;26.7;29.29;25.18;86.55;1.91;346.8;11.04
1996;10;1;55.207;67.675;-999.0;27.22;28.45;26.55;89.52;4.53;41.0;8.0
1996;10;2;54.041;67.546;-999.0;27.66;29.66;26.73;86.28;4.55;43.8;2.76
1996;10;3;43.776;65.366;-999.0;27.82;30.07;26.49;83.36;3.17;40.9;2.58
1996;10;4;46.709;66.931;-999.0;27.8;30.17;26.01;79.55;1.82;51.4;4.81
1996;10;5;57.665;65.798;-999.0;26.9;28.2;25.99;83.38;2.15;356.2;3.89
1996;10;6;4.963;67.229;-999.0;27.15;28.32;25.83;85.16;1.72;89.9;13.6
1996;10;7;38.527;68.878;-999.0;27.08;29.47;25.27;81.7;2.8;215.6;10.25
1996;10;8;58.654;67.114;-999.0;27.03;29.16;25.77;80.81;2.0;348.7;4.05
1996;10;9;35.791;67.846;-999.0;26.89;27.92;25.97;88.94;3.23;46.8;7.79
1996;10;10;32.134;68.837;-999.0;26.75;27.95;25.88;87.64;2.94;39.7;8.71
1996;10;11;54.341;66.533;-999.0;26.1;27.37;25.03;87.66;3.12;283.3;17.92
1996;10;12;4.939;67.474;-999.0;26.42;28.24;25.25;85.32;2.05;260.8;8.72
1996;10;13;42.079;66.823;-999.0;26.2;27.65;25.4;88.21;3.09;252.9;11.34
1996;10;14;55.315;65.208;-999.0;26.55;28.65;25.03;84.68;2.49;256.1;3.15
1996;10;15;46.106;6.707;-999.0;26.09;27.39;25.22;87.15;2.42;251.3;4.29
1996;10;16;59.042;66.607;-999.0;25.66;27.26;24.31;87.25;2.24;344.6;2.1
1996;10;17;4.914;66.662;-999.0;27.18;30.01;25.32;84.65;2.42;322.3;3.28
1996;10;18;28.493;65.278;-999.0;26.49;28.19;25.28;87.08;2.78;283.5;2.38
1996;10;19;50.928;65.117;-999.0;26.23;27.21;25.56;89.06;3.21;263.0;3.19
1996;10;20;50.359;6.601;-999.0;26.21;28.39;25.06;85.28;2.28;325.1;1.62
1996;10;21;51.787;65.693;-999.0;27.63;29.51;25.2;86.91;4.68;28.9;2.15
1996;10;22;63.602;66.722;-999.0;28.7;31.52;27.17;79.79;5.32;48.5;0.78
1996;10;23;3.503;67.644;-999.0;27.89;29.6;27.05;83.15;4.08;49.2;0.15
1996;10;24;56.136;64.342;-999.0;28.18;31.2;26.29;80.87;5.5;42.9;0.04
1996;10;25;58.901;63.144;-999.0;28.33;31.22;26.9;79.8;6.51;43.4;0.04
1996;10;26;61.042;64.231;-999.0;28.17;30.7;26.55;80.04;7.36;47.4;0.05
1996;10;27;5.927;64.375;-999.0;27.78;30.26;26.41;81.36;6.64;43.4;0.15
1996;10;28;43.061;66.967;-999.0;27.21;28.91;26.01;87.18;4.85;38.0;6.49
1996;10;29;42.166;66.926;-999.0;26.6;28.91;25.47;86.57;2.79;26.1;1.62
1996;10;30;62.532;65.388;-999.0;27.41;30.63;25.63;83.15;3.24;18.6;0.46
1996;10;31;57.396;66.566;-999.0;27.31;28.85;26.32;88.6;4.85;46.3;2.07
1996;11;1;4.997;63.634;-999.0;26.97;28.37;26.14;87.75;3.27;48.8;1.48
1996;11;2;39.242;64.906;-999.0;27.42;29.43;26.27;85.39;4.11;54.2;1.38
1996;11;3;40.973;6.601;-999.0;27.5;29.18;26.45;86.61;4.92;58.5;2.2
1996;11;4;55.843;61.822;-999.0;28.1;30.59;26.63;81.66;6.63;48.9;0.71
1996;11;5;64.066;6.659;-999.0;28.04;30.37;26.69;80.99;7.44;52.6;0.33
1996;11;6;56.062;63.974;-999.0;27.79;29.27;26.95;84.42;6.43;52.1;0.64
1996;11;7;56.806;65.479;-999.0;27.68;29.38;26.75;83.48;6.57;50.0;0.44
1996;11;8;22.075;66.005;-999.0;27.47;29.59;26.4;83.46;5.54;50.7;0.65
1996;11;9;3.389;65.081;-999.0;27.26;29.74;26.11;83.74;5.36;35.3;3.85
1996;11;10;57.259;63.245;-999.0;26.99;28.48;25.96;84.41;5.26;34.8;1.01
1996;11;11;50.688;63.353;-999.0;27.41;29.37;26.2;86.91;4.38;44.6;2.52
1996;11;12;58.514;63.514;-999.0;27.26;28.33;26.54;88.86;6.23;44.7;3.7
1996;11;13;39.564;63.554;-999.0;27.13;28.86;26.09;88.46;3.25;62.5;8.67
1996;11;14;16.286;6.551;-999.0;25.87;26.86;25.08;91.74;3.57;199.1;24.39
1996;11;15;43.397;64.142;-999.0;26.25;28.27;25.17;87.52;4.93;226.1;18.65
1996;11;16;5.137;62.006;-999.0;25.85;27.25;25.02;88.33;2.78;235.2;13.07
1996;11;17;41.213;59.407;-999.0;25.85;28.09;24.77;86.71;1.67;327.2;19.09
1996;11;18;44.558;60.197;-999.0;25.69;27.38;24.48;87.2;1.88;295.3;17.19
1996;11;19;60.492;62.642;-999.0;25.98;28.59;24.37;81.15;3.44;238.6;11.62
1996;11;20;51.418;61.366;-999.0;26.12;29.28;24.22;80.19;4.66;219.7;0.26
1996;11;21;62.602;66.074;-999.0;26.09;28.28;24.88;81.33;5.03;229.3;3.02
1996;11;22;42.355;63.391;-999.0;26.39;28.66;25.08;81.94;4.46;248.1;0.48
1996;11;23;52.754;59.575;-999.0;26.16;28.53;24.8;83.62;3.18;268.8;0.51
1996;11;24;4.879;59.426;-999.0;26.39;28.3;24.92;86.09;3.62;25.8;0.34
1996;11;25;51.636;59.338;-999.0;27.27;29.29;26.0;87.66;5.92;52.6;0.23
1996;11;26;51.012;54.614;-999.0;27.06;28.76;26.17;86.77;7.15;46.3;0.95
1996;11;27;57.226;60.446;-999.0;26.9;28.85;26.08;85.5;7.5;40.8;3.71
1996;11;28;48.547;55.747;-999.0;26.73;28.68;25.74;81.94;8.19;36.9;1.15
1996;11;29;35.928;60.535;-999.0;27.02;29.62;25.91;78.74;7.52;44.0;1.83
1996;11;30;51.989;58.337;-999.0;26.91;29.12;25.69;84.24;7.1;45.4;3.55
1996;12;1;5.472;59.856;-999.0;26.9;29.23;25.56;82.47;7.4;47.0;0.79
1996;12;2;54.792;59.074;-999.0;26.7;28.91;25.51;80.91;7.57;43.6;0.18
1996;12;3;5.034;5.843;-999.0;26.66;28.75;25.32;79.27;6.89;42.3;0.05
1996;12;4;44.378;5.603;-999.0;26.25;28.46;24.98;79.59;7.03;37.1;0.12
1996;12;5;50.474;58.519;-999.0;26.27;28.49;24.97;77.68;6.91;42.4;0.12
1996;12;6;47.258;55.908;-999.0;26.57;28.8;25.1;79.74;7.76;40.7;0.12
1996;12;7;54.602;57.758;-999.0;26.75;29.28;25.17;81.56;7.03;42.6;0.03
1996;12;8;55.958;58.579;-999.0;26.87;29.6;24.93;81.94;6.23;42.6;0.11
1996;12;9;38.107;56.345;-999.0;26.65;28.55;25.48;81.83;6.6;42.5;0.06
1996;12;10;46.903;56.006;-999.0;26.92;28.82;25.72;77.93;8.99;42.5;0.13
1996;12;11;52.214;57.955;-999.0;26.82;29.14;25.46;76.24;8.23;47.8;0.04
1996;12;12;46.279;56.311;-999.0;26.19;28.64;24.86;81.55;5.43;51.5;0.0
1996;12;13;3.811;57.377;-999.0;25.95;27.89;24.7;86.03;4.83;47.8;0.02
1996;12;14;52.102;58.034;-999.0;26.51;29.1;25.11;84.56;5.64;40.8;0.17
1996;12;15;46.078;57.948;-999.0;26.9;29.7;25.49;85.36;5.79;32.1;0.17
1996;12;16;43.334;59.412;-999.0;26.99;29.87;25.47;84.89;5.83;35.6;0.02
1996;12;17;55.049;58.805;-999.0;27.04;29.88;25.62;83.88;6.75;37.2;0.01
1996;12;18;58.051;59.662;-999.0;27.35;30.47;25.7;83.05;6.88;44.0;0.01
1996;12;19;55.066;5.773;-999.0;27.44;30.89;25.45;83.29;5.86;44.3;0.02
1996;12;20;4.387;55.982;-999.0;26.63;28.63;25.66;83.4;8.57;42.0;0.0
1996;12;21;51.847;56.155;-999.0;26.39;28.62;25.23;78.42;8.98;41.5;0.0
1996;12;22;51.958;57.538;-999.0;26.35;28.96;24.88;74.71;8.67;42.6;0.0
1996;12;23;49.234;59.969;-999.0;26.16;28.71;24.6;77.08;8.09;46.5;0.0
1996;12;24;48.554;55.958;-999.0;26.47;29.73;24.43;79.68;6.43;44.0;0.0
1996;12;25;53.983;59.278;-999.0;26.8;29.89;24.61;81.32;6.9;43.8;0.0
1996;12;26;57.708;59.513;-999.0;26.78;29.99;24.65;74.0;8.5;49.9;0.0
1996;12;27;58.536;60.648;-999.0;26.31;29.45;24.0;74.85;7.99;47.0;0.0
1996;12;28;55.642;59.623;-999.0;26.04;29.22;24.02;76.67;7.9;43.8;0.0
1996;12;29;53.374;5.796;-999.0;25.94;29.08;23.71;75.86;6.79;40.5;0.0
1996;12;30;53.952;58.514;-999.0;25.97;29.39;23.53;77.81;6.83;37.6;0.0
1996;12;31;5.231;5.844;-999.0;25.82;28.86;23.52;79.3;6.44;37.2;0.0
1997;1;1;55.354;5.981;-999.0;26.22;30.29;23.59;79.31;5.57;39.4;0.0
1997;1;2;55.596;59.129;-999.0;26.03;29.03;23.89;79.12;6.59;43.0;0.0
1997;1;3;52.231;5.719;-999.0;25.96;28.73;24.19;77.82;6.76;40.6;0.0
1997;1;4;56.686;57.156;-999.0;26.2;29.24;24.24;77.57;6.23;39.4;0.0
1997;1;5;57.053;58.853;-999.0;26.19;29.8;23.61;78.24;6.32;43.4;0.0
1997;1;6;56.791;60.694;-999.0;26.29;29.96;23.77;78.39;6.44;44.0;0.0
1997;1;7;55.781;59.129;-999.0;26.34;29.69;24.09;79.35;6.23;39.4;0.0
1997;1;8;51.991;58.889;-999.0;26.32;30.19;23.99;79.29;6.1;41.4;0.0
1997;1;9;52.373;58.572;-999.0;26.15;29.96;23.82;78.98;5.46;41.0;0.03
1997;1;10;47.779;57.701;-999.0;26.62;30.21;24.49;78.0;4.8;45.1;0.33
1997;1;11;44.578;56.712;-999.0;26.56;30.61;24.17;78.29;4.27;46.5;3.11
1997;1;12;57.605;60.605;-999.0;26.79;30.32;24.45;76.79;6.56;39.2;3.27
1997;1;13;55.802;60.014;-999.0;26.93;30.44;24.57;76.87;6.55;41.3;0.27
1997;1;14;56.616;6.047;-999.0;26.99;30.32;24.76;77.32;6.55;39.2;0.16
1997;1;15;58.949;6.103;-999.0;26.66;29.65;24.47;75.39;6.83;37.7;0.12
1997;1;16;53.422;60.698;-999.0;26.71;30.53;24.35;77.21;5.88;35.6;0.0
1997;1;17;51.007;58.682;-999.0;26.18;28.9;24.72;77.13;7.98;33.3;0.03
1997;1;18;5.743;60.175;-999.0;25.87;28.61;24.35;76.23;7.55;32.9;0.02
1997;1;19;53.138;60.086;-999.0;26.12;28.79;24.52;76.21;8.69;36.0;0.01
1997;1;20;56.798;61.097;-999.0;26.24;29.4;24.5;72.97;7.78;42.8;0.0
1997;1;21;56.743;61.267;-999.0;26.45;29.33;24.53;75.4;8.62;45.4;0.03
1997;1;22;60.826;62.834;-999.0;26.58;29.6;24.64;69.25;8.46;43.9;0.01
1997;1;23;5.915;61.464;-999.0;26.06;28.87;23.7;74.54;6.92;45.1;0.01
1997;1;24;57.509;61.481;-999.0;26.48;29.74;23.76;76.54;7.41;46.4;0.0
1997;1;25;56.909;61.116;-999.0;26.66;29.71;24.79;74.56;7.58;43.9;0.0
1997;1;26;58.505;6.397;-999.0;26.52;29.62;24.37;75.08;7.21;39.5;0.0
1997;1;27;60.607;63.341;-999.0;26.55;29.84;23.98;76.7;6.93;40.6;0.0
1997;1;28;5.987;62.338;-999.0;26.64;29.78;24.01;76.1;7.46;43.8;0.0
1997;1;29;54.739;62.366;-999.0;27.12;30.27;25.21;72.79;7.21;42.4;0.0
1997;1;30;56.273;63.115;-999.0;27.01;30.41;24.49;75.1;7.65;43.9;0.0
1997;1;31;4.662;60.593;-999.0;26.8;29.9;24.91;72.14;7.8;38.9;0.0
1997;2;1;54.382;62.054;-999.0;26.7;29.75;24.85;73.35;7.57;37.6;0.2
1997;2;2;55.934;63.348;-999.0;26.83;30.47;24.84;73.6;7.32;36.3;0.09
1997;2;3;55.291;63.386;-999.0;27.26;30.92;24.47;75.02;7.15;39.6;0.0
1997;2;4;50.578;62.268;-999.0;27.54;30.59;25.27;76.81;6.8;43.2;0.2
1997;2;5;44.335;63.523;-999.0;27.01;29.42;25.79;78.33;6.51;46.7;1.15
1997;2;6;60.062;63.934;-999.0;27.15;30.2;24.94;75.75;7.55;40.5;1.29
1997;2;7;54.523;63.684;-999.0;27.5;30.97;25.31;74.96;6.99;43.6;0.71
1997;2;8;56.256;62.503;-999.0;27.53;30.44;25.64;76.33;7.16;46.4;0.42
1997;2;9;51.031;63.547;-999.0;27.53;30.26;25.98;75.02;8.28;44.7;0.05
1997;2;10;54.161;62.822;-999.0;27.34;29.87;25.57;74.52;6.97;43.9;0.1
1997;2;11;4.356;64.306;-999.0;26.69;28.72;25.33;79.43;6.93;42.0;0.48
1997;2;12;54.113;63.518;-999.0;26.95;29.55;25.52;79.02;7.7;43.4;0.51
1997;2;13;62.702;65.129;-999.0;27.79;31.05;25.51;73.33;8.1;44.9;0.01
1997;2;14;62.316;66.907;-999.0;28.16;31.46;25.67;69.69;8.93;50.9;0.0
1997;2;15;63.914;66.821;-999.0;28.13;31.54;25.47;68.0;8.03;49.7;0.0
1997;2;16;63.482;66.451;-999.0;27.29;30.13;25.35;66.42;9.14;47.4;0.0
1997;2;17;62.496;6.738;-999.0;27.11;30.54;24.86;69.7;8.32;46.1;0.0
1997;2;18;65.777;68.378;-999.0;27.03;29.78;24.98;68.52;9.42;49.6;0.0
1997;2;19;6.443;67.606;-999.0;26.68;29.74;24.65;69.24;9.71;48.7;0.01
1997;2;20;59.998;64.709;-999.0;26.83;30.56;24.68;67.0;8.79;48.7;0.0
1997;2;21;67.572;69.118;-999.0;27.03;30.88;24.53;70.77;7.78;44.7;0.0
1997;2;22;64.949;66.828;-999.0;27.72;31.57;24.81;69.88;7.88;47.0;0.0
1997;2;23;67.152;68.021;-999.0;27.67;31.29;25.33;69.64;9.3;47.9;0.0
1997;2;24;51.175;68.371;-999.0;26.94;29.58;25.12;70.97;10.61;47.2;0.0
1997;2;25;57.403;66.751;-999.0;27.14;30.54;24.94;72.52;8.62;45.7;0.0
1997;2;26;60.792;68.426;-999.0;27.49;30.87;25.5;74.84;7.57;46.6;0.0
1997;2;27;62.496;6.409;-999.0;28.1;31.55;25.61;71.03;8.16;49.2;0.0
1997;2;28;59.688;6.51;-999.0;27.71;31.91;25.14;69.28;8.75;46.5;0.0
1997;3;1;67.901;69.454;-999.0;27.18;31.25;24.76;65.89;9.16;47.3;0.0
1997;3;2;69.943;70.831;-999.0;26.83;30.57;23.98;64.39;8.18;44.2;0.0
1997;3;3;70.685;71.496;-999.0;26.52;30.76;23.82;67.7;8.35;41.8;0.0
1997;3;4;70.918;7.159;-999.0;26.41;30.1;23.26;69.14;8.24;44.6;0.0
1997;3;5;70.193;70.757;-999.0;26.81;30.94;23.95;70.71;8.89;46.8;0.0
1997;3;6;70.015;70.699;-999.0;26.52;30.18;24.07;68.17;9.21;44.2;0.0
1997;3;7;69.106;69.974;-999.0;26.66;30.31;24.08;69.53;9.87;45.4;0.0
1997;3;8;70.279;70.678;-999.0;26.38;29.71;23.92;69.68;10.61;44.7;0.0
1997;3;9;68.926;70.135;-999.0;26.45;29.92;23.87;67.62;10.38;44.7;0.0
1997;3;10;62.998;64.702;-999.0;26.64;30.45;24.1;70.32;9.07;43.1;0.0
1997;3;11;64.747;66.564;-999.0;26.62;30.63;24.28;71.67;8.34;39.4;0.01
1997;3;12;63.814;63.432;-999.0;26.24;29.67;24.11;75.98;8.28;35.5;0.0
1997;3;13;5.988;63.454;-999.0;26.48;30.2;24.27;77.15;7.38;40.6;0.0
1997;3;14;66.403;69.967;-999.0;26.76;30.86;24.11;77.0;7.1;40.3;0.0
1997;3;15;59.561;65.422;-999.0;26.84;29.78;24.75;74.54;7.68;38.5;0.0
1997;3;16;59.806;63.338;-999.0;26.35;29.59;24.63;73.46;9.8;34.7;0.0
1997;3;17;52.409;63.398;-999.0;26.45;30.27;24.25;75.54;8.3;35.8;0.0
1997;3;18;52.474;63.636;-999.0;26.65;30.31;24.53;76.07;7.9;33.4;0.01
1997;3;19;57.943;65.412;-999.0;26.66;30.23;24.71;75.15;7.5;33.4;0.0
1997;3;20;57.895;68.839;-999.0;26.25;29.59;24.17;74.64;6.61;30.8;0.0
1997;3;21;61.495;67.486;-999.0;26.68;30.96;23.91;71.91;6.31;28.4;0.0
1997;3;22;63.072;65.515;-999.0;26.64;30.6;23.79;73.26;5.55;24.4;0.17
1997;3;23;57.365;68.426;-999.0;26.76;30.62;24.26;70.6;6.7;28.0;0.3
1997;3;24;62.539;70.505;-999.0;27.03;30.92;24.68;71.86;7.52;29.9;0.01
1997;3;25;64.349;67.853;-999.0;27.18;30.61;25.34;70.43;8.21;35.9;0.01
1997;3;26;59.059;65.918;-999.0;27.26;31.61;25.14;70.73;6.97;39.0;0.05
1997;3;27;49.637;63.314;-999.0;26.83;30.38;24.79;73.32;7.07;31.2;0.0
1997;3;28;62.484;68.033;-999.0;26.86;31.13;24.44;72.03;6.9;34.2;0.0
1997;3;29;64.843;70.044;-999.0;26.8;30.83;24.48;70.21;7.04;36.1;0.0
1997;3;30;67.339;71.069;-999.0;26.66;30.53;23.88;71.25;6.77;33.2;0.0
1997;3;31;61.198;69.223;-999.0;26.99;31.52;24.22;71.47;6.35;32.4;0.01
1997;4;1;62.544;66.214;-999.0;26.7;30.52;24.54;73.32;7.2;30.3;0.0
1997;4;2;6.083;6.697;-999.0;26.76;30.39;24.49;71.66;8.15;34.2;0.0
1997;4;3;69.636;70.212;-999.0;27.02;30.92;24.59;70.66;8.07;36.0;0.0
1997;4;4;65.165;68.731;-999.0;27.41;31.25;24.92;72.43;7.87;36.6;0.01
1997;4;5;61.027;6.971;-999.0;27.57;31.73;25.26;71.84;7.64;37.9;0.0
1997;4;6;62.938;68.844;-999.0;27.25;31.01;24.91;72.36;8.29;40.8;0.0
1997;4;7;52.282;7.015;-999.0;26.59;30.12;24.67;72.38;8.22;37.6;0.0
1997;4;8;56.282;6.605;-999.0;26.55;30.24;24.52;72.82;7.03;32.7;0.01
1997;4;9;4.351;71.102;-999.0;26.45;29.79;24.27;74.34;7.51;34.4;0.0
1997;4;10;57.485;66.826;-999.0;26.55;28.91;24.63;75.91;7.76;36.5;0.0
1997;4;11;59.023;70.042;-999.0;27.17;30.2;24.75;73.95;8.0;41.7;0.01
1997;4;12;63.533;73.058;-999.0;27.98;32.3;25.22;71.17;7.8;43.2;0.0
1997;4;13;61.874;69.658;-999.0;28.05;31.62;25.52;72.23;7.2;40.4;0.05
1997;4;14;63.514;69.391;-999.0;27.85;31.72;25.76;75.67;6.1;39.2;0.01
1997;4;15;47.842;69.811;-999.0;27.7;31.11;25.65;75.14;7.47;37.8;0.01
1997;4;16;64.963;68.873;-999.0;27.42;30.88;25.04;74.19;7.33;34.4;0.0
1997;4;17;67.675;7.105;-999.0;27.57;32.1;24.84;72.95;6.85;33.0;0.0
1997;4;18;56.642;67.282;-999.0;26.81;30.23;25.01;80.14;6.63;24.1;0.24
1997;4;19;53.023;71.791;-999.0;26.47;29.6;24.69;83.03;6.04;19.5;0.5
1997;4;20;48.002;70.817;-999.0;25.73;27.29;24.85;88.07;5.29;19.5;1.63
1997;4;21;47.004;74.244;-999.0;26.03;28.41;24.77;88.54;4.39;33.4;3.64
1997;4;22;2.376;74.995;-999.0;27.18;30.28;25.08;80.48;4.54;31.0;1.66
1997;4;23;40.349;75.002;-999.0;27.18;29.76;25.52;80.98;2.7;34.0;1.77
1997;4;24;58.882;73.651;-999.0;27.5;30.35;25.49;79.5;3.9;29.4;1.38
1997;4;25;43.517;71.045;-999.0;27.65;30.52;25.84;77.54;5.38;38.2;0.7
1997;4;26;46.428;70.805;-999.0;27.67;31.14;25.27;75.34;6.14;38.0;0.18
1997;4;27;61.032;71.604;-999.0;28.25;32.65;25.66;71.01;6.53;39.9;0.57
1997;4;28;59.537;71.201;-999.0;28.45;32.46;26.24;71.78;5.2;37.1;0.22
1997;4;29;69.216;74.126;-999.0;28.47;32.98;25.79;73.44;5.64;40.3;0.06
1997;4;30;65.954;70.961;-999.0;28.76;33.86;25.71;74.17;6.1;39.1;0.14
1997;5;1;66.996;71.112;-999.0;28.78;32.96;26.23;75.23;6.72;39.0;0.2
1997;5;2;60.024;70.932;-999.0;28.74;32.24;26.71;74.19;7.31;41.9;0.18
1997;5;3;59.635;70.342;-999.0;28.67;31.68;26.55;73.91;6.8;43.2;0.15
1997;5;4;54.394;71.148;-999.0;27.83;29.91;26.58;75.07;6.78;44.1;0.02
1997;5;5;54.638;70.385;-999.0;27.95;31.17;26.02;74.89;7.27;39.5;0.11
1997;5;6;53.261;70.858;-999.0;27.57;30.44;25.89;74.95;7.36;43.2;0.03
1997;5;7;52.354;71.782;-999.0;27.36;29.74;25.8;78.81;6.63;41.9;0.02
1997;5;8;63.293;7.098;-999.0;27.46;30.24;25.65;79.51;7.04;38.8;0.01
1997;5;9;56.904;68.206;-999.0;27.84;31.57;25.69;78.09;6.01;46.9;0.04
1997;5;10;37.054;71.664;-999.0;27.08;29.09;25.82;84.07;4.4;47.0;5.23
1997;5;11;47.141;71.861;-999.0;27.66;30.0;26.09;83.57;3.95;47.8;7.34
1997;5;12;63.194;69.698;-999.0;28.06;31.56;26.07;80.37;4.81;41.8;0.79
1997;5;13;58.454;70.529;-999.0;28.11;32.14;25.78;79.41;4.51;43.2;0.17
1997;5;14;57.142;69.941;-999.0;28.56;32.58;26.12;75.91;6.95;41.6;0.39
1997;5;15;63.206;70.514;-999.0;28.5;31.3;26.44;74.05;7.51;44.8;0.07
1997;5;16;6.425;71.141;-999.0;28.81;32.38;26.19;71.9;7.27;46.3;0.0
1997;5;17;65.386;69.986;-999.0;29.12;33.22;26.3;70.66;7.3;46.5;0.0
1997;5;18;68.424;71.585;-999.0;29.07;32.61;26.78;70.75;7.65;41.2;0.0
1997;5;19;69.919;71.177;-999.0;29.39;33.57;26.62;69.75;7.95;44.7;0.0
1997;5;20;63.192;71.023;-999.0;28.99;33.06;26.61;70.07;8.3;42.7;0.0
1997;5;21;6.097;7.068;-999.0;28.61;32.17;26.42;73.73;7.22;39.8;0.05
1997;5;22;52.498;70.392;-999.0;28.33;32.3;26.23;76.33;7.01;36.9;0.86
1997;5;23;56.803;70.795;-999.0;27.74;30.86;25.65;79.04;6.89;38.6;0.31
1997;5;24;64.462;70.505;-999.0;28.04;31.7;25.94;76.87;6.62;39.6;0.01
1997;5;25;56.597;71.316;-999.0;28.36;32.91;25.87;78.57;5.18;38.2;0.55
1997;5;26;44.501;70.301;-999.0;27.87;31.92;25.79;82.7;3.58;27.6;3.33
1997;5;27;58.978;68.369;-999.0;27.54;30.07;25.98;83.48;3.69;37.8;1.08
1997;5;28;60.804;70.716;-999.0;28.35;31.97;26.11;80.13;4.77;33.6;0.52
1997;5;29;6.457;70.553;-999.0;28.45;31.68;26.25;79.16;3.4;54.5;1.26
1997;5;30;48.727;70.966;-999.0;27.67;30.28;26.02;85.79;3.24;43.8;2.01
1997;5;31;50.916;70.622;-999.0;28.08;30.26;26.46;84.19;3.42;48.2;1.27
1997;6;1;5.483;67.858;-999.0;28.9;32.55;26.58;78.3;4.22;44.7;0.58
1997;6;2;59.417;7.063;-999.0;28.92;32.24;26.73;79.16;3.75;44.8;0.49
1997;6;3;62.986;70.104;-999.0;29.02;32.29;26.98;78.07;2.67;31.7;0.25
1997;6;4;51.648;7.051;-999.0;28.89;31.4;26.99;76.03;2.64;278.9;1.54
1997;6;5;6.294;71.016;-999.0;28.41;30.51;26.71;74.92;3.49;232.2;3.72
1997;6;6;60.732;68.486;-999.0;27.8;30.02;26.45;80.33;2.99;23.7;6.03
1997;6;7;30.187;68.762;-999.0;27.24;28.28;26.43;90.08;3.61;28.2;11.62
1997;6;8;5.671;68.599;-999.0;27.69;29.63;26.42;83.11;2.08;313.9;8.27
1997;6;9;56.198;69.278;-999.0;28.7;32.14;26.35;77.69;3.04;36.5;2.86
1997;6;10;5.551;70.682;-999.0;29.42;33.14;26.61;78.29;4.77;41.2;4.81
1997;6;11;5.683;68.594;-999.0;29.16;32.21;27.43;80.96;4.64;49.3;2.97
1997;6;12;48.689;6.887;-999.0;28.84;31.75;27.34;81.15;3.62;57.5;4.33
1997;6;13;48.226;68.321;-999.0;27.54;28.69;26.79;85.31;3.04;40.8;11.82
1997;6;14;49.404;70.282;-999.0;28.68;30.96;27.21;81.21;4.04;51.2;4.37
1997;6;15;51.677;68.527;-999.0;28.72;30.81;27.47;81.63;4.11;50.8;2.2
1997;6;16;62.554;70.279;-999.0;28.76;31.05;27.0;79.35;5.58;47.4;1.15
1997;6;17;61.188;69.235;-999.0;29.07;31.66;27.11;74.62;6.92;54.1;0.21
1997;6;18;46.668;69.235;-999.0;28.7;30.8;27.27;75.97;6.28;51.8;1.09
1997;6;19;36.266;70.975;-999.0;27.61;29.45;26.63;82.9;5.25;58.8;3.57
1997;6;20;54.372;70.234;-999.0;27.51;29.52;26.23;83.41;6.09;50.1;1.03
1997;6;21;43.358;70.819;-999.0;27.75;30.09;26.39;84.33;6.08;48.8;2.19
1997;6;22;5.052;69.298;-999.0;27.83;30.29;26.17;82.49;6.81;47.1;0.82
1997;6;23;68.851;71.438;-999.0;27.93;29.79;26.37;83.89;5.92;48.2;0.87
1997;6;24;39.451;70.812;-999.0;28.04;30.14;26.82;84.31;4.84;52.7;2.19
1997;6;25;39.941;70.762;-999.0;27.8;30.65;26.42;85.82;5.72;48.6;11.18
1997;6;26;12.408;70.802;-999.0;27.17;29.36;26.07;85.91;5.31;49.3;15.22
1997;6;27;41.561;70.709;-999.0;27.59;29.69;26.08;85.07;5.1;52.6;4.6
1997;6;28;6.271;68.712;-999.0;28.8;32.47;26.56;78.98;6.04;48.1;1.78
1997;6;29;62.189;70.615;-999.0;28.25;30.63;26.91;82.55;5.89;47.2;2.39
1997;6;30;52.279;6.923;-999.0;27.56;29.5;26.38;85.69;5.16;52.2;4.86
1997;7;1;48.905;70.358;-999.0;27.64;29.8;26.37;85.66;4.9;52.5;2.26
1997;7;2;56.789;70.334;-999.0;28.29;30.65;26.46;82.01;4.28;50.3;3.92
1997;7;3;62.546;69.943;-999.0;28.4;30.96;26.66;83.09;4.64;47.1;2.19
1997;7;4;6.667;70.802;-999.0;28.83;32.3;26.64;77.58;6.35;44.3;0.01
1997;7;5;66.598;70.469;-999.0;29.11;32.91;26.76;75.95;7.42;46.5;0.0
1997;7;6;65.136;70.066;-999.0;28.24;30.53;26.77;79.98;7.33;48.8;0.02
1997;7;7;6.289;69.602;-999.0;28.05;30.17;26.68;82.5;5.83;51.0;0.07
1997;7;8;56.662;70.474;-999.0;27.51;29.96;26.11;82.84;6.74;44.1;0.04
1997;7;9;45.862;69.271;-999.0;27.2;29.14;26.12;85.02;4.6;45.3;0.29
1997;7;10;38.993;70.913;-999.0;26.81;28.76;25.53;88.34;4.8;44.7;2.29
1997;7;11;45.516;7.092;-999.0;28.27;30.71;26.38;81.34;6.83;49.5;0.6
1997;7;12;61.798;70.783;-999.0;28.63;31.6;26.61;78.71;7.31;45.6;0.02
1997;7;13;6.613;71.748;-999.0;28.52;31.0;26.7;81.79;5.6;46.6;0.08
1997;7;14;62.496;69.487;-999.0;28.93;31.8;27.09;81.23;5.15;48.8;0.3
1997;7;15;52.126;70.325;-999.0;28.67;30.98;27.16;81.61;5.33;50.2;0.3
1997;7;16;47.722;70.678;-999.0;28.4;30.89;26.91;80.91;5.35;47.1;0.09
1997;7;17;47.165;70.728;-999.0;28.71;31.34;26.81;78.9;5.34;52.7;0.16
1997;7;18;68.974;71.294;-999.0;28.7;31.25;26.96;79.09;6.53;49.5;0.15
1997;7;19;62.806;71.525;-999.0;28.81;31.47;27.07;81.32;5.51;46.5;0.51
1997;7;20;68.491;71.306;-999.0;29.0;32.32;26.84;80.76;3.89;39.3;0.01
1997;7;21;5.687;71.304;-999.0;29.14;31.7;27.32;79.35;5.22;43.9;0.01
1997;7;22;61.956;71.304;-999.0;29.12;31.42;27.43;80.36;5.36;52.3;0.01
1997;7;23;70.039;7.2;-999.0;29.57;32.23;27.95;75.93;6.43;50.8;0.0
1997;7;24;70.601;72.228;-999.0;29.46;33.14;26.86;75.67;6.43;46.7;0.04
1997;7;25;67.874;7.164;-999.0;29.0;31.98;26.98;77.2;5.64;51.0;0.08
1997;7;26;66.562;69.936;-999.0;28.52;31.25;26.6;80.16;5.14;45.6;0.12
1997;7;27;62.657;69.835;-999.0;28.76;32.06;26.76;79.45;4.14;44.9;0.16
1997;7;28;35.239;7.183;-999.0;28.24;30.61;26.62;82.97;2.77;44.2;1.1
1997;7;29;47.537;71.822;-999.0;28.27;30.71;26.37;80.09;3.15;26.9;1.2
1997;7;30;51.096;69.067;-999.0;28.79;31.05;27.06;77.32;5.13;53.4;2.37
1997;7;31;60.053;7.081;-999.0;28.94;31.8;27.17;76.85;6.22;48.5;2.16
1997;8;1;6.714;71.844;-999.0;28.99;31.8;27.06;79.31;5.47;48.7;1.26
1997;8;2;58.327;7.026;-999.0;28.93;31.76;27.15;79.92;5.03;50.8;0.7
1997;8;3;50.143;72.103;-999.0;28.62;31.42;26.69;77.57;5.75;49.4;0.16
1997;8;4;72.106;7.429;-999.0;29.3;32.85;26.75;74.71;7.35;44.9;0.13
1997;8;5;71.146;72.732;-999.0;28.98;31.49;27.33;78.19;5.73;48.2;0.22
1997;8;6;69.391;72.206;-999.0;29.18;31.9;27.33;78.33;5.65;47.2;0.6
1997;8;7;69.852;72.794;-999.0;28.95;32.19;27.06;78.34;6.39;45.5;0.43
1997;8;8;72.223;73.764;-999.0;29.03;32.33;26.61;76.12;5.41;51.2;0.88
1997;8;9;54.934;71.755;-999.0;28.46;31.17;26.72;79.63;3.73;49.7;8.8
1997;8;10;5.117;73.003;-999.0;27.09;28.92;25.6;84.21;3.76;55.9;7.1
1997;8;11;69.497;72.067;-999.0;28.22;30.92;26.25;79.6;5.8;41.8;0.15
1997;8;12;52.536;7.175;-999.0;28.24;30.93;26.29;81.02;5.74;45.3;0.76
1997;8;13;52.416;72.187;-999.0;28.18;30.44;26.71;84.22;5.0;45.6;2.75
1997;8;14;60.034;72.151;-999.0;27.93;29.82;26.61;84.55;4.03;58.6;14.42
1997;8;15;5.537;7.379;-999.0;28.55;31.06;26.95;80.18;6.46;47.2;4.64
1997;8;16;68.062;73.015;-999.0;29.09;32.71;26.37;76.03;7.36;45.9;0.88
1997;8;17;70.351;73.882;-999.0;28.84;31.97;26.83;75.82;7.73;48.0;1.09
1997;8;18;66.077;72.984;-999.0;28.3;30.98;26.62;80.6;6.04;47.3;4.41
1997;8;19;46.214;72.245;-999.0;27.92;29.98;26.67;83.32;5.34;44.3;0.78
1997;8;20;6.125;71.446;-999.0;28.49;31.09;26.8;83.1;5.07;42.0;0.66
1997;8;21;71.342;74.042;-999.0;28.5;31.4;26.61;80.92;6.16;40.7;0.06
1997;8;22;62.374;75.732;-999.0;28.54;31.56;26.51;81.1;5.72;39.4;0.21
1997;8;23;48.845;74.376;-999.0;28.11;30.28;27.0;83.9;4.16;39.1;0.34
1997;8;24;67.157;71.448;-999.0;28.53;31.79;26.38;80.14;5.65;41.1;0.37
1997;8;25;68.614;7.241;-999.0;28.77;32.15;26.69;78.88;6.09;40.8;0.08
1997;8;26;67.147;72.223;-999.0;28.85;32.11;26.8;80.45;5.55;37.8;0.07
1997;8;27;48.694;72.602;-999.0;29.2;32.8;26.71;79.73;2.93;40.3;0.64
1997;8;28;53.158;71.054;-999.0;28.94;31.06;27.72;80.98;3.39;30.0;0.59
1997;8;29;56.878;7.026;-999.0;29.33;32.28;26.71;78.73;2.48;37.3;1.38
1997;8;30;62.974;7.147;-999.0;28.47;31.61;25.9;79.25;3.38;31.7;2.24
1997;8;31;6.839;71.131;-999.0;29.31;33.24;26.94;76.13;5.55;38.5;0.14
1997;9;1;59.239;71.794;-999.0;29.14;32.88;27.2;77.09;6.12;41.3;7.08
1997;9;2;55.164;71.038;-999.0;28.69;31.54;26.83;81.02;4.79;47.2;7.4
1997;9;3;51.595;71.666;-999.0;28.64;31.17;27.0;81.63;4.78;41.9;0.46
1997;9;4;6.42;71.122;-999.0;28.35;30.35;27.14;80.63;5.76;37.9;0.13
1997;9;5;66.511;71.412;-999.0;28.71;31.5;27.16;79.9;5.11;36.0;0.1
1997;9;6;49.135;69.458;-999.0;28.93;32.05;27.22;79.74;5.63;37.2;0.88
1997;9;7;50.568;71.179;-999.0;27.87;30.23;26.56;83.57;3.42;52.2;2.95
1997;9;8;47.561;6.887;-999.0;27.18;28.57;26.26;86.49;2.37;49.7;8.52
1997;9;9;55.565;6.953;-999.0;27.85;31.14;25.41;78.37;2.01;16.7;5.93
1997;9;10;65.467;70.111;-999.0;27.88;29.68;26.4;84.62;4.6;42.3;1.68
1997;9;11;66.542;71.602;-999.0;28.98;31.47;27.35;83.3;5.72;45.3;2.18
1997;9;12;61.399;70.762;-999.0;28.97;32.12;27.11;80.87;4.95;51.6;4.22
1997;9;13;67.978;70.865;-999.0;29.06;32.68;26.95;78.63;5.27;45.2;0.76
1997;9;14;61.181;69.854;-999.0;29.32;33.04;26.91;78.08;4.81;44.4;0.61
1997;9;15;66.312;70.598;-999.0;28.65;31.62;26.95;80.85;3.24;57.9;1.21
1997;9;16;69.734;71.527;-999.0;29.39;31.83;28.13;80.05;3.34;53.8;1.29
1997;9;17;58.486;70.805;-999.0;28.58;30.23;27.68;83.37;5.83;31.3;1.48
1997;9;18;58.373;70.565;-999.0;28.75;30.74;27.5;81.03;4.15;44.4;0.5
1997;9;19;5.491;69.732;-999.0;28.99;31.24;27.58;81.84;4.34;45.6;1.42
1997;9;20;67.042;69.689;-999.0;29.29;32.8;27.22;78.02;4.82;43.6;0.63
1997;9;21;55.109;68.268;-999.0;28.62;30.62;27.51;82.27;3.9;46.7;2.25
1997;9;22;33.274;71.023;-999.0;28.12;30.07;26.61;80.91;3.95;35.6;12.11
1997;9;23;34.694;70.366;-999.0;27.55;30.01;26.05;81.91;2.53;176.1;18.02
1997;9;24;32.909;70.759;-999.0;26.99;28.55;25.73;84.13;2.0;16.3;12.85
1997;9;25;62.011;70.102;-999.0;28.48;31.86;26.42;75.43;2.15;298.5;6.27
1997;9;26;38.494;69.989;-999.0;27.19;29.08;25.93;84.78;2.84;348.8;5.95
1997;9;27;58.762;67.848;-999.0;27.62;29.91;25.77;77.71;2.46;45.0;5.29
1997;9;28;32.734;70.409;-999.0;27.79;29.58;26.46;83.54;2.92;27.7;4.44
1997;9;29;30.739;70.224;-999.0;28.27;30.91;26.51;84.39;5.2;25.5;2.03
1997;9;30;63.982;67.843;-999.0;28.47;30.73;27.04;83.04;4.79;33.8;0.86
1997;10;1;54.509;67.265;-999.0;28.59;30.73;27.24;82.66;4.8;32.6;1.07
1997;10;2;46.702;68.822;-999.0;28.33;30.13;27.13;80.52;4.5;43.1;0.95
1997;10;3;1.807;69.557;-999.0;28.19;31.41;26.4;79.38;2.48;248.5;5.61
1997;10;4;55.735;68.292;-999.0;27.61;30.29;25.97;81.22;1.96;294.9;2.19
1997;10;5;54.058;64.234;-999.0;27.63;29.33;26.42;83.81;2.4;356.3;1.03
1997;10;6;4.451;66.811;-999.0;28.01;30.5;26.58;79.72;1.72;338.1;1.2
1997;10;7;65.587;68.587;-999.0;28.71;31.14;26.81;83.29;4.27;39.8;1.17
1997;10;8;56.446;67.603;-999.0;28.93;31.78;27.1;81.89;3.83;32.0;3.12
1997;10;9;56.129;64.987;-999.0;27.74;29.92;26.47;83.3;7.06;37.6;2.7
1997;10;10;30.624;69.127;-999.0;26.59;27.18;26.12;87.38;5.22;50.7;2.85
1997;10;11;44.124;68.347;-999.0;28.05;31.48;26.0;79.0;3.02;46.1;0.89
1997;10;12;35.904;6.881;-999.0;27.09;29.09;26.12;83.71;2.18;256.8;3.61
1997;10;13;51.554;67.217;-999.0;27.3;29.75;25.89;85.32;4.5;232.8;9.82
1997;10;14;48.288;66.235;-999.0;26.76;28.38;25.91;89.0;5.68;226.2;10.87
1997;10;15;44.434;65.894;-999.0;26.91;28.37;26.16;89.11;5.03;233.5;21.29
1997;10;16;59.546;67.006;-999.0;26.96;28.89;25.68;84.87;4.03;224.4;9.24
1997;10;17;46.202;68.004;-999.0;26.97;29.43;25.83;84.84;2.77;245.4;4.21
1997;10;18;49.073;68.218;-999.0;26.36;27.74;25.49;89.67;3.09;345.2;4.88
1997;10;19;54.132;65.633;-999.0;27.47;29.98;25.94;85.54;4.65;23.0;0.63
1997;10;20;60.948;64.502;-999.0;28.04;29.94;26.94;83.14;6.48;32.0;0.31
1997;10;21;61.207;65.933;-999.0;28.31;30.6;27.03;83.33;6.43;35.3;0.47
1997;10;22;38.587;67.759;-999.0;27.82;29.15;27.07;87.25;4.76;42.1;5.82
1997;10;23;51.072;66.034;-999.0;28.01;30.0;26.71;86.42;6.07;42.9;2.94
1997;10;24;64.786;67.126;-999.0;28.71;31.13;27.37;84.06;6.51;44.9;0.56
1997;10;25;63.098;66.665;-999.0;28.41;30.91;27.21;85.43;6.52;49.7;0.44
1997;10;26;63.307;66.034;-999.0;28.64;31.78;26.77;81.41;6.74;47.2;0.17
1997;10;27;62.851;6.599;-999.0;28.64;31.87;26.78;80.57;6.43;46.6;0.08
1997;10;28;5.935;65.707;-999.0;28.32;30.79;26.86;84.74;6.5;44.4;0.01
1997;10;29;50.964;61.382;-999.0;28.33;31.13;26.71;83.2;6.81;40.9;0.0
1997;10;30;59.609;63.924;-999.0;28.34;31.32;26.65;78.74;7.15;46.5;0.23
1997;10;31;64.862;67.109;-999.0;28.45;31.69;26.43;80.06;6.5;46.2;0.0
1997;11;1;59.122;64.135;-999.0;28.6;32.24;26.5;81.67;4.82;44.6;0.43
1997;11;2;6.421;65.743;-999.0;28.36;31.48;26.58;84.82;4.26;46.8;0.82
1997;11;3;5.946;64.234;-999.0;28.41;32.07;26.44;82.68;5.82;43.8;0.4
1997;11;4;51.965;63.014;-999.0;28.24;31.52;26.15;81.89;5.87;40.9;0.37
1997;11;5;4.812;63.398;-999.0;28.31;31.94;26.29;81.53;5.21;46.9;0.37
1997;11;6;45.929;62.803;-999.0;28.05;30.26;26.48;83.43;4.74;42.3;7.71
1997;11;7;28.368;65.434;-999.0;27.72;30.13;26.39;83.87;4.04;39.2;5.0
1997;11;8;25.397;65.021;-999.0;27.26;29.23;26.12;86.17;1.98;1.5;7.35
1997;11;9;25.882;64.145;-999.0;26.42;28.37;24.86;86.56;3.05;223.5;6.07
1997;11;10;43.447;60.274;-999.0;26.84;29.18;25.51;84.82;2.28;279.0;3.22
1997;11;11;47.863;59.866;-999.0;27.24;29.42;25.45;86.35;4.07;17.0;1.75
1997;11;12;49.793;59.366;-999.0;28.46;31.83;26.75;81.47;3.84;43.9;0.86
1997;11;13;44.201;58.541;-999.0;28.68;31.96;27.07;80.37;3.45;35.5;3.03
1997;11;14;49.037;59.626;-999.0;27.68;29.7;26.51;83.86;3.46;352.3;5.74
1997;11;15;4.266;58.224;-999.0;27.51;28.71;26.89;87.4;5.81;36.7;5.8
1997;11;16;50.333;57.986;-999.0;27.36;28.76;26.65;86.03;5.67;48.8;12.62
1997;11;17;55.142;59.743;-999.0;27.72;29.6;26.57;84.27;5.82;47.7;1.24
1997;11;18;4.446;59.748;-999.0;28.02;29.89;26.91;84.39;4.84;51.1;1.33
1997;11;19;51.158;58.819;-999.0;27.79;29.41;26.85;84.62;5.1;46.6;0.6
1997;11;20;39.998;60.552;-999.0;27.8;29.78;26.67;83.65;4.52;47.0;0.47
1997;11;21;51.485;5.658;-999.0;27.67;29.85;26.43;85.16;4.36;49.9;1.53
1997;11;22;56.844;60.665;-999.0;27.95;31.1;26.11;82.64;5.9;50.1;1.37
1997;11;23;57.907;60.218;-999.0;28.29;32.54;25.79;81.6;4.3;47.4;0.48
1997;11;24;55.442;59.705;-999.0;27.79;30.35;26.44;86.5;4.0;42.9;5.58
1997;11;25;39.622;6.097;-999.0;27.51;30.36;26.17;86.57;4.84;40.6;19.09
1997;11;26;30.036;61.013;-999.0;27.41;29.8;25.83;84.29;3.45;42.1;12.03
1997;11;27;56.849;60.355;-999.0;27.92;31.2;26.06;78.91;4.5;49.2;0.0
1997;11;28;58.409;60.542;-999.0;28.2;32.1;26.02;77.18;6.35;46.8;0.0
1997;11;29;58.666;61.032;-999.0;28.01;31.88;25.79;77.29;5.79;45.7;0.0
1997;11;30;52.318;59.321;-999.0;28.41;32.35;26.14;80.04;3.79;48.2;0.01
1997;12;1;49.738;55.778;-999.0;27.63;29.68;26.65;85.43;2.4;43.1;0.0
1997;12;2;49.018;5.521;-999.0;28.36;31.71;26.47;81.13;5.69;37.1;0.01
1997;12;3;50.659;56.534;-999.0;28.04;30.84;26.2;77.7;7.43;46.9;0.0
1997;12;4;58.836;60.835;-999.0;28.61;32.3;26.0;77.12;6.29;51.5;0.0
1997;12;5;57.389;6.071;-999.0;28.95;32.25;26.87;77.61;5.56;45.0;0.0
1997;12;6;57.994;60.874;-999.0;28.33;31.64;26.35;79.23;6.35;40.8;0.0
1997;12;7;58.051;60.763;-999.0;28.49;31.67;26.52;80.79;6.03;36.7;0.0
1997;12;8;53.074;5.999;-999.0;28.38;31.46;26.57;80.03;6.75;41.2;0.0
1997;12;9;51.991;59.369;-999.0;28.05;31.42;26.54;79.81;6.1;42.8;0.0
1997;12;10;53.568;57.062;-999.0;27.37;30.08;25.47;77.96;6.83;43.4;0.0
1997;12;11;56.561;59.954;-999.0;27.37;30.98;24.87;75.5;6.19;44.0;0.0
1997;12;12;57.754;59.182;-999.0;27.29;31.02;24.82;76.72;5.53;46.6;0.0
1997;12;13;52.212;55.687;-999.0;27.24;31.01;24.82;76.66;5.07;45.5;0.0
1997;12;14;52.111;58.183;-999.0;27.23;31.47;24.74;77.35;4.27;38.8;0.0
1997;12;15;51.389;56.388;-999.0;26.61;29.37;25.19;76.94;6.09;19.1;0.0
1997;12;16;50.095;5.496;-999.0;26.64;29.04;25.02;77.0;6.64;22.0;0.0
1997;12;17;46.322;5.591;-999.0;27.09;29.79;25.48;75.87;6.54;26.2;0.0
1997;12;18;46.579;5.496;-999.0;27.45;30.51;25.87;76.04;6.98;30.6;0.0
1997;12;19;52.104;55.039;-999.0;27.68;31.05;26.05;75.47;7.22;38.2;0.0
1997;12;20;57.401;59.158;-999.0;27.75;31.37;25.06;72.12;6.88;43.9;0.0
1997;12;21;58.642;6.042;-999.0;27.7;31.39;25.09;75.01;5.93;42.8;0.0
1997;12;22;58.296;59.945;-999.0;27.69;31.23;25.15;77.83;6.48;42.2;0.0
1997;12;23;58.025;59.671;-999.0;27.92;31.39;25.07;76.39;6.75;45.1;0.0
1997;12;24;57.684;59.184;-999.0;28.02;31.7;25.29;76.68;5.88;45.8;0.0
1997;12;25;59.129;61.195;-999.0;28.3;32.2;25.83;77.29;5.91;46.7;0.0
1997;12;26;5.837;60.814;-999.0;28.3;32.03;25.74;76.53;6.55;45.4;0.0
1997;12;27;56.887;59.486;-999.0;28.16;32.18;25.89;75.54;4.93;44.3;0.0
1997;12;28;54.098;59.165;-999.0;28.19;32.82;25.75;76.72;4.7;43.9;0.0
1997;12;29;57.811;59.659;-999.0;28.21;32.66;25.4;77.83;3.49;37.4;0.0
1997;12;30;51.353;56.184;-999.0;27.72;30.93;25.7;79.97;5.98;28.7;0.36
1997;12;31;55.882;58.949;-999.0;27.72;30.45;26.0;70.61;9.54;43.2;0.05
1998;1;1;58.207;59.894;-999.0;27.75;30.76;25.87;67.84;9.6;43.6;0.0
1998;1;2;6.139;62.914;-999.0;28.09;32.26;24.53;68.42;8.0;49.4;0.0
1998;1;3;60.538;61.922;-999.0;28.2;32.95;25.15;71.94;6.75;44.1;0.0
1998;1;4;60.319;61.459;-999.0;28.34;33.01;25.22;74.91;5.8;44.2;0.0
1998;1;5;61.517;62.935;-999.0;28.27;32.47;25.86;77.53;5.6;43.0;0.0
1998;1;6;54.338;58.294;-999.0;28.25;32.77;25.73;77.69;5.55;41.5;0.0
1998;1;7;51.254;59.215;-999.0;28.31;32.59;25.95;77.01;5.14;38.9;0.0
1998;1;8;53.537;57.682;-999.0;28.12;32.18;25.63;77.53;5.63;37.5;0.0
1998;1;9;53.299;58.704;-999.0;28.02;31.27;25.98;76.81;6.86;39.1;0.0
1998;1;10;58.944;60.979;-999.0;28.31;31.8;26.31;76.04;7.33;39.2;0.0
1998;1;11;58.524;60.878;-999.0;27.83;30.74;26.01;80.2;7.4;36.5;0.0
1998;1;12;60.091;61.961;-999.0;27.87;30.9;26.11;77.99;8.22;38.6;0.0
1998;1;13;60.151;59.623;-999.0;28.04;31.27;26.22;74.32;7.97;41.1;0.0
1998;1;14;59.474;62.959;-999.0;27.68;30.8;25.69;71.76;8.54;42.6;0.0
1998;1;15;60.192;61.932;-999.0;27.6;31.53;25.16;74.6;6.69;41.4;0.0
1998;1;16;6.061;61.656;-999.0;27.76;31.84;25.24;76.48;5.19;37.3;0.0
1998;1;17;58.913;61.658;-999.0;27.29;30.84;25.29;77.15;7.62;33.3;0.0
1998;1;18;60.175;61.987;-999.0;27.01;29.87;25.09;72.2;8.35;38.3;0.0
1998;1;19;57.338;60.523;-999.0;26.75;30.35;24.24;75.81;6.77;35.9;0.0
1998;1;20;58.942;60.984;-999.0;27.03;30.84;24.5;73.98;7.17;33.3;0.0
1998;1;21;57.871;61.325;-999.0;27.07;30.58;24.68;76.81;7.58;33.1;0.0
1998;1;22;59.153;61.673;-999.0;27.21;30.59;24.85;74.19;7.32;37.8;0.0
1998;1;23;60.833;61.949;-999.0;27.26;31.37;24.58;75.34;6.61;37.6;0.0
1998;1;24;59.993;61.567;-999.0;27.5;31.84;24.63;74.9;6.57;38.6;0.0
1998;1;25;5.808;59.542;-999.0;27.32;31.12;24.59;73.73;7.85;41.7;0.0
1998;1;26;63.545;64.373;-999.0;28.04;32.67;24.86;72.15;5.85;42.1;0.0
1998;1;27;59.928;61.459;-999.0;27.89;32.86;24.66;74.37;5.28;29.8;0.0
1998;1;28;51.214;57.821;-999.0;26.91;29.63;25.28;80.48;6.69;22.6;0.0
1998;1;29;56.033;61.658;-999.0;27.25;30.6;25.49;77.34;6.99;28.1;0.0
1998;1;30;56.155;61.637;-999.0;27.63;31.55;25.38;78.64;5.44;27.0;0.0
1998;1;31;52.162;61.882;-999.0;27.37;30.01;25.8;80.64;6.42;21.0;0.03
1998;2;1;60.653;65.177;-999.0;28.41;31.16;26.08;76.51;7.34;35.5;0.08
1998;2;2;64.169;6.541;-999.0;29.24;33.43;26.47;74.83;5.69;42.2;0.0
1998;2;3;40.644;5.825;-999.0;28.6;32.72;26.14;80.68;3.23;270.9;0.78
1998;2;4;51.154;61.601;-999.0;27.63;30.57;26.21;79.24;4.24;340.2;0.95
1998;2;5;59.057;64.994;-999.0;27.07;29.44;25.63;75.97;5.92;14.8;0.04
1998;2;6;6.179;65.628;-999.0;28.4;33.15;25.55;77.13;3.71;11.8;0.02
1998;2;7;40.958;63.334;-999.0;27.59;30.79;25.77;82.66;3.3;343.5;1.26
1998;2;8;32.676;64.162;-999.0;27.34;29.61;25.92;77.35;6.7;2.8;0.33
1998;2;9;50.904;63.307;-999.0;26.76;28.83;25.55;69.23;6.42;8.9;0.18
1998;2;10;38.052;68.112;-999.0;26.3;28.33;25.09;69.27;6.87;20.5;0.15
1998;2;11;50.748;66.691;-999.0;27.15;30.66;25.09;70.23;6.83;29.4;0.09
1998;2;12;4.811;66.538;-999.0;27.63;30.95;25.41;72.06;7.24;37.3;0.11
1998;2;13;65.424;67.613;-999.0;28.06;31.78;25.89;72.24;7.47;34.6;0.04
1998;2;14;62.419;68.042;-999.0;28.18;31.7;25.82;73.64;6.61;37.0;0.0
1998;2;15;63.756;67.661;-999.0;28.4;31.83;26.23;74.34;7.26;39.7;0.0
1998;2;16;68.227;69.214;-999.0;29.35;33.84;26.31;74.41;6.32;42.7;0.0
1998;2;17;6.804;69.614;-999.0;29.58;34.75;26.58;73.61;5.22;43.0;0.0
1998;2;18;6.439;66.192;-999.0;28.94;33.59;26.26;75.09;6.18;38.2;0.0
1998;2;19;60.403;62.201;-999.0;28.3;32.75;25.74;75.09;6.16;36.6;0.0
1998;2;20;60.329;67.006;-999.0;28.29;32.66;25.72;74.25;6.66;40.3;0.0
1998;2;21;65.318;67.865;-999.0;28.3;31.8;26.08;70.41;7.9;38.8;0.0
1998;2;22;64.198;67.056;-999.0;28.42;32.56;25.91;70.16;7.28;39.7;0.0
1998;2;23;65.779;6.797;-999.0;28.46;33.33;25.99;73.28;4.97;36.7;0.0
1998;2;24;40.601;65.369;-999.0;27.94;31.62;25.98;72.83;7.78;30.2;0.0
1998;2;25;53.839;65.429;-999.0;27.97;31.46;26.16;70.87;8.79;36.3;0.0
1998;2;26;59.878;61.999;-999.0;28.11;31.77;26.04;71.89;7.85;35.6;0.0
1998;2;27;50.832;61.546;-999.0;28.23;32.77;25.62;73.31;5.21;36.2;0.0
1998;2;28;52.214;61.774;-999.0;28.12;32.96;25.07;73.95;5.63;32.0;0.0
1998;3;1;58.663;64.526;-999.0;28.25;33.38;25.4;74.31;6.29;30.8;0.0
1998;3;2;52.997;58.706;-999.0;28.17;33.09;25.55;72.94;5.91;34.2;0.0
1998;3;3;52.366;66.706;-999.0;27.92;32.23;25.36;72.51;7.31;30.8;0.0
1998;3;4;55.294;62.832;-999.0;27.47;31.27;25.46;78.47;8.11;27.2;0.0
1998;3;5;52.174;70.498;-999.0;27.78;31.68;25.71;79.38;8.45;30.4;0.01
1998;3;6;53.947;66.804;-999.0;27.86;31.72;25.58;77.79;8.16;34.9;1.83
1998;3;7;51.065;63.163;-999.0;28.1;31.74;25.9;76.71;8.0;37.7;0.19
1998;3;8;50.731;54.756;-999.0;28.68;33.61;25.84;75.92;5.32;41.7;0.03
1998;3;9;43.078;64.752;-999.0;28.68;33.2;25.93;74.54;5.39;34.8;0.0
1998;3;10;55.565;61.747;-999.0;27.87;31.87;25.74;73.5;8.06;34.2;0.0
1998;3;11;5.525;59.938;-999.0;27.18;30.19;25.62;70.97;9.84;35.4;0.0
1998;3;12;61.325;62.186;-999.0;26.88;29.67;24.9;67.41;9.87;39.5;0.0
1998;3;13;71.114;71.762;-999.0;26.7;29.91;24.51;70.38;8.87;36.8;0.0
1998;3;14;70.699;71.208;-999.0;26.63;29.75;24.18;72.4;8.76;34.9;0.0
1998;3;15;6.629;68.959;-999.0;27.12;31.03;24.89;73.94;8.86;32.0;0.0
1998;3;16;69.158;70.793;-999.0;27.04;30.17;24.94;73.22;8.33;34.1;0.0
1998;3;17;6.882;69.936;-999.0;27.52;31.83;24.91;70.47;7.42;38.5;0.0
1998;3;18;62.057;62.938;-999.0;27.56;31.69;24.74;72.12;7.21;36.5;0.0
1998;3;19;67.003;69.029;-999.0;27.76;32.34;24.7;73.5;6.66;35.4;0.0
1998;3;20;64.582;66.134;-999.0;27.96;33.22;24.74;75.64;5.55;28.9;0.0
1998;3;21;59.448;61.776;-999.0;27.62;32.15;25.26;80.1;4.28;8.7;0.0
1998;3;22;61.622;63.799;-999.0;27.57;31.06;25.48;80.66;5.48;17.7;0.11
1998;3;23;38.441;71.124;-999.0;28.13;32.57;25.69;79.38;4.05;23.2;1.55
1998;3;24;50.074;69.547;-999.0;27.47;29.95;25.74;80.5;6.63;26.8;2.9
1998;3;25;59.741;67.932;-999.0;28.15;30.83;26.57;78.04;7.84;36.6;0.74
1998;3;26;66.415;72.509;-999.0;28.44;31.4;26.63;72.82;8.72;36.5;0.17
1998;3;27;69.845;71.978;-999.0;27.89;31.18;26.09;73.01;7.9;31.6;0.0
1998;3;28;59.436;6.804;-999.0;27.65;31.62;25.58;75.56;7.1;29.7;1.1
1998;3;29;60.821;66.197;-999.0;27.19;30.81;25.06;78.65;6.69;24.8;1.0
1998;3;30;63.113;69.684;-999.0;27.06;30.36;25.15;77.51;6.84;22.1;0.0
1998;3;31;66.168;70.032;-999.0;27.47;30.97;25.4;76.87;6.3;23.5;0.06
1998;4;1;63.809;68.467;-999.0;27.9;31.54;25.54;76.07;6.49;27.1;0.01
1998;4;2;63.022;67.836;-999.0;27.84;31.12;25.93;77.53;6.61;30.9;0.01
1998;4;3;53.172;64.447;-999.0;28.29;32.08;26.07;76.56;6.33;31.8;0.06
1998;4;4;55.548;69.871;-999.0;28.66;32.5;26.36;77.11;4.84;35.5;0.04
1998;4;5;57.516;71.172;-999.0;28.85;32.88;26.34;77.45;4.64;16.8;0.01
1998;4;6;55.922;67.423;-999.0;28.26;31.3;26.5;78.11;5.14;4.6;0.01
1998;4;7;53.669;70.346;-999.0;28.06;31.24;26.53;77.24;5.54;17.8;0.1
1998;4;8;55.853;69.557;-999.0;28.71;32.43;26.27;79.21;6.8;36.2;0.34
1998;4;9;47.436;7.025;-999.0;29.2;32.81;26.93;76.45;6.36;37.3;0.09
1998;4;10;49.015;70.901;-999.0;28.93;32.94;26.92;73.5;6.84;35.1;0.0
1998;4;11;56.225;69.338;-999.0;28.5;32.09;26.64;73.87;7.48;27.3;0.18
1998;4;12;44.222;69.895;-999.0;27.2;28.61;26.41;78.86;7.09;19.4;0.66
1998;4;13;59.098;68.654;-999.0;27.49;30.06;25.92;78.62;8.44;27.4;0.91
1998;4;14;59.105;67.594;-999.0;27.93;30.9;26.21;78.14;9.05;36.5;0.31
1998;4;15;65.935;71.208;-999.0;28.11;31.18;26.36;76.42;9.47;39.4;0.05
1998;4;16;63.706;74.134;-999.0;28.43;31.4;26.45;74.96;8.59;33.1;0.02
1998;4;17;63.492;70.589;-999.0;28.57;31.88;26.37;73.68;8.65;37.2;0.01
1998;4;18;59.081;69.991;-999.0;28.34;31.23;26.63;74.76;8.89;38.9;2.52
1998;4;19;59.465;69.703;-999.0;28.61;32.49;25.96;74.43;6.92;36.5;0.41
1998;4;20;41.904;71.335;-999.0;28.29;31.52;26.55;78.95;6.66;37.1;1.03
1998;4;21;52.795;67.723;-999.0;28.05;30.78;26.49;82.96;6.98;33.2;1.43
1998;4;22;59.491;69.902;-999.0;28.44;31.56;26.6;81.75;6.7;34.6;0.81
1998;4;23;50.251;7.092;-999.0;28.55;31.79;26.55;80.73;6.25;34.6;0.22
1998;4;24;46.951;69.091;-999.0;28.49;31.0;26.78;81.31;6.17;31.2;0.39
1998;4;25;54.886;69.206;-999.0;28.43;30.82;26.93;81.3;6.84;34.7;0.93
1998;4;26;5.725;69.391;-999.0;28.77;32.14;27.03;75.64;6.88;36.8;0.01
1998;4;27;43.589;71.959;-999.0;29.17;32.37;26.88;74.44;6.9;39.9;0.0
1998;4;28;60.826;69.622;-999.0;29.53;32.87;27.24;71.88;7.44;38.5;0.0
1998;4;29;65.686;7.075;-999.0;29.65;32.45;27.91;70.6;7.91;42.9;0.01
1998;4;30;67.015;7.11;-999.0;29.54;32.72;27.68;71.08;7.5;36.4;0.01
1998;5;1;49.709;67.558;-999.0;28.9;32.14;27.21;76.0;6.07;44.0;0.35
1998;5;2;5.369;68.366;-999.0;28.76;32.13;26.78;77.77;5.23;43.8;1.35
1998;5;3;34.481;7.315;-999.0;27.72;30.03;26.53;83.9;7.13;39.5;2.78
1998;5;4;27.785;72.991;-999.0;26.78;28.25;25.97;86.19;6.64;34.1;9.73
1998;5;5;4.008;73.178;-999.0;27.41;30.85;25.43;80.95;2.18;302.1;2.89
1998;5;6;5.91;70.973;-999.0;27.55;30.16;25.7;81.33;1.41;19.0;1.6
1998;5;7;3.402;72.972;-999.0;27.37;29.32;26.03;83.72;1.92;258.2;2.74
1998;5;8;65.926;71.534;-999.0;27.67;30.45;25.97;82.14;2.76;10.7;2.18
1998;5;9;66.749;71.196;-999.0;28.92;32.78;26.34;79.04;3.71;30.3;1.17
1998;5;10;6.983;7.11;-999.0;29.34;33.02;27.3;79.29;5.33;32.5;0.44
1998;5;11;57.089;70.102;-999.0;29.25;32.66;27.26;80.24;4.88;39.8;0.09
1998;5;12;43.447;72.986;-999.0;29.24;32.65;27.26;80.7;3.74;33.4;0.13
1998;5;13;58.291;70.164;-999.0;28.99;31.05;27.71;84.31;5.55;30.7;0.15
1998;5;14;56.028;69.055;-999.0;29.13;31.02;27.97;81.85;5.67;36.1;0.06
1998;5;15;49.802;70.649;-999.0;28.73;30.37;27.57;84.16;4.97;34.2;6.39
1998;5;16;50.676;69.691;-999.0;28.41;30.35;27.4;86.43;4.11;25.5;9.73
1998;5;17;31.162;71.863;-999.0;28.98;31.53;27.39;82.59;3.02;45.0;3.17
1998;5;18;45.245;6.792;-999.0;29.18;31.69;27.39;82.95;3.81;41.9;1.03
1998;5;19;37.853;71.724;-999.0;28.9;31.13;27.6;84.01;5.45;44.8;0.92
1998;5;20;64.517;7.121;-999.0;28.64;30.88;27.34;85.25;5.7;41.3;0.84
1998;5;21;57.014;70.301;-999.0;28.72;31.23;27.28;84.18;5.96;39.9;1.42
1998;5;22;63.362;70.714;-999.0;29.13;32.07;27.42;84.93;4.29;34.3;1.89
1998;5;23;3.186;7.171;-999.0;29.04;31.35;27.68;86.83;4.0;40.1;2.35
1998;5;24;63.161;70.262;-999.0;28.64;30.81;27.54;85.94;4.72;54.3;4.2
1998;5;25;30.432;70.255;-999.0;28.51;30.46;27.12;84.72;5.04;51.5;2.3
1998;5;26;34.992;71.213;-999.0;28.31;30.53;27.1;87.27;3.69;45.9;12.28
1998;5;27;35.256;71.892;-999.0;28.06;29.89;26.83;88.2;4.29;47.8;13.26
1998;5;28;44.926;71.261;-999.0;27.68;29.47;26.65;87.04;3.65;38.1;14.0
1998;5;29;36.101;71.806;-999.0;27.76;29.29;26.75;84.15;2.2;36.0;20.76
1998;5;30;58.879;71.393;-999.0;28.09;29.67;26.83;85.03;4.28;31.4;7.03
1998;5;31;64.404;70.596;-999.0;29.7;33.37;27.37;80.07;3.85;42.6;1.08
1998;6;1;42.254;7.159;-999.0;29.14;31.76;27.64;82.57;4.68;42.2;1.4
1998;6;2;59.952;68.323;-999.0;28.78;31.16;27.34;83.96;2.99;35.2;1.97
1998;6;3;49.562;70.627;-999.0;28.02;29.57;26.99;89.06;4.01;30.6;1.61
1998;6;4;4.805;69.475;-999.0;28.12;30.01;27.13;88.26;4.17;46.8;4.56
1998;6;5;53.652;71.741;-999.0;28.05;29.88;27.15;88.83;4.73;42.9;2.06
1998;6;6;53.474;68.834;-999.0;28.05;30.17;27.1;89.24;4.93;31.5;2.11
1998;6;7;48.566;71.688;-999.0;28.29;30.23;27.2;87.95;5.34;43.8;1.98
1998;6;8;36.617;72.127;-999.0;28.47;30.25;27.33;85.92;6.04;49.6;3.13
1998;6;9;36.876;71.158;-999.0;28.53;30.13;27.44;84.36;5.99;53.3;0.99
1998;6;10;64.944;69.823;-999.0;28.94;31.21;27.18;79.48;6.33;50.7;0.04
1998;6;11;65.122;71.203;-999.0;29.11;31.62;27.46;80.22;6.49;48.1;0.07
1998;6;12;46.344;72.317;-999.0;29.02;31.26;27.54;83.24;5.54;47.9;0.22
1998;6;13;67.157;7.201;-999.0;28.77;31.28;27.47;85.15;4.79;41.7;6.38
1998;6;14;56.647;70.987;-999.0;28.3;30.26;27.12;86.99;3.53;55.7;6.96
1998;6;15;32.134;71.081;-999.0;28.01;30.08;26.52;84.85;1.96;40.7;9.24
1998;6;16;2.964;72.146;-999.0;27.08;28.77;26.08;86.38;3.0;354.9;24.89
1998;6;17;60.994;70.022;-999.0;28.11;30.2;26.9;86.35;6.06;49.6;6.59
1998;6;18;64.042;6.983;-999.0;28.37;30.62;27.18;84.19;6.13;51.7;2.51
1998;6;19;58.723;71.275;-999.0;28.52;30.96;26.9;84.1;5.91;48.1;2.3
1998;6;20;51.026;67.963;-999.0;28.44;30.47;27.17;85.37;5.07;48.1;3.42
1998;6;21;5.447;7.146;-999.0;28.21;29.98;27.13;86.95;4.39;59.8;4.42
1998;6;22;34.862;72.024;-999.0;28.06;30.02;26.74;85.23;2.0;58.4;7.06
1998;6;23;55.692;70.934;-999.0;27.91;30.06;26.33;84.67;3.05;46.0;2.83
1998;6;24;61.116;69.115;-999.0;28.85;31.67;26.98;81.68;5.95;51.2;0.27
1998;6;25;68.827;71.134;-999.0;29.27;32.79;26.89;77.63;6.46;49.3;0.09
1998;6;26;6.653;70.781;-999.0;28.69;30.55;27.33;83.22;5.66;54.0;0.42
1998;6;27;58.248;71.146;-999.0;28.81;31.09;27.53;84.64;4.63;59.2;2.49
1998;6;28;35.789;70.344;-999.0;28.41;30.49;27.43;87.05;3.46;35.8;3.54
1998;6;29;51.048;69.264;-999.0;28.85;31.21;27.66;84.18;3.74;55.6;2.13
1998;6;30;69.118;7.195;-999.0;29.55;32.53;27.7;80.51;4.1;49.7;0.23
1998;7;1;70.824;72.377;-999.0;29.63;32.56;27.8;78.78;5.45;53.1;0.11
1998;7;2;69.605;71.635;-999.0;29.48;32.72;27.26;75.76;7.3;49.2;0.04
1998;7;3;50.806;71.323;-999.0;28.37;30.43;27.07;81.1;6.64;45.2;0.15
1998;7;4;42.074;71.837;-999.0;27.74;29.51;26.45;86.99;4.33;39.1;5.74
1998;7;5;5.855;67.973;-999.0;27.51;29.47;26.34;87.33;3.18;321.1;13.08
1998;7;6;43.498;69.331;-999.0;27.57;29.65;26.2;85.82;2.35;19.8;21.14
1998;7;7;38.695;70.507;-999.0;27.81;29.65;26.07;86.19;3.26;44.7;5.13
1998;7;8;48.718;6.689;-999.0;27.85;29.65;26.66;86.25;4.46;54.2;5.8
1998;7;9;50.158;70.157;-999.0;28.1;30.3;26.34;83.84;5.66;54.6;2.02
1998;7;10;50.736;70.037;-999.0;28.22;30.49;27.02;85.23;5.55;49.6;1.44
1998;7;11;64.682;71.743;-999.0;28.7;31.5;27.08;83.22;4.9;52.2;0.54
1998;7;12;50.182;71.302;-999.0;28.64;31.02;27.26;83.5;4.2;51.1;0.54
1998;7;13;54.984;70.382;-999.0;27.74;28.98;27.03;86.14;4.21;30.1;2.58
1998;7;14;55.291;6.833;-999.0;28.42;30.53;26.96;85.69;3.32;27.7;1.0
1998;7;15;52.814;69.938;-999.0;28.57;30.86;27.32;82.14;4.34;46.8;1.33
1998;7;16;46.462;70.586;-999.0;28.2;30.07;26.8;81.42;5.14;50.5;2.06
1998;7;17;49.908;68.921;-999.0;28.03;30.04;26.76;82.14;4.57;55.8;3.21
1998;7;18;46.303;70.668;-999.0;28.2;30.34;26.73;82.66;5.34;48.9;1.31
1998;7;19;64.181;69.538;-999.0;29.11;31.99;27.09;78.82;6.23;46.2;0.96
1998;7;20;66.862;70.536;-999.0;29.11;31.87;27.48;78.98;5.9;48.7;0.6
1998;7;21;67.126;70.694;-999.0;29.28;32.65;27.11;78.71;5.24;45.3;0.75
1998;7;22;61.056;70.471;-999.0;28.14;30.63;26.77;85.03;4.87;49.7;1.9
1998;7;23;58.836;69.782;-999.0;28.11;30.33;27.02;85.67;4.82;44.9;3.29
1998;7;24;6.281;70.409;-999.0;27.52;29.02;26.66;85.97;3.56;44.5;3.02
1998;7;25;51.079;69.274;-999.0;28.42;30.82;26.96;83.3;5.82;48.2;10.76
1998;7;26;63.528;69.965;-999.0;28.69;31.46;26.78;80.28;5.56;50.6;2.12
1998;7;27;61.918;70.073;-999.0;28.84;31.71;27.13;78.68;6.68;48.1;1.55
1998;7;28;46.752;71.954;-999.0;28.45;30.55;26.91;81.74;4.64;51.2;7.13
1998;7;29;45.235;71.198;-999.0;28.21;30.06;27.06;86.06;4.75;45.3;6.87
1998;7;30;64.769;70.145;-999.0;29.01;31.18;27.58;82.95;5.94;53.9;1.08
1998;7;31;43.202;72.038;-999.0;28.76;30.87;27.28;83.51;3.93;55.0;2.17
1998;8;1;64.426;6.983;-999.0;29.05;31.55;27.25;80.94;5.07;53.8;0.98
1998;8;2;64.759;71.122;-999.0;28.79;31.1;27.62;82.59;5.71;49.1;0.87
1998;8;3;67.121;71.638;-999.0;28.78;31.89;26.84;83.62;5.24;44.3;1.32
1998;8;4;62.081;7.081;-999.0;29.1;32.47;27.18;81.19;5.83;44.3;1.03
1998;8;5;50.026;7.121;-999.0;28.59;30.9;27.06;82.34;5.6;44.8;0.57
1998;8;6;58.176;67.596;-999.0;28.39;30.42;27.15;84.61;4.72;47.8;2.45
1998;8;7;31.817;72.096;-999.0;27.96;29.95;26.89;83.39;4.07;64.4;3.9
1998;8;8;56.311;67.879;-999.0;28.47;31.13;26.98;80.68;4.21;44.8;2.28
1998;8;9;56.854;69.202;-999.0;28.92;32.15;26.89;78.72;5.54;39.7;0.22
1998;8;10;65.146;71.222;-999.0;29.04;31.89;27.62;79.36;5.19;39.4;0.15
1998;8;11;63.146;69.818;-999.0;29.07;32.3;27.19;79.84;4.51;48.0;0.43
1998;8;12;65.179;70.618;-999.0;29.37;32.24;27.62;82.68;3.65;44.9;0.99
1998;8;13;62.839;69.881;-999.0;28.97;31.67;27.74;83.79;3.87;48.5;3.13
1998;8;14;51.737;70.351;-999.0;28.67;31.29;27.27;82.18;4.13;55.8;6.19
1998;8;15;39.562;72.084;-999.0;28.57;31.21;26.74;79.2;3.91;51.6;6.03
1998;8;16;6.169;69.216;-999.0;28.35;30.81;26.66;80.38;3.98;45.7;3.83
1998;8;17;62.894;70.896;-999.0;28.68;31.19;27.11;83.27;3.81;41.8;8.2
1998;8;18;53.378;70.656;-999.0;28.16;30.37;26.84;87.0;3.04;6.2;15.5
1998;8;19;62.328;70.212;-999.0;28.82;31.45;27.35;80.15;3.06;50.5;6.14
1998;8;20;59.419;69.161;-999.0;28.04;30.69;26.33;81.24;1.46;339.2;13.5
1998;8;21;5.172;70.942;-999.0;28.24;30.48;27.03;82.18;2.44;4.4;9.79
1998;8;22;62.995;7.009;-999.0;27.82;29.31;26.78;87.35;3.47;25.0;6.15
1998;8;23;6.151;70.603;-999.0;27.22;29.32;26.02;88.26;2.96;10.5;6.26
1998;8;24;53.875;70.207;-999.0;28.58;31.42;26.86;85.52;2.69;21.4;2.7
1998;8;25;5.539;69.706;-999.0;28.25;30.36;27.06;87.79;4.24;23.1;1.47
1998;8;26;51.986;72.437;-999.0;27.65;29.16;26.7;84.95;2.64;44.7;2.09
1998;8;27;48.446;72.197;-999.0;27.54;29.67;25.94;82.3;2.34;333.4;2.45
1998;8;28;63.571;69.979;-999.0;29.03;31.17;27.55;82.36;4.45;42.6;2.02
1998;8;29;6.701;71.158;-999.0;29.48;32.57;27.77;81.69;3.95;37.1;2.92
1998;8;30;47.018;69.782;-999.0;28.66;30.63;26.95;83.7;2.72;6.8;4.36
1998;8;31;2.927;72.509;-999.0;27.81;29.39;26.73;89.1;3.27;192.7;7.72
1998;9;1;48.854;7.069;-999.0;27.9;30.91;26.12;82.63;2.36;214.6;5.34
1998;9;2;4.698;70.553;-999.0;27.95;30.3;26.22;83.06;1.74;304.5;6.56
1998;9;3;51.271;68.659;-999.0;27.6;29.81;26.44;82.43;2.04;341.7;5.47
1998;9;4;63.216;69.922;-999.0;26.79;28.19;26.08;86.85;2.72;307.0;4.15
1998;9;5;59.652;69.384;-999.0;29.15;32.13;26.37;79.02;3.29;49.7;1.59
1998;9;6;62.398;69.228;-999.0;29.4;32.3;27.75;80.07;4.78;50.3;2.32
1998;9;7;5.958;70.644;-999.0;28.97;30.69;27.79;82.24;3.12;65.2;19.47
1998;9;8;36.751;71.551;-999.0;27.68;29.03;26.54;85.49;1.65;72.0;17.15
1998;9;9;61.279;68.234;-999.0;27.97;31.34;25.74;81.21;2.49;244.8;10.68
1998;9;10;48.804;68.762;-999.0;27.71;29.43;26.56;88.04;3.44;21.5;29.41
1998;9;11;53.626;6.965;-999.0;28.1;30.61;26.93;81.52;3.61;33.4;11.12
1998;9;12;37.879;70.889;-999.0;27.31;28.7;26.61;88.19;4.13;350.9;10.52
1998;9;13;43.908;72.742;-999.0;27.38;29.41;26.55;82.53;2.66;335.3;12.42
1998;9;14;60.674;74.081;-999.0;27.4;29.17;26.47;80.15;1.38;269.3;7.54
1998;9;15;6.509;71.314;-999.0;27.56;29.23;26.41;83.6;1.89;317.1;5.57
1998;9;16;59.354;71.515;-999.0;27.1;28.39;25.93;86.43;2.65;358.2;6.75
1998;9;17;64.219;72.794;-999.0;28.84;30.93;27.39;83.08;3.06;55.5;5.16
1998;9;18;69.684;74.189;-999.0;28.91;30.87;27.39;80.49;2.86;54.9;2.75
1998;9;19;63.902;70.538;-999.0;28.69;30.33;27.5;82.29;3.0;52.9;4.47
1998;9;20;4.584;69.554;-999.0;28.89;30.93;27.73;83.54;2.99;49.5;7.55
1998;9;21;49.615;68.323;-999.0;28.94;30.63;27.78;81.4;2.31;34.1;2.56
1998;9;22;55.222;69.631;-999.0;28.56;31.06;27.2;83.27;2.77;324.0;3.74
1998;9;23;47.045;69.166;-999.0;28.01;30.36;26.72;83.57;2.92;229.7;9.44
1998;9;24;5.453;70.104;-999.0;27.54;28.82;26.62;84.75;2.12;214.3;5.94
1998;9;25;62.657;69.094;-999.0;28.03;29.6;26.72;85.86;3.75;33.6;3.58
1998;9;26;47.614;70.697;-999.0;28.68;30.6;27.48;81.85;4.03;49.5;5.44
1998;9;27;60.864;7.009;-999.0;28.32;30.05;27.3;82.71;3.75;43.8;5.78
1998;9;28;33.319;72.727;-999.0;27.49;29.11;26.41;82.31;2.42;62.7;5.69
1998;9;29;66.084;69.907;-999.0;28.28;31.03;26.19;82.16;2.82;43.9;2.87
1998;9;30;67.104;69.902;-999.0;29.23;31.2;27.63;81.93;3.97;53.8;1.36
1998;10;1;66.941;69.684;-999.0;29.12;31.02;27.99;84.69;3.8;58.4;1.76
1998;10;2;40.483;71.246;-999.0;28.78;30.39;27.77;85.56;2.96;68.5;5.27
1998;10;3;27.965;6.937;-999.0;27.64;30.38;26.61;89.16;3.48;40.1;6.4
1998;10;4;51.485;69.586;-999.0;27.89;29.62;26.96;87.74;4.9;50.3;12.16
1998;10;5;58.762;67.783;-999.0;27.76;29.5;26.65;85.35;5.47;56.2;1.72
1998;10;6;46.253;67.171;-999.0;27.3;28.62;25.8;86.25;2.78;60.8;8.81
1998;10;7;37.651;70.258;-999.0;27.38;28.94;26.43;88.42;4.28;44.9;5.48
1998;10;8;53.765;69.547;-999.0;27.95;29.56;26.79;86.76;2.98;52.6;0.83
1998;10;9;54.821;68.962;-999.0;27.33;28.28;26.76;88.86;3.43;53.5;0.76
1998;10;10;5.959;68.434;-999.0;27.96;29.63;26.49;84.78;4.16;54.9;0.37
1998;10;11;59.165;68.762;-999.0;28.64;30.75;27.19;84.7;3.74;56.2;0.47
1998;10;12;58.217;66.734;-999.0;28.58;30.34;27.51;84.42;3.99;53.1;0.69
1998;10;13;34.282;68.352;-999.0;27.98;29.54;27.01;84.41;4.33;45.1;2.63
1998;10;14;43.591;64.682;-999.0;27.35;28.74;26.4;84.78;2.05;97.1;1.93
1998;10;15;55.687;65.758;-999.0;28.11;30.24;26.61;84.69;3.0;38.3;1.77
1998;10;16;42.432;6.817;-999.0;28.36;30.59;27.01;83.83;4.0;50.8;2.29
1998;10;17;48.588;65.693;-999.0;28.05;30.11;26.69;83.22;2.08;51.8;4.05
1998;10;18;43.582;64.582;-999.0;26.92;28.2;26.06;86.31;1.45;324.2;6.93
1998;10;19;52.001;6.726;-999.0;27.5;29.73;25.82;84.63;2.03;281.5;7.25
1998;10;20;43.133;65.386;-999.0;27.97;30.38;26.59;81.87;2.09;308.1;17.13
1998;10;21;35.107;66.254;-999.0;26.5;27.47;25.81;89.33;3.26;217.8;27.28
1998;10;22;28.457;67.306;-999.0;26.61;28.15;25.54;90.73;3.86;188.7;8.61
1998;10;23;29.338;6.721;-999.0;26.84;28.6;26.02;88.38;5.72;200.2;3.14
1998;10;24;53.114;66.842;-999.0;26.2;27.27;25.4;87.71;4.07;189.0;2.8
1998;10;25;54.036;66.283;-999.0;26.36;27.81;25.37;86.17;2.82;211.4;1.38
1998;10;26;51.254;64.231;-999.0;27.08;29.77;25.47;85.2;2.05;329.4;0.98
1998;10;27;44.734;6.211;-999.0;26.76;27.85;26.07;88.11;3.26;320.7;1.12
1998;10;28;48.742;63.355;-999.0;27.38;30.04;25.42;79.14;2.07;294.8;1.84
1998;10;29;5.177;65.455;-999.0;27.41;29.51;26.06;82.97;2.52;357.1;1.39
1998;10;30;51.036;63.502;-999.0;27.03;28.09;26.37;90.25;2.88;351.6;10.84
1998;10;31;49.807;65.722;-999.0;27.05;27.82;26.53;89.41;3.05;22.4;5.85
1998;11;1;33.631;66.617;-999.0;26.83;28.81;25.69;86.64;2.07;130.5;3.53
1998;11;2;50.962;63.367;-999.0;28.0;30.44;26.51;86.31;2.66;38.3;6.01
1998;11;3;47.942;61.608;-999.0;26.96;28.01;25.82;88.75;2.76;173.0;4.55
1998;11;4;43.174;60.271;-999.0;27.02;29.39;25.16;84.95;1.89;270.4;11.53
1998;11;5;5.069;62.496;-999.0;27.14;28.98;26.22;88.58;3.62;289.2;4.73
1998;11;6;49.008;62.251;-999.0;28.6;30.99;26.76;82.21;4.29;26.2;3.34
1998;11;7;33.569;64.092;-999.0;28.01;29.26;27.24;85.78;4.51;53.0;2.99
1998;11;8;42.125;6.313;-999.0;27.55;28.5;27.06;83.4;5.84;49.1;6.5
1998;11;9;55.147;62.131;-999.0;28.07;30.54;26.52;79.08;6.95;51.3;0.77
1998;11;10;6.162;65.138;-999.0;28.17;30.86;26.34;79.11;7.18;51.4;0.13
1998;11;11;60.103;62.302;-999.0;28.22;31.24;26.44;79.7;6.77;48.9;0.23
1998;11;12;55.306;60.034;-999.0;27.83;30.16;26.38;79.19;7.61;45.2;0.01
1998;11;13;54.991;61.051;-999.0;27.52;29.88;26.28;79.06;6.37;42.2;0.01
1998;11;14;59.148;6.151;-999.0;27.63;30.81;25.81;82.03;3.71;36.3;0.01
1998;11;15;49.692;60.763;-999.0;27.81;30.52;26.09;83.81;2.48;28.4;0.02
1998;11;16;56.902;60.379;-999.0;27.79;29.79;26.42;87.94;3.85;50.7;0.48
1998;11;17;49.999;59.537;-999.0;27.56;28.84;26.77;87.35;4.46;61.6;0.48
1998;11;18;42.293;61.306;-999.0;27.25;28.31;26.71;88.1;4.32;57.2;2.84
1998;11;19;47.938;56.933;-999.0;27.19;28.17;26.63;89.08;5.84;50.1;2.03
1998;11;20;44.518;60.821;-999.0;27.12;28.89;26.2;84.58;5.51;49.4;0.33
1998;11;21;42.266;5.965;-999.0;26.75;28.5;25.38;85.49;4.94;49.4;1.09
1998;11;22;45.538;58.841;-999.0;26.9;29.07;25.56;85.54;4.36;49.3;8.85
1998;11;23;49.584;59.616;-999.0;27.42;30.3;25.9;81.64;6.23;44.4;1.42
1998;11;24;51.636;59.254;-999.0;27.4;29.92;25.67;80.75;5.75;43.5;0.35
1998;11;25;52.128;59.549;-999.0;27.16;29.78;25.88;79.15;5.47;34.5;0.03
1998;11;26;50.609;59.489;-999.0;27.2;30.0;25.72;80.91;5.0;30.1;0.59
1998;11;27;4.991;59.311;-999.0;27.1;29.39;25.82;81.64;5.19;21.0;0.29
1998;11;28;5.322;58.786;-999.0;27.27;29.52;25.97;80.44;5.04;20.8;1.37
1998;11;29;44.122;57.739;-999.0;27.45;29.64;26.15;81.75;5.06;33.8;1.28
1998;11;30;51.826;59.779;-999.0;27.4;29.42;26.24;83.48;5.92;35.3;1.18
1998;12;1;45.838;56.686;-999.0;27.32;29.21;26.42;83.66;6.05;34.7;1.66
1998;12;2;4.511;5.513;-999.0;27.04;28.37;26.13;86.23;5.0;43.1;3.9
1998;12;3;45.204;56.707;-999.0;26.69;28.42;25.87;85.77;2.3;84.8;3.44
1998;12;4;49.906;57.494;-999.0;26.83;29.4;25.75;84.84;1.73;2.3;2.28
1998;12;5;47.923;56.119;-999.0;26.8;28.39;25.67;89.57;4.12;3.2;1.74
1998;12;6;35.885;59.158;-999.0;26.96;27.8;26.37;91.9;4.93;29.9;8.04
1998;12;7;2.959;55.274;-999.0;26.04;26.91;25.22;90.93;3.99;29.5;15.13
1998;12;8;39.038;5.723;-999.0;25.91;27.71;25.09;90.16;3.76;29.1;32.76
1998;12;9;41.424;54.564;-999.0;25.56;26.3;24.94;90.7;3.79;58.2;18.18
1998;12;10;46.692;57.127;-999.0;26.8;29.12;25.28;86.69;1.64;56.9;2.88
1998;12;11;40.267;54.991;-999.0;26.5;27.82;25.67;88.23;3.08;48.7;4.21
1998;12;12;44.345;59.335;-999.0;26.78;28.09;25.98;84.05;6.47;51.7;3.67
1998;12;13;52.661;56.158;-999.0;27.32;30.62;25.04;81.12;4.26;51.0;0.03
1998;12;14;56.352;59.366;-999.0;27.76;30.56;25.88;81.49;5.6;46.0;0.14
1998;12;15;54.506;57.031;-999.0;27.51;29.14;26.37;86.62;5.47;48.9;1.8
1998;12;16;45.199;58.094;-999.0;27.26;29.2;26.33;87.47;6.38;50.6;1.64
1998;12;17;39.845;58.846;-999.0;26.77;27.79;26.32;88.51;6.55;46.0;1.15
1998;12;18;46.188;55.039;-999.0;27.02;28.87;25.96;84.84;6.4;47.9;0.54
1998;12;19;55.027;58.267;-999.0;27.16;29.56;25.81;82.64;7.84;48.1;0.17
1998;12;20;53.386;57.211;-999.0;26.81;28.88;25.62;83.36;8.48;45.2;0.5
1998;12;21;53.052;5.797;-999.0;26.88;29.28;25.6;81.87;7.22;42.3;0.12
1998;12;22;56.942;59.114;-999.0;26.59;28.61;25.37;83.19;8.13;41.8;1.39
1998;12;23;53.426;5.898;-999.0;26.58;29.11;25.02;78.67;8.37;46.4;0.13
1998;12;24;58.706;60.838;-999.0;26.67;29.27;24.77;80.5;7.84;47.3;0.07
1998;12;25;58.222;60.343;-999.0;26.74;29.63;24.91;81.95;6.91;48.1;0.09
1998;12;26;5.653;59.604;-999.0;26.79;29.76;24.87;82.06;6.11;45.8;0.17
1998;12;27;54.379;57.732;-999.0;26.98;30.39;25.09;81.02;6.39;41.5;0.05
1998;12;28;51.492;57.943;-999.0;26.97;29.92;25.39;84.07;5.91;39.4;0.09
1998;12;29;37.102;59.395;-999.0;26.9;29.38;25.56;85.67;5.08;28.9;0.44
1998;12;30;48.516;56.791;-999.0;27.15;29.87;25.68;86.53;4.75;27.6;0.25
1998;12;31;50.035;56.045;-999.0;27.48;30.61;25.96;84.26;6.8;39.3;0.02
1999;1;1;5.171;5.502;-999.0;27.26;30.12;25.81;82.79;6.96;43.3;0.01
1999;1;2;4.837;54.161;-999.0;27.19;30.31;25.43;82.67;6.08;46.9;0.0
1999;1;3;51.446;56.376;-999.0;26.94;29.65;25.37;80.4;6.42;49.9;0.0
1999;1;4;55.358;58.771;-999.0;26.68;29.6;25.0;81.08;6.63;47.5;0.0
1999;1;5;52.637;57.682;-999.0;26.72;30.0;24.86;77.41;7.6;45.1;0.0
1999;1;6;55.015;58.399;-999.0;26.52;29.3;24.67;78.71;8.05;44.5;0.0
1999;1;7;58.133;60.353;-999.0;26.51;29.15;24.8;77.37;8.42;45.2;0.01
1999;1;8;59.938;61.394;-999.0;26.48;29.42;24.67;78.97;8.44;45.1;0.01
1999;1;9;55.735;59.923;-999.0;26.6;30.11;24.1;80.2;6.25;42.7;0.0
1999;1;10;55.702;58.872;-999.0;26.59;30.08;24.55;80.68;6.22;38.2;0.01
1999;1;11;52.598;58.147;-999.0;26.43;29.44;24.73;79.59;6.56;36.4;0.02
1999;1;12;52.562;58.162;-999.0;26.06;28.52;24.63;79.19;6.78;27.6;0.14
1999;1;13;5.388;58.786;-999.0;26.32;29.23;24.69;76.64;6.4;32.1;0.06
1999;1;14;40.498;57.334;-999.0;25.79;27.62;24.48;79.17;5.13;44.0;0.0
1999;1;15;55.037;59.453;-999.0;26.55;29.66;24.37;75.62;6.06;42.1;0.04
1999;1;16;57.389;60.379;-999.0;26.54;29.47;24.96;75.47;6.94;38.6;0.13
1999;1;17;57.842;61.238;-999.0;26.58;29.8;24.24;76.29;6.1;38.2;0.0
1999;1;18;56.753;61.601;-999.0;27.0;30.34;24.64;77.16;7.05;40.7;0.03
1999;1;19;57.338;60.811;-999.0;27.16;30.47;24.95;74.17;7.87;43.1;0.0
1999;1;20;60.502;62.234;-999.0;26.77;29.72;24.85;75.39;7.92;41.3;0.01
1999;1;21;58.661;61.697;-999.0;26.59;29.7;24.49;78.13;7.32;37.7;0.0
1999;1;22;58.282;61.277;-999.0;26.8;29.7;24.59;76.26;7.23;42.0;0.0
1999;1;23;56.674;59.717;-999.0;26.94;30.07;25.11;75.06;7.71;45.5;0.08
1999;1;24;49.114;6.179;-999.0;26.28;28.14;24.92;78.22;8.41;43.3;0.0
1999;1;25;50.532;6.019;-999.0;26.25;28.42;25.1;78.52;8.68;43.2;0.01
1999;1;26;5.711;6.126;-999.0;26.58;29.46;24.71;76.59;8.92;42.2;0.04
1999;1;27;56.722;60.096;-999.0;26.67;29.85;24.71;72.97;9.45;45.8;0.01
1999;1;28;57.247;61.162;-999.0;26.3;29.65;24.15;70.83;8.78;48.9;0.0
1999;1;29;58.963;61.675;-999.0;26.44;29.88;24.16;73.39;8.03;45.1;0.0
1999;1;30;60.744;6.33;-999.0;26.39;29.88;24.13;75.05;8.37;45.9;0.01
1999;1;31;60.094;62.784;-999.0;26.23;29.48;24.27;75.57;8.52;43.0;0.0
1999;2;1;60.386;64.363;-999.0;26.04;28.77;24.27;74.34;10.15;44.1;0.0
1999;2;2;59.165;6.461;-999.0;26.03;29.01;24.33;71.42;9.26;44.6;0.0
1999;2;3;6.414;65.158;-999.0;25.73;29.4;23.44;72.64;8.55;42.5;0.0
1999;2;4;64.286;67.258;-999.0;25.67;28.78;23.67;76.29;8.97;44.1;0.0
1999;2;5;61.889;65.052;-999.0;25.53;28.54;23.7;74.19;9.56;40.6;0.01
1999;2;6;63.653;66.221;-999.0;25.52;28.73;23.52;73.33;9.06;40.1;0.0
1999;2;7;61.248;65.774;-999.0;25.39;28.69;22.97;73.58;7.74;39.2;0.0
1999;2;8;61.142;65.616;-999.0;25.61;29.06;23.21;74.99;7.19;39.0;0.01
1999;2;9;62.326;64.488;-999.0;25.91;29.63;23.5;78.73;7.08;37.0;0.0
1999;2;10;51.041;6.283;-999.0;25.96;29.69;23.45;81.1;6.97;34.1;0.78
1999;2;11;59.875;63.571;-999.0;26.11;30.09;23.77;83.06;6.81;35.5;1.29
1999;2;12;61.678;64.812;-999.0;26.36;30.06;24.29;80.86;7.12;36.5;0.4
1999;2;13;51.674;64.553;-999.0;25.55;27.72;24.33;85.48;6.27;42.0;3.52
1999;2;14;40.236;66.542;-999.0;25.53;28.29;24.02;86.12;6.26;37.3;5.54
1999;2;15;42.742;61.781;-999.0;25.48;27.6;24.3;84.5;8.17;37.2;0.25
1999;2;16;52.526;61.711;-999.0;26.04;28.95;24.45;80.51;7.34;41.1;0.0
1999;2;17;54.552;63.994;-999.0;25.7;28.44;24.04;81.98;6.23;44.3;0.01
1999;2;18;43.284;6.125;-999.0;25.14;27.18;24.06;83.45;5.56;46.9;0.0
1999;2;19;59.196;64.361;-999.0;25.96;29.49;23.54;78.66;5.71;37.1;0.2
1999;2;20;58.183;63.979;-999.0;26.45;30.05;24.35;77.87;6.37;32.0;0.04
1999;2;21;57.331;64.786;-999.0;26.64;29.77;24.92;77.61;6.9;32.8;0.01
1999;2;22;4.673;67.291;-999.0;26.55;29.73;25.05;76.17;7.02;28.9;0.03
1999;2;23;53.741;62.002;-999.0;26.1;28.38;24.84;77.24;8.83;32.3;0.07
1999;2;24;46.718;61.735;-999.0;26.54;29.36;25.03;78.14;9.05;35.2;0.57
1999;2;25;56.633;63.907;-999.0;26.45;29.31;24.88;74.25;9.48;36.6;0.05
1999;2;26;62.633;66.991;-999.0;26.55;29.69;24.78;73.51;8.4;33.3;0.07
1999;2;27;55.836;63.696;-999.0;26.57;29.95;24.8;74.33;8.95;36.2;0.02
1999;2;28;58.277;65.038;-999.0;26.23;29.24;24.34;72.95;7.81;32.1;0.0
1999;3;1;55.745;60.475;-999.0;25.98;28.98;24.18;73.76;7.46;31.6;0.11
1999;3;2;36.182;68.069;-999.0;26.09;28.43;24.58;74.77;7.65;32.1;0.48
1999;3;3;62.875;68.222;-999.0;26.97;30.81;24.63;72.34;6.48;36.9;0.21
1999;3;4;62.815;67.282;-999.0;27.24;30.93;25.02;76.36;7.72;32.9;0.63
1999;3;5;62.148;6.677;-999.0;27.58;30.47;25.68;76.9;8.87;37.9;1.06
1999;3;6;59.422;67.286;-999.0;27.5;30.15;26.13;73.02;8.68;40.0;0.02
1999;3;7;6.149;66.958;-999.0;27.43;30.77;25.65;70.92;8.58;38.4;0.0
1999;3;8;58.349;65.849;-999.0;27.04;29.95;25.17;69.82;9.0;37.6;0.0
1999;3;9;60.031;67.085;-999.0;27.1;30.54;24.92;69.21;8.98;40.3;0.0
1999;3;10;6.15;67.121;-999.0;27.15;30.61;24.81;70.08;7.58;37.2;0.0
1999;3;11;62.474;68.429;-999.0;27.27;31.02;25.1;72.2;7.58;36.0;0.02
1999;3;12;60.602;65.146;-999.0;27.39;30.56;25.29;75.78;8.35;39.1;0.01
1999;3;13;66.626;70.346;-999.0;27.45;31.04;25.4;78.43;7.23;35.4;0.07
1999;3;14;47.074;66.766;-999.0;27.99;32.12;25.71;76.45;6.04;40.4;0.05
1999;3;15;41.462;69.931;-999.0;27.6;31.21;25.32;79.21;5.29;31.6;0.22
1999;3;16;58.284;67.817;-999.0;27.18;29.29;25.91;81.84;6.12;36.5;0.5
1999;3;17;5.957;67.466;-999.0;27.74;30.84;26.04;72.52;8.04;40.1;0.0
1999;3;18;61.462;70.334;-999.0;27.6;31.0;25.7;69.79;8.12;39.2;0.0
1999;3;19;59.683;68.374;-999.0;27.56;31.34;25.28;72.03;7.93;38.5;0.0
1999;3;20;60.715;68.743;-999.0;27.32;30.15;25.78;72.24;7.81;35.7;0.0
1999;3;21;58.985;66.326;-999.0;27.28;30.79;25.29;73.06;7.25;29.4;0.01
1999;3;22;57.953;66.761;-999.0;27.19;30.38;25.42;74.95;7.62;32.5;0.0
1999;3;23;49.054;68.981;-999.0;26.88;29.38;25.45;78.4;8.3;37.1;0.0
1999;3;24;52.027;69.602;-999.0;27.52;30.67;25.58;74.8;8.54;38.7;0.0
1999;3;25;66.223;70.963;-999.0;27.83;31.13;25.81;73.31;8.54;38.3;0.0
1999;3;26;68.542;71.364;-999.0;28.15;31.49;25.85;73.32;7.85;37.3;0.02
1999;3;27;58.442;68.412;-999.0;27.95;31.91;25.58;77.09;7.19;37.1;0.38
1999;3;28;5.009;68.417;-999.0;27.1;29.12;25.94;82.03;7.24;41.7;0.5
1999;3;29;57.989;70.246;-999.0;27.26;29.33;25.91;76.39;7.93;38.6;0.03
1999;3;30;59.544;71.702;-999.0;27.66;30.65;25.76;72.95;8.34;37.9;0.0
1999;3;31;66.677;70.778;-999.0;27.4;30.23;25.51;74.15;7.96;38.0;0.0
1999;4;1;59.194;69.127;-999.0;27.78;31.18;25.72;74.74;7.89;39.3;0.07
1999;4;2;52.651;68.002;-999.0;27.42;30.34;25.66;78.1;8.12;35.0;3.98
1999;4;3;58.742;68.786;-999.0;27.03;29.71;25.39;81.65;7.48;31.6;5.81
1999;4;4;43.133;71.494;-999.0;27.12;30.26;25.44;80.66;8.04;31.9;3.97
1999;4;5;59.654;69.703;-999.0;26.95;29.87;25.31;79.59;7.84;35.0;3.18
1999;4;6;63.396;71.275;-999.0;27.0;29.82;25.13;75.02;8.26;35.8;0.15
1999;4;7;58.543;70.363;-999.0;26.99;29.78;25.28;73.5;9.47;36.7;0.12
1999;4;8;5.189;68.846;-999.0;26.6;29.1;25.26;76.0;9.33;35.2;0.69
1999;4;9;49.966;72.653;-999.0;26.86;30.1;25.06;78.67;7.75;37.3;0.86
1999;4;10;54.151;70.037;-999.0;26.71;28.92;25.41;82.81;5.98;42.9;0.9
1999;4;11;4.913;74.323;-999.0;27.0;29.48;25.46;80.42;6.4;39.5;0.0
1999;4;12;62.472;68.974;-999.0;27.42;30.52;25.5;75.35;8.15;38.7;0.0
1999;4;13;65.431;7.08;-999.0;27.56;31.24;25.45;74.81;7.79;38.2;0.0
1999;4;14;55.836;70.428;-999.0;27.91;31.66;25.63;76.39;7.6;41.7;0.0
1999;4;15;60.442;70.068;-999.0;28.51;32.75;26.03;76.01;6.94;41.3;0.0
1999;4;16;68.424;74.045;-999.0;29.15;33.27;26.35;73.51;6.55;44.6;0.0
1999;4;17;73.582;75.994;-999.0;29.34;34.1;25.75;70.65;6.71;43.2;0.0
1999;4;18;73.721;75.401;-999.0;28.74;32.69;25.93;70.38;7.82;42.8;0.0
1999;4;19;7.237;73.135;-999.0;28.57;32.08;26.44;69.14;7.99;38.6;0.04
1999;4;20;71.198;72.499;-999.0;28.57;32.8;26.29;69.97;8.04;39.2;0.12
1999;4;21;64.234;72.158;-999.0;28.9;33.23;26.43;70.88;7.52;42.3;0.12
1999;4;22;64.572;70.987;-999.0;28.37;31.61;26.12;74.97;7.43;42.8;0.16
1999;4;23;56.597;68.131;-999.0;27.89;30.75;26.14;77.41;6.57;42.0;0.43
1999;4;24;3.876;74.066;-999.0;27.05;30.07;25.2;82.0;5.69;46.5;1.04
1999;4;25;31.222;72.629;-999.0;26.73;28.96;25.4;84.74;5.02;47.8;3.89
1999;4;26;47.323;72.701;-999.0;26.93;29.66;25.35;84.26;5.46;38.6;1.8
1999;4;27;43.058;69.845;-999.0;26.81;29.03;25.73;84.78;4.49;44.2;3.2
1999;4;28;62.762;7.169;-999.0;26.98;29.35;25.54;85.02;4.3;37.6;2.75
1999;4;29;51.701;69.554;-999.0;27.18;29.1;25.58;84.85;2.88;44.4;2.38
1999;4;30;34.822;69.576;-999.0;26.49;28.15;25.42;85.69;2.01;30.6;10.1
1999;5;1;47.338;71.808;-999.0;26.73;28.48;25.43;85.13;2.35;22.5;1.84
1999;5;2;46.039;69.492;-999.0;27.18;29.24;25.46;84.15;3.98;33.0;0.67
1999;5;3;52.241;68.652;-999.0;28.24;30.91;26.49;78.01;6.38;32.5;0.36
1999;5;4;51.257;68.045;-999.0;28.71;32.11;26.33;74.09;6.09;41.7;0.39
1999;5;5;63.067;70.342;-999.0;28.45;31.91;26.49;74.22;5.22;43.3;0.09
1999;5;6;59.155;69.211;-999.0;27.88;30.35;26.24;75.08;6.17;38.5;0.06
1999;5;7;52.061;6.973;-999.0;28.38;31.28;26.33;76.43;5.4;39.7;1.44
1999;5;8;37.392;71.009;-999.0;27.47;29.79;26.35;83.13;6.11;43.2;10.84
1999;5;9;42.948;7.044;-999.0;26.96;28.49;26.17;86.27;5.26;44.6;17.53
1999;5;10;29.208;71.988;-999.0;26.82;28.84;25.6;85.01;2.82;50.2;18.15
1999;5;11;51.504;72.053;-999.0;27.5;30.54;25.42;76.76;2.11;15.5;4.21
1999;5;12;51.559;72.041;-999.0;27.47;29.4;26.05;80.12;2.33;332.2;10.78
1999;5;13;50.779;71.784;-999.0;27.6;29.95;25.86;80.13;2.16;349.9;6.7
1999;5;14;59.273;71.165;-999.0;27.59;29.81;25.71;86.43;4.75;35.1;17.97
1999;5;15;67.946;70.637;-999.0;28.06;29.96;26.79;84.39;5.71;47.0;10.78
1999;5;16;40.267;69.396;-999.0;27.8;29.95;26.53;82.96;4.83;46.8;0.56
1999;5;17;63.216;69.794;-999.0;27.24;29.29;26.04;84.69;5.07;36.6;0.18
1999;5;18;65.172;69.857;-999.0;27.25;29.57;25.68;85.04;4.31;40.2;0.16
1999;5;19;51.269;69.466;-999.0;27.52;30.25;25.8;84.22;4.63;44.3;0.21
1999;5;20;56.806;68.357;-999.0;27.42;29.55;26.09;86.64;4.36;40.9;4.11
1999;5;21;39.218;72.574;-999.0;27.58;29.9;26.26;84.25;3.91;40.9;3.43
1999;5;22;57.434;70.433;-999.0;27.89;29.95;26.46;83.18;3.46;52.9;7.74
1999;5;23;53.167;68.498;-999.0;28.17;30.5;26.36;81.93;4.53;46.6;2.55
1999;5;24;66.917;70.476;-999.0;28.57;31.53;26.97;81.86;4.04;43.7;0.58
1999;5;25;58.997;69.494;-999.0;29.1;33.15;26.71;78.1;5.32;35.0;0.19
1999;5;26;62.438;69.461;-999.0;28.62;32.22;26.74;78.98;5.84;39.6;0.07
1999;5;27;64.406;69.264;-999.0;28.47;31.65;26.53;77.51;6.87;43.3;0.0
1999;5;28;67.039;71.441;-999.0;28.84;32.51;26.32;77.31;6.66;40.7;0.11
1999;5;29;61.778;71.273;-999.0;28.49;31.37;26.88;80.95;5.37;38.0;0.86
1999;5;30;57.019;70.894;-999.0;28.36;31.17;26.85;80.03;4.36;43.6;1.96
1999;5;31;63.797;69.206;-999.0;27.63;29.38;26.51;84.34;3.37;57.2;5.41
1999;6;1;41.021;70.594;-999.0;27.46;29.04;26.56;85.75;3.61;43.5;2.15
1999;6;2;64.843;69.578;-999.0;28.3;30.97;26.42;80.76;4.53;45.7;1.37
1999;6;3;66.739;70.699;-999.0;28.32;30.84;26.68;81.48;5.79;43.8;0.82
1999;6;4;48.638;7.11;-999.0;28.2;31.66;26.35;79.6;5.31;39.8;1.44
1999;6;5;55.541;7.105;-999.0;27.77;30.63;25.88;81.3;4.14;41.7;1.93
1999;6;6;5.591;71.237;-999.0;28.02;31.39;26.0;80.45;4.86;35.7;1.17
1999;6;7;51.643;67.687;-999.0;27.97;31.24;26.4;82.27;5.2;31.4;2.44
1999;6;8;41.448;7.187;-999.0;27.26;28.86;26.37;87.32;4.92;35.4;5.33
1999;6;9;24.636;71.292;-999.0;27.55;29.25;26.36;85.94;3.91;36.7;1.78
1999;6;10;6.499;70.234;-999.0;28.2;30.18;27.05;83.57;5.0;40.3;1.4
1999;6;11;56.796;70.102;-999.0;27.98;30.05;26.67;86.11;3.46;40.7;11.45
1999;6;12;48.228;70.838;-999.0;27.82;30.14;26.48;85.44;3.56;40.2;5.39
1999;6;13;62.086;68.016;-999.0;27.57;29.78;26.15;86.0;3.23;45.9;2.23
1999;6;14;23.959;70.579;-999.0;26.85;28.31;25.43;89.66;2.07;354.8;6.7
1999;6;15;55.716;70.154;-999.0;26.82;28.63;25.16;85.2;2.15;39.4;11.34
1999;6;16;42.456;69.348;-999.0;28.11;31.24;26.44;82.44;5.72;46.4;16.82
1999;6;17;46.066;6.725;-999.0;27.44;28.79;26.37;86.09;3.62;60.8;17.52
1999;6;18;48.497;70.829;-999.0;27.5;30.12;25.91;86.1;1.99;38.2;17.09
1999;6;19;35.952;68.794;-999.0;27.25;28.4;25.95;86.12;3.49;57.1;13.99
1999;6;20;63.758;69.233;-999.0;27.73;29.87;26.31;83.87;4.31;53.4;1.8
1999;6;21;38.386;70.762;-999.0;27.75;29.29;26.8;87.52;3.68;54.8;2.91
1999;6;22;50.131;6.757;-999.0;27.36;28.99;26.14;86.52;2.84;51.1;1.46
1999;6;23;54.264;69.002;-999.0;27.3;28.85;26.03;86.43;2.45;37.4;4.48
1999;6;24;36.144;70.927;-999.0;27.74;29.83;26.36;84.86;4.39;45.7;4.51
1999;6;25;52.363;69.178;-999.0;27.95;30.14;26.43;82.94;5.17;51.5;1.86
1999;6;26;50.738;6.815;-999.0;28.08;30.85;26.55;79.39;6.45;48.6;0.9
1999;6;27;44.518;6.876;-999.0;27.74;30.78;26.08;82.51;4.91;54.7;7.55
1999;6;28;54.523;69.456;-999.0;26.66;27.44;26.07;87.4;2.72;72.3;4.62
1999;6;29;53.885;69.154;-999.0;27.7;29.9;26.0;82.98;3.48;53.4;2.82
1999;6;30;53.208;69.492;-999.0;27.21;28.56;26.08;85.32;3.08;59.0;6.5
1999;7;1;57.528;6.881;-999.0;27.65;29.33;26.26;85.2;5.97;48.7;1.62
1999;7;2;55.954;6.767;-999.0;27.73;29.89;26.28;82.82;4.8;58.2;0.53
1999;7;3;58.109;69.161;-999.0;28.19;30.74;26.58;82.12;5.24;50.1;2.07
1999;7;4;61.898;68.138;-999.0;27.67;29.64;26.6;80.78;3.67;54.9;0.84
1999;7;5;64.123;6.889;-999.0;27.92;31.23;25.93;78.46;5.67;40.4;0.05
1999;7;6;5.911;69.166;-999.0;27.95;30.86;26.19;78.52;4.27;43.8;0.5
1999;7;7;45.965;68.702;-999.0;27.17;28.77;25.88;88.4;5.06;35.2;3.64
1999;7;8;58.709;67.735;-999.0;27.69;30.04;26.35;84.64;5.24;48.6;2.31
1999;7;9;5.807;69.187;-999.0;27.33;29.33;26.18;84.38;4.96;48.6;1.5
1999;7;10;6.313;70.786;-999.0;26.99;29.06;25.91;85.84;4.06;40.2;1.97
1999;7;11;64.186;7.039;-999.0;28.06;30.78;26.38;79.07;6.3;46.9;0.4
1999;7;12;54.931;70.898;-999.0;27.86;30.14;26.35;79.93;5.07;50.7;1.82
1999;7;13;56.047;69.514;-999.0;28.27;31.17;26.6;83.36;4.32;51.9;1.7
1999;7;14;65.942;70.092;-999.0;28.68;31.78;26.97;81.91;4.94;48.5;0.53
1999;7;15;68.522;71.314;-999.0;28.6;32.06;26.48;80.21;5.69;50.2;0.16
1999;7;16;49.308;70.222;-999.0;28.41;31.82;26.24;79.18;5.58;49.5;3.11
1999;7;17;63.607;70.906;-999.0;27.76;29.36;26.45;85.42;4.37;56.5;2.48
1999;7;18;61.778;69.288;-999.0;28.35;30.84;26.86;82.08;5.04;54.1;1.64
1999;7;19;57.125;71.294;-999.0;28.65;31.61;26.85;79.91;5.2;55.3;2.09
1999;7;20;61.745;68.398;-999.0;28.75;32.22;26.35;76.32;7.17;49.2;0.44
1999;7;21;50.381;70.049;-999.0;28.21;30.65;26.35;78.82;6.87;47.1;3.18
1999;7;22;6.155;70.879;-999.0;27.94;30.28;26.51;84.32;5.47;47.2;6.66
1999;7;23;44.042;67.884;-999.0;27.91;30.32;26.37;84.5;5.09;45.5;15.63
1999;7;24;64.728;70.682;-999.0;28.06;31.05;26.53;83.65;4.57;46.0;3.93
1999;7;25;66.413;70.546;-999.0;28.06;29.95;26.83;83.95;5.77;48.6;0.78
1999;7;26;66.686;7.163;-999.0;28.14;29.99;26.85;85.42;5.91;44.9;2.69
1999;7;27;56.047;70.394;-999.0;27.9;29.65;26.85;86.87;4.69;53.6;2.59
1999;7;28;54.168;69.168;-999.0;27.82;30.05;26.47;87.23;4.5;49.4;6.61
1999;7;29;53.098;69.917;-999.0;27.9;30.55;26.37;83.46;5.29;39.4;1.05
1999;7;30;64.884;70.193;-999.0;28.06;30.73;26.63;81.36;5.49;44.4;1.4
1999;7;31;42.943;72.012;-999.0;28.47;31.59;26.83;82.39;5.39;41.4;4.35
1999;8;1;65.314;72.168;-999.0;28.76;32.18;27.07;81.02;4.64;48.3;3.52
1999;8;2;40.685;69.797;-999.0;28.13;30.71;26.86;83.03;4.81;51.7;12.57
1999;8;3;25.301;72.122;-999.0;27.48;29.7;26.37;84.28;3.73;54.3;7.05
1999;8;4;61.714;6.983;-999.0;26.99;28.52;26.02;87.03;3.2;40.1;6.55
1999;8;5;53.899;70.267;-999.0;27.56;29.29;26.4;87.08;3.02;35.8;4.59
1999;8;6;53.388;69.888;-999.0;28.01;29.87;26.72;84.66;4.37;44.9;1.59
1999;8;7;57.763;70.973;-999.0;28.27;30.69;26.72;81.94;6.25;44.3;1.1
1999;8;8;48.953;69.984;-999.0;28.1;30.34;26.73;83.29;4.67;53.5;2.69
1999;8;9;64.411;71.165;-999.0;28.01;30.26;26.95;84.13;3.75;58.0;4.98
1999;8;10;51.432;69.691;-999.0;28.27;31.37;26.48;81.47;4.85;51.2;4.78
1999;8;11;64.788;7.091;-999.0;27.97;30.37;26.58;81.67;6.69;47.7;1.66
1999;8;12;42.084;70.882;-999.0;27.84;30.26;26.5;84.92;5.29;37.9;3.43
1999;8;13;53.016;69.586;-999.0;27.49;28.9;26.48;85.8;4.63;61.9;7.56
1999;8;14;41.155;72.127;-999.0;26.62;27.52;25.52;87.74;4.39;97.1;15.55
1999;8;15;40.111;70.836;-999.0;26.99;29.45;24.99;83.14;2.21;0.7;12.24
1999;8;16;52.282;70.397;-999.0;27.9;30.24;26.37;84.52;4.48;42.7;3.43
1999;8;17;59.004;70.394;-999.0;28.24;30.75;26.78;82.16;4.68;37.8;2.94
1999;8;18;55.709;70.754;-999.0;28.23;30.67;26.68;82.85;3.96;50.8;5.8
1999;8;19;44.498;7.219;-999.0;27.35;29.45;25.83;84.32;2.28;38.7;3.27
1999;8;20;43.308;7.074;-999.0;26.6;27.81;25.62;87.99;2.55;270.3;5.89
1999;8;21;40.764;67.819;-999.0;27.21;28.7;25.94;89.39;4.81;3.1;5.2
1999;8;22;25.433;72.103;-999.0;26.08;27.31;25.32;86.7;4.05;250.3;6.96
1999;8;23;63.451;7.031;-999.0;26.62;29.05;25.25;78.69;1.43;299.9;1.38
1999;8;24;51.708;70.123;-999.0;27.35;30.04;25.54;80.93;1.93;312.4;5.74
1999;8;25;59.278;70.056;-999.0;27.27;29.43;25.79;84.94;2.7;4.3;4.01
1999;8;26;55.783;69.432;-999.0;27.48;29.07;26.59;87.28;3.23;12.6;6.74
1999;8;27;36.554;72.307;-999.0;27.13;29.09;25.88;81.73;2.09;343.7;3.88
1999;8;28;44.597;70.738;-999.0;27.46;29.5;26.42;80.24;2.26;336.1;5.78
1999;8;29;66.026;73.147;-999.0;27.71;29.82;26.41;80.33;1.95;23.2;8.42
1999;8;30;68.825;71.126;-999.0;28.81;30.8;27.28;83.21;4.73;51.1;6.89
1999;8;31;51.425;70.361;-999.0;29.15;31.24;27.67;79.63;3.81;56.2;7.91
1999;9;1;37.721;6.84;-999.0;28.44;30.86;27.22;82.98;3.47;46.2;12.81
1999;9;2;43.255;69.689;-999.0;27.29;28.18;26.42;87.25;3.13;42.5;5.64
1999;9;3;55.814;71.393;-999.0;27.26;30.37;25.26;81.37;2.31;97.1;5.04
1999;9;4;58.754;70.397;-999.0;26.98;28.86;25.94;85.45;2.01;10.3;4.57
1999;9;5;48.434;69.134;-999.0;27.95;29.29;26.42;85.82;4.08;41.7;3.21
1999;9;6;66.787;70.752;-999.0;28.74;30.99;27.29;82.88;4.32;53.0;1.6
1999;9;7;53.998;71.458;-999.0;28.67;31.24;27.14;81.85;4.06;46.7;2.11
1999;9;8;36.845;72.482;-999.0;26.89;27.92;26.05;88.25;3.24;359.7;9.66
1999;9;9;57.732;70.039;-999.0;26.57;28.07;25.74;83.32;2.22;335.3;8.97
1999;9;10;35.338;72.468;-999.0;26.5;28.67;25.37;85.1;2.09;258.0;7.23
1999;9;11;52.418;68.935;-999.0;27.18;29.49;25.5;81.4;1.92;298.5;3.37
1999;9;12;59.249;69.478;-999.0;27.72;30.26;26.24;78.71;2.51;333.4;2.0
1999;9;13;48.607;70.858;-999.0;26.84;28.59;25.95;82.66;3.15;243.5;4.17
1999;9;14;53.926;70.714;-999.0;26.48;28.22;25.49;87.08;4.23;211.4;4.07
1999;9;15;43.294;71.664;-999.0;26.25;28.53;25.11;86.23;3.08;196.5;5.39
1999;9;16;6.089;68.726;-999.0;26.6;29.57;24.64;82.57;2.15;278.6;4.01
1999;9;17;53.738;67.543;-999.0;27.67;30.36;25.83;85.16;1.91;358.1;5.72
1999;9;18;57.446;69.859;-999.0;26.63;28.18;25.73;87.49;2.41;298.0;4.37
1999;9;19;56.861;68.657;-999.0;27.36;28.75;25.79;85.77;3.52;22.8;3.53
1999;9;20;37.673;68.587;-999.0;27.75;28.93;26.94;85.95;3.68;29.9;8.1
1999;9;21;50.688;6.648;-999.0;28.08;30.48;26.6;81.4;2.52;325.6;5.98
1999;9;22;1.853;70.706;-999.0;26.21;26.83;25.56;89.07;2.7;311.8;6.89
1999;9;23;62.417;68.258;-999.0;25.81;27.2;24.81;83.95;2.2;296.6;6.53
1999;9;24;42.367;68.323;-999.0;26.31;28.4;24.82;85.49;2.84;305.5;13.01
1999;9;25;58.771;67.267;-999.0;27.02;28.68;25.39;86.07;3.03;54.2;14.36
1999;9;26;28.927;67.622;-999.0;26.64;28.7;25.66;87.06;3.61;87.7;11.78
1999;9;27;63.175;67.735;-999.0;26.99;29.68;25.29;80.46;2.7;269.7;6.99
1999;9;28;32.014;70.066;-999.0;25.8;26.85;25.11;87.96;2.9;260.8;4.28
1999;9;29;59.424;67.457;-999.0;26.27;28.18;24.67;84.84;2.38;238.7;4.51
1999;9;30;60.151;6.793;-999.0;26.46;27.88;25.47;85.91;2.24;257.7;2.45
1999;10;1;45.948;67.812;-999.0;26.22;27.51;25.44;88.52;2.68;282.7;4.85
1999;10;2;40.985;69.192;-999.0;26.14;27.6;25.11;87.7;2.6;344.5;5.8
1999;10;3;65.398;69.204;-999.0;27.61;29.46;25.92;82.58;3.35;59.8;5.96
1999;10;4;46.181;67.817;-999.0;28.19;29.97;26.78;79.91;3.04;74.8;11.81
1999;10;5;35.717;6.924;-999.0;27.05;28.58;26.13;84.15;1.53;252.4;14.02
1999;10;6;32.134;67.337;-999.0;26.65;27.81;25.78;88.04;2.72;312.2;19.76
1999;10;7;62.278;68.158;-999.0;25.92;26.54;24.92;83.07;4.03;22.3;9.61
1999;10;8;52.867;6.761;-999.0;27.43;29.24;25.93;82.43;2.86;54.5;7.31
1999;10;9;57.218;67.289;-999.0;27.83;30.14;26.54;83.4;2.77;29.4;9.12
1999;10;10;2.868;67.495;-999.0;27.59;29.89;26.39;83.1;3.59;37.1;8.46
1999;10;11;45.643;6.731;-999.0;26.6;27.91;25.69;85.09;1.98;291.9;4.49
1999;10;12;52.133;62.179;-999.0;27.1;29.2;25.42;82.29;2.39;344.7;2.58
1999;10;13;28.634;68.038;-999.0;27.17;29.48;25.79;81.14;2.6;306.7;5.24
1999;10;14;58.399;6.517;-999.0;26.75;28.84;25.36;84.73;2.14;272.0;3.35
1999;10;15;46.154;63.852;-999.0;27.06;29.1;25.72;81.31;1.77;1.7;3.98
1999;10;16;53.208;6.708;-999.0;26.64;27.97;25.75;84.82;2.12;236.9;8.16
1999;10;17;47.887;65.441;-999.0;26.13;27.48;25.27;85.4;1.41;223.2;4.97
1999;10;18;55.858;66.137;-999.0;26.52;28.83;25.32;78.0;2.57;39.3;1.48
1999;10;19;49.992;6.684;-999.0;27.5;29.67;25.71;84.7;3.39;36.7;1.43
1999;10;20;54.569;65.177;-999.0;27.74;29.23;26.96;85.29;3.96;37.3;1.41
1999;10;21;42.175;66.403;-999.0;27.36;29.3;26.14;85.42;2.69;344.3;1.23
1999;10;22;39.473;63.473;-999.0;26.71;28.93;25.65;85.29;2.28;275.4;11.15
1999;10;23;41.753;63.019;-999.0;26.26;27.62;25.32;89.6;2.74;274.1;16.74
1999;10;24;5.184;63.506;-999.0;26.11;27.71;25.16;89.0;2.57;280.5;8.38
1999;10;25;47.686;63.571;-999.0;26.39;28.77;24.77;86.05;2.37;354.5;9.35
1999;10;26;4.603;62.719;-999.0;26.41;29.07;25.04;87.51;1.81;348.4;10.21
1999;10;27;43.601;59.527;-999.0;26.54;28.75;24.72;83.54;1.67;320.3;9.88
1999;10;28;38.318;58.841;-999.0;26.45;27.73;25.42;87.94;3.04;281.5;6.63
1999;10;29;43.685;59.899;-999.0;26.23;26.85;25.78;92.16;6.46;299.4;10.83
1999;10;30;48.216;61.514;-999.0;26.02;26.6;25.7;90.59;4.55;276.5;11.34
1999;10;31;50.597;62.777;-999.0;27.33;29.95;25.52;82.79;2.17;350.1;4.83
1999;11;1;4.783;6.101;-999.0;28.25;31.04;26.93;81.94;4.81;28.9;1.99
1999;11;2;50.628;61.018;-999.0;27.7;29.37;26.82;85.73;4.36;15.9;2.0
1999;11;3;43.404;58.001;-999.0;27.26;28.6;26.35;86.65;4.36;10.9;10.54
1999;11;4;50.429;60.934;-999.0;27.87;29.31;26.99;86.75;4.96;43.3;5.93
1999;11;5;48.192;61.421;-999.0;28.46;31.23;27.08;82.31;6.2;50.1;1.05
1999;11;6;61.102;64.073;-999.0;28.14;30.39;26.88;84.06;5.19;51.2;1.21
1999;11;7;42.163;62.597;-999.0;26.68;27.75;25.49;88.9;2.75;170.0;0.59
1999;11;8;45.881;62.753;-999.0;26.05;27.24;25.18;87.79;2.73;281.6;0.39
1999;11;9;52.327;61.334;-999.0;27.22;29.66;25.79;81.11;1.58;332.2;0.14
1999;11;10;46.836;62.333;-999.0;26.75;27.85;25.89;90.8;3.8;9.5;0.34
1999;11;11;45.521;6.055;-999.0;27.45;29.18;26.42;88.06;3.07;57.5;3.5
1999;11;12;35.719;64.226;-999.0;26.12;26.46;25.65;92.55;3.11;224.9;17.06
1999;11;13;42.334;59.714;-999.0;26.85;28.87;25.82;86.28;5.08;219.9;15.06
1999;11;14;41.789;60.437;-999.0;26.86;28.53;26.02;87.14;5.43;223.4;17.91
1999;11;15;22.709;61.198;-999.0;26.79;28.06;26.05;88.3;7.18;233.0;38.75
1999;11;16;16.313;62.882;-999.0;26.42;27.33;25.9;91.31;5.14;249.1;36.68
1999;11;17;43.262;60.506;-999.0;26.37;28.23;25.13;82.96;4.24;308.4;23.76
1999;11;18;51.398;57.547;-999.0;25.82;27.78;24.62;80.28;3.12;342.8;3.07
1999;11;19;55.334;59.141;-999.0;26.28;28.96;24.7;78.19;3.03;351.5;1.29
1999;11;20;5.105;58.903;-999.0;26.27;28.88;24.64;77.62;2.87;315.5;0.37
1999;11;21;49.694;5.898;-999.0;26.0;28.51;24.26;81.75;3.01;290.7;1.83
1999;11;22;53.892;61.188;-999.0;26.02;28.57;24.51;79.91;2.51;290.9;0.14
1999;11;23;4.799;59.712;-999.0;26.13;28.69;24.42;78.89;2.38;325.1;0.29
1999;11;24;48.602;57.979;-999.0;26.07;28.64;24.34;79.31;2.88;336.3;0.27
1999;11;25;50.621;59.921;-999.0;26.25;28.77;24.61;75.13;2.61;325.4;0.09
1999;11;26;5.299;57.989;-999.0;26.35;29.21;24.78;74.14;2.4;334.8;0.01
1999;11;27;55.745;61.039;-999.0;26.38;28.49;24.68;78.79;4.76;24.6;0.03
1999;11;28;5.689;59.371;-999.0;27.06;28.98;25.92;81.13;7.48;36.7;4.08
1999;11;29;56.986;59.347;-999.0;27.33;29.02;26.29;82.5;7.9;35.7;2.14
1999;11;30;42.334;5.905;-999.0;27.16;28.02;26.63;86.44;7.35;31.6;2.07
1999;12;1;30.962;60.456;-999.0;26.66;27.01;26.16;89.58;6.81;30.5;9.51
1999;12;2;43.692;56.909;-999.0;27.11;29.41;25.73;82.96;5.9;46.8;5.94
1999;12;3;5.256;57.012;-999.0;27.44;29.65;25.97;82.55;7.13;45.5;3.61
1999;12;4;42.588;57.307;-999.0;27.05;28.18;26.45;86.26;7.06;45.0;4.9
1999;12;5;39.494;55.111;-999.0;26.9;28.13;26.35;85.31;7.16;44.7;4.64
1999;12;6;31.066;57.031;-999.0;26.63;27.52;26.07;86.75;5.48;44.8;2.2
1999;12;7;50.196;57.907;-999.0;27.27;29.53;26.13;80.58;6.91;48.4;0.16
1999;12;8;53.328;57.638;-999.0;27.09;29.43;25.62;80.86;7.4;45.6;0.08
1999;12;9;55.824;59.191;-999.0;26.98;29.09;25.8;81.17;8.2;45.8;0.19
1999;12;10;51.415;58.459;-999.0;26.63;28.57;25.72;81.35;7.83;44.8;0.25
1999;12;11;35.474;58.654;-999.0;26.46;28.4;25.51;83.62;7.52;41.9;0.43
1999;12;12;30.694;5.88;-999.0;26.0;27.57;24.87;86.29;7.2;44.6;3.86
1999;12;13;31.027;5.262;-999.0;25.54;26.79;24.85;88.48;6.4;44.0;7.41
1999;12;14;42.108;53.832;-999.0;25.78;26.95;25.15;89.73;7.3;44.7;12.25
1999;12;15;39.377;54.468;-999.0;25.81;27.24;24.95;85.01;7.07;48.1;1.21
1999;12;16;40.886;53.482;-999.0;25.47;26.22;24.97;88.17;7.36;51.1;8.12
1999;12;17;37.282;53.458;-999.0;25.48;26.69;24.64;88.18;6.93;49.6;10.28
1999;12;18;45.929;55.025;-999.0;26.21;29.05;24.74;84.21;6.55;47.2;7.77
1999;12;19;47.726;54.749;-999.0;26.24;28.55;24.75;83.33;6.2;46.1;0.25
1999;12;20;50.134;55.063;-999.0;26.46;29.51;24.89;80.96;6.94;48.6;0.11
1999;12;21;49.598;56.124;-999.0;26.24;29.35;24.6;83.11;5.7;52.0;0.05
1999;12;22;54.413;58.478;-999.0;26.33;28.79;24.85;81.84;7.44;46.1;0.05
1999;12;23;51.665;56.604;-999.0;26.33;28.89;24.67;81.55;7.44;49.0;0.02
1999;12;24;52.613;55.392;-999.0;26.18;28.36;24.95;81.48;7.7;41.4;0.05
1999;12;25;40.692;56.429;-999.0;25.64;27.68;24.57;79.15;6.58;39.5;0.0
1999;12;26;53.532;57.626;-999.0;25.46;27.72;24.27;77.74;6.82;31.3;0.0
1999;12;27;53.186;58.094;-999.0;25.55;27.69;24.32;77.31;6.18;34.9;0.01
1999;12;28;54.778;57.874;-999.0;25.81;28.41;24.41;77.96;6.41;34.1;0.01
1999;12;29;53.347;56.779;-999.0;25.9;28.11;24.6;80.24;6.47;28.6;0.0
1999;12;30;53.674;57.905;-999.0;26.48;28.72;25.13;83.41;5.92;28.8;0.0
1999;12;31;51.895;57.151;-999.0;26.61;28.83;25.19;79.5;7.91;46.3;0.01
2000;1;1;51.739;57.684;-999.0;26.35;28.55;24.97;80.0;8.37;47.1;0.04
2000;1;2;5.383;58.951;-999.0;26.22;28.66;24.58;79.72;7.75;45.5;0.04
2000;1;3;50.712;58.553;-999.0;26.18;28.36;24.91;80.97;7.98;44.8;0.14
2000;1;4;46.258;57.406;-999.0;26.22;28.89;24.75;79.7;6.33;46.0;0.09
2000;1;5;52.646;57.557;-999.0;26.18;28.82;24.61;79.28;6.85;39.3;0.11
2000;1;6;5.363;57.859;-999.0;26.32;29.09;24.44;79.04;6.46;44.5;0.21
2000;1;7;50.585;5.881;-999.0;26.4;29.15;24.86;81.95;6.98;44.8;0.39
2000;1;8;47.578;5.633;-999.0;26.15;28.74;24.67;79.17;7.28;46.4;0.17
2000;1;9;51.091;57.672;-999.0;26.11;28.39;24.79;76.57;8.33;48.6;0.05
2000;1;10;57.082;59.494;-999.0;26.22;29.16;24.43;77.36;7.18;45.8;0.0
2000;1;11;58.061;60.734;-999.0;26.16;28.92;24.19;79.35;8.26;49.0;0.0
2000;1;12;55.126;58.997;-999.0;26.04;28.69;24.35;78.44;9.64;46.4;0.0
2000;1;13;59.566;61.507;-999.0;25.82;28.83;24.11;75.26;9.34;48.0;0.0
2000;1;14;5.879;61.416;-999.0;25.24;27.91;23.57;77.69;9.36;45.4;0.05
2000;1;15;57.749;60.214;-999.0;25.17;27.57;23.59;76.85;9.95;44.6;0.09
2000;1;16;55.027;60.463;-999.0;24.98;27.16;23.68;73.36;10.84;48.4;0.03
2000;1;17;58.814;60.924;-999.0;24.52;27.08;22.85;74.15;9.16;46.8;0.01
2000;1;18;60.221;61.752;-999.0;24.73;27.23;23.05;75.96;8.93;42.6;0.02
2000;1;19;61.337;62.772;-999.0;25.03;27.68;23.35;78.89;8.3;38.9;0.01
2000;1;20;57.643;60.278;-999.0;25.47;28.65;23.58;81.34;7.4;38.1;0.01
2000;1;21;58.829;61.447;-999.0;25.56;28.22;23.91;84.65;8.06;32.4;0.57
2000;1;22;57.545;61.387;-999.0;26.16;28.91;24.39;81.7;8.51;43.5;0.18
2000;1;23;58.754;61.548;-999.0;26.63;30.75;24.08;76.37;7.5;49.9;0.01
2000;1;24;57.166;61.327;-999.0;26.6;31.02;23.9;79.02;5.24;39.9;0.14
2000;1;25;51.972;5.863;-999.0;26.45;30.49;23.97;79.31;3.75;18.0;0.1
2000;1;26;5.273;58.346;-999.0;26.01;28.78;24.38;80.79;6.06;16.2;0.01
2000;1;27;47.878;61.483;-999.0;25.97;27.9;24.72;79.05;7.86;31.0;0.0
2000;1;28;52.258;61.632;-999.0;26.2;28.82;24.31;77.48;7.61;43.9;0.0
2000;1;29;47.794;61.454;-999.0;25.82;27.69;24.6;77.76;8.11;45.5;0.01
2000;1;30;56.438;61.872;-999.0;26.17;29.25;24.16;76.6;7.86;42.1;0.0
2000;1;31;55.258;61.217;-999.0;26.45;29.47;24.71;75.65;7.84;43.6;0.0
2000;2;1;50.645;61.862;-999.0;26.61;29.59;24.63;80.47;6.82;42.1;0.02
2000;2;2;50.861;61.862;-999.0;26.23;28.52;25.18;80.92;8.35;41.6;0.01
2000;2;3;54.187;62.988;-999.0;26.36;28.73;25.08;79.29;8.28;42.0;0.0
2000;2;4;55.526;64.238;-999.0;26.48;29.23;24.54;81.2;6.83;39.5;0.09
2000;2;5;43.128;61.594;-999.0;26.44;28.65;24.88;82.28;7.42;36.6;0.73
2000;2;6;55.922;61.798;-999.0;26.85;29.7;25.1;76.74;9.01;41.5;0.06
2000;2;7;61.824;64.913;-999.0;26.85;29.98;24.78;74.13;9.29;46.0;0.01
2000;2;8;61.946;6.547;-999.0;26.77;30.18;24.59;71.19;8.13;40.2;0.0
2000;2;9;61.781;65.206;-999.0;26.57;29.79;24.37;73.55;7.88;38.0;0.0
2000;2;10;61.471;65.556;-999.0;26.36;29.19;24.28;73.66;8.23;38.0;0.0
2000;2;11;62.604;65.993;-999.0;26.34;29.25;24.22;74.52;8.45;44.0;0.0
2000;2;12;63.602;67.058;-999.0;26.69;30.21;23.83;74.88;7.48;44.2;0.0
2000;2;13;61.104;66.494;-999.0;26.73;30.38;23.9;71.37;8.26;47.1;0.0
2000;2;14;6.157;65.465;-999.0;26.71;30.72;23.93;70.32;7.77;49.6;0.0
2000;2;15;6.541;68.078;-999.0;26.25;29.99;23.61;73.92;8.06;46.0;0.0
2000;2;16;61.174;6.439;-999.0;26.08;29.13;24.21;76.66;8.8;43.2;0.0
2000;2;17;51.022;6.876;-999.0;26.4;29.74;24.38;75.2;8.06;39.6;0.0
2000;2;18;55.922;64.822;-999.0;26.34;29.15;24.26;73.03;8.92;45.0;0.01
2000;2;19;63.617;66.485;-999.0;26.5;30.23;24.43;70.46;9.03;44.4;0.08
2000;2;20;55.397;5.909;-999.0;26.41;30.08;24.22;74.64;8.29;39.7;0.04
2000;2;21;62.088;66.173;-999.0;26.23;29.43;24.41;74.92;9.43;38.1;0.01
2000;2;22;60.214;6.425;-999.0;25.96;28.74;24.28;74.38;8.8;35.4;0.03
2000;2;23;53.052;62.335;-999.0;26.1;28.78;24.51;77.67;8.98;32.9;0.42
2000;2;24;40.514;67.966;-999.0;26.13;28.98;24.64;79.61;9.01;34.7;0.31
2000;2;25;48.931;64.603;-999.0;26.3;29.33;24.62;76.74;8.67;39.6;0.03
2000;2;26;5.545;61.802;-999.0;26.32;29.26;24.48;75.54;9.08;41.4;0.02
2000;2;27;43.344;63.826;-999.0;25.91;28.02;24.59;74.61;8.59;39.3;0.01
2000;2;28;48.718;61.781;-999.0;25.97;28.96;24.27;72.38;8.95;37.5;0.0
2000;2;29;53.659;60.089;-999.0;26.11;29.25;24.34;70.69;9.26;39.8;0.0
2000;3;1;60.233;66.797;-999.0;26.12;29.05;24.44;71.48;9.76;40.8;0.01
2000;3;2;6.785;67.243;-999.0;26.34;29.19;24.42;72.97;9.7;42.6;0.0
2000;3;3;64.325;69.343;-999.0;26.32;29.71;24.42;75.83;8.8;38.9;0.0
2000;3;4;61.454;68.998;-999.0;26.84;30.25;24.83;75.96;8.12;37.3;0.0
2000;3;5;61.397;69.077;-999.0;26.74;28.96;25.27;77.8;7.94;39.7;0.0
2000;3;6;51.715;70.519;-999.0;26.91;30.02;25.41;77.03;8.57;40.5;0.0
2000;3;7;40.282;64.954;-999.0;26.43;28.74;25.27;78.91;8.52;40.3;0.0
2000;3;8;56.798;70.361;-999.0;26.42;28.86;24.78;75.25;8.2;38.7;0.0
2000;3;9;66.941;69.809;-999.0;26.16;29.19;24.5;70.93;8.59;38.8;0.0
2000;3;10;63.629;69.228;-999.0;26.23;29.3;24.09;72.63;8.1;40.3;0.0
2000;3;11;62.158;68.767;-999.0;26.85;30.5;24.0;73.11;7.66;40.6;0.0
2000;3;12;63.358;6.833;-999.0;27.09;30.94;24.45;74.94;7.2;40.9;0.0
2000;3;13;53.381;6.659;-999.0;27.21;30.6;25.35;74.53;8.4;38.6;0.0
2000;3;14;59.707;65.818;-999.0;26.9;29.39;25.33;72.8;8.06;45.3;0.0
2000;3;15;66.463;69.626;-999.0;27.37;30.64;25.38;70.31;8.43;42.8;0.0
2000;3;16;66.019;69.941;-999.0;27.21;31.04;24.57;71.94;8.02;43.1;0.0
2000;3;17;60.732;66.245;-999.0;27.16;30.43;25.22;73.01;7.51;40.0;0.0
2000;3;18;58.111;66.091;-999.0;27.1;30.7;25.12;72.23;7.85;38.0;0.0
2000;3;19;6.221;70.332;-999.0;27.16;31.81;24.59;72.02;6.72;37.7;0.0
2000;3;20;61.082;71.395;-999.0;26.99;31.37;24.5;71.84;7.74;37.3;0.0
2000;3;21;67.262;70.985;-999.0;26.38;29.53;24.59;71.31;8.73;35.2;0.0
2000;3;22;69.074;71.683;-999.0;26.16;29.06;24.26;69.66;8.45;32.2;0.0
2000;3;23;56.047;64.776;-999.0;25.78;28.53;24.21;73.96;6.63;22.9;0.01
2000;3;24;55.966;69.566;-999.0;25.49;28.11;23.81;73.55;5.11;3.1;0.0
2000;3;25;54.626;69.485;-999.0;25.7;28.35;24.18;69.94;5.3;10.2;0.0
2000;3;26;53.117;66.883;-999.0;25.78;28.4;23.9;71.81;6.05;20.3;0.0
2000;3;27;63.187;69.643;-999.0;27.08;31.11;24.5;71.94;5.93;27.1;0.0
2000;3;28;6.636;71.045;-999.0;27.69;32.96;24.55;75.19;5.41;40.2;0.0
2000;3;29;59.957;70.447;-999.0;27.82;31.68;25.71;77.13;6.8;35.8;0.02
2000;3;30;42.394;71.033;-999.0;27.6;30.91;25.85;77.98;6.88;38.0;0.02
2000;3;31;55.262;69.696;-999.0;27.55;31.64;25.04;75.36;6.92;36.9;0.0
2000;4;1;65.837;69.737;-999.0;27.73;31.85;25.43;68.87;8.59;37.3;0.0
2000;4;2;66.185;70.351;-999.0;26.82;29.81;24.94;72.99;7.78;34.0;0.0
2000;4;3;66.233;70.925;-999.0;27.19;31.24;25.16;74.9;7.97;34.5;0.0
2000;4;4;51.797;67.226;-999.0;26.42;29.46;24.9;76.28;7.77;26.7;0.0
2000;4;5;43.058;70.258;-999.0;25.9;27.73;24.49;73.19;6.82;20.4;0.0
2000;4;6;56.254;69.468;-999.0;26.17;28.06;24.89;77.36;8.28;28.5;0.0
2000;4;7;51.761;68.316;-999.0;27.09;30.06;25.3;80.29;8.25;39.4;0.01
2000;4;8;43.277;72.432;-999.0;27.68;30.72;25.68;76.94;7.09;39.1;0.01
2000;4;9;67.409;72.847;-999.0;27.53;30.86;25.7;75.07;8.58;37.1;0.0
2000;4;10;67.418;71.026;-999.0;26.82;29.26;24.97;71.23;9.44;40.3;0.0
2000;4;11;65.239;69.864;-999.0;27.05;30.36;24.67;71.79;8.73;40.0;0.0
2000;4;12;58.579;68.707;-999.0;27.45;30.48;25.23;70.9;8.26;42.0;0.04
2000;4;13;61.874;69.302;-999.0;27.38;30.61;25.25;70.83;7.48;39.0;0.17
2000;4;14;51.403;67.903;-999.0;27.55;30.96;24.97;73.03;5.75;43.0;1.92
2000;4;15;5.682;69.372;-999.0;27.7;32.11;25.11;74.77;5.89;46.1;0.03
2000;4;16;55.128;69.259;-999.0;27.27;30.55;25.33;78.16;5.93;42.2;0.27
2000;4;17;35.688;71.911;-999.0;27.12;29.91;25.37;77.87;7.02;38.8;0.28
2000;4;18;54.636;66.842;-999.0;27.21;30.19;25.27;77.89;7.67;33.8;0.53
2000;4;19;43.951;68.105;-999.0;26.97;29.27;25.67;79.41;7.06;37.0;0.55
2000;4;20;47.539;68.993;-999.0;27.11;29.64;25.78;80.42;7.09;35.1;0.1
2000;4;21;58.433;68.762;-999.0;27.67;31.06;25.64;77.15;7.29;34.3;0.02
2000;4;22;38.107;69.034;-999.0;27.22;30.33;25.46;79.69;5.96;35.7;0.24
2000;4;23;56.119;69.521;-999.0;27.36;30.67;25.3;80.11;5.42;37.9;0.36
2000;4;24;50.676;70.231;-999.0;27.32;30.41;25.34;81.25;4.99;42.5;0.51
2000;4;25;58.387;6.858;-999.0;27.44;30.46;25.53;79.88;5.66;38.5;0.18
2000;4;26;64.154;71.611;-999.0;27.82;30.77;25.71;76.74;6.38;41.5;0.03
2000;4;27;70.121;7.17;-999.0;28.07;31.67;25.79;74.43;7.09;40.2;0.0
2000;4;28;63.396;70.814;-999.0;28.15;32.25;25.4;74.06;7.06;42.3;0.02
2000;4;29;40.049;70.634;-999.0;28.06;31.2;26.06;72.42;7.62;42.4;0.52
2000;4;30;46.049;68.736;-999.0;27.71;31.14;25.67;73.99;7.53;39.4;0.28
2000;5;1;49.954;68.078;-999.0;27.67;30.93;25.73;74.87;7.23;34.9;0.0
2000;5;2;4.291;69.062;-999.0;28.09;31.41;25.87;72.36;6.79;40.6;0.0
2000;5;3;55.865;69.278;-999.0;28.35;32.05;26.14;72.52;7.68;38.8;0.0
2000;5;4;50.342;67.889;-999.0;28.32;31.81;26.32;75.6;6.96;39.6;0.6
2000;5;5;44.489;69.276;-999.0;27.46;30.52;25.75;81.42;5.75;43.1;3.11
2000;5;6;49.418;6.767;-999.0;26.91;29.21;25.56;82.26;6.43;42.9;2.12
2000;5;7;51.502;68.462;-999.0;27.48;31.02;25.42;77.05;6.93;38.4;2.29
2000;5;8;49.634;69.811;-999.0;27.54;30.84;25.48;77.17;6.24;34.4;0.48
2000;5;9;63.936;69.151;-999.0;27.94;31.84;25.66;78.59;5.36;40.1;0.99
2000;5;10;45.521;68.237;-999.0;27.67;30.68;25.82;81.89;5.19;41.3;4.62
2000;5;11;38.347;7.019;-999.0;27.72;30.88;25.88;81.9;5.26;37.0;1.32
2000;5;12;5.28;65.786;-999.0;27.36;30.55;25.79;83.71;6.3;31.7;4.07
2000;5;13;48.974;68.909;-999.0;27.42;30.75;25.64;84.24;5.98;39.8;11.03
2000;5;14;46.618;70.414;-999.0;27.0;29.53;25.5;86.7;4.46;47.2;10.82
2000;5;15;55.886;69.835;-999.0;27.22;29.78;25.89;85.96;5.01;42.6;6.52
2000;5;16;53.674;6.906;-999.0;27.32;29.67;25.95;84.2;5.88;45.2;2.74
2000;5;17;51.528;68.347;-999.0;28.02;30.62;26.37;81.05;6.0;44.0;0.77
2000;5;18;64.754;69.751;-999.0;28.71;32.49;26.33;77.58;6.23;42.1;0.41
2000;5;19;56.669;67.987;-999.0;28.34;31.86;26.21;77.62;6.32;41.6;1.01
2000;5;20;41.431;6.937;-999.0;28.09;31.41;26.37;77.99;5.58;41.3;0.2
2000;5;21;61.253;68.762;-999.0;28.27;31.79;25.94;78.05;5.96;42.7;0.47
2000;5;22;47.969;7.165;-999.0;27.64;29.85;25.9;83.3;5.42;45.4;1.08
2000;5;23;6.978;71.712;-999.0;27.47;29.51;26.23;86.17;4.55;45.8;0.91
2000;5;24;41.028;71.172;-999.0;27.44;29.25;26.07;85.67;5.5;43.8;1.75
2000;5;25;38.688;71.837;-999.0;28.22;30.91;26.7;82.36;5.48;44.6;1.47
2000;5;26;60.538;68.765;-999.0;28.6;31.08;26.92;79.31;6.36;44.3;0.34
2000;5;27;63.137;69.461;-999.0;28.67;31.43;26.51;75.95;6.57;43.6;0.0
2000;5;28;5.166;71.767;-999.0;28.58;32.01;26.69;75.92;5.43;42.8;0.14
2000;5;29;49.529;71.054;-999.0;28.56;32.28;26.21;77.0;5.06;41.2;0.67
2000;5;30;47.158;68.935;-999.0;28.0;30.2;26.54;83.38;4.42;37.0;1.58
2000;5;31;4.019;71.395;-999.0;28.19;30.72;26.9;82.99;3.47;49.7;3.92
2000;6;1;44.124;67.558;-999.0;27.47;29.29;26.48;87.48;4.27;46.1;11.37
2000;6;2;55.913;66.768;-999.0;28.35;31.64;26.34;77.21;7.28;44.8;1.19
2000;6;3;64.999;69.463;-999.0;28.7;32.78;26.23;75.34;6.09;42.0;0.35
2000;6;4;49.615;7.067;-999.0;28.59;32.04;26.38;80.22;4.47;39.0;1.58
2000;6;5;59.222;68.561;-999.0;28.24;30.63;26.77;82.18;3.87;46.9;0.17
2000;6;6;51.701;67.483;-999.0;28.48;31.74;26.32;77.74;5.91;42.4;0.21
2000;6;7;51.475;66.826;-999.0;28.35;31.4;26.8;77.1;5.58;45.7;0.08
2000;6;8;58.543;68.736;-999.0;28.52;31.46;26.44;78.26;4.03;44.8;0.21
2000;6;9;46.826;69.838;-999.0;28.15;30.07;26.61;81.93;3.71;53.4;0.69
2000;6;10;4.836;7.139;-999.0;27.71;29.43;26.42;83.24;4.72;59.2;2.62
2000;6;11;65.006;69.974;-999.0;27.72;29.78;26.27;81.51;6.0;55.5;0.71
2000;6;12;55.555;68.563;-999.0;28.39;31.73;26.33;78.16;6.53;42.4;0.78
2000;6;13;45.029;68.736;-999.0;27.66;29.67;26.32;84.65;5.44;43.9;4.13
2000;6;14;51.535;6.673;-999.0;28.06;31.2;26.19;81.73;4.84;45.9;1.34
2000;6;15;44.935;69.751;-999.0;28.7;32.17;26.32;75.24;6.59;47.2;0.2
2000;6;16;59.621;65.964;-999.0;28.49;32.42;25.98;76.05;5.63;43.2;0.34
2000;6;17;42.024;69.912;-999.0;27.35;29.39;26.36;88.35;3.76;53.9;11.81
2000;6;18;40.346;66.098;-999.0;27.2;29.0;26.1;86.21;5.08;54.2;8.76
2000;6;19;55.781;67.858;-999.0;28.03;31.16;25.8;77.94;6.41;51.1;1.33
2000;6;20;62.602;67.291;-999.0;28.29;31.45;25.94;74.63;7.55;48.9;0.14
2000;6;21;55.649;68.138;-999.0;28.13;31.32;26.01;76.34;7.26;44.1;2.12
2000;6;22;56.189;65.014;-999.0;27.21;29.64;26.05;86.81;5.27;41.4;14.79
2000;6;23;33.307;71.249;-999.0;26.93;29.63;25.75;87.05;4.93;50.5;26.75
2000;6;24;16.006;71.206;-999.0;26.83;28.29;25.98;88.68;4.73;59.2;23.49
2000;6;25;6.251;69.211;-999.0;27.64;29.79;25.72;80.34;5.94;50.1;1.18
2000;6;26;68.791;7.115;-999.0;28.2;31.29;25.95;76.35;6.67;48.2;0.01
2000;6;27;68.419;7.093;-999.0;28.6;32.21;25.89;77.61;6.12;45.7;1.28
2000;6;28;57.614;69.734;-999.0;28.27;30.96;26.56;78.92;7.41;47.4;2.35
2000;6;29;60.022;70.867;-999.0;27.99;30.35;26.44;81.56;6.52;54.6;2.3
2000;6;30;61.848;69.643;-999.0;27.94;30.1;26.52;79.01;7.09;46.3;0.04
2000;7;1;66.389;70.615;-999.0;28.02;30.92;26.0;76.17;7.19;42.1;0.01
2000;7;2;68.969;71.429;-999.0;28.17;31.53;25.9;79.35;5.84;44.4;0.24
2000;7;3;61.896;69.144;-999.0;28.39;32.02;26.08;78.67;5.96;43.9;0.08
2000;7;4;58.356;7.062;-999.0;27.91;30.95;26.15;81.08;4.98;50.9;1.71
2000;7;5;49.802;71.575;-999.0;27.46;29.93;26.07;84.85;3.09;47.6;4.45
2000;7;6;56.261;72.362;-999.0;27.49;29.16;26.44;85.2;3.12;61.5;6.94
2000;7;7;65.011;73.142;-999.0;27.66;29.84;25.87;81.65;4.04;50.0;2.11
2000;7;8;53.407;71.892;-999.0;28.0;30.22;26.42;79.17;6.65;49.2;0.24
2000;7;9;70.378;72.629;-999.0;28.77;32.49;26.03;74.4;7.28;47.2;0.07
2000;7;10;70.313;72.293;-999.0;28.73;32.28;26.16;70.45;7.9;48.4;0.0
2000;7;11;70.632;72.816;-999.0;28.48;32.1;25.9;73.91;7.14;45.6;0.0
2000;7;12;68.604;72.108;-999.0;28.27;31.84;25.68;76.35;6.32;38.7;0.0
2000;7;13;43.087;71.292;-999.0;28.19;31.33;25.95;80.2;5.53;43.2;0.0
2000;7;14;40.922;69.895;-999.0;28.55;32.0;26.32;77.0;6.05;40.6;0.48
2000;7;15;41.537;71.815;-999.0;27.99;30.92;26.33;83.0;3.92;42.4;2.57
2000;7;16;65.419;71.014;-999.0;28.62;32.1;26.42;78.85;5.39;43.6;0.27
2000;7;17;58.286;69.106;-999.0;28.25;31.3;26.3;76.81;6.65;43.7;0.0
2000;7;18;49.392;69.662;-999.0;28.29;31.86;26.23;73.44;6.27;42.1;0.19
2000;7;19;61.128;69.888;-999.0;28.31;32.42;26.02;73.21;5.92;40.6;0.21
2000;7;20;59.626;70.435;-999.0;28.12;31.44;26.02;79.72;5.87;42.8;11.14
2000;7;21;40.978;7.217;-999.0;27.59;30.22;26.04;82.43;5.81;49.9;22.85
2000;7;22;55.301;70.642;-999.0;27.16;28.6;26.18;83.67;3.77;71.2;8.56
2000;7;23;65.426;70.812;-999.0;28.15;31.06;26.25;82.19;6.12;44.6;4.44
2000;7;24;66.557;71.011;-999.0;28.51;31.33;26.64;80.04;6.5;46.1;3.55
2000;7;25;53.167;71.654;-999.0;28.51;31.94;26.72;76.72;5.78;44.3;0.09
2000;7;26;4.613;69.077;-999.0;28.03;31.16;26.01;79.67;4.92;50.3;1.57
2000;7;27;53.018;68.206;-999.0;27.73;30.37;26.42;82.24;4.86;42.9;3.29
2000;7;28;42.996;68.614;-999.0;27.12;29.44;25.96;85.5;4.77;53.4;10.25
2000;7;29;51.175;69.514;-999.0;26.45;28.24;25.26;87.38;3.32;40.2;9.81
2000;7;30;33.017;72.348;-999.0;26.91;29.42;25.32;81.47;2.48;349.5;7.61
2000;7;31;59.347;69.785;-999.0;27.71;30.29;25.81;82.57;4.38;37.3;2.51
2000;8;1;61.939;69.742;-999.0;28.13;30.98;25.93;79.18;6.4;48.7;0.28
2000;8;2;51.346;6.943;-999.0;28.07;30.48;26.42;80.58;5.89;46.4;2.01
2000;8;3;57.893;70.922;-999.0;27.87;29.68;26.49;83.4;5.34;47.5;1.87
2000;8;4;43.536;72.178;-999.0;27.79;30.08;26.59;84.91;4.96;44.2;1.5
2000;8;5;51.456;70.567;-999.0;27.23;28.69;26.13;83.29;3.09;123.5;4.27
2000;8;6;59.066;72.218;-999.0;27.32;29.77;25.38;84.5;3.88;31.4;3.66
2000;8;7;5.285;71.285;-999.0;28.23;31.17;26.59;79.83;6.4;42.6;0.69
2000;8;8;47.018;71.957;-999.0;28.29;31.74;26.1;80.53;4.55;40.7;1.28
2000;8;9;53.974;69.509;-999.0;27.56;29.92;25.58;82.74;2.19;24.6;4.85
2000;8;10;63.312;69.857;-999.0;28.82;32.46;26.91;79.75;4.66;48.8;2.3
2000;8;11;6.551;71.009;-999.0;28.99;32.16;27.13;79.37;5.41;46.3;0.82
2000;8;12;63.149;70.385;-999.0;29.15;32.18;27.05;77.93;5.87;50.6;0.49
2000;8;13;50.234;7.033;-999.0;28.52;31.02;27.03;80.47;5.98;54.4;3.87
2000;8;14;66.806;71.983;-999.0;28.45;31.31;26.62;78.15;6.34;49.5;0.89
2000;8;15;66.331;70.951;-999.0;28.83;31.97;26.7;75.13;6.97;44.3;1.37
2000;8;16;60.677;70.697;-999.0;28.24;30.71;26.67;82.45;5.57;43.4;2.49
2000;8;17;65.822;70.315;-999.0;28.47;31.78;26.55;79.79;5.55;39.8;1.43
2000;8;18;36.818;72.041;-999.0;28.29;31.05;26.54;80.84;5.17;48.1;0.89
2000;8;19;62.496;70.102;-999.0;28.15;30.29;26.83;82.26;5.56;44.1;1.33
2000;8;20;68.458;72.298;-999.0;28.41;31.18;26.91;80.64;6.15;44.3;1.74
2000;8;21;6.917;7.218;-999.0;28.86;32.29;26.99;78.67;6.73;46.0;0.75
2000;8;22;69.881;71.698;-999.0;28.69;31.61;26.74;78.57;7.25;40.2;1.0
2000;8;23;60.432;69.662;-999.0;28.52;31.78;26.65;82.9;4.4;44.2;1.99
2000;8;24;56.458;7.019;-999.0;28.2;31.36;26.44;85.12;4.2;41.8;6.33
2000;8;25;53.558;70.111;-999.0;27.69;29.65;26.68;86.71;3.71;66.6;7.82
2000;8;26;47.638;7.218;-999.0;27.64;29.72;26.47;87.03;3.15;45.2;6.14
2000;8;27;59.441;69.811;-999.0;28.29;31.23;26.62;84.47;5.15;39.7;4.59
2000;8;28;53.426;6.997;-999.0;28.2;30.52;26.65;84.5;5.52;43.4;2.95
2000;8;29;38.165;72.312;-999.0;27.81;29.7;26.66;86.52;2.88;60.9;1.67
2000;8;30;47.292;67.939;-999.0;27.65;30.04;26.12;83.88;4.39;50.0;0.5
2000;8;31;4.416;6.815;-999.0;28.11;31.08;25.93;81.68;6.56;43.4;2.0
2000;9;1;39.223;7.235;-999.0;27.78;30.73;26.61;81.37;3.72;53.3;5.07
2000;9;2;52.037;71.782;-999.0;27.5;29.62;26.23;83.54;2.1;6.9;2.36
2000;9;3;55.037;70.063;-999.0;27.47;29.74;26.04;84.05;2.25;288.4;4.69
2000;9;4;39.523;71.695;-999.0;26.93;28.11;26.0;86.83;3.04;344.8;6.17
2000;9;5;45.298;72.041;-999.0;26.24;27.57;25.6;88.94;3.66;302.5;3.88
2000;9;6;62.239;70.426;-999.0;27.92;30.05;26.01;82.68;3.52;43.5;2.59
2000;9;7;60.893;71.124;-999.0;28.96;32.43;26.66;77.73;4.59;47.0;5.59
2000;9;8;6.486;7.123;-999.0;28.68;31.2;27.12;77.4;4.35;49.5;1.89
2000;9;9;55.927;71.203;-999.0;28.08;30.0;26.98;83.81;4.14;36.7;14.44
2000;9;10;44.592;72.514;-999.0;27.64;29.87;26.25;84.27;2.75;330.0;13.9
2000;9;11;41.122;72.502;-999.0;27.48;28.18;26.49;87.38;3.57;45.2;7.45
2000;9;12;67.766;73.632;-999.0;27.31;29.45;25.78;83.8;1.85;292.8;4.72
2000;9;13;57.617;69.545;-999.0;28.78;31.63;26.67;81.9;3.44;29.9;6.47
2000;9;14;49.898;68.242;-999.0;28.07;30.46;26.54;82.39;3.91;56.6;15.87
2000;9;15;53.436;68.546;-999.0;27.9;30.62;26.45;80.45;3.16;39.0;13.14
2000;9;16;3.113;71.674;-999.0;27.17;30.18;25.76;83.07;3.23;356.2;11.16
2000;9;17;40.747;71.734;-999.0;26.67;28.04;25.69;88.55;2.84;350.9;9.17
2000;9;18;51.317;67.742;-999.0;27.97;30.71;26.48;83.18;2.17;33.0;4.54
2000;9;19;64.973;69.626;-999.0;28.12;29.82;26.62;86.49;4.8;38.7;3.55
2000;9;20;44.712;69.881;-999.0;27.43;29.02;26.08;83.27;3.25;68.8;5.83
2000;9;21;54.826;67.615;-999.0;26.7;28.56;25.71;85.26;2.92;288.3;5.47
2000;9;22;5.143;69.631;-999.0;27.39;29.23;25.79;85.62;3.62;24.1;3.89
2000;9;23;49.068;69.101;-999.0;27.79;29.37;26.84;85.54;3.37;35.6;27.04
2000;9;24;46.507;70.373;-999.0;26.54;27.68;25.01;88.25;2.62;19.5;47.95
2000;9;25;6.091;68.861;-999.0;26.44;28.58;24.93;85.75;3.33;218.0;10.21
2000;9;26;56.218;68.232;-999.0;27.57;30.75;25.45;82.32;2.8;10.0;6.43
2000;9;27;46.687;67.577;-999.0;27.87;30.84;26.26;86.67;2.88;31.3;15.53
2000;9;28;47.251;6.647;-999.0;27.18;28.73;25.65;86.88;2.23;311.4;11.17
2000;9;29;28.877;70.183;-999.0;26.63;28.34;25.41;87.18;2.46;220.5;3.83
2000;9;30;62.974;6.803;-999.0;26.7;28.37;25.79;83.12;3.01;208.4;6.34
2000;10;1;5.388;68.417;-999.0;27.06;28.92;25.75;83.72;2.49;328.6;6.12
2000;10;2;45.355;68.818;-999.0;28.12;30.32;26.58;82.78;4.74;30.5;5.67
2000;10;3;53.501;66.259;-999.0;27.19;28.42;25.84;85.3;3.59;35.6;5.28
2000;10;4;49.956;6.917;-999.0;27.64;29.44;25.66;80.74;2.38;40.6;3.85
2000;10;5;5.904;66.497;-999.0;27.7;29.21;26.48;84.11;5.18;54.9;1.28
2000;10;6;6.247;66.876;-999.0;27.98;30.15;26.75;84.38;5.38;48.6;1.69
2000;10;7;55.051;66.926;-999.0;28.14;30.35;26.87;84.37;5.96;42.5;2.13
2000;10;8;54.972;66.708;-999.0;28.2;30.99;26.62;82.7;5.4;41.3;3.5
2000;10;9;4.889;68.304;-999.0;27.38;29.2;26.34;85.88;3.17;47.2;21.6
2000;10;10;58.195;67.769;-999.0;27.14;29.3;26.01;87.33;3.53;33.7;11.57
2000;10;11;62.981;66.919;-999.0;27.96;29.96;26.85;83.64;6.85;49.7;3.52
2000;10;12;59.638;66.355;-999.0;27.93;30.17;26.47;85.11;4.48;51.9;4.35
2000;10;13;55.313;64.524;-999.0;27.82;29.79;26.68;84.69;3.14;38.9;4.61
2000;10;14;56.554;66.619;-999.0;27.81;30.27;26.64;84.08;3.73;32.1;6.83
2000;10;15;52.469;65.688;-999.0;27.61;29.33;26.49;88.43;3.05;38.2;7.46
2000;10;16;40.308;64.548;-999.0;27.79;29.96;26.21;83.94;4.55;41.9;8.6
2000;10;17;46.596;66.379;-999.0;27.8;29.52;26.94;83.46;3.53;58.1;4.91
2000;10;18;47.957;64.128;-999.0;28.3;29.94;26.96;83.12;3.76;48.0;3.69
2000;10;19;52.217;64.495;-999.0;28.39;30.56;27.38;83.01;3.5;39.5;3.0
2000;10;20;52.248;62.844;-999.0;28.22;29.73;27.49;87.0;5.15;46.2;6.52
2000;10;21;28.243;67.176;-999.0;27.91;29.1;27.08;84.38;3.93;67.4;7.68
2000;10;22;51.751;6.377;-999.0;27.74;29.14;26.99;84.75;4.94;48.8;1.48
2000;10;23;61.229;65.414;-999.0;28.02;30.64;26.7;80.63;6.32;37.4;1.35
2000;10;24;44.134;63.684;-999.0;27.55;29.31;26.48;84.46;4.23;38.9;7.8
2000;10;25;38.486;6.659;-999.0;27.33;29.8;26.02;82.19;2.11;11.0;10.51
2000;10;26;47.107;62.033;-999.0;27.49;30.25;25.7;82.3;2.99;12.3;6.06
2000;10;27;44.203;65.357;-999.0;27.97;29.86;26.61;87.25;4.77;44.1;5.48
2000;10;28;5.124;6.103;-999.0;28.06;29.86;27.03;85.74;5.12;49.9;1.77
2000;10;29;45.511;62.938;-999.0;28.2;29.82;27.31;86.55;5.96;43.6;3.59
2000;10;30;30.787;66.384;-999.0;27.7;28.98;26.89;85.68;5.61;39.3;2.78
2000;10;31;40.848;63.888;-999.0;27.38;29.05;26.13;82.04;3.29;42.7;0.74
2000;11;1;39.619;6.421;-999.0;27.18;28.43;26.0;87.15;3.38;35.8;6.21
2000;11;2;29.479;66.036;-999.0;26.18;27.66;25.54;88.08;2.23;359.0;16.07
2000;11;3;42.166;64.435;-999.0;26.85;29.04;25.25;83.67;2.57;351.1;6.95
2000;11;4;51.151;62.402;-999.0;27.62;30.11;25.79;82.34;4.93;23.4;4.3
2000;11;5;39.041;63.754;-999.0;27.39;28.89;26.41;82.68;5.97;38.9;4.9
2000;11;6;49.848;6.101;-999.0;28.02;31.06;26.56;80.43;5.28;46.3;1.24
2000;11;7;55.742;61.471;-999.0;27.85;30.32;26.51;79.0;5.97;35.4;0.08
2000;11;8;47.501;58.594;-999.0;28.18;31.02;26.9;79.73;5.28;44.2;1.88
2000;11;9;49.229;59.338;-999.0;27.87;30.11;26.76;82.28;5.61;43.7;1.9
2000;11;10;47.071;58.838;-999.0;27.78;30.37;26.47;81.21;6.16;33.1;1.08
2000;11;11;53.112;6.012;-999.0;27.21;29.61;25.9;77.79;6.11;25.4;0.28
2000;11;12;51.768;60.394;-999.0;26.7;29.21;25.22;77.31;4.33;14.2;0.02
2000;11;13;56.681;60.643;-999.0;26.76;29.01;25.09;78.27;5.19;25.6;0.08
2000;11;14;48.048;60.336;-999.0;27.6;29.93;26.03;78.05;6.64;37.7;1.5
2000;11;15;52.114;61.318;-999.0;28.0;30.19;26.57;77.63;7.7;42.9;1.52
2000;11;16;54.655;59.131;-999.0;28.17;30.53;27.03;77.85;7.73;46.7;1.27
2000;11;17;52.133;57.526;-999.0;27.81;30.03;26.5;81.76;7.33;50.3;0.55
2000;11;18;4.627;60.449;-999.0;27.7;29.9;26.29;81.97;7.09;51.3;0.27
2000;11;19;46.253;58.908;-999.0;27.62;30.62;25.92;79.83;6.34;51.9;0.02
2000;11;20;52.313;58.291;-999.0;27.44;30.21;25.34;76.91;7.25;49.8;0.0
2000;11;21;58.464;60.862;-999.0;27.67;30.61;25.72;76.86;8.08;48.2;0.02
2000;11;22;59.266;60.958;-999.0;27.42;30.24;25.85;74.87;8.42;44.8;0.0
2000;11;23;58.471;61.051;-999.0;27.51;30.45;25.48;76.46;6.69;45.8;0.0
2000;11;24;58.476;60.989;-999.0;28.1;31.73;25.54;79.5;5.33;46.3;0.0
2000;11;25;57.698;60.439;-999.0;28.05;31.48;26.04;82.72;4.99;46.8;0.0
2000;11;26;57.096;59.784;-999.0;28.08;31.09;26.14;81.68;6.74;43.6;0.0
2000;11;27;51.547;58.783;-999.0;27.53;29.04;26.52;84.26;6.15;42.6;0.04
2000;11;28;46.188;59.129;-999.0;27.73;29.73;26.57;86.68;5.2;50.3;0.08
2000;11;29;4.549;60.293;-999.0;27.8;30.0;26.35;86.45;3.35;60.1;0.09
2000;11;30;50.263;59.033;-999.0;27.82;30.39;26.53;84.77;2.82;62.3;0.27
2000;12;1;44.594;59.604;-999.0;27.8;30.55;26.25;84.24;2.29;20.7;1.02
2000;12;2;43.032;58.327;-999.0;27.18;29.3;25.82;86.37;2.33;308.4;11.12
2000;12;3;41.873;53.242;-999.0;26.66;28.02;25.96;89.7;2.82;194.9;11.98
2000;12;4;45.569;59.551;-999.0;26.59;27.79;25.73;87.45;3.07;330.8;4.25
2000;12;5;47.251;57.521;-999.0;27.81;30.04;26.07;80.18;3.58;41.6;1.71
2000;12;6;40.474;59.047;-999.0;27.77;29.59;26.3;79.23;3.73;56.4;0.87
2000;12;7;36.701;59.155;-999.0;28.6;31.54;26.69;77.52;3.54;42.0;0.02
2000;12;8;5.274;57.708;-999.0;28.12;30.89;26.46;78.11;6.34;45.7;0.0
2000;12;9;5.431;58.954;-999.0;28.44;31.91;26.03;76.56;6.32;47.7;0.0
2000;12;10;56.717;59.597;-999.0;28.03;30.51;26.2;75.05;7.39;44.2;0.01
2000;12;11;53.218;59.688;-999.0;27.97;30.64;26.11;76.26;7.45;48.7;0.0
2000;12;12;5.353;59.143;-999.0;28.09;31.33;26.14;70.66;9.12;50.4;0.0
2000;12;13;57.614;59.616;-999.0;27.51;30.51;25.57;72.89;9.8;50.9;0.0
2000;12;14;56.918;59.206;-999.0;27.39;30.87;25.58;70.28;10.3;49.8;0.0
2000;12;15;56.856;59.153;-999.0;27.08;30.82;25.17;68.39;8.71;50.2;0.0
2000;12;16;5.652;59.662;-999.0;27.18;30.39;25.18;74.16;7.12;46.2;0.02
2000;12;17;5.406;59.119;-999.0;26.93;29.48;25.2;75.08;7.12;46.0;0.34
2000;12;18;56.347;59.251;-999.0;26.96;29.79;25.08;72.35;7.37;41.8;0.02
2000;12;19;57.036;59.803;-999.0;26.72;30.36;24.12;73.03;5.8;44.1;0.02
2000;12;20;53.849;58.488;-999.0;27.04;30.73;24.16;76.4;5.44;45.3;0.03
2000;12;21;56.957;5.873;-999.0;27.32;30.76;24.69;75.85;5.76;45.2;0.03
2000;12;22;53.916;58.682;-999.0;27.75;31.42;25.26;78.59;4.95;47.9;0.0
2000;12;23;48.888;57.914;-999.0;27.95;31.4;26.06;79.8;4.99;46.7;0.0
2000;12;24;54.221;58.306;-999.0;27.87;31.04;25.81;79.96;5.02;42.9;0.0
2000;12;25;4.481;57.751;-999.0;27.57;30.5;26.11;80.81;6.41;38.5;0.0
2000;12;26;51.809;57.149;-999.0;27.29;29.29;26.02;79.54;7.31;36.3;0.08
2000;12;27;44.426;59.422;-999.0;27.32;29.56;26.19;80.12;7.29;41.2;0.08
2000;12;28;44.066;56.959;-999.0;27.11;29.85;25.74;81.07;6.47;37.6;0.18
2000;12;29;35.429;59.498;-999.0;27.14;30.49;25.35;82.54;5.52;34.9;1.58
2000;12;30;46.253;5.735;-999.0;26.54;28.01;25.6;86.29;6.41;32.2;4.77
2000;12;31;54.098;59.057;-999.0;26.82;28.7;25.53;84.82;7.14;44.2;2.2
2001;1;1;52.567;5.777;0.61;27.48;30.1;25.68;77.24;7.57;46.9;0.0
2001;1;2;5.537;59.105;0.65;27.17;30.5;25.11;75.45;7.13;46.4;0.0
2001;1;3;58.519;60.655;0.68;26.88;30.46;24.48;72.82;7.61;43.3;0.0
2001;1;4;52.082;60.216;0.61;26.57;29.74;24.6;72.76;7.3;37.5;0.0
2001;1;5;4.819;59.561;0.56;26.7;29.63;25.22;73.7;7.09;30.9;0.0
2001;1;6;59.297;60.869;0.69;26.64;29.78;24.84;74.45;6.71;31.1;0.0
2001;1;7;53.995;59.162;0.62;26.94;30.04;24.97;76.46;7.25;38.4;0.0
2001;1;8;4.945;58.798;0.57;27.31;30.37;25.1;75.97;6.34;43.4;0.0
2001;1;9;58.548;6.097;0.67;26.97;30.05;24.85;74.57;6.93;40.7;0.0
2001;1;10;54.235;58.932;0.62;26.78;29.68;24.88;72.62;8.83;42.7;0.0
2001;1;11;53.851;60.106;0.62;26.83;29.96;24.83;69.85;8.93;45.8;0.0
2001;1;12;59.362;61.483;0.68;26.77;29.97;24.67;70.52;8.35;43.1;0.0
2001;1;13;57.703;60.394;0.66;26.83;30.37;24.87;74.54;7.57;39.2;0.0
2001;1;14;56.542;59.983;0.64;26.85;30.51;24.9;74.61;7.32;37.5;0.0
2001;1;15;58.018;60.425;0.66;26.45;29.53;24.57;75.12;7.95;37.0;0.0
2001;1;16;5.85;60.624;0.66;26.88;30.18;24.75;75.07;7.87;36.8;0.0
2001;1;17;53.467;58.543;0.61;27.05;30.06;25.23;74.97;8.08;41.6;0.0
2001;1;18;54.766;58.582;0.62;27.0;29.7;24.87;74.46;7.3;47.0;0.02
2001;1;19;52.382;59.294;0.59;27.5;30.96;24.99;72.26;6.2;45.8;0.0
2001;1;20;51.499;5.881;0.58;27.09;30.26;25.41;77.88;5.31;43.3;0.01
2001;1;21;48.394;57.972;0.54;26.7;29.34;24.83;77.07;6.83;41.1;0.34
2001;1;22;44.686;61.116;0.5;27.31;30.99;25.1;71.28;6.8;43.1;0.2
2001;1;23;53.676;60.391;0.6;27.06;30.74;24.76;73.9;5.77;39.8;0.01
2001;1;24;54.074;60.379;0.6;27.28;30.7;25.48;75.64;6.96;32.3;0.17
2001;1;25;52.812;60.046;0.59;27.6;30.9;25.68;74.25;8.22;37.1;0.15
2001;1;26;52.663;61.462;0.58;27.46;30.19;25.6;71.34;9.21;43.0;0.0
2001;1;27;6.323;65.472;0.7;27.04;30.26;24.81;64.77;9.79;47.6;0.0
2001;1;28;63.197;63.866;0.69;26.92;30.2;24.52;70.26;9.56;47.1;0.0
2001;1;29;62.388;64.714;0.68;27.31;31.0;24.76;67.92;8.82;47.2;0.0
2001;1;30;63.967;64.764;0.7;27.07;31.02;24.18;67.51;8.34;46.2;0.0
2001;1;31;65.669;66.254;0.72;27.18;31.32;24.41;64.81;9.31;49.4;0.0
2001;2;1;66.098;66.442;0.72;27.05;31.39;24.17;64.97;9.04;49.2;0.0
2001;2;2;65.438;67.202;0.71;26.74;30.91;23.98;67.55;8.6;46.4;0.0
2001;2;3;64.476;66.398;0.7;26.69;30.54;23.42;69.2;8.43;46.6;0.0
2001;2;4;64.553;66.554;0.7;26.84;30.87;24.2;69.1;8.34;46.0;0.0
2001;2;5;59.892;61.735;0.64;26.69;30.64;23.52;73.38;7.22;42.4;0.0
2001;2;6;63.122;63.662;0.68;26.96;29.83;24.35;73.72;8.62;40.4;0.0
2001;2;7;63.739;64.548;0.68;27.82;31.41;24.82;71.59;8.8;43.9;0.0
2001;2;8;63.674;64.243;0.68;27.86;31.16;25.36;68.17;9.47;45.6;0.0
2001;2;9;62.635;65.321;0.66;27.8;32.12;24.87;68.74;8.68;45.7;0.0
2001;2;10;40.399;6.36;0.43;27.81;31.68;25.55;65.48;9.08;48.5;0.0
2001;2;11;40.654;64.346;0.43;27.06;30.68;25.01;70.96;9.54;43.4;0.0
2001;2;12;51.794;63.941;0.54;27.13;30.99;24.44;70.9;8.7;44.9;0.0
2001;2;13;63.958;64.505;0.67;27.03;30.75;24.38;70.6;9.49;45.2;0.0
2001;2;14;59.918;65.818;0.63;26.64;30.26;24.44;68.96;10.14;47.4;0.0
2001;2;15;65.666;67.308;0.69;26.29;29.93;23.83;67.26;9.51;46.9;0.0
2001;2;16;66.979;67.817;0.7;26.18;30.03;23.61;65.42;9.54;45.4;0.0
2001;2;17;6.661;66.907;0.69;26.21;30.72;23.12;69.77;7.71;39.5;0.0
2001;2;18;63.569;65.659;0.66;25.75;29.58;23.41;71.62;8.55;36.0;0.0
2001;2;19;65.033;65.719;0.67;25.69;29.38;23.54;71.68;9.72;34.8;0.01
2001;2;20;60.602;6.473;0.62;25.88;28.99;23.94;69.15;9.23;37.3;0.0
2001;2;21;62.441;69.101;0.64;25.71;29.29;23.65;70.1;9.16;38.5;0.01
2001;2;22;62.678;68.825;0.64;25.58;29.19;23.11;72.41;7.74;37.1;0.0
2001;2;23;67.454;6.942;0.69;25.31;28.8;22.45;73.34;8.07;36.9;0.0
2001;2;24;62.556;66.876;0.64;25.52;28.39;22.9;72.1;8.56;40.9;0.0
2001;2;25;63.859;65.652;0.65;26.19;30.03;23.8;68.9;8.16;42.6;0.0
2001;2;26;6.091;65.906;0.62;25.5;27.91;24.04;72.92;7.67;38.5;0.0
2001;2;27;58.078;66.502;0.59;25.82;29.48;23.37;70.93;8.39;38.1;0.0
2001;2;28;63.526;6.793;0.64;25.63;28.91;23.56;71.13;8.09;35.5;0.0
2001;3;1;5.964;66.031;0.6;25.86;30.0;23.49;72.12;7.4;33.4;0.0
2001;3;2;62.518;66.192;0.63;25.93;30.16;23.31;72.78;7.06;35.6;0.0
2001;3;3;64.284;6.661;0.64;26.3;30.74;23.17;74.18;6.97;35.8;0.0
2001;3;4;57.852;63.926;0.58;27.53;32.51;24.59;74.48;5.26;34.0;0.08
2001;3;5;48.708;61.822;0.49;26.56;29.66;24.63;82.49;5.78;22.3;0.18
2001;3;6;58.399;64.457;0.58;26.03;28.28;24.69;79.48;6.81;19.9;0.51
2001;3;7;50.705;64.236;0.5;25.79;27.45;24.65;79.2;7.75;22.2;0.96
2001;3;8;47.825;61.906;0.47;26.47;28.83;24.94;77.36;7.48;26.7;0.23
2001;3;9;56.045;62.578;0.55;27.55;31.36;24.92;76.25;6.61;36.7;0.14
2001;3;10;53.597;62.652;0.53;28.0;32.15;25.38;76.47;4.51;29.6;0.18
2001;3;11;51.322;65.038;0.51;28.0;31.92;25.98;76.03;5.13;31.9;0.13
2001;3;12;65.568;70.416;0.64;27.92;31.6;24.34;63.69;8.5;45.0;0.0
2001;3;13;65.508;66.391;0.64;27.47;31.61;24.88;67.11;8.91;41.6;0.0
2001;3;14;64.188;64.644;0.63;27.5;31.88;24.44;68.82;7.78;38.7;0.0
2001;3;15;60.358;65.167;0.59;27.51;32.12;24.76;68.92;7.31;40.2;0.0
2001;3;16;58.351;63.466;0.57;27.38;31.86;24.82;69.48;6.9;38.5;0.0
2001;3;17;48.977;61.723;0.48;27.38;31.96;24.67;70.95;7.37;37.6;0.0
2001;3;18;52.781;60.132;0.51;27.27;31.74;24.78;70.73;7.07;33.7;0.0
2001;3;19;5.297;59.798;0.51;27.2;31.25;24.83;72.57;6.96;35.6;0.0
2001;3;20;50.993;60.346;0.49;27.3;31.61;24.86;73.44;6.19;31.6;0.0
2001;3;21;41.813;61.046;0.4;26.56;29.13;25.05;76.84;7.61;25.0;0.0
2001;3;22;4.055;63.067;0.39;26.49;28.76;25.15;77.04;7.78;20.6;0.01
2001;3;23;51.379;65.983;0.5;26.97;30.08;25.28;75.12;7.82;29.6;0.01
2001;3;24;53.398;65.638;0.52;27.32;30.72;25.27;74.59;7.63;38.2;0.01
2001;3;25;55.752;66.012;0.54;27.39;30.77;25.53;77.7;5.65;37.5;0.0
2001;3;26;49.574;66.182;0.48;27.76;31.77;25.5;75.27;6.96;31.0;0.01
2001;3;27;59.369;68.071;0.57;27.78;31.01;25.75;74.44;7.92;33.3;0.0
2001;3;28;64.027;67.932;0.62;28.17;31.76;26.12;72.36;8.25;36.2;0.0
2001;3;29;47.832;64.877;0.46;28.51;32.05;26.49;70.85;7.25;41.6;0.0
2001;3;30;52.171;65.323;0.5;28.41;33.05;25.99;72.0;5.66;40.5;0.0
2001;3;31;60.787;67.061;0.58;28.21;32.84;25.33;70.98;6.3;36.1;0.0
2001;4;1;5.285;64.579;0.51;28.01;32.67;25.47;70.27;6.4;32.7;0.0
2001;4;2;63.559;69.274;0.61;27.36;31.16;25.1;71.35;8.77;34.5;0.0
2001;4;3;67.891;70.063;0.65;27.41;30.87;25.16;70.14;8.98;38.4;0.0
2001;4;4;6.629;69.365;0.63;27.37;31.24;25.43;70.09;8.29;33.2;0.0
2001;4;5;60.667;67.154;0.58;27.29;30.98;25.2;71.51;8.75;34.8;0.0
2001;4;6;63.612;67.644;0.61;27.74;31.18;25.75;72.87;9.57;40.8;0.01
2001;4;7;64.301;68.383;0.61;28.48;32.19;26.28;70.8;9.04;42.1;0.1
2001;4;8;49.764;66.142;0.47;27.7;30.21;26.45;73.75;7.77;40.3;0.02
2001;4;9;50.503;68.263;0.48;27.45;30.79;25.73;74.77;8.09;37.6;0.0
2001;4;10;52.154;68.407;0.5;27.23;29.87;25.72;76.58;7.05;38.4;0.0
2001;4;11;54.893;67.181;0.52;27.18;30.37;25.17;76.33;7.56;42.6;0.11
2001;4;12;5.627;68.938;0.54;27.86;31.35;25.64;73.57;8.02;45.1;0.04
2001;4;13;57.254;6.882;0.54;27.62;31.55;25.53;73.65;8.38;44.7;0.04
2001;4;14;65.938;7.147;0.63;27.37;30.84;25.23;73.94;8.08;38.9;1.13
2001;4;15;61.505;70.046;0.58;27.15;31.42;24.92;74.61;6.72;38.9;0.41
2001;4;16;59.246;67.822;0.56;26.62;29.4;25.0;79.35;6.38;41.8;0.01
2001;4;17;45.804;65.038;0.44;27.11;30.21;25.3;79.47;6.44;37.0;0.04
2001;4;18;52.289;67.176;0.5;26.93;29.77;25.15;82.18;4.84;37.4;0.2
2001;4;19;41.422;66.113;0.39;26.86;28.97;25.52;83.58;6.56;36.3;0.31
2001;4;20;51.005;67.315;0.48;27.34;29.48;25.95;74.63;8.77;42.3;0.07
2001;4;21;70.778;73.826;0.67;27.42;30.1;25.74;72.3;9.56;42.1;0.01
2001;4;22;71.724;74.669;0.68;27.52;30.61;25.55;70.86;9.02;38.2;0.0
2001;4;23;67.013;73.692;0.64;27.67;31.02;25.57;70.9;8.17;36.7;0.0
2001;4;24;6.995;73.145;0.67;27.67;31.57;25.46;71.4;7.46;38.1;0.0
2001;4;25;65.671;71.477;0.62;27.96;32.11;25.34;73.07;7.47;36.5;0.01
2001;4;26;54.053;68.618;0.51;27.78;31.55;25.63;78.2;7.2;37.4;0.13
2001;4;27;65.246;71.388;0.62;27.72;30.93;25.77;78.76;7.71;35.4;0.17
2001;4;28;65.933;71.863;0.63;27.85;30.76;25.75;77.49;8.02;41.6;0.03
2001;4;29;52.313;69.965;0.5;27.6;29.76;26.27;78.99;7.8;40.3;0.32
2001;4;30;46.956;69.756;0.45;27.69;30.85;25.67;80.34;6.33;33.7;0.06
2001;5;1;5.13;69.072;0.49;27.56;30.99;25.56;81.59;5.8;30.9;0.03
2001;5;2;5.587;69.449;0.53;27.41;30.16;25.74;82.93;5.74;26.4;0.4
2001;5;3;46.932;71.537;0.45;27.25;29.72;25.86;86.46;5.26;20.1;0.76
2001;5;4;42.919;70.565;0.41;27.51;29.73;26.19;85.5;3.86;15.3;2.08
2001;5;5;4.927;71.213;0.47;27.56;30.96;25.58;83.53;3.34;348.2;4.57
2001;5;6;48.156;69.439;0.46;26.83;29.45;25.28;82.19;3.82;354.7;4.21
2001;5;7;46.546;69.974;0.44;26.95;29.7;25.2;79.39;4.71;1.0;2.14
2001;5;8;29.119;70.123;0.28;26.83;28.68;25.39;79.84;4.39;6.4;2.25
2001;5;9;48.874;70.963;0.47;27.23;29.68;25.45;77.41;4.03;359.6;10.22
2001;5;10;60.499;71.714;0.58;27.35;29.03;25.92;85.45;4.89;17.4;1.52
2001;5;11;60.348;71.237;0.58;28.34;31.03;26.37;82.68;5.89;33.3;0.01
2001;5;12;6.57;70.303;0.63;28.17;30.56;26.39;80.03;6.5;39.7;0.0
2001;5;13;57.206;70.207;0.55;27.99;30.54;26.6;83.35;5.34;39.1;0.42
2001;5;14;38.638;70.488;0.37;27.89;30.46;26.34;84.67;4.58;42.6;0.39
2001;5;15;38.119;70.421;0.37;27.41;29.07;26.49;87.43;4.8;35.5;3.75
2001;5;16;38.314;70.675;0.37;27.78;30.67;26.43;84.79;3.76;31.2;12.29
2001;5;17;64.596;7.067;0.62;28.42;31.81;26.36;82.83;4.53;32.8;6.25
2001;5;18;61.202;72.341;0.59;28.34;30.68;26.92;85.94;4.52;45.8;5.74
2001;5;19;51.785;69.998;0.5;28.25;30.94;26.9;85.51;2.94;58.9;15.0
2001;5;20;50.575;67.637;0.49;28.12;30.88;26.45;84.39;1.89;324.7;8.73
2001;5;21;3.961;6.87;0.38;27.96;30.97;26.25;83.53;1.56;337.1;1.31
2001;5;22;36.996;67.978;0.36;27.5;29.51;26.13;84.88;2.59;33.3;0.88
2001;5;23;65.033;7.081;0.63;28.28;31.13;26.27;79.83;5.02;42.4;0.1
2001;5;24;57.857;70.262;0.56;28.61;32.18;26.11;76.34;5.63;39.7;0.02
2001;5;25;61.447;68.947;0.59;28.62;31.89;26.51;79.16;4.71;44.8;0.34
2001;5;26;45.374;68.268;0.44;28.1;31.54;26.1;80.03;4.91;43.2;1.24
2001;5;27;50.906;69.334;0.49;27.97;31.38;26.12;79.15;5.66;44.2;1.11
2001;5;28;59.544;6.894;0.58;28.1;31.02;26.19;82.17;5.04;39.3;0.99
2001;5;29;48.072;69.058;0.46;28.16;30.46;26.6;83.63;4.51;54.8;3.12
2001;5;30;65.467;71.722;0.63;28.49;32.08;26.11;76.1;6.53;44.1;0.21
2001;5;31;56.422;68.438;0.55;28.07;30.74;26.36;79.87;4.41;47.1;3.47
2001;6;1;37.068;6.955;0.36;27.41;29.43;25.96;84.04;3.22;49.8;8.04
2001;6;2;47.011;70.606;0.46;27.88;30.8;26.09;81.21;4.67;40.0;7.44
2001;6;3;5.675;71.599;0.55;27.93;30.29;26.13;81.23;4.39;46.4;7.63
2001;6;4;57.101;70.538;0.55;28.55;31.95;26.38;77.83;5.33;47.0;2.86
2001;6;5;45.458;69.833;0.44;27.7;29.65;26.17;82.34;5.6;46.8;0.66
2001;6;6;56.258;71.659;0.55;28.13;30.73;26.3;80.28;5.97;46.7;0.1
2001;6;7;55.243;6.893;0.54;28.17;30.21;26.59;80.17;5.84;50.3;0.09
2001;6;8;64.567;70.908;0.63;28.57;31.8;26.33;76.63;5.61;45.4;0.03
2001;6;9;53.261;68.534;0.52;28.26;31.51;26.22;79.72;5.09;45.1;0.04
2001;6;10;62.081;70.694;0.6;28.23;31.8;26.01;78.35;4.97;43.5;0.3
2001;6;11;43.022;69.067;0.42;28.11;31.44;26.19;82.54;3.91;47.8;0.26
2001;6;12;46.978;69.658;0.46;27.94;30.51;26.24;78.68;5.49;45.9;0.18
2001;6;13;61.435;70.874;0.6;28.4;31.88;25.9;73.19;7.14;44.0;0.14
2001;6;14;32.762;67.762;0.32;27.97;30.77;26.11;80.14;5.54;51.3;0.39
2001;6;15;54.408;68.081;0.53;27.59;29.5;26.23;81.07;6.31;48.3;0.01
2001;6;16;63.216;71.818;0.62;27.79;30.33;25.93;79.0;6.59;40.7;0.0
2001;6;17;59.424;71.292;0.58;27.75;30.23;26.13;82.01;5.94;42.4;0.02
2001;6;18;49.769;71.412;0.49;28.05;30.83;26.09;79.41;5.79;43.3;0.0
2001;6;19;5.149;71.664;0.5;28.26;31.58;25.93;75.44;7.07;42.8;0.0
2001;6;20;63.593;70.771;0.62;28.4;31.87;25.57;77.73;6.53;46.4;0.93
2001;6;21;49.018;70.222;0.48;28.29;31.32;26.15;78.26;5.51;44.4;1.09
2001;6;22;5.994;6.965;0.58;28.33;31.1;26.44;77.99;5.56;47.9;0.2
2001;6;23;51.838;70.022;0.51;28.39;30.94;26.6;78.34;6.41;44.3;1.67
2001;6;24;56.645;70.114;0.55;28.46;31.06;26.35;77.62;7.06;49.3;0.88
2001;6;25;63.122;71.489;0.62;29.09;32.76;26.59;72.89;7.22;45.7;0.0
2001;6;26;66.559;71.412;0.65;29.4;33.67;26.22;72.92;7.23;46.7;0.0
2001;6;27;63.098;68.174;0.61;29.19;33.06;26.16;71.87;8.29;47.1;0.01
2001;6;28;59.923;68.714;0.58;28.61;30.96;26.95;77.37;6.97;45.5;0.01
2001;6;29;48.278;69.828;0.47;28.17;30.4;26.47;80.99;5.14;48.3;0.1
2001;6;30;28.776;70.594;0.28;27.79;30.1;26.06;82.82;4.18;55.6;0.59
2001;7;1;57.994;70.366;0.56;27.99;30.52;26.39;79.3;5.84;42.6;0.18
2001;7;2;67.829;71.532;0.66;28.63;31.97;26.3;75.08;5.94;41.3;0.0
2001;7;3;67.322;72.859;0.66;29.1;32.6;26.28;75.32;6.86;45.9;0.01
2001;7;4;70.505;72.079;0.69;28.62;31.42;26.76;71.89;8.89;45.9;0.01
2001;7;5;66.382;71.182;0.65;28.82;32.35;26.29;72.14;6.51;42.1;0.23
2001;7;6;45.787;69.588;0.45;28.5;31.4;26.78;77.75;4.89;47.9;2.14
2001;7;7;65.362;69.962;0.64;28.21;30.56;26.58;80.99;5.32;45.5;0.76
2001;7;8;50.297;69.295;0.49;28.24;30.53;26.38;79.45;5.4;48.1;3.5
2001;7;9;43.457;68.218;0.42;27.61;29.79;26.2;81.13;4.24;51.6;2.76
2001;7;10;46.716;68.921;0.45;27.0;29.12;25.42;84.49;5.59;45.2;7.62
2001;7;11;53.302;67.865;0.52;27.78;30.19;26.29;83.05;5.37;47.5;3.8
2001;7;12;54.408;69.994;0.53;28.5;30.62;26.64;80.76;5.89;44.9;2.63
2001;7;13;65.107;73.094;0.63;29.49;33.15;26.61;71.76;6.83;43.9;0.33
2001;7;14;56.095;70.476;0.55;28.71;32.01;26.65;77.5;4.82;48.9;2.76
2001;7;15;40.944;70.913;0.4;27.37;28.83;26.56;86.51;4.0;40.3;6.22
2001;7;16;51.163;71.141;0.5;28.58;31.5;26.81;81.17;5.3;43.1;3.29
2001;7;17;39.437;70.514;0.38;29.17;33.05;26.4;74.28;7.07;52.9;1.21
2001;7;18;66.444;71.268;0.64;28.95;33.06;26.05;72.94;7.29;48.0;0.12
2001;7;19;51.391;7.093;0.5;28.69;32.08;26.31;74.25;5.8;41.1;0.45
2001;7;20;41.993;69.833;0.41;27.93;29.76;26.82;83.24;4.08;50.3;1.04
2001;7;21;46.747;71.386;0.45;28.35;31.13;26.68;79.76;4.96;45.0;0.41
2001;7;22;46.159;7.003;0.45;27.9;29.96;26.71;81.79;2.95;73.2;0.76
2001;7;23;61.202;70.824;0.59;28.66;32.14;26.5;76.01;4.97;37.6;0.15
2001;7;24;63.485;70.447;0.61;28.64;31.45;26.74;77.88;4.3;45.8;0.55
2001;7;25;58.483;70.949;0.57;29.08;32.56;26.88;76.55;5.53;43.4;1.42
2001;7;26;44.875;69.262;0.43;28.89;32.43;26.79;75.27;4.84;43.7;1.45
2001;7;27;50.551;70.234;0.49;27.27;28.47;26.65;85.89;4.2;45.8;21.35
2001;7;28;57.478;70.694;0.56;28.06;30.16;26.65;83.53;4.64;53.2;11.62
2001;7;29;55.906;71.573;0.54;28.55;30.95;26.8;79.92;6.84;48.8;3.24
2001;7;30;61.915;70.457;0.6;28.16;30.73;26.74;80.88;5.72;36.1;8.03
2001;7;31;60.634;70.366;0.59;28.45;31.78;26.64;80.2;4.27;48.5;1.94
2001;8;1;64.814;71.707;0.63;29.3;32.2;27.22;78.84;5.9;47.8;1.03
2001;8;2;59.801;70.769;0.58;29.05;32.55;26.93;79.54;5.73;44.2;2.99
2001;8;3;47.294;68.556;0.46;28.27;31.22;26.77;82.94;3.38;49.8;3.57
2001;8;4;30.305;70.956;0.29;28.42;30.7;26.68;83.46;3.55;49.1;3.01
2001;8;5;49.404;70.718;0.48;28.18;30.35;26.52;84.49;4.47;51.0;2.29
2001;8;6;57.079;72.936;0.55;28.76;31.39;26.74;79.29;7.12;45.0;0.23
2001;8;7;61.783;70.723;0.6;29.18;32.43;27.04;77.35;6.99;44.8;0.82
2001;8;8;59.045;70.942;0.57;28.57;31.27;27.22;81.54;4.36;62.7;1.27
2001;8;9;60.797;70.294;0.59;28.49;31.0;26.87;81.69;5.64;47.2;0.2
2001;8;10;69.439;71.702;0.67;28.92;31.65;27.06;80.33;5.95;46.9;0.18
2001;8;11;51.252;70.987;0.49;28.82;30.99;27.35;82.07;4.89;52.9;0.23
2001;8;12;60.163;71.234;0.58;29.13;32.14;27.28;79.56;7.13;46.1;0.8
2001;8;13;59.885;71.234;0.58;29.36;33.14;26.94;76.51;6.38;46.9;0.07
2001;8;14;58.068;7.073;0.56;29.2;32.79;26.87;77.17;6.05;46.4;0.0
2001;8;15;64.411;70.879;0.62;28.98;31.9;26.91;78.71;6.84;43.9;0.0
2001;8;16;69.377;71.947;0.67;29.16;31.83;27.47;80.8;6.93;42.3;0.01
2001;8;17;59.614;71.383;0.57;29.34;32.53;27.28;77.96;7.83;46.0;0.0
2001;8;18;62.189;70.714;0.6;28.46;31.01;27.18;81.32;5.46;30.4;0.17
2001;8;19;55.642;70.157;0.54;28.6;31.18;26.98;84.43;3.13;33.9;1.97
2001;8;20;6.756;71.784;0.65;28.77;31.19;27.09;84.02;4.48;47.6;0.92
2001;8;21;60.713;71.981;0.58;29.37;32.69;27.69;80.25;3.12;55.9;1.04
2001;8;22;54.893;72.264;0.53;28.33;31.78;25.74;80.13;1.97;330.9;0.87
2001;8;23;45.523;69.806;0.44;27.66;28.58;26.3;85.7;2.51;332.4;1.46
2001;8;24;6.468;71.381;0.62;28.75;32.12;26.01;80.0;4.37;36.1;1.87
2001;8;25;54.581;69.926;0.53;28.74;31.12;27.43;81.06;6.05;43.4;2.2
2001;8;26;50.004;71.287;0.48;27.97;29.44;27.0;85.0;3.95;47.8;5.62
2001;8;27;66.053;72.293;0.64;28.81;31.47;27.27;82.77;4.83;47.5;3.6
2001;8;28;58.632;71.429;0.57;28.55;30.68;26.98;79.34;5.47;47.8;1.99
2001;8;29;61.337;71.431;0.59;28.83;31.62;27.16;81.32;5.49;50.9;7.9
2001;8;30;68.491;71.822;0.66;28.7;31.3;27.11;81.68;5.92;47.7;5.74
2001;8;31;61.956;71.753;0.6;28.92;31.76;27.31;81.81;5.32;46.4;4.05
2001;9;1;56.263;71.086;0.54;28.58;30.94;27.21;81.62;4.57;49.3;3.87
2001;9;2;47.515;69.665;0.46;28.12;30.4;26.84;84.48;3.83;49.3;9.37
2001;9;3;43.637;70.954;0.42;27.62;29.28;26.82;89.52;4.55;44.5;9.34
2001;9;4;54.468;70.534;0.53;28.36;30.72;26.96;84.76;4.91;49.3;12.99
2001;9;5;40.831;68.734;0.4;27.93;29.73;27.01;87.26;4.03;64.8;8.88
2001;9;6;37.946;70.334;0.37;27.69;29.64;26.54;86.91;2.59;78.7;12.82
2001;9;7;64.709;73.476;0.63;28.24;30.08;26.9;81.94;3.99;50.0;3.7
2001;9;8;54.847;72.698;0.53;28.88;32.04;26.57;77.28;4.83;49.7;0.02
2001;9;9;64.399;71.304;0.63;29.04;32.22;27.25;75.53;3.99;53.6;0.04
2001;9;10;61.462;71.858;0.6;28.55;30.97;27.01;79.21;6.06;44.8;0.15
2001;9;11;56.146;7.002;0.55;28.93;32.7;26.83;77.72;5.76;40.5;0.12
2001;9;12;43.819;69.494;0.43;28.08;30.61;26.78;81.65;4.37;48.9;3.2
2001;9;13;4.405;69.295;0.43;26.9;28.15;25.64;85.0;3.69;47.6;9.16
2001;9;14;50.138;68.359;0.49;27.2;30.61;25.41;81.37;2.12;21.9;9.43
2001;9;15;59.899;7.062;0.58;27.18;29.74;25.31;79.52;2.27;345.2;5.66
2001;9;16;66.041;72.533;0.65;28.95;32.73;26.35;78.08;3.89;28.2;1.88
2001;9;17;66.929;71.208;0.65;29.1;32.37;26.98;77.58;6.89;44.4;2.92
2001;9;18;29.534;67.934;0.29;28.29;30.88;26.65;81.14;4.78;43.5;4.67
2001;9;19;38.647;67.224;0.38;27.49;29.84;26.34;85.12;2.74;55.7;3.85
2001;9;20;59.978;6.971;0.59;28.65;32.0;26.4;79.78;3.5;36.3;1.92
2001;9;21;60.096;69.754;0.59;28.47;30.64;26.95;81.69;4.31;53.6;1.46
2001;9;22;32.671;68.906;0.32;28.18;30.21;26.99;81.3;4.21;45.8;1.69
2001;9;23;39.312;65.726;0.39;27.33;28.92;26.53;86.51;3.3;46.3;3.32
2001;9;24;55.793;68.993;0.55;27.9;29.74;26.75;85.53;4.3;36.4;2.02
2001;9;25;67.236;70.262;0.67;28.55;30.8;27.15;80.73;5.59;47.2;0.55
2001;9;26;58.733;68.986;0.58;28.68;31.73;26.69;79.78;5.3;45.6;0.76
2001;9;27;42.535;68.412;0.42;28.28;30.28;26.91;82.25;3.98;52.3;1.96
2001;9;28;36.595;67.018;0.36;27.23;28.38;26.23;85.87;2.81;244.8;10.58
2001;9;29;57.041;69.103;0.57;28.13;31.99;25.82;76.94;3.19;240.2;1.87
2001;9;30;35.604;67.946;0.36;27.18;28.97;26.07;82.82;2.11;289.2;5.04
2001;10;1;52.234;69.041;0.52;27.85;30.44;25.93;82.84;2.69;5.6;3.52
2001;10;2;61.097;69.031;0.61;28.8;31.88;27.32;82.92;5.46;34.7;2.72
2001;10;3;56.707;68.278;0.57;28.62;30.88;27.07;84.36;5.34;45.6;2.72
2001;10;4;63.744;6.829;0.64;28.79;31.86;27.33;81.03;5.64;47.2;1.75
2001;10;5;54.235;68.088;0.55;28.31;31.12;26.92;81.67;5.16;46.6;1.05
2001;10;6;58.181;67.195;0.59;27.75;29.66;26.47;83.73;4.03;45.2;1.88
2001;10;7;30.814;67.238;0.31;28.09;30.55;26.56;84.99;3.09;35.5;3.57
2001;10;8;59.069;68.256;0.6;28.48;31.56;26.9;81.59;6.15;39.7;1.39
2001;10;9;62.105;69.065;0.63;28.59;31.69;26.92;79.65;5.58;41.1;8.05
2001;10;10;37.673;66.427;0.38;28.07;30.38;27.1;86.62;3.72;48.5;27.84
2001;10;11;39.211;6.341;0.4;27.39;28.9;26.51;86.02;3.74;49.8;9.98
2001;10;12;56.458;65.484;0.58;27.9;29.69;26.76;86.73;4.25;45.0;4.31
2001;10;13;59.863;65.777;0.61;28.06;30.0;26.84;88.03;4.76;44.2;11.92
2001;10;14;43.152;66.804;0.44;27.71;28.76;27.04;89.28;3.64;51.1;10.12
2001;10;15;56.592;6.654;0.58;27.68;29.61;26.69;86.38;3.61;48.4;7.99
2001;10;16;51.058;66.811;0.53;27.86;30.25;26.23;84.22;4.5;37.4;11.57
2001;10;17;34.685;65.616;0.36;26.59;27.62;25.67;89.74;2.78;184.9;24.66
2001;10;18;47.086;66.612;0.49;26.84;29.27;25.17;84.76;2.23;325.0;8.49
2001;10;19;57.422;67.577;0.6;27.66;30.28;25.83;84.76;2.85;24.0;2.68
2001;10;20;58.913;66.103;0.61;28.08;30.08;26.71;84.71;2.14;40.4;6.0
2001;10;21;5.617;64.661;0.59;28.34;29.81;27.3;87.03;3.06;58.2;7.56
2001;10;22;4.824;6.485;0.51;27.71;29.06;26.82;86.03;2.07;213.3;8.27
2001;10;23;47.057;65.033;0.49;28.24;30.77;26.78;84.86;3.73;51.9;17.41
2001;10;24;29.839;63.893;0.31;27.62;29.38;26.7;84.46;4.77;56.8;18.59
2001;10;25;57.578;64.975;0.61;28.27;31.47;26.25;83.13;5.06;47.0;3.16
2001;10;26;59.616;65.206;0.63;28.42;30.65;27.23;86.03;4.24;49.7;5.34
2001;10;27;37.361;63.509;0.4;27.83;29.16;26.92;87.39;3.36;21.2;18.36
2001;10;28;27.084;62.105;0.29;27.09;28.44;26.3;86.66;2.25;355.2;22.48
2001;10;29;54.502;63.199;0.58;27.9;29.23;26.87;83.52;3.99;51.2;14.31
2001;10;30;50.357;62.705;0.54;27.05;28.85;25.73;89.31;2.94;350.4;18.33
2001;10;31;40.742;61.649;0.44;26.05;26.78;25.68;91.62;3.19;241.9;24.38
2001;11;1;47.878;64.231;0.52;26.11;27.96;25.5;90.01;2.92;241.6;29.79
2001;11;2;42.202;6.462;0.46;26.16;27.45;25.33;87.88;2.84;238.2;16.52
2001;11;3;6.079;65.282;0.66;27.08;29.75;25.49;81.13;2.9;250.2;4.11
2001;11;4;5.861;64.915;0.64;27.5;30.4;26.0;76.32;1.54;298.5;0.07
2001;11;5;48.605;62.746;0.53;27.41;30.18;25.78;80.5;1.96;330.4;0.34
2001;11;6;48.564;62.016;0.53;27.16;29.13;25.38;85.26;4.48;17.8;1.01
2001;11;7;51.706;61.603;0.57;27.7;28.26;26.92;89.72;6.63;35.7;1.42
2001;11;8;50.436;62.438;0.55;28.03;29.45;27.12;87.89;6.2;51.5;2.75
2001;11;9;44.395;59.532;0.49;27.54;28.56;26.96;87.47;5.5;54.4;1.12
2001;11;10;46.858;60.194;0.52;27.44;28.46;26.82;85.89;5.37;46.5;0.77
2001;11;11;50.165;59.839;0.55;27.52;28.87;26.73;86.38;5.52;45.2;2.31
2001;11;12;3.822;57.864;0.42;27.52;28.87;26.73;89.16;5.3;43.3;4.05
2001;11;13;32.837;58.066;0.36;27.59;28.79;26.71;87.66;3.64;57.4;6.49
2001;11;14;29.904;60.456;0.33;27.39;29.04;26.28;86.3;2.25;47.8;4.64
2001;11;15;49.073;60.372;0.55;27.09;27.98;26.36;89.88;4.03;42.2;2.33
2001;11;16;51.089;60.014;0.57;27.82;28.96;26.89;88.8;4.56;46.2;2.49
2001;11;17;52.507;60.358;0.59;27.68;28.88;26.91;89.35;5.52;44.6;1.32
2001;11;18;41.851;59.052;0.47;27.38;28.54;26.63;90.05;6.25;44.1;3.84
2001;11;19;33.262;5.765;0.38;26.86;27.76;26.38;89.05;6.33;28.3;2.14
2001;11;20;38.256;56.597;0.43;26.67;27.54;26.27;89.99;5.18;37.8;3.29
2001;11;21;43.145;57.492;0.49;26.76;27.94;26.13;90.14;5.39;35.8;8.32
2001;11;22;49.169;5.922;0.56;27.28;29.53;26.37;88.41;4.81;39.8;14.02
2001;11;23;54.384;60.343;0.62;27.7;29.52;26.77;88.76;5.15;46.0;4.41
2001;11;24;45.182;59.664;0.52;27.77;29.58;26.65;85.87;6.21;50.4;5.76
2001;11;25;3.439;59.328;0.39;27.19;28.75;26.33;86.14;7.33;41.7;11.23
2001;11;26;24.497;57.749;0.28;26.97;28.57;26.02;83.57;6.44;35.1;2.51
2001;11;27;42.833;58.951;0.49;27.13;29.61;25.73;79.77;5.54;34.2;0.53
2001;11;28;52.944;60.802;0.61;27.04;29.79;25.51;78.13;6.3;46.7;0.08
2001;11;29;60.017;61.769;0.69;26.8;29.42;25.28;77.08;6.73;42.6;0.04
2001;11;30;58.421;61.318;0.67;26.33;28.36;25.28;78.23;6.36;32.2;0.07
2001;12;1;58.747;61.169;0.68;26.07;28.25;24.94;77.57;5.34;24.1;0.09
2001;12;2;56.179;60.696;0.65;26.51;29.16;24.87;80.39;4.78;26.7;0.0
2001;12;3;56.369;60.223;0.65;26.74;29.0;25.41;83.16;6.55;30.3;0.02
2001;12;4;56.208;59.678;0.65;27.25;29.43;26.05;84.82;6.9;35.0;0.01
2001;12;5;57.014;59.064;0.66;27.55;29.95;26.16;83.45;6.91;41.4;0.0
2001;12;6;54.158;58.174;0.63;27.86;30.97;26.33;82.85;6.66;41.5;0.56
2001;12;7;50.839;57.756;0.59;27.51;29.33;26.34;85.84;6.43;47.0;1.8
2001;12;8;36.499;57.706;0.43;26.93;27.86;26.39;89.01;5.44;45.2;2.06
2001;12;9;41.052;55.433;0.48;27.26;29.2;26.25;88.52;4.74;46.9;8.06
2001;12;10;40.135;56.926;0.47;27.45;29.69;26.42;87.03;6.11;47.4;3.27
2001;12;11;38.009;5.658;0.45;27.71;30.01;26.47;84.7;7.51;47.8;0.82
2001;12;12;53.477;58.308;0.63;27.52;29.2;26.43;86.07;7.58;46.4;0.21
2001;12;13;43.891;58.183;0.51;27.33;29.55;26.31;86.57;6.74;44.1;0.23
2001;12;14;44.935;59.434;0.53;27.14;29.76;25.84;83.11;7.09;46.4;0.12
2001;12;15;43.752;59.232;0.51;26.58;28.72;25.33;83.12;6.83;39.8;0.81
2001;12;16;51.593;58.692;0.61;27.02;29.59;25.55;85.39;6.03;34.8;0.27
2001;12;17;42.758;55.771;0.5;27.23;29.6;26.07;88.35;5.09;36.0;0.19
2001;12;18;40.013;54.732;0.47;27.14;29.0;26.08;88.59;4.46;40.2;0.11
2001;12;19;40.687;54.917;0.48;27.01;28.5;26.14;90.15;4.37;39.9;0.62
2001;12;20;32.736;55.409;0.38;27.06;28.65;26.11;90.52;4.75;43.2;0.28
2001;12;21;22.217;5.435;0.26;27.01;28.39;26.04;90.07;4.71;43.1;1.89
2001;12;22;43.891;5.525;0.52;27.08;28.72;26.22;88.87;6.2;43.2;9.26
2001;12;23;52.003;56.136;0.61;27.66;30.64;26.21;85.65;6.02;41.4;2.83
2001;12;24;47.801;56.424;0.56;27.42;30.16;26.02;85.53;4.66;48.0;0.32
2001;12;25;39.454;54.802;0.46;27.29;29.45;26.01;85.09;2.44;46.2;3.22
2001;12;26;35.006;55.099;0.41;26.58;27.61;25.92;88.98;2.02;353.2;13.59
2001;12;27;38.273;54.466;0.45;27.62;30.11;26.11;84.88;5.81;30.9;6.81
2001;12;28;53.868;5.724;0.63;27.85;29.84;26.76;84.63;6.29;43.0;3.33
2001;12;29;46.114;57.065;0.54;28.03;30.48;26.7;82.93;5.62;46.9;0.04
2001;12;30;48.072;57.012;0.56;28.2;31.5;26.51;81.39;5.21;48.2;1.03
2001;12;31;52.061;56.618;0.61;27.72;30.18;26.47;81.07;4.44;47.7;0.18
2002;1;1;56.501;59.657;0.66;28.04;31.57;25.71;76.83;5.19;42.4;0.0
2002;1;2;5.736;59.808;0.67;28.07;31.68;26.02;77.87;5.18;45.4;0.0
2002;1;3;54.276;58.505;0.63;28.0;31.68;26.06;78.52;4.97;43.1;0.0
2002;1;4;53.981;5.886;0.63;27.65;30.21;26.26;80.51;6.84;36.2;0.01
2002;1;5;55.073;59.513;0.64;27.5;29.58;26.31;80.45;8.2;43.8;0.06
2002;1;6;57.806;59.448;0.67;27.64;30.42;25.73;78.99;7.2;43.8;0.02
2002;1;7;55.632;59.177;0.64;27.36;29.69;25.83;78.32;7.12;38.9;0.0
2002;1;8;55.615;59.438;0.64;26.98;29.17;25.8;77.74;7.4;39.1;0.05
2002;1;9;55.591;60.564;0.64;27.03;29.62;25.67;77.13;6.92;36.6;0.05
2002;1;10;59.388;61.241;0.68;27.16;30.31;25.05;76.34;6.92;43.2;0.0
2002;1;11;59.398;6.15;0.68;27.15;30.42;25.01;77.6;6.4;44.5;0.0
2002;1;12;57.605;61.039;0.66;27.04;29.91;25.15;76.92;7.03;43.9;0.0
2002;1;13;59.491;60.566;0.68;27.39;30.59;25.37;76.39;6.78;41.7;0.0
2002;1;14;57.742;59.398;0.66;27.76;31.34;25.42;79.0;6.24;41.8;0.0
2002;1;15;55.219;58.867;0.63;27.83;31.53;25.59;78.96;7.31;42.8;0.0
2002;1;16;58.214;60.809;0.66;27.71;30.67;26.08;75.1;9.09;42.6;0.01
2002;1;17;60.422;62.426;0.68;27.52;30.89;25.63;74.33;8.25;43.6;0.0
2002;1;18;59.765;62.484;0.68;27.59;31.34;24.95;74.14;7.73;47.6;0.0
2002;1;19;6.013;62.146;0.68;27.58;31.21;25.03;75.31;7.59;48.4;0.0
2002;1;20;59.287;61.519;0.67;27.55;30.91;25.4;73.35;8.41;48.4;0.0
2002;1;21;59.047;62.002;0.66;27.64;31.29;25.12;71.9;7.87;48.4;0.01
2002;1;22;60.569;62.016;0.68;27.68;31.61;25.2;73.71;8.15;48.8;0.02
2002;1;23;59.321;6.0;0.66;27.84;31.3;25.53;75.29;8.51;51.8;0.15
2002;1;24;61.243;62.278;0.68;27.48;30.51;25.53;71.65;8.06;50.9;0.01
2002;1;25;63.962;64.423;0.71;27.2;31.31;24.16;73.23;7.53;49.1;0.0
2002;1;26;64.075;64.524;0.71;27.2;30.97;24.83;72.57;9.59;49.1;0.0
2002;1;27;65.662;65.959;0.72;26.86;30.74;23.68;73.24;8.63;48.2;0.0
2002;1;28;63.218;63.518;0.7;27.06;30.48;24.6;72.66;9.38;45.7;0.0
2002;1;29;49.975;62.904;0.55;27.19;30.69;24.82;70.52;9.0;46.5;0.0
2002;1;30;60.689;62.501;0.66;27.3;30.81;25.16;72.8;8.97;45.2;0.0
2002;1;31;57.744;61.397;0.63;27.33;30.52;25.15;76.17;8.0;47.4;0.0
2002;2;1;42.173;61.567;0.46;26.89;29.56;25.26;77.44;7.47;46.6;0.0
2002;2;2;59.266;61.382;0.64;26.92;30.13;24.93;78.95;7.75;40.4;0.0
2002;2;3;59.419;62.714;0.64;26.77;29.64;25.06;77.67;8.63;36.7;0.0
2002;2;4;57.038;62.638;0.61;26.24;29.08;24.69;78.6;8.57;32.8;0.0
2002;2;5;59.467;65.098;0.64;26.18;29.48;24.26;76.18;8.48;34.8;0.0
2002;2;6;60.636;65.858;0.65;26.37;29.58;24.31;73.2;8.61;41.0;0.0
2002;2;7;60.802;6.474;0.65;26.63;30.5;23.93;76.55;6.79;42.3;0.0
2002;2;8;50.921;62.597;0.54;26.69;30.61;24.48;78.06;6.64;41.8;0.0
2002;2;9;52.313;62.381;0.56;26.57;29.73;24.74;76.79;8.38;40.9;0.0
2002;2;10;61.123;65.009;0.65;26.63;29.93;24.3;74.75;8.75;43.9;0.0
2002;2;11;62.335;6.66;0.66;26.49;29.77;24.25;75.13;7.99;41.8;0.0
2002;2;12;64.651;68.078;0.68;26.44;30.03;23.97;73.2;8.62;43.6;0.01
2002;2;13;58.435;6.659;0.61;26.43;30.2;23.97;74.22;8.76;42.8;0.0
2002;2;14;64.908;67.817;0.68;26.31;30.19;23.52;75.2;7.99;40.1;0.0
2002;2;15;66.194;6.787;0.69;26.23;29.93;23.75;75.22;8.25;37.1;0.0
2002;2;16;65.354;67.027;0.68;26.52;30.59;23.99;76.3;7.62;38.5;0.0
2002;2;17;60.744;6.515;0.63;26.52;30.92;23.72;78.65;6.64;31.3;0.0
2002;2;18;61.022;64.884;0.63;26.47;29.39;24.51;80.52;8.53;29.4;0.0
2002;2;19;62.472;66.638;0.64;26.71;29.65;24.81;76.23;9.91;37.7;0.0
2002;2;20;63.082;67.898;0.65;27.27;31.34;24.73;69.52;9.25;43.2;0.0
2002;2;21;6.888;69.994;0.71;26.93;31.35;24.4;70.46;8.92;43.9;0.0
2002;2;22;68.237;68.357;0.7;26.91;31.57;23.72;72.59;6.64;40.4;0.0
2002;2;23;55.826;65.465;0.57;26.82;31.51;23.83;77.65;5.17;43.1;0.0
2002;2;24;61.022;65.251;0.62;27.14;31.17;25.04;75.81;8.16;35.3;0.0
2002;2;25;64.109;66.979;0.65;26.67;29.76;24.99;74.65;9.4;35.7;0.0
2002;2;26;65.849;69.142;0.67;26.71;30.37;24.2;75.55;7.61;33.2;0.0
2002;2;27;60.662;68.009;0.61;26.39;29.35;24.5;73.53;8.6;33.7;0.0
2002;2;28;66.288;71.503;0.67;26.28;29.8;23.92;70.48;9.07;37.0;0.0
2002;3;1;70.819;71.148;0.71;26.79;30.21;24.38;67.71;9.36;43.0;0.0
2002;3;2;7.038;70.651;0.71;27.05;30.86;24.54;70.08;8.41;41.7;0.0
2002;3;3;67.298;68.846;0.67;27.02;30.81;24.19;74.23;7.47;38.0;0.0
2002;3;4;6.342;68.669;0.63;27.06;31.37;24.5;74.84;8.09;35.6;0.0
2002;3;5;69.866;72.437;0.7;26.55;29.87;24.54;72.89;9.82;37.6;0.0
2002;3;6;66.871;71.666;0.67;26.46;29.39;24.42;70.44;9.39;40.6;0.0
2002;3;7;71.947;7.242;0.71;26.91;30.68;24.35;69.37;8.23;40.3;0.01
2002;3;8;6.883;70.087;0.68;26.83;30.59;24.38;72.03;8.56;39.5;0.02
2002;3;9;65.957;68.962;0.65;26.68;30.49;24.48;75.74;7.59;33.3;0.0
2002;3;10;64.526;67.241;0.64;26.87;30.78;24.57;77.06;7.9;29.4;1.21
2002;3;11;62.402;66.797;0.61;26.81;30.29;24.46;77.98;8.53;31.9;1.49
2002;3;12;63.389;69.677;0.62;27.46;31.71;24.74;74.37;7.5;33.3;0.0
2002;3;13;60.996;67.618;0.6;27.45;30.87;25.37;73.94;7.74;35.8;0.0
2002;3;14;60.962;68.803;0.6;27.48;31.42;25.62;73.84;7.32;39.6;0.38
2002;3;15;54.302;6.697;0.53;27.28;30.72;25.19;74.53;8.63;36.2;0.01
2002;3;16;62.354;68.863;0.61;27.41;30.41;25.25;76.77;8.66;39.8;0.0
2002;3;17;63.533;69.739;0.62;27.53;30.37;25.8;74.49;9.51;44.1;0.0
2002;3;18;66.101;70.476;0.64;27.88;31.46;25.7;71.26;9.53;43.4;0.0
2002;3;19;6.492;7.067;0.63;27.85;31.12;25.86;72.0;8.88;45.0;0.01
2002;3;20;44.213;69.545;0.43;26.09;27.62;25.28;83.3;6.61;51.1;0.02
2002;3;21;42.998;69.077;0.42;26.08;28.42;24.79;81.43;6.98;43.0;0.07
2002;3;22;40.831;68.431;0.39;25.73;27.58;24.52;84.73;6.23;40.1;2.15
2002;3;23;60.566;67.392;0.58;27.0;30.47;24.84;82.9;7.29;31.5;5.88
2002;3;24;62.714;69.314;0.6;27.77;31.27;25.26;78.49;7.73;39.7;1.05
2002;3;25;66.324;70.634;0.64;28.41;32.55;25.57;73.53;7.31;39.8;0.01
2002;3;26;65.268;70.658;0.63;28.27;31.78;26.05;72.77;7.76;41.2;0.0
2002;3;27;65.906;71.585;0.63;27.4;30.62;25.7;75.49;7.97;31.1;0.0
2002;3;28;58.757;71.496;0.56;26.88;29.6;25.31;77.8;8.17;25.2;0.0
2002;3;29;5.735;71.633;0.55;26.81;29.41;25.16;75.27;8.46;25.2;0.0
2002;3;30;57.166;71.455;0.55;27.06;30.26;25.02;75.6;8.47;34.8;0.0
2002;3;31;71.878;73.488;0.69;27.89;31.66;25.72;71.8;8.71;40.0;0.0
2002;4;1;68.657;72.396;0.66;27.92;31.55;25.98;75.39;8.09;34.4;0.0
2002;4;2;56.842;69.266;0.54;27.92;31.79;25.81;76.62;7.94;36.0;0.0
2002;4;3;56.743;69.581;0.54;27.47;31.51;25.58;77.12;7.18;38.0;0.0
2002;4;4;65.038;70.608;0.62;27.44;31.01;25.36;76.91;8.58;30.6;0.0
2002;4;5;59.381;69.852;0.57;27.14;30.01;25.78;78.88;7.9;28.6;0.0
2002;4;6;54.802;71.304;0.52;26.93;29.63;25.4;79.0;8.36;24.1;0.01
2002;4;7;50.827;70.733;0.48;26.93;29.63;25.27;79.73;8.57;23.6;0.01
2002;4;8;56.657;71.674;0.54;27.55;30.38;25.47;73.56;8.21;38.2;0.02
2002;4;9;56.539;73.354;0.54;27.63;30.97;25.86;74.35;8.29;40.7;0.03
2002;4;10;56.719;72.482;0.54;26.87;29.26;25.36;76.56;7.56;39.0;1.4
2002;4;11;59.306;73.608;0.56;26.97;30.35;24.98;68.64;8.54;36.0;0.04
2002;4;12;68.419;74.959;0.65;26.72;29.37;25.15;72.67;7.41;41.1;0.08
2002;4;13;66.139;74.508;0.63;27.32;31.61;24.86;70.03;7.11;35.1;0.0
2002;4;14;57.624;7.182;0.55;27.34;30.94;24.9;71.42;7.19;34.4;0.0
2002;4;15;66.406;7.165;0.63;27.41;30.63;25.6;69.88;7.85;37.4;0.0
2002;4;16;71.933;74.098;0.68;27.79;30.9;25.63;74.33;8.34;34.1;0.03
2002;4;17;55.145;70.649;0.52;27.97;31.33;26.21;76.62;8.29;39.4;0.17
2002;4;18;47.496;69.221;0.45;27.53;29.98;25.86;77.69;7.99;38.2;0.67
2002;4;19;39.922;69.221;0.38;27.47;30.81;25.64;79.67;7.3;38.5;3.14
2002;4;20;47.767;72.689;0.45;27.32;30.47;25.42;80.1;5.49;27.6;2.92
2002;4;21;47.616;71.544;0.45;27.24;30.0;25.3;83.03;6.27;38.2;2.77
2002;4;22;60.727;70.908;0.58;27.57;29.73;26.18;83.47;7.11;40.1;0.91
2002;4;23;47.638;71.597;0.45;28.12;31.14;26.4;80.88;7.5;41.5;1.23
2002;4;24;45.794;73.214;0.44;28.21;31.26;26.5;77.25;7.98;36.6;0.05
2002;4;25;36.638;71.635;0.35;28.21;31.49;26.49;75.39;7.12;37.2;0.38
2002;4;26;42.667;71.054;0.41;27.69;30.41;26.09;78.05;7.59;39.6;1.28
2002;4;27;59.026;73.738;0.56;28.36;31.65;26.17;71.93;8.21;37.4;0.42
2002;4;28;68.414;75.389;0.65;28.26;31.18;26.57;72.19;8.3;39.5;0.29
2002;4;29;72.012;75.367;0.69;28.44;32.0;26.51;71.4;7.37;37.5;0.01
2002;4;30;68.474;72.924;0.65;28.58;32.48;26.35;73.11;7.28;36.6;0.02
2002;5;1;56.928;70.982;0.54;28.26;31.13;26.24;78.12;7.57;39.0;0.04
2002;5;2;59.215;69.749;0.56;28.67;32.03;26.72;77.06;7.53;41.3;0.11
2002;5;3;65.458;72.672;0.62;29.18;32.87;26.63;73.29;7.46;44.4;0.31
2002;5;4;61.409;70.738;0.59;29.01;32.48;26.68;73.45;7.69;45.1;0.18
2002;5;5;71.894;73.783;0.69;29.18;31.87;27.02;72.32;8.89;46.0;0.08
2002;5;6;70.102;73.759;0.67;28.95;32.41;27.1;73.41;9.3;44.0;1.41
2002;5;7;63.571;71.179;0.61;28.75;31.85;26.66;74.95;8.12;44.0;0.48
2002;5;8;63.898;71.134;0.61;28.73;32.3;26.48;74.97;7.94;42.4;0.38
2002;5;9;66.463;7.146;0.64;28.69;31.95;26.52;76.08;8.44;40.4;0.65
2002;5;10;6.865;72.838;0.66;28.99;32.39;26.63;75.3;7.74;45.0;0.69
2002;5;11;50.314;7.164;0.48;28.56;31.15;26.59;78.25;7.17;50.9;0.31
2002;5;12;69.194;7.356;0.66;28.62;31.34;26.72;78.73;7.25;49.7;0.06
2002;5;13;64.092;72.934;0.61;28.94;32.2;27.21;75.96;7.62;44.6;0.04
2002;5;14;61.498;70.433;0.59;28.7;31.54;26.87;77.31;6.27;45.5;0.12
2002;5;15;61.349;70.925;0.59;28.34;30.68;26.78;80.99;6.68;45.7;0.31
2002;5;16;46.572;6.983;0.45;28.28;30.54;26.66;79.98;7.34;39.5;0.15
2002;5;17;4.855;71.186;0.47;28.25;30.83;26.52;78.32;6.73;40.5;0.23
2002;5;18;43.183;7.019;0.41;27.91;29.73;26.64;80.58;5.4;41.6;0.2
2002;5;19;49.716;69.475;0.48;28.1;30.19;26.37;80.16;4.71;45.2;0.04
2002;5;20;4.529;69.828;0.44;27.75;30.04;26.53;85.38;3.14;48.8;23.86
2002;5;21;55.901;70.632;0.54;27.6;29.89;26.12;87.22;2.98;48.1;20.44
2002;5;22;2.791;70.582;0.27;28.04;31.12;26.49;85.14;3.37;43.5;13.26
2002;5;23;49.942;69.636;0.48;27.45;29.33;26.19;83.49;2.71;350.1;4.45
2002;5;24;6.469;70.867;0.62;27.58;29.15;26.12;86.16;2.54;25.1;6.19
2002;5;25;42.137;69.418;0.41;27.74;30.16;26.34;86.91;2.14;339.3;18.87
2002;5;26;42.454;69.298;0.41;26.29;27.23;25.53;89.56;3.85;296.7;15.51
2002;5;27;55.834;72.137;0.54;26.46;28.27;25.16;85.03;2.61;307.3;6.15
2002;5;28;5.783;72.514;0.56;26.2;27.84;24.99;86.47;2.4;327.8;5.05
2002;5;29;5.73;71.345;0.55;27.05;30.09;24.67;78.76;2.0;279.9;2.45
2002;5;30;47.227;69.794;0.46;27.47;30.14;25.87;77.78;2.2;274.4;20.59
2002;5;31;53.566;70.073;0.52;26.82;28.38;25.57;84.2;2.52;48.1;1.44
2002;6;1;51.684;7.068;0.5;27.61;29.09;26.44;89.91;2.9;9.3;8.91
2002;6;2;56.748;71.878;0.55;28.65;30.48;27.34;84.52;1.87;39.6;6.65
2002;6;3;52.142;7.097;0.51;28.02;29.46;27.08;88.23;3.79;36.0;8.05
2002;6;4;45.598;70.342;0.44;27.93;29.89;26.92;88.66;3.24;33.1;21.21
2002;6;5;38.484;71.023;0.37;26.56;27.72;25.4;89.11;2.74;204.7;17.66
2002;6;6;60.655;71.664;0.59;26.26;27.49;25.16;87.65;3.45;197.0;8.96
2002;6;7;61.318;71.083;0.6;27.1;29.45;25.68;86.74;2.49;24.2;3.93
2002;6;8;57.175;69.516;0.56;27.29;28.83;26.6;89.63;4.2;40.1;8.44
2002;6;9;29.998;6.895;0.29;28.48;31.01;26.89;85.63;2.47;62.4;6.38
2002;6;10;63.797;69.785;0.62;27.4;29.03;26.08;86.99;2.26;39.8;1.7
2002;6;11;42.794;70.426;0.42;27.7;29.68;26.44;87.51;3.08;24.3;2.98
2002;6;12;56.167;71.114;0.55;27.54;29.85;26.29;83.94;2.02;333.6;1.93
2002;6;13;61.949;71.902;0.6;28.7;32.12;26.92;81.99;4.41;44.6;1.53
2002;6;14;61.994;6.942;0.6;28.57;31.61;26.97;82.65;3.96;54.1;0.81
2002;6;15;48.221;67.997;0.47;28.56;31.1;27.1;83.5;4.92;50.2;1.17
2002;6;16;53.887;70.562;0.52;28.57;31.35;26.97;84.53;5.03;52.9;5.86
2002;6;17;51.574;67.858;0.5;27.69;29.56;26.57;88.28;4.8;55.0;4.69
2002;6;18;47.122;69.216;0.46;27.73;29.56;26.62;86.64;3.71;44.7;4.49
2002;6;19;65.323;71.338;0.64;28.4;30.27;27.06;85.97;4.92;57.0;0.9
2002;6;20;65.748;72.034;0.64;28.42;30.63;27.05;82.77;6.46;52.9;0.07
2002;6;21;61.603;71.014;0.6;28.43;31.43;26.45;81.85;5.95;50.3;0.38
2002;6;22;64.738;71.357;0.63;28.56;31.15;26.88;84.31;5.35;56.2;0.12
2002;6;23;66.398;71.386;0.65;29.09;33.15;27.11;79.19;6.03;54.0;0.07
2002;6;24;59.974;71.131;0.58;28.26;30.68;26.78;83.28;6.27;52.8;0.08
2002;6;25;61.366;70.289;0.6;28.59;31.8;26.49;81.16;5.67;51.0;0.04
2002;6;26;64.898;70.872;0.63;28.78;32.09;26.77;79.39;6.41;50.2;0.02
2002;6;27;66.859;72.151;0.65;28.13;29.82;26.43;81.61;7.22;48.3;0.01
2002;6;28;66.055;71.088;0.64;28.52;31.27;26.33;80.32;6.5;46.8;0.06
2002;6;29;6.437;70.008;0.63;28.14;30.33;26.68;83.96;6.75;51.8;0.05
2002;6;30;5.557;7.061;0.54;27.9;29.95;26.64;82.87;6.23;50.1;0.0
2002;7;1;6.865;70.469;0.67;28.7;32.78;25.99;77.98;6.78;50.5;0.0
2002;7;2;66.329;70.747;0.65;28.64;31.9;26.81;78.93;6.58;46.8;0.0
2002;7;3;58.906;6.893;0.57;28.61;31.82;26.59;80.34;6.35;45.8;0.01
2002;7;4;5.634;69.924;0.55;28.08;29.99;26.95;84.17;5.16;49.5;0.12
2002;7;5;47.105;69.473;0.46;27.63;29.64;26.56;86.36;4.15;49.7;22.41
2002;7;6;37.284;69.194;0.36;27.14;29.04;26.04;85.82;4.06;46.5;6.37
2002;7;7;56.525;67.906;0.55;27.62;30.46;26.02;83.22;5.62;44.3;1.76
2002;7;8;69.646;71.362;0.68;27.73;29.99;26.28;85.0;5.72;46.1;1.13
2002;7;9;67.339;71.813;0.66;28.02;30.29;26.41;84.9;5.72;48.4;2.02
2002;7;10;55.082;69.317;0.54;27.86;29.78;26.8;85.26;5.49;52.4;0.91
2002;7;11;42.696;6.853;0.42;27.49;30.01;26.38;87.05;4.88;48.2;3.98
2002;7;12;45.245;68.525;0.44;27.82;30.92;26.27;85.57;4.11;45.6;3.62
2002;7;13;66.494;71.378;0.65;27.81;30.49;26.03;86.58;5.15;44.1;1.68
2002;7;14;52.632;71.746;0.51;27.9;30.7;26.4;84.53;6.84;42.0;1.46
2002;7;15;5.303;69.199;0.52;28.03;31.18;26.3;84.12;5.41;48.1;5.34
2002;7;16;49.416;69.192;0.48;27.97;30.5;26.18;81.47;6.67;45.9;1.86
2002;7;17;61.786;69.986;0.6;27.72;30.27;25.92;80.52;6.56;43.3;1.31
2002;7;18;37.723;69.785;0.37;27.23;29.35;26.14;87.98;3.82;50.4;18.05
2002;7;19;59.726;69.451;0.58;27.57;29.26;26.62;86.11;2.84;34.6;10.95
2002;7;20;56.808;70.267;0.55;28.15;31.06;26.39;82.31;5.92;44.9;0.69
2002;7;21;55.968;69.482;0.54;28.16;31.46;26.4;80.8;5.67;46.8;0.41
2002;7;22;65.407;73.262;0.63;27.76;30.74;25.56;78.21;6.91;45.9;0.0
2002;7;23;70.135;72.089;0.68;28.3;31.61;25.73;78.88;6.4;42.9;0.03
2002;7;24;56.167;71.688;0.54;28.35;30.85;26.63;83.78;5.53;48.8;0.32
2002;7;25;47.026;69.785;0.46;28.46;31.03;27.13;82.06;6.47;51.5;0.6
2002;7;26;61.169;7.079;0.59;27.71;29.01;26.97;85.26;5.12;51.1;0.52
2002;7;27;65.026;71.906;0.63;28.62;31.62;26.64;79.97;5.79;50.7;0.23
2002;7;28;54.298;68.772;0.53;28.7;31.58;26.83;80.95;6.42;45.9;0.26
2002;7;29;6.468;72.091;0.63;29.18;33.04;26.82;77.79;4.27;42.7;0.06
2002;7;30;68.086;72.442;0.66;29.03;32.6;27.13;78.7;6.07;48.4;0.89
2002;7;31;50.844;69.444;0.49;28.06;30.97;26.6;80.78;5.86;44.5;3.38
2002;8;1;63.761;70.006;0.62;28.2;31.36;26.49;83.28;5.22;38.4;3.31
2002;8;2;59.604;70.769;0.58;28.43;31.76;26.74;82.25;5.37;39.7;2.02
2002;8;3;64.447;71.047;0.62;28.87;32.56;26.81;80.27;5.39;41.0;1.01
2002;8;4;53.054;69.912;0.51;28.42;31.17;26.89;82.39;5.01;42.2;3.23
2002;8;5;6.276;71.213;0.61;28.32;30.62;26.91;81.5;6.04;44.5;1.92
2002;8;6;65.902;72.348;0.64;28.59;31.25;27.0;78.93;6.36;40.7;0.52
2002;8;7;63.926;71.654;0.62;28.63;31.14;27.08;82.27;5.01;42.2;1.51
2002;8;8;50.722;7.045;0.49;28.0;30.24;26.08;85.66;2.57;37.6;3.2
2002;8;9;37.114;69.211;0.36;28.72;30.86;27.4;83.39;2.98;48.0;0.68
2002;8;10;65.472;70.927;0.63;29.0;32.23;26.84;77.6;5.91;45.7;0.23
2002;8;11;64.435;70.186;0.62;28.91;31.51;26.91;79.21;5.9;43.5;0.27
2002;8;12;55.519;69.758;0.53;29.1;31.64;27.58;80.57;6.3;47.0;0.48
2002;8;13;68.179;70.442;0.66;29.25;32.15;27.34;78.71;6.26;47.1;0.56
2002;8;14;57.396;70.884;0.55;28.83;31.0;27.03;79.07;6.85;47.9;0.15
2002;8;15;66.106;71.155;0.64;29.36;32.6;27.15;75.22;7.6;48.9;0.09
2002;8;16;53.534;71.232;0.52;29.58;33.46;27.12;77.23;6.97;48.6;1.69
2002;8;17;70.332;72.641;0.68;29.58;33.32;27.22;75.69;6.64;46.3;0.19
2002;8;18;64.102;7.247;0.62;28.73;31.12;27.08;79.05;6.42;46.0;0.06
2002;8;19;43.562;70.942;0.42;28.61;30.81;26.98;80.05;5.46;47.8;0.07
2002;8;20;43.193;7.003;0.42;28.75;31.9;27.03;81.08;5.51;50.9;0.48
2002;8;21;67.039;71.429;0.65;29.4;33.71;26.67;76.78;5.93;49.4;0.11
2002;8;22;64.834;7.153;0.62;29.36;33.02;27.08;77.16;6.17;47.2;0.03
2002;8;23;57.444;71.587;0.55;28.8;31.87;27.02;81.94;4.28;48.5;3.22
2002;8;24;63.036;72.091;0.61;28.6;31.24;26.82;80.16;4.51;48.2;4.56
2002;8;25;62.786;71.978;0.6;28.74;31.77;27.16;82.61;5.06;46.6;6.16
2002;8;26;32.225;68.746;0.31;28.4;30.59;27.25;85.52;4.65;47.9;15.92
2002;8;27;38.702;69.158;0.37;27.85;29.77;26.73;87.58;4.84;44.2;12.16
2002;8;28;60.276;71.117;0.58;28.16;30.5;26.61;85.18;3.48;42.0;7.91
2002;8;29;36.797;71.983;0.35;27.96;29.81;27.02;85.39;5.17;37.1;8.42
2002;8;30;43.006;71.885;0.41;27.75;29.67;26.64;85.01;4.25;66.1;7.44
2002;8;31;57.226;71.729;0.55;28.27;31.04;26.24;82.28;3.1;43.8;4.51
2002;9;1;54.804;70.608;0.53;28.42;30.2;27.38;85.49;5.69;41.9;6.37
2002;9;2;49.675;70.754;0.48;28.92;31.4;27.54;84.18;4.29;53.1;7.4
2002;9;3;53.626;71.071;0.52;27.71;28.86;26.65;85.58;4.4;48.6;10.7
2002;9;4;60.019;72.482;0.58;28.54;30.92;27.09;85.3;4.22;44.0;3.74
2002;9;5;6.402;70.584;0.62;28.83;31.07;27.38;84.36;3.41;38.1;3.94
2002;9;6;61.769;71.594;0.6;29.03;31.31;27.75;83.85;3.1;47.6;3.38
2002;9;7;52.901;7.075;0.51;28.93;31.07;27.59;83.81;3.42;56.2;3.26
2002;9;8;63.888;72.036;0.62;29.41;31.49;28.01;82.81;3.19;53.4;1.64
2002;9;9;61.646;70.848;0.6;28.82;30.84;27.56;83.27;3.63;56.7;1.95
2002;9;10;45.132;67.565;0.44;28.08;29.11;27.19;86.08;2.74;51.6;4.03
2002;9;11;46.524;70.562;0.45;28.31;30.31;26.91;84.85;2.35;34.3;3.52
2002;9;12;39.024;69.934;0.38;28.11;29.64;27.43;86.93;4.16;39.4;2.21
2002;9;13;60.965;71.254;0.59;28.5;30.33;27.23;85.91;4.43;47.0;2.38
2002;9;14;52.651;70.862;0.51;28.66;30.62;27.35;84.47;6.01;48.9;1.73
2002;9;15;46.471;69.521;0.45;28.5;30.92;27.12;84.69;5.9;41.6;9.07
2002;9;16;48.794;68.527;0.48;28.18;30.53;27.14;85.83;3.29;4.3;3.98
2002;9;17;4.404;70.274;0.43;26.88;28.13;26.1;86.11;2.01;347.1;3.23
2002;9;18;39.449;71.256;0.39;26.41;27.26;25.85;89.61;4.2;293.2;2.79
2002;9;19;52.718;67.906;0.52;26.8;29.0;25.45;83.78;3.08;323.0;1.95
2002;9;20;4.95;69.168;0.49;28.17;30.75;26.43;82.3;2.35;31.4;2.39
2002;9;21;55.997;69.334;0.55;27.84;29.31;26.41;86.22;3.15;24.6;1.91
2002;9;22;57.336;6.985;0.56;28.46;30.39;27.42;82.47;2.72;15.3;2.39
2002;9;23;5.099;69.691;0.5;28.63;30.46;27.42;85.27;3.88;36.3;5.14
2002;9;24;58.246;70.934;0.58;28.4;30.57;27.3;83.89;4.58;40.7;4.19
2002;9;25;45.041;69.466;0.45;28.24;30.27;27.07;84.35;2.98;32.6;4.67
2002;9;26;2.88;67.745;0.29;27.33;28.38;26.23;86.53;2.67;323.8;21.12
2002;9;27;61.133;69.228;0.61;27.4;29.94;25.78;81.99;2.6;267.4;2.73
2002;9;28;38.746;67.349;0.38;27.74;29.82;26.32;79.95;1.58;319.9;0.71
2002;9;29;50.765;68.585;0.51;26.85;27.91;26.32;87.1;2.74;330.3;1.64
2002;9;30;51.228;69.134;0.51;28.07;30.1;26.75;83.79;2.39;356.0;1.46
2002;10;1;65.354;70.111;0.65;28.53;30.17;27.41;86.79;4.95;31.5;1.28
2002;10;2;59.362;69.559;0.59;28.75;30.11;27.98;85.02;5.43;36.5;1.06
2002;10;3;61.742;69.175;0.62;28.81;30.51;27.93;84.42;5.79;48.3;0.4
2002;10;4;55.094;68.806;0.55;28.85;31.11;27.35;84.87;5.74;47.8;0.41
2002;10;5;66.794;69.701;0.67;28.9;31.89;27.19;82.48;4.87;52.1;0.25
2002;10;6;63.811;69.816;0.64;28.57;31.18;27.01;82.54;5.18;49.3;0.33
2002;10;7;4.937;66.996;0.5;28.25;30.54;26.86;83.55;3.96;49.7;4.09
2002;10;8;55.217;67.236;0.56;27.63;29.78;26.16;84.48;2.71;51.7;5.31
2002;10;9;55.145;67.253;0.56;27.95;30.6;25.92;86.75;3.23;45.9;2.92
2002;10;10;60.588;68.323;0.62;28.32;30.59;26.96;86.92;5.31;41.9;4.64
2002;10;11;33.653;66.132;0.34;27.87;29.63;26.97;88.15;3.91;51.6;3.47
2002;10;12;44.726;65.837;0.46;27.39;29.0;26.2;85.49;4.68;47.0;2.06
2002;10;13;58.104;6.51;0.59;28.12;30.06;26.63;84.49;3.68;38.4;1.21
2002;10;14;6.276;67.037;0.64;28.64;30.89;27.14;83.19;3.36;49.0;0.86
2002;10;15;4.71;67.178;0.48;28.39;30.1;27.39;83.13;2.55;248.7;0.96
2002;10;16;50.638;66.408;0.52;28.07;30.32;26.84;80.07;1.6;14.0;4.4
2002;10;17;61.514;6.636;0.64;28.0;29.39;26.96;84.74;2.85;48.3;1.58
2002;10;18;61.622;67.474;0.64;28.87;32.02;27.34;80.48;5.53;45.5;1.0
2002;10;19;65.755;6.863;0.68;29.01;32.64;26.72;74.7;5.89;47.5;0.19
2002;10;20;66.086;6.815;0.69;28.93;32.65;27.16;76.17;6.22;45.6;0.34
2002;10;21;59.863;65.923;0.62;28.93;32.69;26.8;77.08;6.28;42.3;0.72
2002;10;22;5.395;65.256;0.56;27.93;29.53;27.0;83.83;5.79;48.4;2.1
2002;10;23;39.122;64.262;0.41;27.76;29.68;26.6;82.73;4.62;51.2;4.42
2002;10;24;37.087;63.324;0.39;27.94;30.28;26.75;83.25;5.06;43.8;10.88
2002;10;25;48.713;62.556;0.51;27.6;29.32;26.58;85.04;4.12;55.7;5.32
2002;10;26;42.948;63.581;0.45;27.44;28.76;26.65;88.7;4.09;27.4;12.68
2002;10;27;33.989;64.613;0.36;27.53;29.72;26.4;88.32;4.2;51.1;17.75
2002;10;28;55.618;64.858;0.59;26.53;27.75;25.43;88.42;1.88;41.0;14.36
2002;10;29;5.101;62.479;0.54;26.42;28.1;25.4;87.37;1.77;304.6;4.79
2002;10;30;49.104;6.294;0.52;26.67;28.79;24.98;84.4;3.21;10.2;6.43
2002;10;31;57.406;65.222;0.62;28.43;32.18;26.29;75.62;5.6;46.9;0.41
2002;11;1;63.353;65.839;0.68;28.34;31.76;26.11;76.32;5.53;48.5;0.55
2002;11;2;53.146;63.127;0.57;27.94;30.27;26.43;82.41;5.31;51.3;5.71
2002;11;3;47.834;6.191;0.52;27.56;28.86;26.8;86.55;5.48;46.2;8.07
2002;11;4;5.532;64.188;0.6;28.28;31.54;26.45;79.15;5.98;45.3;1.05
2002;11;5;57.074;63.914;0.62;28.34;31.33;26.41;78.04;6.77;47.2;1.37
2002;11;6;50.486;61.519;0.55;28.12;31.16;26.53;82.69;5.15;46.7;6.01
2002;11;7;45.569;61.246;0.5;27.54;29.12;26.8;86.52;5.13;44.7;4.65
2002;11;8;41.088;60.089;0.45;27.27;28.48;26.46;84.23;5.83;50.1;5.37
2002;11;9;57.394;62.602;0.63;27.93;30.78;26.28;77.5;6.4;45.1;0.6
2002;11;10;61.826;63.336;0.68;28.38;31.15;26.48;78.3;6.97;48.8;0.71
2002;11;11;53.479;63.144;0.59;27.96;29.67;26.77;83.51;5.83;53.4;0.68
2002;11;12;49.308;6.084;0.55;27.73;29.55;26.46;83.94;5.52;50.0;0.0
2002;11;13;35.801;57.283;0.4;27.34;28.85;26.36;83.57;5.38;49.2;0.01
2002;11;14;51.626;59.194;0.57;27.78;30.49;26.28;82.0;5.95;40.1;0.03
2002;11;15;58.344;60.787;0.65;28.09;30.73;26.51;82.66;5.8;47.8;0.02
2002;11;16;58.874;61.483;0.66;28.62;31.7;26.53;81.37;5.08;53.2;0.14
2002;11;17;51.631;61.246;0.58;28.36;31.18;26.87;82.33;5.33;49.8;2.91
2002;11;18;53.306;62.525;0.6;28.29;31.28;26.36;78.34;6.9;42.6;0.74
2002;11;19;59.486;6.287;0.67;28.21;30.96;26.54;77.23;7.31;41.4;0.4
2002;11;20;5.807;61.243;0.66;28.3;31.52;26.21;78.37;5.84;44.9;0.27
2002;11;21;57.305;60.778;0.65;28.7;32.12;26.55;80.56;3.84;41.3;0.4
2002;11;22;52.368;5.927;0.59;28.4;30.94;27.05;84.16;3.02;24.1;0.15
2002;11;23;51.965;59.873;0.59;28.49;30.8;26.78;83.73;4.91;29.8;0.11
2002;11;24;52.435;60.977;0.6;28.64;31.32;27.15;77.46;7.55;43.3;0.02
2002;11;25;5.939;61.879;0.68;28.79;31.81;26.91;76.67;7.47;46.4;0.02
2002;11;26;57.454;60.242;0.66;28.94;32.08;26.81;77.0;7.53;45.3;0.0
2002;11;27;5.917;6.013;0.68;28.89;31.75;27.17;77.6;7.68;43.3;0.0
2002;11;28;56.863;59.551;0.65;28.76;31.28;27.29;77.0;8.95;45.1;0.01
2002;11;29;52.027;5.797;0.6;28.14;29.75;27.08;80.22;7.5;44.6;0.01
2002;11;30;5.454;58.932;0.63;28.3;30.95;26.71;78.99;7.97;43.5;0.04
2002;12;1;54.079;58.058;0.62;28.47;31.14;26.64;75.87;8.21;44.2;0.0
2002;12;2;54.763;58.697;0.63;28.16;30.69;26.53;73.7;9.32;47.2;0.0
2002;12;3;53.842;59.575;0.62;28.2;31.56;25.88;70.81;8.22;50.7;0.0
2002;12;4;58.865;60.686;0.68;27.78;30.75;25.47;72.8;8.32;49.8;0.0
2002;12;5;5.196;5.905;0.6;28.03;31.33;25.85;73.62;5.47;43.8;0.0
2002;12;6;56.078;58.651;0.65;27.95;31.5;25.57;76.59;5.51;44.8;0.0
2002;12;7;54.605;58.337;0.64;27.36;29.39;25.87;78.54;7.4;43.4;0.0
2002;12;8;53.172;5.79;0.62;27.91;31.01;25.94;73.99;7.66;42.2;0.0
2002;12;9;54.029;59.474;0.63;27.87;31.04;25.55;75.95;5.94;49.8;0.0
2002;12;10;54.914;59.839;0.64;27.8;31.45;25.49;76.89;5.91;46.1;0.0
2002;12;11;58.198;60.502;0.68;27.85;31.33;25.21;74.62;7.43;48.0;0.0
2002;12;12;59.009;60.101;0.69;27.73;31.33;25.31;73.44;7.09;45.4;0.0
2002;12;13;58.066;59.102;0.68;27.92;31.37;25.53;74.65;6.03;44.0;0.0
2002;12;14;54.538;57.929;0.64;27.68;31.15;25.88;76.99;6.66;41.8;0.0
2002;12;15;47.645;57.029;0.56;27.37;30.12;25.83;76.53;6.91;33.5;0.33
2002;12;16;32.902;5.653;0.39;27.16;29.8;25.73;79.66;6.56;28.3;2.09
2002;12;17;44.237;5.743;0.52;26.98;29.3;25.64;81.48;5.77;27.1;2.28
2002;12;18;43.613;56.304;0.51;27.45;30.52;25.57;81.6;3.59;24.2;4.35
2002;12;19;49.274;5.549;0.58;28.11;31.63;25.75;80.24;4.15;32.1;5.0
2002;12;20;52.246;57.041;0.61;28.31;31.66;26.14;77.83;6.39;41.2;0.54
2002;12;21;50.938;58.858;0.6;28.15;31.08;26.49;74.27;7.83;43.1;0.02
2002;12;22;56.234;58.642;0.66;28.24;31.62;25.91;73.92;7.44;45.0;0.0
2002;12;23;5.693;57.838;0.67;28.56;31.74;26.23;74.98;7.38;48.5;0.0
2002;12;24;55.003;57.876;0.65;28.48;32.11;26.03;72.83;6.38;47.4;0.0
2002;12;25;58.032;59.479;0.68;28.42;32.52;25.8;75.87;5.83;40.9;0.0
2002;12;26;55.939;58.034;0.66;28.08;31.65;25.57;74.75;7.46;41.2;0.0
2002;12;27;57.098;58.826;0.67;28.07;31.2;25.99;72.3;8.6;44.0;0.0
2002;12;28;56.083;5.923;0.66;27.74;30.72;25.83;74.34;8.93;42.3;0.0
2002;12;29;56.114;60.031;0.66;28.06;31.42;25.93;68.11;9.48;48.3;0.0
2002;12;30;55.387;59.258;0.65;27.88;31.43;25.23;66.04;7.94;51.0;0.0
2002;12;31;5.927;59.578;0.69;27.78;31.89;24.63;69.17;6.45;47.2;0.0
2003;1;1;59.179;59.472;0.69;28.09;32.16;25.35;74.41;5.45;45.7;0.0
2003;1;2;58.709;59.206;0.68;28.06;31.92;25.51;74.76;6.05;44.9;0.0
2003;1;3;58.058;5.874;0.68;27.96;32.0;25.59;74.66;5.79;36.6;0.0
2003;1;4;52.958;57.506;0.62;27.95;31.85;25.32;77.27;6.17;32.9;0.0
2003;1;5;56.635;58.594;0.66;28.4;32.19;25.76;76.49;6.63;38.0;0.0
2003;1;6;57.672;59.239;0.67;28.22;31.53;26.28;76.69;7.18;37.3;0.0
2003;1;7;55.728;58.262;0.64;27.92;31.27;26.26;76.79;7.8;33.6;0.0
2003;1;8;54.019;5.76;0.62;27.63;30.61;26.31;76.89;8.36;30.6;0.0
2003;1;9;5.597;58.368;0.65;28.05;31.04;26.27;76.3;8.59;33.9;0.0
2003;1;10;53.774;58.966;0.62;28.48;32.27;26.33;73.64;7.51;38.1;0.0
2003;1;11;54.828;58.711;0.63;28.53;31.85;26.57;70.64;8.37;43.2;0.0
2003;1;12;57.727;58.812;0.66;27.88;30.87;25.89;72.56;8.54;42.2;0.0
2003;1;13;59.258;6.054;0.68;28.0;31.98;25.53;69.3;7.76;42.8;0.0
2003;1;14;57.295;60.458;0.65;27.95;31.65;25.53;71.03;7.31;35.9;0.0
2003;1;15;56.534;59.107;0.64;27.75;31.11;25.81;71.67;7.95;34.0;0.0
2003;1;16;61.181;62.006;0.7;27.72;31.25;25.58;69.56;8.78;41.6;0.0
2003;1;17;61.375;62.122;0.7;27.59;31.06;25.42;69.84;7.41;37.5;0.0
2003;1;18;54.996;58.651;0.62;27.87;31.8;25.63;72.36;7.41;35.1;0.0
2003;1;19;57.799;60.742;0.65;27.49;30.33;25.8;72.77;9.4;34.5;0.0
2003;1;20;57.686;62.088;0.65;27.42;30.83;25.71;70.79;9.66;41.5;0.0
2003;1;21;61.224;64.078;0.69;27.1;29.98;25.05;69.15;8.36;41.3;0.0
2003;1;22;58.642;63.406;0.66;27.27;30.98;24.91;70.09;6.88;38.0;0.0
2003;1;23;58.918;61.762;0.66;27.5;31.35;25.48;73.77;6.42;28.5;0.0
2003;1;24;50.006;60.612;0.56;27.06;29.73;25.61;73.47;7.92;30.6;0.0
2003;1;25;54.182;61.438;0.6;27.03;30.25;25.16;70.66;8.54;37.2;0.0
2003;1;26;57.977;60.689;0.64;27.49;30.66;25.42;72.92;7.84;38.6;0.0
2003;1;27;59.177;61.433;0.65;27.9;31.63;25.93;71.61;7.81;35.6;0.0
2003;1;28;60.631;64.267;0.67;27.51;30.44;25.86;70.6;8.92;37.3;0.0
2003;1;29;62.714;63.816;0.69;27.95;31.81;25.58;68.86;8.24;41.8;0.0
2003;1;30;62.839;63.823;0.69;27.72;31.55;25.57;70.91;8.07;37.9;0.0
2003;1;31;60.629;63.151;0.66;27.69;31.71;25.49;72.56;7.28;31.4;0.0
2003;2;1;55.279;61.706;0.6;27.19;30.45;25.49;72.14;7.43;31.6;0.0
2003;2;2;59.707;63.334;0.65;27.22;30.68;25.25;71.44;7.83;36.4;0.0
2003;2;3;64.291;64.704;0.7;27.55;31.24;25.19;71.0;8.3;40.2;0.0
2003;2;4;61.193;61.632;0.66;27.88;31.4;25.26;71.1;8.69;42.8;0.0
2003;2;5;62.299;62.818;0.67;27.92;31.25;25.53;71.99;8.43;38.9;0.0
2003;2;6;63.024;6.355;0.68;28.5;32.28;25.97;68.84;8.81;42.2;0.0
2003;2;7;63.686;63.955;0.68;28.3;31.59;25.94;69.47;8.67;40.7;0.0
2003;2;8;5.844;62.045;0.62;27.99;31.4;25.52;72.43;9.07;40.2;0.0
2003;2;9;58.618;61.901;0.62;27.91;30.69;26.23;72.22;8.47;42.2;0.0
2003;2;10;56.258;61.745;0.6;28.06;31.23;25.78;70.94;8.38;39.2;0.0
2003;2;11;55.946;63.144;0.59;27.7;30.42;26.22;73.12;8.82;41.4;0.0
2003;2;12;61.066;64.027;0.64;27.63;30.31;26.02;70.64;9.36;39.9;0.0
2003;2;13;61.351;65.143;0.64;27.5;31.09;25.57;71.78;9.58;39.3;0.01
2003;2;14;61.838;65.222;0.65;27.79;31.68;25.42;68.85;9.13;42.6;0.02
2003;2;15;66.269;6.761;0.69;28.06;32.45;24.92;67.31;7.84;44.6;0.0
2003;2;16;64.286;67.702;0.67;27.52;31.24;24.44;69.56;7.51;44.9;0.0
2003;2;17;62.311;64.795;0.65;27.53;31.76;24.68;71.39;6.59;41.0;0.0
2003;2;18;55.128;61.855;0.57;27.73;31.58;24.75;73.85;7.33;41.3;0.0
2003;2;19;54.288;61.526;0.56;27.55;30.03;26.17;72.0;8.27;44.3;0.0
2003;2;20;61.178;66.329;0.63;28.1;31.71;25.62;69.2;7.4;39.2;0.0
2003;2;21;50.122;64.123;0.52;27.83;31.69;25.5;71.36;6.57;41.3;0.09
2003;2;22;54.902;61.781;0.56;28.27;33.22;25.48;73.19;4.05;41.4;0.0
2003;2;23;55.507;61.135;0.57;28.25;32.48;25.77;76.76;3.58;29.8;0.0
2003;2;24;53.486;61.889;0.55;28.32;32.26;26.02;73.91;7.4;39.7;0.0
2003;2;25;57.029;62.604;0.58;27.9;30.76;26.25;69.86;8.38;37.2;0.0
2003;2;26;54.242;62.602;0.55;27.72;31.59;25.77;71.67;7.57;34.6;0.0
2003;2;27;51.302;62.309;0.52;27.66;30.93;25.97;73.1;7.15;39.7;0.02
2003;2;28;62.542;66.523;0.63;28.06;31.64;25.81;70.64;8.07;37.9;0.0
2003;3;1;64.848;66.965;0.65;28.14;32.0;25.28;69.78;7.96;40.6;0.0
2003;3;2;59.314;63.206;0.6;27.85;31.08;25.38;72.32;7.89;41.4;0.0
2003;3;3;61.985;63.785;0.62;27.65;31.61;25.43;72.75;7.94;37.6;0.0
2003;3;4;67.032;67.414;0.67;28.03;31.56;25.16;70.75;7.8;43.1;0.0
2003;3;5;66.286;67.178;0.66;28.4;32.35;25.31;70.21;8.37;42.9;0.0
2003;3;6;63.734;64.459;0.63;28.21;32.49;25.23;68.5;8.34;44.6;0.03
2003;3;7;65.047;65.434;0.65;27.89;31.83;24.8;68.49;7.89;45.5;0.02
2003;3;8;62.986;64.171;0.62;27.67;31.89;24.6;68.47;8.24;41.8;0.0
2003;3;9;66.036;66.218;0.65;27.48;31.09;24.85;67.78;8.6;39.6;0.0
2003;3;10;6.444;64.968;0.64;27.3;31.36;24.54;69.9;8.36;37.6;0.0
2003;3;11;64.212;64.759;0.63;27.1;31.04;24.5;71.77;8.46;37.8;0.0
2003;3;12;60.578;61.262;0.6;27.29;30.17;24.9;72.99;9.29;40.3;0.05
2003;3;13;56.323;58.231;0.55;27.63;31.01;25.16;71.31;8.36;38.5;0.0
2003;3;14;44.801;58.154;0.44;27.43;31.13;25.49;73.14;7.4;36.1;0.18
2003;3;15;41.078;53.786;0.4;27.59;31.85;25.06;75.83;5.42;37.6;0.51
2003;3;16;41.983;56.311;0.41;27.54;30.6;25.15;77.01;2.77;21.6;0.07
2003;3;17;55.553;65.364;0.54;27.71;31.65;25.22;78.24;2.29;337.4;0.04
2003;3;18;55.994;66.041;0.55;27.99;31.48;25.19;74.71;2.27;322.0;0.33
2003;3;19;53.935;6.522;0.52;28.25;32.01;25.59;75.03;2.74;6.4;0.51
2003;3;20;58.421;69.358;0.57;28.41;32.15;25.63;72.27;4.64;26.5;0.0
2003;3;21;64.063;68.153;0.62;28.43;32.47;26.19;70.56;6.28;38.4;0.0
2003;3;22;6.485;68.206;0.63;28.32;32.35;25.92;69.66;6.68;36.7;0.0
2003;3;23;66.538;69.727;0.64;27.98;31.44;25.95;67.9;7.75;35.9;0.0
2003;3;24;61.538;66.691;0.59;28.11;31.93;25.95;67.0;6.75;29.7;0.0
2003;3;25;43.306;64.219;0.42;27.27;30.53;25.65;69.5;6.54;26.3;0.12
2003;3;26;6.011;62.926;0.58;27.29;30.64;25.27;72.53;6.12;27.0;0.79
2003;3;27;57.977;65.647;0.56;27.54;30.8;25.43;72.98;5.77;27.7;0.04
2003;3;28;58.368;6.457;0.56;28.27;32.56;25.82;71.69;6.31;35.8;0.0
2003;3;29;57.427;63.259;0.55;28.11;31.48;26.13;72.34;6.75;38.0;0.0
2003;3;30;5.382;6.257;0.52;28.08;31.72;26.29;75.12;7.28;33.1;0.03
2003;3;31;5.039;66.154;0.48;27.53;29.94;26.23;75.95;8.91;30.6;0.04
2003;4;1;6.383;73.046;0.61;27.76;30.51;25.97;71.39;9.79;38.0;0.0
2003;4;2;71.071;72.077;0.68;28.11;31.48;25.79;67.9;9.52;41.5;0.0
2003;4;3;65.774;66.828;0.63;28.39;32.55;26.15;69.15;9.15;41.9;0.0
2003;4;4;65.659;67.277;0.63;28.56;32.91;25.98;72.37;7.42;37.0;0.0
2003;4;5;60.019;65.479;0.57;28.67;32.81;26.22;76.15;6.2;37.0;0.0
2003;4;6;58.838;64.603;0.56;28.2;31.4;26.3;78.79;7.36;35.9;0.0
2003;4;7;55.493;6.379;0.53;28.77;32.26;26.4;75.1;7.64;37.8;0.0
2003;4;8;48.778;64.087;0.46;28.64;32.2;26.53;72.31;8.14;37.6;0.0
2003;4;9;49.742;67.908;0.47;28.37;31.78;26.45;70.93;7.21;35.8;0.01
2003;4;10;58.258;67.788;0.55;28.06;31.9;25.91;71.78;6.91;30.1;0.0
2003;4;11;5.537;66.509;0.53;27.91;31.48;25.97;75.03;7.43;25.3;0.1
2003;4;12;50.856;65.448;0.48;27.86;31.04;26.18;78.14;7.71;26.8;0.75
2003;4;13;21.775;63.156;0.21;27.25;29.36;26.27;81.97;7.9;26.4;2.8
2003;4;14;45.451;64.147;0.43;27.09;28.79;26.12;84.13;6.83;29.3;3.98
2003;4;15;3.599;67.385;0.34;27.61;30.21;26.16;80.84;6.42;32.9;3.94
2003;4;16;54.946;69.598;0.52;27.79;30.69;25.92;80.94;2.54;359.5;3.26
2003;4;17;66.106;72.353;0.63;27.73;30.88;25.56;78.68;3.3;340.3;0.76
2003;4;18;55.126;72.348;0.52;27.7;30.54;25.76;74.59;4.34;350.3;1.1
2003;4;19;64.452;71.681;0.61;28.08;31.5;25.71;76.27;4.84;13.4;1.09
2003;4;20;59.988;70.776;0.57;28.25;30.64;26.85;80.39;6.04;27.6;1.62
2003;4;21;36.972;71.515;0.35;28.13;30.78;26.89;78.42;7.06;33.1;1.98
2003;4;22;4.393;70.366;0.42;27.12;28.59;26.28;83.58;5.85;30.3;10.53
2003;4;23;48.079;70.543;0.46;26.92;28.63;25.98;84.14;6.0;31.7;6.45
2003;4;24;48.223;68.851;0.46;27.21;28.83;26.05;85.02;6.23;34.0;5.46
2003;4;25;54.996;70.584;0.52;28.02;30.25;26.43;83.37;4.22;43.1;3.58
2003;4;26;5.178;69.619;0.49;28.57;31.66;26.75;81.73;3.71;45.4;3.12
2003;4;27;58.022;69.698;0.55;27.8;29.49;26.61;85.67;2.58;56.9;2.13
2003;4;28;63.888;70.265;0.61;28.28;30.86;26.58;83.83;3.19;41.8;1.39
2003;4;29;53.206;68.333;0.51;28.37;30.94;26.39;81.87;5.05;41.4;1.18
2003;4;30;50.218;68.614;0.48;28.35;30.6;26.81;84.52;4.17;51.2;2.68
2003;5;1;71.318;71.827;0.68;29.26;32.13;27.61;80.04;4.83;45.1;0.2
2003;5;2;63.367;7.121;0.6;28.76;31.36;27.5;79.81;3.86;37.0;0.05
2003;5;3;50.657;67.994;0.48;28.39;30.34;26.89;82.42;4.97;49.4;0.49
2003;5;4;40.397;67.915;0.39;28.52;30.65;26.89;80.65;4.99;49.4;0.46
2003;5;5;38.422;6.589;0.37;28.17;30.27;26.95;80.28;6.08;47.9;0.13
2003;5;6;60.223;67.819;0.57;28.27;31.0;26.47;77.58;7.45;44.6;0.11
2003;5;7;44.268;67.858;0.42;27.97;29.86;26.39;78.48;7.01;45.8;0.15
2003;5;8;42.269;67.606;0.4;28.27;31.13;26.48;77.36;6.1;46.6;0.35
2003;5;9;4.727;6.805;0.45;27.54;29.1;26.25;82.43;5.34;49.0;0.46
2003;5;10;51.449;6.949;0.49;27.82;29.67;26.42;82.39;5.76;48.4;0.92
2003;5;11;6.193;73.039;0.59;27.78;29.71;26.38;81.44;6.7;47.0;1.02
2003;5;12;34.116;6.733;0.33;27.45;29.14;26.45;86.0;6.07;49.6;7.32
2003;5;13;60.257;69.626;0.58;27.93;30.45;26.16;82.6;6.05;45.3;2.91
2003;5;14;55.829;6.996;0.53;28.26;31.28;26.32;80.71;7.27;45.5;2.34
2003;5;15;64.363;71.506;0.62;28.55;31.36;26.66;79.11;7.03;43.5;0.91
2003;5;16;60.538;71.594;0.58;28.21;29.99;26.62;80.97;6.88;47.6;0.09
2003;5;17;65.414;7.157;0.63;28.69;31.37;26.74;79.19;6.36;44.2;0.03
2003;5;18;41.422;72.562;0.4;28.63;31.4;27.15;80.18;4.87;46.6;0.04
2003;5;19;34.049;70.654;0.33;27.95;29.78;26.79;83.9;4.41;46.7;0.32
2003;5;20;44.314;68.117;0.43;28.63;32.13;26.58;80.33;4.21;32.1;1.16
2003;5;21;56.806;69.792;0.55;28.21;30.68;26.78;84.25;5.08;32.1;2.51
2003;5;22;44.455;71.582;0.43;28.34;30.63;27.1;84.15;5.42;38.2;4.26
2003;5;23;61.762;70.831;0.59;28.61;31.16;27.03;84.22;4.02;43.2;4.84
2003;5;24;45.106;68.587;0.43;28.75;31.59;27.01;82.13;3.93;53.5;4.5
2003;5;25;48.751;69.487;0.47;28.21;30.4;26.78;85.03;3.12;57.6;5.43
2003;5;26;52.382;7.002;0.51;28.36;31.19;26.56;81.63;4.26;44.6;3.27
2003;5;27;64.649;72.571;0.62;28.88;32.61;26.55;77.46;5.14;42.4;2.96
2003;5;28;67.164;71.323;0.65;29.13;33.15;26.82;78.82;5.14;47.5;2.16
2003;5;29;63.662;70.975;0.62;28.96;32.04;26.97;79.51;5.05;47.9;1.27
2003;5;30;54.511;70.608;0.53;28.56;31.17;26.9;82.47;3.73;50.7;8.58
2003;5;31;57.288;6.996;0.55;28.17;30.23;26.75;85.35;4.28;42.4;5.57
2003;6;1;4.783;70.255;0.46;28.28;30.44;26.8;82.4;4.95;49.8;2.47
2003;6;2;53.947;68.909;0.52;28.81;32.42;26.52;76.94;5.3;46.2;1.64
2003;6;3;36.626;7.025;0.35;28.81;31.65;26.65;76.61;4.55;55.8;3.15
2003;6;4;40.874;67.766;0.4;28.44;30.53;26.61;78.81;3.07;54.0;1.77
2003;6;5;60.492;70.411;0.59;28.95;31.12;27.62;76.45;3.77;58.6;0.04
2003;6;6;38.114;70.406;0.37;27.57;28.74;26.56;84.38;3.5;47.6;0.16
2003;6;7;47.954;68.866;0.47;28.03;29.98;26.66;81.32;5.54;47.6;0.07
2003;6;8;6.69;71.042;0.65;28.58;30.57;26.98;80.93;4.86;49.2;0.04
2003;6;9;49.627;69.749;0.48;29.1;32.01;26.92;77.46;5.99;46.0;0.32
2003;6;10;36.552;68.614;0.36;28.56;31.06;26.91;81.75;5.91;53.1;2.97
2003;6;11;37.747;66.473;0.37;27.95;29.66;26.67;83.31;5.85;52.2;3.32
2003;6;12;24.552;68.803;0.24;27.33;28.72;26.5;85.86;4.34;47.4;8.13
2003;6;13;35.743;69.058;0.35;27.96;30.7;26.23;83.84;4.5;51.6;4.57
2003;6;14;47.467;69.562;0.46;27.55;30.1;26.3;85.42;4.15;45.5;4.11
2003;6;15;41.323;6.931;0.4;28.16;31.01;26.5;83.52;5.76;38.4;4.97
2003;6;16;33.065;68.959;0.32;27.93;29.93;26.74;85.87;3.54;41.8;8.29
2003;6;17;4.859;69.199;0.47;27.7;29.63;26.61;86.11;3.59;50.8;11.31
2003;6;18;17.045;70.442;0.17;28.22;30.61;26.48;81.55;1.68;46.4;15.66
2003;6;19;58.334;71.086;0.57;26.86;27.75;26.23;89.4;4.76;14.6;5.1
2003;6;20;5.795;69.943;0.56;27.58;29.24;26.2;87.36;5.68;57.9;4.72
2003;6;21;42.226;69.895;0.41;27.35;28.79;26.37;90.45;5.87;50.1;14.1
2003;6;22;36.278;66.725;0.35;26.94;28.16;26.29;87.17;3.11;43.2;9.09
2003;6;23;54.391;69.389;0.53;27.78;30.27;26.14;84.01;3.47;45.6;5.77
2003;6;24;55.608;69.864;0.54;28.39;30.54;26.9;83.84;3.82;49.9;6.13
2003;6;25;57.444;70.087;0.56;28.69;31.25;27.34;83.26;4.8;48.0;4.47
2003;6;26;51.132;69.146;0.5;28.72;31.41;26.73;82.8;3.78;55.0;3.91
2003;6;27;6.641;70.843;0.65;28.68;31.86;26.61;78.97;4.27;45.8;0.55
2003;6;28;68.518;7.272;0.67;28.99;32.43;26.35;76.14;5.79;49.5;1.5
2003;6;29;58.687;69.214;0.57;29.08;32.87;26.7;76.97;5.85;55.5;0.87
2003;6;30;44.179;69.319;0.43;28.05;29.9;26.78;81.72;5.22;50.6;0.25
2003;7;1;37.166;66.674;0.36;27.65;29.19;26.41;82.22;4.71;58.5;0.19
2003;7;2;64.294;69.984;0.63;27.71;29.45;26.37;83.63;5.96;45.0;0.16
2003;7;3;55.085;69.893;0.54;28.18;31.3;26.37;81.75;5.07;47.3;0.73
2003;7;4;41.928;69.766;0.41;28.01;31.01;26.38;84.02;3.56;42.0;7.98
2003;7;5;46.615;70.097;0.45;27.76;29.95;26.17;83.27;3.75;40.7;5.9
2003;7;6;64.092;72.742;0.62;28.91;32.16;26.53;74.08;6.51;50.9;0.22
2003;7;7;61.512;70.637;0.6;28.68;31.9;26.57;78.64;6.06;51.8;2.37
2003;7;8;48.113;68.755;0.47;27.75;30.07;26.63;83.24;6.53;41.4;4.61
2003;7;9;53.568;69.538;0.52;27.58;29.86;26.4;83.32;2.96;61.9;6.33
2003;7;10;50.846;69.994;0.49;28.22;31.36;26.4;83.06;4.32;40.8;10.18
2003;7;11;3.601;69.175;0.35;28.02;30.14;26.82;86.18;5.37;53.1;12.69
2003;7;12;57.007;70.565;0.55;27.1;28.76;26.43;87.89;4.63;54.5;11.39
2003;7;13;29.791;69.216;0.29;27.55;28.94;26.65;86.12;3.96;59.6;6.03
2003;7;14;60.456;69.418;0.59;28.03;30.15;26.58;84.7;5.46;53.8;3.04
2003;7;15;64.654;69.425;0.63;28.17;30.93;26.55;80.78;7.0;46.5;1.15
2003;7;16;57.739;68.834;0.56;27.73;30.42;26.09;81.89;5.9;48.2;2.91
2003;7;17;5.473;69.329;0.53;27.72;30.64;26.06;84.09;5.03;45.9;4.54
2003;7;18;67.051;70.908;0.65;28.31;31.35;26.69;82.47;5.86;47.0;2.12
2003;7;19;69.413;72.158;0.67;28.96;32.48;26.68;77.47;7.07;47.1;0.24
2003;7;20;62.513;71.062;0.61;28.86;31.75;26.92;80.63;6.49;50.2;1.2
2003;7;21;63.566;70.855;0.62;28.39;30.95;26.78;81.09;7.18;47.8;1.37
2003;7;22;65.311;69.674;0.63;28.05;30.16;26.58;83.5;5.83;48.5;1.28
2003;7;23;53.474;69.641;0.52;27.71;30.11;26.26;87.37;3.76;44.1;5.6
2003;7;24;49.678;6.978;0.48;27.45;29.88;26.12;86.33;5.08;46.6;3.43
2003;7;25;58.418;7.069;0.57;27.62;30.61;25.94;84.87;4.6;47.0;1.1
2003;7;26;45.689;69.926;0.44;26.89;28.49;25.82;89.14;4.23;47.0;4.08
2003;7;27;40.037;68.748;0.39;27.26;29.16;26.08;85.54;4.76;45.7;2.1
2003;7;28;54.247;7.025;0.52;28.03;30.27;26.37;84.2;5.38;40.1;0.47
2003;7;29;63.746;7.085;0.62;28.63;31.84;26.58;82.05;5.84;43.4;0.47
2003;7;30;44.947;69.149;0.43;28.27;30.6;26.83;83.03;5.59;48.2;1.24
2003;7;31;5.148;6.973;0.5;27.99;30.82;26.58;83.08;5.96;47.8;3.33
2003;8;1;40.044;6.966;0.39;27.23;30.28;25.36;84.46;4.38;41.7;1.66
2003;8;2;4.283;70.006;0.41;26.33;28.0;25.22;89.88;2.4;21.8;2.71
2003;8;3;38.441;70.106;0.37;27.45;29.55;26.05;85.73;3.81;39.8;11.68
2003;8;4;62.916;72.017;0.61;27.78;29.61;26.7;86.8;4.61;51.0;9.02
2003;8;5;67.733;71.674;0.65;28.14;30.1;26.75;85.27;5.46;45.3;2.4
2003;8;6;64.231;72.737;0.62;28.52;31.06;26.92;82.88;5.53;46.4;1.78
2003;8;7;67.608;7.242;0.65;28.54;30.81;26.95;83.22;5.36;44.5;1.03
2003;8;8;36.134;71.832;0.35;28.47;30.47;27.28;84.13;5.91;47.1;4.02
2003;8;9;59.323;71.582;0.57;27.8;29.47;26.65;83.48;4.64;62.9;3.03
2003;8;10;64.291;73.085;0.62;28.21;30.42;26.79;84.69;3.74;56.0;4.27
2003;8;11;50.364;71.419;0.49;28.31;30.52;27.02;84.98;4.84;51.4;3.34
2003;8;12;60.048;7.032;0.58;28.31;30.3;27.0;82.47;5.2;50.2;1.93
2003;8;13;60.055;70.404;0.58;28.34;30.21;27.16;84.77;4.7;52.4;4.42
2003;8;14;62.218;71.189;0.6;28.66;31.26;27.11;82.28;4.52;44.9;0.22
2003;8;15;52.493;70.493;0.51;28.35;30.27;27.13;84.43;4.16;49.0;1.17
2003;8;16;57.679;7.038;0.56;27.42;29.29;25.85;84.11;2.73;34.4;0.51
2003;8;17;6.174;72.262;0.59;28.85;30.99;27.34;81.82;4.4;46.7;0.31
2003;8;18;60.943;71.472;0.59;28.67;30.83;27.33;81.28;4.84;52.4;0.93
2003;8;19;65.566;71.789;0.63;28.6;31.08;27.13;81.49;5.46;46.0;1.3
2003;8;20;41.261;70.138;0.4;28.61;31.43;26.8;79.65;5.35;46.9;1.15
2003;8;21;54.094;70.824;0.52;28.35;31.05;26.86;80.68;4.85;44.6;1.72
2003;8;22;58.154;71.539;0.56;27.74;29.46;26.56;83.51;5.41;43.7;2.12
2003;8;23;61.238;71.808;0.59;28.21;31.11;26.45;80.02;2.93;20.9;3.01
2003;8;24;56.218;71.851;0.54;28.52;31.09;26.28;84.92;4.26;27.7;2.04
2003;8;25;56.873;7.2;0.55;29.1;31.7;27.73;79.33;5.85;43.9;0.4
2003;8;26;57.787;7.025;0.56;29.23;33.0;27.28;77.88;5.28;36.9;0.61
2003;8;27;53.962;7.009;0.52;28.28;31.44;26.1;83.44;3.19;16.3;2.24
2003;8;28;65.827;71.491;0.63;28.38;31.79;26.14;81.48;2.81;18.8;1.3
2003;8;29;45.456;70.354;0.44;28.36;31.43;26.72;82.56;4.58;45.6;2.76
2003;8;30;49.632;7.001;0.48;28.1;30.64;26.43;83.21;2.98;43.9;5.3
2003;8;31;68.801;71.573;0.66;28.36;31.04;26.49;82.9;3.67;46.2;2.04
2003;9;1;63.785;71.004;0.62;29.5;32.93;27.38;80.24;3.97;43.4;1.22
2003;9;2;6.421;71.119;0.62;29.84;33.35;27.82;78.48;4.47;43.1;0.97
2003;9;3;44.662;69.408;0.43;28.63;30.68;27.08;83.57;4.31;41.7;4.48
2003;9;4;6.318;70.862;0.61;28.14;30.27;26.89;84.74;3.85;33.8;3.99
2003;9;5;43.157;69.067;0.42;27.43;29.81;26.12;82.43;3.33;46.2;3.81
2003;9;6;58.678;70.817;0.57;27.94;29.96;26.34;84.4;2.83;23.1;6.8
2003;9;7;63.691;74.818;0.62;29.02;32.62;26.92;74.26;6.54;41.6;1.14
2003;9;8;63.403;6.997;0.61;28.97;32.4;27.23;76.17;5.88;40.7;0.64
2003;9;9;45.845;70.289;0.44;28.11;30.07;27.0;83.95;3.62;53.7;2.2
2003;9;10;4.795;7.069;0.47;27.1;27.72;26.5;87.28;2.7;48.3;2.46
2003;9;11;50.796;70.296;0.49;27.71;30.02;26.56;84.38;2.66;28.9;1.81
2003;9;12;57.917;70.085;0.56;28.49;30.82;26.9;81.93;2.47;41.2;1.46
2003;9;13;6.545;71.357;0.64;28.52;30.38;27.59;85.64;4.53;39.8;3.27
2003;9;14;59.633;71.438;0.58;28.26;30.04;27.16;87.39;2.91;40.1;1.93
2003;9;15;5.298;6.949;0.52;28.26;30.89;26.75;82.76;2.08;319.5;1.26
2003;9;16;4.625;68.892;0.45;28.03;30.59;26.51;85.35;2.23;357.6;1.14
2003;9;17;63.569;69.562;0.62;27.97;29.7;26.52;83.44;4.54;23.2;2.65
2003;9;18;43.325;69.965;0.42;28.77;31.47;27.06;81.19;4.61;40.2;2.34
2003;9;19;50.119;69.317;0.49;27.93;29.72;26.43;84.44;4.6;37.4;3.16
2003;9;20;37.879;68.256;0.37;27.88;29.81;26.8;82.15;3.24;59.3;2.85
2003;9;21;43.975;68.054;0.43;27.52;29.61;26.37;79.88;2.59;67.4;2.78
2003;9;22;52.207;69.382;0.51;27.84;29.96;26.52;83.94;3.41;21.2;2.22
2003;9;23;55.788;70.248;0.55;27.92;29.43;26.96;85.19;5.41;30.7;1.28
2003;9;24;57.955;69.353;0.57;28.4;30.95;27.04;81.5;3.47;50.3;2.04
2003;9;25;54.458;68.971;0.54;28.0;30.23;26.85;82.51;2.52;47.2;1.82
2003;9;26;56.938;69.646;0.56;28.37;30.83;26.96;82.45;2.21;51.0;1.82
2003;9;27;49.776;68.131;0.49;28.21;30.29;26.88;83.44;1.63;10.3;1.72
2003;9;28;57.022;6.881;0.57;28.25;30.27;27.08;82.88;2.29;46.7;1.95
2003;9;29;57.552;69.586;0.57;28.48;31.39;26.58;81.03;2.44;353.7;2.06
2003;9;30;51.578;69.401;0.51;29.23;32.62;27.27;79.97;4.88;54.4;7.27
2003;10;1;19.128;68.549;0.19;28.65;30.79;27.16;80.83;3.24;62.4;5.52
2003;10;2;39.557;68.177;0.4;27.37;28.73;26.6;84.72;3.53;46.1;4.03
2003;10;3;5.335;67.212;0.53;28.43;30.77;27.09;84.38;3.63;42.2;7.54
2003;10;4;46.241;67.231;0.46;28.73;31.21;27.32;84.39;3.73;40.6;8.98
2003;10;5;42.497;67.411;0.43;28.51;30.76;27.28;84.24;3.94;41.0;9.35
2003;10;6;43.219;67.325;0.44;28.19;30.88;26.55;83.97;2.08;27.3;11.82
2003;10;7;46.454;66.953;0.47;28.02;30.7;26.41;80.17;1.78;334.8;9.5
2003;10;8;43.164;65.405;0.44;27.32;28.65;26.13;85.88;1.85;327.8;7.37
2003;10;9;37.819;66.946;0.38;27.47;29.53;26.33;81.31;2.06;343.8;11.54
2003;10;10;54.636;68.064;0.56;27.43;30.06;26.18;80.16;2.0;316.6;6.91
2003;10;11;5.538;66.281;0.56;28.06;30.6;26.09;80.08;2.72;17.5;2.84
2003;10;12;54.091;65.594;0.55;28.63;31.05;27.44;85.88;3.8;38.2;5.04
2003;10;13;50.671;66.005;0.52;28.16;29.21;27.2;86.27;2.53;58.7;3.26
2003;10;14;4.271;66.144;0.44;28.16;30.31;26.77;82.63;1.72;29.0;4.14
2003;10;15;25.642;66.386;0.26;26.79;27.8;26.01;88.6;2.57;255.4;4.66
2003;10;16;49.618;64.342;0.51;26.91;28.61;25.4;87.53;2.39;7.2;3.56
2003;10;17;53.318;66.672;0.55;28.34;30.49;26.9;82.83;4.46;39.5;1.96
2003;10;18;51.302;6.618;0.53;28.68;30.86;27.38;80.54;3.88;45.0;1.29
2003;10;19;37.217;63.612;0.39;27.94;29.84;26.95;84.57;2.69;32.8;2.12
2003;10;20;48.072;63.449;0.5;27.8;29.82;26.63;84.92;1.71;18.5;2.11
2003;10;21;4.399;63.053;0.46;27.83;29.82;26.49;82.37;1.02;317.9;1.74
2003;10;22;39.782;64.543;0.42;27.51;29.36;26.18;85.51;2.38;251.2;1.49
2003;10;23;5.299;65.549;0.56;27.86;29.96;26.46;83.54;2.33;323.8;1.1
2003;10;24;51.871;63.686;0.55;28.07;29.25;26.95;88.46;4.86;35.0;2.82
2003;10;25;42.072;64.234;0.44;28.79;30.88;27.5;85.53;6.25;37.5;2.39
2003;10;26;4.751;64.358;0.5;29.1;31.79;27.52;79.18;4.5;48.3;0.85
2003;10;27;44.998;64.565;0.48;28.11;30.02;26.86;85.15;3.13;15.7;6.84
2003;10;28;4.637;64.298;0.49;27.42;29.54;26.34;83.17;2.38;288.0;11.28
2003;10;29;47.532;62.614;0.51;26.51;27.81;25.67;87.8;3.38;305.0;10.2
2003;10;30;46.567;64.406;0.5;26.87;29.54;25.37;84.34;2.45;277.7;5.22
2003;10;31;52.183;64.008;0.56;27.41;29.86;25.85;81.67;2.78;347.3;6.05
2003;11;1;41.928;6.349;0.45;27.26;29.53;25.79;81.22;1.42;296.3;6.04
2003;11;2;4.68;63.535;0.5;26.48;27.87;25.52;85.77;2.11;257.4;11.65
2003;11;3;50.791;63.506;0.55;26.95;28.93;25.63;85.31;2.97;5.2;5.78
2003;11;4;47.784;61.013;0.52;27.91;29.73;26.25;85.55;4.69;43.5;3.69
2003;11;5;50.784;62.854;0.55;29.02;32.27;26.7;78.19;5.79;50.1;0.86
2003;11;6;55.644;62.906;0.61;28.93;31.65;27.19;79.7;5.77;44.5;1.46
2003;11;7;35.722;62.369;0.39;28.26;29.72;27.43;84.0;4.13;46.4;2.21
2003;11;8;35.242;62.062;0.39;27.61;29.06;26.56;83.42;1.81;3.1;1.79
2003;11;9;41.443;61.102;0.46;27.75;29.69;26.66;83.92;4.44;48.7;1.35
2003;11;10;50.222;61.246;0.55;28.2;30.18;26.83;82.28;3.77;41.9;0.78
2003;11;11;40.061;59.983;0.44;27.64;29.93;26.58;84.98;2.5;0.3;5.95
2003;11;12;43.104;59.774;0.48;26.88;28.16;26.0;89.39;2.96;304.8;7.34
2003;11;13;5.094;59.597;0.57;27.44;28.9;26.59;85.72;2.41;1.8;2.43
2003;11;14;4.859;59.374;0.54;28.29;29.88;26.92;87.83;4.33;31.7;7.27
2003;11;15;39.878;58.058;0.44;28.47;29.75;27.74;87.3;6.36;41.9;7.65
2003;11;16;51.074;60.094;0.57;28.81;30.81;27.56;83.06;6.22;49.6;4.36
2003;11;17;50.076;61.318;0.56;29.14;31.62;27.61;80.58;6.4;46.4;0.58
2003;11;18;44.237;60.379;0.5;28.54;30.94;27.11;82.86;4.6;42.2;3.94
2003;11;19;47.568;61.318;0.54;28.21;30.61;26.78;84.0;3.09;23.0;1.37
2003;11;20;48.432;59.117;0.55;28.4;30.38;27.25;81.94;3.7;28.6;0.34
2003;11;21;43.219;57.943;0.49;28.07;29.44;27.29;83.59;4.44;28.3;1.1
2003;11;22;39.091;56.892;0.44;28.22;30.0;27.2;82.73;4.14;46.1;6.51
2003;11;23;3.341;56.342;0.38;27.49;27.99;27.18;87.92;4.5;44.0;9.91
2003;11;24;46.474;57.098;0.53;27.86;29.25;27.2;85.68;4.97;35.3;3.56
2003;11;25;4.003;57.293;0.46;27.68;28.91;27.07;84.89;5.02;40.3;2.86
2003;11;26;50.578;59.016;0.58;28.23;29.76;27.26;83.66;6.17;43.7;2.11
2003;11;27;47.628;57.744;0.55;28.6;30.35;27.54;84.34;6.49;50.7;2.32
2003;11;28;46.075;58.853;0.53;28.54;30.17;27.64;83.21;5.99;50.1;1.48
2003;11;29;32.894;58.097;0.38;28.03;29.47;27.27;86.69;5.22;50.2;6.32
2003;11;30;2.85;57.401;0.33;27.25;28.04;26.86;88.9;6.37;51.7;5.91
2003;12;1;53.434;58.872;0.62;27.67;29.39;26.56;82.0;6.44;46.7;3.77
2003;12;2;34.795;57.038;0.4;27.16;28.51;26.48;87.98;6.39;43.8;15.63
2003;12;3;41.842;57.929;0.49;26.88;27.95;26.14;87.49;3.85;131.9;33.38
2003;12;4;35.791;59.172;0.42;26.73;28.16;25.7;87.26;5.8;201.9;18.97
2003;12;5;27.893;61.133;0.32;26.98;28.15;26.27;88.13;5.65;239.9;20.43
2003;12;6;30.377;58.306;0.35;26.91;28.43;26.1;86.83;3.2;257.8;18.25
2003;12;7;49.906;58.166;0.58;27.12;29.19;25.58;85.26;3.4;17.3;2.17
2003;12;8;53.724;57.746;0.63;27.58;29.34;26.43;85.87;5.13;32.8;0.98
2003;12;9;53.921;57.444;0.63;28.26;30.28;26.98;85.7;5.58;48.1;0.94
2003;12;10;54.082;57.797;0.63;28.92;32.17;27.14;82.14;6.2;49.3;0.52
2003;12;11;38.904;56.335;0.46;28.36;29.94;27.24;83.37;5.1;53.5;0.73
2003;12;12;40.843;55.872;0.48;28.29;30.31;27.14;82.78;4.77;46.7;1.73
2003;12;13;47.638;57.286;0.56;28.38;31.18;26.98;80.26;6.79;48.3;1.05
2003;12;14;54.266;57.962;0.64;28.27;31.01;26.49;78.94;7.04;51.0;0.5
2003;12;15;55.018;59.273;0.65;28.25;30.99;26.43;78.45;7.06;51.0;0.21
2003;12;16;57.941;59.678;0.68;28.37;31.53;26.52;77.84;7.37;52.2;0.09
2003;12;17;55.416;58.699;0.65;28.04;30.89;26.31;77.78;7.46;49.9;0.0
2003;12;18;56.441;58.258;0.66;27.94;30.51;26.22;79.78;7.28;45.2;0.02
2003;12;19;49.183;56.911;0.58;27.95;30.7;26.14;80.76;6.85;44.3;0.03
2003;12;20;44.894;55.025;0.53;27.5;29.67;26.1;81.34;6.22;43.7;0.1
2003;12;21;47.674;58.303;0.56;27.57;29.75;26.41;80.9;7.94;41.2;0.11
2003;12;22;49.286;56.371;0.58;27.3;29.21;26.22;83.38;7.29;46.1;0.04
2003;12;23;52.426;56.659;0.62;27.43;29.89;26.04;83.68;6.24;46.1;0.01
2003;12;24;5.52;58.039;0.65;27.89;31.26;25.92;79.54;6.62;44.2;0.0
2003;12;25;39.348;56.645;0.46;27.75;30.49;26.38;79.99;7.58;42.7;0.0
2003;12;26;47.021;57.062;0.55;27.51;30.27;26.1;79.02;6.92;41.8;0.01
2003;12;27;40.553;59.201;0.48;26.76;28.75;25.71;78.6;6.47;31.5;0.02
2003;12;28;41.225;58.678;0.48;26.97;29.47;25.64;77.71;6.56;34.4;0.12
2003;12;29;5.785;59.434;0.68;26.77;29.41;24.81;75.58;6.96;40.5;0.02
2003;12;30;54.012;59.906;0.63;26.49;28.66;25.11;69.68;8.92;50.5;0.0
2003;12;31;57.072;61.442;0.67;26.05;28.72;24.33;70.3;10.37;51.4;0.0
2004;1;1;60.288;6.042;0.7;26.53;29.28;24.66;75.64;10.14;51.2;0.03
2004;1;2;59.575;5.995;0.7;26.91;29.81;25.15;75.96;10.13;50.6;0.02
2004;1;3;60.168;60.571;0.7;26.61;29.1;24.93;73.84;9.69;47.1;0.01
2004;1;4;59.057;61.279;0.69;26.34;29.35;24.6;76.84;8.78;46.9;0.0
2004;1;5;53.302;59.138;0.62;26.34;29.45;24.34;78.1;7.72;44.9;0.0
2004;1;6;56.995;59.928;0.66;26.55;29.82;24.73;79.86;7.08;40.0;0.0
2004;1;7;57.283;58.934;0.66;26.62;29.67;24.83;78.69;7.79;37.8;0.0
2004;1;8;53.254;58.622;0.62;26.55;29.75;24.7;80.59;8.0;40.1;0.0
2004;1;9;54.307;58.754;0.63;26.45;29.41;24.71;79.39;7.69;40.8;0.0
2004;1;10;43.512;57.005;0.5;26.36;28.96;24.52;82.18;6.91;37.0;0.01
2004;1;11;4.543;55.514;0.52;26.41;28.65;25.01;81.78;8.13;38.3;0.03
2004;1;12;51.542;58.502;0.59;26.35;28.53;25.17;79.45;9.21;39.7;0.0
2004;1;13;55.498;61.253;0.64;26.51;29.3;24.82;76.22;8.6;38.7;0.0
2004;1;14;57.778;61.634;0.66;26.37;29.15;24.65;75.51;7.93;37.1;0.0
2004;1;15;56.858;61.428;0.65;26.3;29.13;24.5;77.14;6.81;34.9;0.0
2004;1;16;55.906;60.197;0.64;26.39;29.39;24.48;77.75;6.43;33.4;0.0
2004;1;17;51.521;60.106;0.58;26.54;29.75;24.36;77.69;5.74;36.3;0.0
2004;1;18;50.174;59.803;0.57;26.68;30.29;24.49;77.32;5.19;43.4;0.0
2004;1;19;57.749;60.886;0.65;26.69;30.43;24.33;74.5;5.71;35.1;0.0
2004;1;20;57.718;61.678;0.65;26.47;29.28;24.69;75.48;6.83;30.7;0.0
2004;1;21;57.852;62.652;0.65;26.78;29.71;25.1;73.54;7.48;35.6;0.0
2004;1;22;57.859;62.808;0.65;26.68;29.64;24.8;72.83;7.59;35.0;0.0
2004;1;23;5.587;62.225;0.62;26.73;29.53;25.34;72.77;7.54;33.1;0.01
2004;1;24;60.797;63.883;0.68;27.14;30.53;25.08;71.09;7.53;41.3;0.0
2004;1;25;58.164;64.166;0.65;27.14;30.38;24.73;71.44;7.22;47.5;0.0
2004;1;26;60.427;63.929;0.67;27.02;30.36;24.67;73.39;7.55;46.3;0.0
2004;1;27;63.252;64.356;0.7;26.98;30.41;24.5;75.62;6.77;43.2;0.0
2004;1;28;61.128;64.111;0.67;27.07;30.66;24.49;76.92;6.79;39.7;0.0
2004;1;29;61.752;64.402;0.68;27.25;30.65;25.41;73.26;8.16;39.8;0.0
2004;1;30;63.454;64.488;0.7;27.48;31.58;24.66;71.7;6.23;42.5;0.0
2004;1;31;63.605;64.728;0.7;27.79;32.36;24.84;72.6;5.05;43.4;0.0
2004;2;1;65.052;65.323;0.71;27.57;31.8;24.78;73.62;6.0;42.3;0.0
2004;2;2;63.955;65.285;0.69;27.43;31.55;24.65;76.68;5.87;38.6;0.0
2004;2;3;61.476;62.923;0.67;27.73;30.77;25.88;75.24;8.5;39.6;0.0
2004;2;4;64.039;67.032;0.69;28.19;31.67;25.45;68.45;8.53;44.8;0.0
2004;2;5;6.479;65.911;0.7;27.68;30.75;25.58;70.87;10.04;48.9;0.0
2004;2;6;6.529;66.046;0.7;27.89;31.38;25.57;70.66;9.17;47.3;0.0
2004;2;7;65.249;66.259;0.7;27.59;31.01;25.23;69.26;8.52;44.4;0.0
2004;2;8;66.864;6.757;0.71;27.66;31.47;25.12;70.75;9.2;46.9;0.0
2004;2;9;68.275;68.522;0.73;27.93;31.72;25.77;70.56;10.16;48.8;0.0
2004;2;10;67.032;67.603;0.71;27.86;31.67;25.43;69.06;9.13;47.6;0.0
2004;2;11;64.536;66.521;0.68;27.52;30.77;25.05;66.52;8.4;45.2;0.0
2004;2;12;6.463;66.989;0.68;27.38;31.25;24.96;69.25;7.84;46.3;0.0
2004;2;13;59.736;64.241;0.63;27.11;30.32;24.46;74.17;7.91;43.0;0.0
2004;2;14;61.872;64.692;0.65;27.5;31.4;25.1;73.38;7.59;41.6;0.0
2004;2;15;62.662;66.756;0.66;27.36;31.44;24.4;73.19;7.39;38.8;0.0
2004;2;16;66.564;68.443;0.69;27.49;31.0;24.84;71.66;8.66;42.7;0.0
2004;2;17;66.792;68.189;0.69;27.57;31.01;25.32;73.36;9.38;44.5;0.0
2004;2;18;63.019;65.882;0.65;27.26;30.49;25.22;71.57;8.77;34.6;0.0
2004;2;19;62.234;65.662;0.64;26.83;29.7;25.36;71.49;8.85;34.4;0.0
2004;2;20;62.491;65.537;0.64;27.33;31.55;24.83;71.95;7.12;35.0;0.03
2004;2;21;46.318;62.398;0.48;27.31;31.51;24.84;73.81;6.54;40.9;0.01
2004;2;22;57.595;64.164;0.59;27.22;30.64;25.41;71.92;6.98;37.4;0.0
2004;2;23;64.498;6.755;0.66;27.35;31.17;24.99;71.29;6.69;35.1;0.0
2004;2;24;54.962;64.644;0.56;27.68;32.27;24.74;70.61;5.08;38.3;0.0
2004;2;25;60.715;66.026;0.62;27.88;32.47;24.94;71.53;3.52;20.4;0.0
2004;2;26;60.581;6.594;0.62;27.69;31.59;25.23;74.53;5.01;26.3;0.0
2004;2;27;58.901;66.672;0.6;27.53;31.07;25.75;74.96;7.41;27.0;0.0
2004;2;28;48.266;66.494;0.49;27.38;30.5;25.69;72.19;8.62;29.4;0.0
2004;2;29;57.365;66.929;0.58;27.27;30.15;25.48;72.14;9.98;38.6;0.0
2004;3;1;63.835;68.388;0.64;27.94;30.8;25.94;66.39;10.91;47.4;0.0
2004;3;2;65.422;69.931;0.66;27.86;31.1;25.93;67.44;10.44;47.7;0.0
2004;3;3;64.913;69.991;0.65;28.14;31.51;25.75;68.7;10.62;49.0;0.0
2004;3;4;68.856;70.752;0.69;27.65;30.66;25.84;71.7;10.49;48.8;0.0
2004;3;5;6.329;69.283;0.63;27.68;31.12;25.45;68.81;9.85;49.1;0.0
2004;3;6;61.152;7.075;0.61;27.35;31.25;25.15;71.3;8.68;43.7;0.0
2004;3;7;67.454;72.101;0.67;27.32;31.17;24.88;71.3;9.12;42.7;0.0
2004;3;8;62.318;69.074;0.62;26.97;30.55;24.66;73.27;8.37;36.1;0.0
2004;3;9;62.863;65.722;0.62;26.92;30.38;24.84;76.99;7.92;30.5;0.0
2004;3;10;5.539;63.929;0.55;27.18;30.76;25.27;81.07;7.7;29.8;0.0
2004;3;11;5.195;64.363;0.51;26.8;28.75;25.24;81.93;8.72;37.7;0.0
2004;3;12;66.216;69.727;0.65;27.1;30.04;25.33;74.66;9.3;40.6;0.0
2004;3;13;68.647;70.726;0.67;27.59;31.13;25.24;72.3;9.69;41.3;0.0
2004;3;14;70.368;70.726;0.69;28.02;31.86;25.68;70.9;9.04;42.1;0.0
2004;3;15;66.101;68.158;0.65;28.02;31.54;25.74;71.03;8.42;38.9;0.0
2004;3;16;65.374;67.872;0.64;27.77;32.0;25.25;70.88;8.13;38.7;0.0
2004;3;17;64.313;68.047;0.63;27.4;30.98;25.49;76.14;8.11;34.9;0.0
2004;3;18;66.206;68.035;0.64;27.74;31.5;25.51;71.63;9.89;36.8;0.0
2004;3;19;70.846;71.321;0.69;27.68;31.61;25.29;67.53;9.97;39.0;0.0
2004;3;20;70.133;71.446;0.68;27.44;31.05;25.31;71.15;9.21;40.3;0.0
2004;3;21;65.153;68.196;0.63;27.31;31.13;24.75;72.81;8.05;37.1;0.0
2004;3;22;6.199;67.037;0.6;27.22;30.62;25.08;74.54;8.33;33.0;0.0
2004;3;23;66.439;6.941;0.64;26.99;29.92;25.16;74.84;9.96;35.9;0.0
2004;3;24;66.367;6.954;0.64;27.48;31.21;25.22;72.48;10.33;38.1;0.0
2004;3;25;66.425;68.981;0.64;27.07;29.88;25.53;73.96;9.68;36.9;0.0
2004;3;26;60.974;68.789;0.59;27.27;30.33;25.33;73.32;8.55;36.0;0.0
2004;3;27;63.281;69.463;0.61;26.93;29.57;25.22;74.55;7.62;34.3;0.0
2004;3;28;61.709;71.515;0.59;26.89;30.4;24.84;74.4;7.12;31.3;0.0
2004;3;29;63.034;70.668;0.6;26.66;29.92;24.75;77.11;6.66;26.5;0.1
2004;3;30;68.626;71.088;0.66;26.77;29.93;24.9;76.81;7.28;26.1;0.07
2004;3;31;65.714;7.075;0.63;27.13;30.29;25.3;76.69;7.84;29.5;0.02
2004;4;1;59.311;6.876;0.57;27.1;29.98;25.55;77.49;7.97;23.9;0.0
2004;4;2;43.068;66.127;0.41;27.03;29.86;25.53;79.86;7.74;24.2;0.0
2004;4;3;3.587;66.751;0.34;27.07;29.68;25.69;80.62;7.51;25.2;0.24
2004;4;4;52.752;67.934;0.5;26.8;28.08;25.72;83.49;7.68;37.3;0.11
2004;4;5;62.107;7.002;0.59;27.71;30.23;26.02;79.74;7.87;36.9;0.02
2004;4;6;59.635;70.186;0.57;27.59;29.63;26.18;81.47;7.78;36.7;0.07
2004;4;7;65.839;70.051;0.63;28.32;31.71;26.4;77.7;6.75;36.2;0.01
2004;4;8;57.497;69.372;0.55;28.64;32.95;26.09;76.89;6.06;33.9;0.01
2004;4;9;53.561;69.703;0.51;27.96;31.42;26.25;79.8;6.78;30.2;0.11
2004;4;10;56.863;70.944;0.54;28.15;31.94;25.95;76.23;7.29;29.8;0.01
2004;4;11;51.103;71.213;0.49;27.97;31.27;26.15;76.53;6.65;38.7;0.1
2004;4;12;59.458;71.165;0.57;28.28;31.56;25.93;75.32;6.26;37.9;0.21
2004;4;13;59.734;71.074;0.57;28.66;32.41;26.36;73.53;7.54;37.9;0.2
2004;4;14;40.042;70.253;0.38;27.64;30.03;26.26;74.26;8.52;35.9;2.09
2004;4;15;46.428;71.393;0.44;27.42;29.8;25.93;70.49;7.86;28.2;0.37
2004;4;16;58.836;74.674;0.56;26.89;28.8;25.61;72.94;7.92;30.2;0.21
2004;4;17;70.529;74.489;0.67;27.52;30.68;25.51;66.94;8.17;35.2;0.14
2004;4;18;64.111;70.289;0.61;28.01;31.42;25.81;74.74;8.56;37.4;1.21
2004;4;19;61.591;70.915;0.59;27.65;30.3;26.07;80.12;8.88;35.7;5.92
2004;4;20;3.071;70.598;0.29;26.81;28.33;25.97;83.95;6.96;39.7;6.58
2004;4;21;5.311;71.186;0.5;27.16;29.48;25.54;82.75;4.16;40.9;7.48
2004;4;22;36.384;71.789;0.35;26.9;28.67;25.87;87.27;5.39;33.1;9.08
2004;4;23;41.988;70.692;0.4;26.76;28.61;25.64;87.52;6.16;29.7;8.07
2004;4;24;46.169;71.712;0.44;26.62;28.46;25.63;87.5;6.02;43.0;11.52
2004;4;25;5.039;72.226;0.48;26.99;29.47;25.47;82.44;5.42;42.2;1.48
2004;4;26;65.834;72.593;0.63;27.75;30.65;25.62;80.84;5.36;41.9;0.17
2004;4;27;5.105;7.128;0.49;27.9;30.21;26.49;82.85;6.13;41.2;1.33
2004;4;28;68.722;72.194;0.65;27.98;29.99;26.66;84.05;6.04;44.5;0.51
2004;4;29;68.952;72.461;0.66;28.8;31.82;26.74;78.41;7.51;43.1;0.05
2004;4;30;58.898;72.312;0.56;28.87;32.18;27.01;76.18;8.81;45.9;1.6
2004;5;1;38.498;69.622;0.37;27.84;29.76;26.59;81.3;7.31;50.7;2.34
2004;5;2;61.214;70.433;0.58;27.84;29.92;26.29;80.13;5.82;45.9;0.52
2004;5;3;55.644;70.447;0.53;27.47;29.43;26.12;82.37;6.0;46.7;0.76
2004;5;4;57.034;71.242;0.54;27.88;31.14;26.06;80.49;6.05;40.2;0.33
2004;5;5;52.601;7.068;0.5;27.78;30.36;26.27;83.07;6.47;38.7;0.77
2004;5;6;52.133;71.198;0.5;27.83;30.14;26.51;84.07;7.29;39.0;0.31
2004;5;7;66.185;72.427;0.63;28.12;30.46;26.81;83.5;7.23;38.6;0.33
2004;5;8;41.371;71.714;0.4;28.58;30.84;26.8;80.37;7.6;44.2;0.31
2004;5;9;52.082;69.538;0.5;28.34;30.58;26.95;82.99;6.34;45.5;1.05
2004;5;10;45.137;69.797;0.43;28.2;30.62;26.73;84.12;5.92;45.1;1.05
2004;5;11;58.303;71.282;0.56;29.03;32.03;26.66;77.12;7.38;40.7;0.18
2004;5;12;56.162;70.783;0.54;28.99;32.26;27.04;77.01;7.14;45.4;0.26
2004;5;13;52.716;71.916;0.51;28.62;31.89;26.74;81.7;6.05;45.7;2.7
2004;5;14;68.791;72.156;0.66;29.1;32.34;27.08;77.0;5.77;51.1;0.61
2004;5;15;38.014;71.467;0.36;28.32;30.44;27.14;82.28;6.55;53.8;8.64
2004;5;16;34.831;70.111;0.33;27.54;28.73;26.84;88.15;4.36;38.0;16.15
2004;5;17;47.054;7.062;0.45;27.64;29.64;26.17;82.76;6.75;47.1;5.25
2004;5;18;43.027;70.138;0.41;26.71;27.49;26.07;90.71;5.64;46.9;11.66
2004;5;19;32.186;70.306;0.31;26.36;27.7;25.57;89.14;4.98;46.0;30.01
2004;5;20;41.038;7.307;0.39;26.33;27.93;25.09;86.53;2.21;219.8;19.5
2004;5;21;53.635;72.372;0.52;27.23;29.97;25.45;83.12;3.05;280.6;16.36
2004;5;22;56.047;71.177;0.54;27.36;29.49;25.8;83.58;2.5;258.8;13.79
2004;5;23;52.126;71.515;0.5;27.29;29.46;26.11;87.53;3.53;257.3;13.02
2004;5;24;44.914;71.059;0.43;27.95;31.12;25.86;81.59;2.38;22.3;8.24
2004;5;25;66.881;71.455;0.65;28.18;30.63;26.67;87.07;5.05;32.3;10.78
2004;5;26;4.859;69.526;0.47;28.53;30.92;27.32;85.96;5.05;38.1;0.43
2004;5;27;47.292;71.712;0.46;28.62;30.7;27.48;85.96;3.93;44.5;0.53
2004;5;28;40.121;69.792;0.39;28.57;31.15;27.18;82.56;4.35;53.1;0.66
2004;5;29;40.387;71.042;0.39;27.11;28.73;26.34;86.88;3.34;81.1;3.47
2004;5;30;52.589;70.202;0.51;28.22;30.51;26.57;84.06;4.35;51.7;0.8
2004;5;31;59.357;7.123;0.57;28.91;31.91;26.98;80.71;4.49;61.5;0.12
2004;6;1;49.385;70.848;0.48;27.99;30.01;26.84;82.52;3.68;62.5;1.27
2004;6;2;5.183;68.506;0.5;27.75;28.98;26.8;85.98;5.56;54.3;0.32
2004;6;3;59.491;71.112;0.58;28.53;31.01;27.08;80.76;6.71;53.2;0.14
2004;6;4;43.399;69.432;0.42;28.1;29.48;27.12;84.72;5.2;58.8;0.38
2004;6;5;43.594;6.979;0.42;27.78;29.54;26.7;84.65;4.46;54.2;1.28
2004;6;6;55.877;68.611;0.54;27.67;29.2;26.5;83.93;5.89;52.7;1.07
2004;6;7;66.557;70.498;0.65;28.2;30.5;26.7;82.45;6.35;51.5;0.57
2004;6;8;6.149;69.926;0.6;28.4;30.85;26.88;84.18;5.37;48.7;2.38
2004;6;9;46.834;68.621;0.46;28.05;30.43;26.9;84.91;4.39;55.6;1.12
2004;6;10;46.994;69.929;0.46;28.11;30.45;26.73;82.41;3.97;72.7;0.11
2004;6;11;66.617;71.542;0.65;28.99;32.66;26.97;81.44;3.5;48.4;0.05
2004;6;12;5.953;71.002;0.58;29.34;32.51;27.4;81.53;4.23;55.6;0.05
2004;6;13;59.141;70.174;0.58;29.37;32.53;27.08;80.26;3.96;47.8;1.14
2004;6;14;46.073;7.165;0.45;29.55;32.31;28.04;78.23;3.44;57.4;0.42
2004;6;15;52.423;69.362;0.51;29.14;31.32;27.79;79.73;5.27;48.6;0.18
2004;6;16;55.632;67.961;0.54;28.77;31.18;27.13;78.94;6.81;48.2;0.34
2004;6;17;54.391;68.945;0.53;28.86;31.8;27.0;80.57;6.31;48.1;0.58
2004;6;18;60.799;69.799;0.59;29.31;32.11;27.72;79.89;5.84;48.1;0.2
2004;6;19;55.716;69.514;0.54;28.81;31.88;26.95;82.26;5.22;47.7;0.32
2004;6;20;39.986;67.303;0.39;28.71;32.27;26.54;80.59;5.71;48.9;0.06
2004;6;21;41.098;69.487;0.4;28.49;31.19;26.89;80.46;4.7;53.2;0.01
2004;6;22;64.805;71.244;0.63;29.02;31.7;27.13;80.62;5.66;52.7;0.01
2004;6;23;60.034;70.966;0.59;29.14;31.73;27.41;79.64;7.08;49.1;0.08
2004;6;24;61.462;69.737;0.6;28.95;32.32;26.38;77.06;6.46;52.9;0.07
2004;6;25;68.803;72.398;0.67;28.56;31.64;26.38;73.93;7.93;48.7;1.89
2004;6;26;68.189;72.715;0.66;28.76;33.04;25.68;73.16;7.16;45.7;0.09
2004;6;27;64.723;71.554;0.63;28.65;31.89;26.06;78.27;6.8;47.6;0.01
2004;6;28;56.489;70.886;0.55;28.96;32.53;26.53;77.67;5.81;50.3;0.05
2004;6;29;49.018;69.713;0.48;28.35;31.5;26.14;78.04;6.3;47.2;0.03
2004;6;30;51.922;69.936;0.51;28.2;31.82;25.94;76.63;6.49;42.4;0.03
2004;7;1;60.331;69.048;0.59;27.95;30.81;25.98;80.56;6.53;40.5;0.53
2004;7;2;47.614;70.826;0.46;27.94;30.09;26.58;79.93;6.4;41.8;0.07
2004;7;3;62.926;71.309;0.61;28.28;30.69;26.78;78.08;5.8;43.6;0.38
2004;7;4;30.427;6.93;0.3;27.6;29.26;26.75;85.35;3.81;61.6;9.21
2004;7;5;52.507;71.011;0.51;28.02;30.95;26.44;81.5;4.38;51.5;2.31
2004;7;6;56.395;69.806;0.55;27.86;30.3;26.43;81.99;3.9;50.6;1.16
2004;7;7;26.136;70.068;0.25;27.36;29.09;26.03;85.39;4.48;47.7;1.33
2004;7;8;50.249;68.962;0.49;28.08;30.82;26.25;82.77;3.86;45.5;1.04
2004;7;9;59.479;7.026;0.58;28.31;30.21;26.81;80.64;6.44;56.0;0.38
2004;7;10;54.758;70.418;0.53;28.52;30.79;26.8;75.66;6.88;48.5;0.01
2004;7;11;62.777;69.684;0.61;28.37;30.94;26.56;76.33;6.77;49.1;0.03
2004;7;12;53.518;70.433;0.52;28.23;31.17;26.68;80.91;4.84;50.9;0.12
2004;7;13;49.987;6.937;0.49;28.06;30.43;26.73;82.25;3.85;46.0;0.05
2004;7;14;55.769;70.942;0.54;28.5;31.72;26.28;77.37;7.31;43.7;0.09
2004;7;15;54.583;7.031;0.53;28.49;31.96;26.6;77.83;5.58;42.2;1.17
2004;7;16;5.653;70.973;0.55;28.06;31.74;26.29;79.17;4.88;46.2;1.15
2004;7;17;60.746;70.846;0.59;28.58;31.12;27.2;79.88;5.22;55.5;0.66
2004;7;18;45.806;70.027;0.44;28.28;30.67;26.91;80.35;5.97;49.6;0.36
2004;7;19;62.026;7.151;0.6;28.25;31.5;26.44;80.58;5.43;43.9;1.36
2004;7;20;51.934;6.984;0.5;27.93;30.1;26.48;84.96;4.4;47.3;6.93
2004;7;21;57.773;70.092;0.56;27.47;29.71;26.27;84.83;3.18;51.6;11.71
2004;7;22;22.416;70.853;0.22;27.62;30.59;25.48;82.62;2.46;49.0;13.33
2004;7;23;61.248;70.685;0.59;27.72;30.05;25.62;81.96;2.61;29.5;5.12
2004;7;24;58.579;69.593;0.57;29.01;33.01;26.67;76.1;5.05;37.1;1.47
2004;7;25;52.318;70.502;0.51;28.34;31.38;26.87;76.76;5.39;45.3;0.39
2004;7;26;59.004;69.962;0.57;28.64;31.37;27.01;79.21;4.34;39.9;0.48
2004;7;27;58.385;70.356;0.57;28.32;31.45;26.65;81.77;4.26;39.2;2.34
2004;7;28;45.418;69.029;0.44;27.61;29.72;26.35;88.31;4.67;28.5;3.86
2004;7;29;40.138;69.427;0.39;28.29;31.04;26.49;81.3;2.51;60.3;1.9
2004;7;30;64.243;71.801;0.62;28.22;30.71;26.8;83.05;2.89;54.5;0.05
2004;7;31;58.034;72.173;0.56;29.0;32.33;26.86;78.62;2.91;53.7;0.03
2004;8;1;68.479;72.298;0.66;29.51;33.1;26.96;76.0;5.65;43.6;0.02
2004;8;2;6.977;72.223;0.67;29.42;33.1;26.8;75.39;6.29;49.6;0.04
2004;8;3;54.662;70.579;0.53;28.97;31.58;27.05;78.92;5.71;45.3;0.57
2004;8;4;57.967;71.042;0.56;28.67;31.38;27.18;82.27;5.22;44.1;5.69
2004;8;5;44.225;70.229;0.43;28.06;30.13;26.93;83.98;4.43;51.8;21.41
2004;8;6;4.333;70.505;0.42;27.31;29.49;25.86;81.5;2.26;42.5;16.91
2004;8;7;66.319;71.558;0.64;28.71;32.05;26.57;81.78;3.73;47.4;7.7
2004;8;8;6.665;72.926;0.64;29.06;31.69;27.55;81.5;5.48;49.2;2.43
2004;8;9;70.594;72.569;0.68;30.11;33.97;27.42;76.06;5.07;46.7;0.06
2004;8;10;5.903;70.229;0.57;29.24;32.69;27.43;78.34;5.01;47.3;0.57
2004;8;11;60.718;72.175;0.59;28.31;31.57;26.15;81.21;2.56;14.4;0.42
2004;8;12;62.402;71.254;0.6;29.63;32.75;27.58;77.85;4.94;38.4;0.09
2004;8;13;69.977;72.149;0.67;29.27;31.73;27.71;79.18;5.09;48.4;0.23
2004;8;14;60.156;69.242;0.58;29.37;31.88;27.86;80.01;4.85;45.6;0.17
2004;8;15;48.674;69.811;0.47;29.33;32.17;27.72;79.92;5.62;50.4;1.68
2004;8;16;54.598;70.404;0.53;28.72;31.49;27.21;81.52;5.3;51.3;1.21
2004;8;17;6.583;72.206;0.63;29.66;33.2;27.14;78.33;4.79;50.1;0.32
2004;8;18;59.474;71.194;0.57;29.34;32.96;27.51;77.21;5.75;46.5;0.31
2004;8;19;5.671;7.121;0.55;28.91;31.93;27.23;81.73;4.94;47.8;3.4
2004;8;20;49.123;70.704;0.47;28.57;31.1;27.33;84.04;4.91;50.4;3.76
2004;8;21;44.011;69.934;0.42;28.3;31.47;26.79;80.62;6.43;49.1;6.32
2004;8;22;70.716;73.958;0.68;29.11;32.72;26.74;80.07;3.79;47.2;1.4
2004;8;23;66.814;71.861;0.64;29.31;32.64;27.66;78.8;4.03;58.6;1.06
2004;8;24;35.342;69.314;0.34;28.18;30.18;27.12;82.29;4.48;58.6;13.26
2004;8;25;5.143;69.506;0.5;28.09;29.87;26.87;84.44;4.52;54.5;6.29
2004;8;26;44.954;71.983;0.43;28.35;30.56;27.03;83.83;5.79;50.4;5.59
2004;8;27;55.366;72.012;0.53;28.11;30.31;26.8;84.12;6.18;46.5;4.01
2004;8;28;52.042;71.146;0.5;28.21;30.29;26.9;82.3;5.04;44.1;3.29
2004;8;29;44.784;70.538;0.43;27.78;29.35;26.82;86.76;3.39;56.9;7.03
2004;8;30;64.118;71.438;0.62;28.23;30.38;26.83;84.69;3.9;50.4;6.21
2004;8;31;51.802;71.429;0.5;28.09;29.98;27.03;87.47;5.51;35.9;3.9
2004;9;1;63.461;72.326;0.61;27.9;29.9;26.88;86.12;5.28;29.4;2.81
2004;9;2;67.178;72.089;0.65;28.47;31.27;26.78;84.73;3.11;46.0;1.96
2004;9;3;66.893;71.566;0.65;29.23;33.03;27.38;82.03;3.79;36.9;4.25
2004;9;4;56.299;70.358;0.54;28.28;30.48;26.58;82.79;3.97;59.4;9.25
2004;9;5;45.079;70.606;0.44;27.41;29.53;25.74;81.39;2.34;142.4;15.36
2004;9;6;30.204;6.953;0.29;26.87;28.07;26.02;88.03;3.27;40.4;21.15
2004;9;7;30.134;7.133;0.29;27.29;28.6;26.45;87.7;4.87;28.0;14.03
2004;9;8;50.842;71.594;0.49;27.89;30.01;26.81;81.86;4.62;46.1;4.67
2004;9;9;38.885;71.544;0.38;27.21;29.48;26.04;85.05;2.65;317.5;9.75
2004;9;10;57.355;71.016;0.56;27.18;29.39;25.73;85.19;3.2;252.2;5.49
2004;9;11;37.951;70.642;0.37;26.61;27.8;25.71;86.86;1.78;282.7;9.14
2004;9;12;66.821;71.551;0.65;27.38;31.11;24.96;82.55;2.23;10.6;2.92
2004;9;13;6.156;70.932;0.6;27.32;28.48;26.55;87.88;2.7;336.9;1.3
2004;9;14;5.772;70.889;0.56;26.95;28.59;25.82;87.68;2.66;15.7;3.4
2004;9;15;45.161;70.406;0.44;27.84;30.54;26.13;84.12;2.69;18.9;2.71
2004;9;16;54.374;70.819;0.53;27.34;29.66;26.23;82.53;1.92;294.7;2.07
2004;9;17;56.726;69.406;0.56;27.31;29.77;25.78;85.54;3.0;1.5;1.41
2004;9;18;58.315;7.009;0.57;27.44;30.17;25.54;80.0;1.61;352.4;0.54
2004;9;19;39.122;68.945;0.38;27.81;29.77;26.44;83.23;2.03;7.2;3.46
2004;9;20;30.542;71.083;0.3;27.06;28.0;26.06;87.38;4.28;10.6;2.07
2004;9;21;52.488;70.166;0.52;28.39;30.31;27.3;82.03;3.22;27.6;1.28
2004;9;22;60.118;69.778;0.59;28.26;30.21;27.12;81.71;3.59;35.6;0.6
2004;9;23;65.141;70.668;0.64;28.57;30.63;27.3;83.21;3.76;34.6;0.29
2004;9;24;4.32;68.815;0.43;28.44;29.94;27.49;84.95;3.37;27.5;0.45
2004;9;25;54.936;70.164;0.54;27.91;29.43;26.98;85.58;2.55;39.3;0.39
2004;9;26;45.679;68.383;0.45;27.72;29.22;26.86;83.53;2.75;46.8;0.81
2004;9;27;62.124;70.411;0.62;27.63;28.95;26.57;85.73;4.39;33.6;2.49
2004;9;28;6.21;70.195;0.62;28.84;30.81;27.54;81.26;4.55;48.0;1.39
2004;9;29;30.886;6.827;0.31;29.05;32.18;27.02;74.38;4.84;59.7;0.77
2004;9;30;29.112;69.446;0.29;27.03;28.19;26.4;85.1;3.92;58.2;1.19
2004;10;1;49.903;68.266;0.5;27.68;29.58;26.54;83.78;4.26;49.6;0.83
2004;10;2;62.969;70.373;0.63;28.96;31.44;27.32;80.39;5.85;47.4;0.25
2004;10;3;6.234;69.667;0.63;28.69;30.61;27.13;81.1;5.89;43.6;0.57
2004;10;4;37.798;67.805;0.38;28.7;30.47;27.57;82.46;4.65;56.2;0.98
2004;10;5;47.743;68.285;0.48;28.06;29.36;27.24;83.93;2.48;64.0;1.66
2004;10;6;50.974;67.018;0.51;28.34;30.37;27.24;83.39;2.26;36.8;2.51
2004;10;7;48.653;6.798;0.49;28.36;30.69;26.92;85.32;4.68;42.5;3.43
2004;10;8;53.527;68.626;0.54;27.76;29.98;26.65;84.16;3.35;142.1;4.35
2004;10;9;5.423;6.81;0.55;28.34;31.38;26.42;77.66;1.74;9.6;6.98
2004;10;10;6.245;6.828;0.64;28.01;29.83;26.91;87.26;3.17;20.7;5.24
2004;10;11;32.587;66.761;0.33;27.93;29.6;27.06;88.48;2.83;10.3;12.42
2004;10;12;42.826;67.094;0.44;28.16;30.45;27.14;85.63;2.98;3.9;8.54
2004;10;13;53.645;66.902;0.55;28.16;30.1;26.97;85.93;3.28;25.8;4.09
2004;10;14;55.373;66.413;0.57;28.54;30.24;27.62;86.36;4.45;43.9;2.48
2004;10;15;56.549;66.377;0.58;28.98;30.85;27.77;85.15;4.25;48.2;2.35
2004;10;16;57.804;66.895;0.6;28.68;29.9;27.99;85.97;5.27;42.8;2.4
2004;10;17;48.084;67.241;0.5;29.13;32.0;27.71;81.16;5.76;47.0;4.61
2004;10;18;28.766;67.464;0.3;28.29;29.16;27.6;84.0;5.03;43.6;12.66
2004;10;19;56.338;66.624;0.59;28.19;29.95;27.12;83.53;3.25;40.7;6.4
2004;10;20;49.421;65.746;0.52;27.5;28.64;26.84;87.67;3.18;26.7;16.75
2004;10;21;37.046;65.671;0.39;27.18;28.7;26.07;86.44;3.11;41.1;18.05
2004;10;22;32.395;65.105;0.34;25.45;26.22;24.51;83.61;2.62;339.9;16.36
2004;10;23;59.383;67.068;0.62;26.26;28.18;24.59;82.56;3.1;250.2;2.63
2004;10;24;56.177;6.667;0.59;26.62;29.01;25.01;82.95;2.93;259.7;2.16
2004;10;25;52.291;66.062;0.55;27.05;29.27;25.5;82.02;2.29;17.8;7.04
2004;10;26;49.903;63.806;0.53;27.35;29.56;26.07;84.31;3.62;21.0;2.23
2004;10;27;53.755;64.882;0.57;27.03;28.1;26.25;87.64;4.23;25.0;2.41
2004;10;28;45.967;63.986;0.49;27.55;29.15;26.25;87.47;4.05;37.4;4.35
2004;10;29;50.938;64.183;0.54;27.77;30.1;26.65;86.37;3.74;32.8;9.74
2004;10;30;50.832;63.307;0.54;27.7;29.38;26.96;86.41;5.58;36.9;6.01
2004;10;31;50.182;6.257;0.54;27.15;27.73;26.74;88.86;4.16;50.9;3.48
2004;11;1;52.709;63.034;0.57;28.04;29.83;26.83;84.53;4.46;55.7;4.82
2004;11;2;57.454;62.971;0.62;27.82;29.26;27.03;87.49;5.26;58.0;2.93
2004;11;3;47.388;6.307;0.51;27.82;29.08;27.11;87.1;5.0;49.8;2.93
2004;11;4;37.877;62.088;0.41;28.08;29.6;27.27;87.08;5.02;48.9;3.99
2004;11;5;56.342;62.527;0.61;28.42;30.94;26.92;82.93;5.07;49.4;1.22
2004;11;6;43.018;6.079;0.47;28.24;30.28;27.07;84.68;4.66;48.7;6.33
2004;11;7;43.243;59.186;0.47;27.32;28.06;26.69;87.69;2.74;102.0;8.06
2004;11;8;36.115;61.039;0.4;26.84;28.29;25.99;86.06;2.06;287.6;15.68
2004;11;9;20.933;62.664;0.23;26.53;27.38;25.98;92.04;3.47;342.5;24.9
2004;11;10;20.803;63.737;0.23;26.78;28.8;25.88;87.34;3.57;28.7;13.88
2004;11;11;53.791;63.974;0.6;27.19;29.23;25.9;80.13;5.97;21.4;2.85
2004;11;12;61.008;64.154;0.68;27.4;29.43;26.3;78.15;5.46;23.1;0.18
2004;11;13;5.863;63.485;0.65;27.62;30.08;26.41;79.72;4.54;27.9;0.03
2004;11;14;51.994;62.854;0.58;27.73;29.72;26.57;81.95;6.18;30.1;0.33
2004;11;15;4.902;6.149;0.55;27.58;28.76;26.84;82.79;7.35;34.7;0.5
2004;11;16;49.308;60.996;0.55;27.47;28.51;26.9;80.76;8.91;36.6;1.85
2004;11;17;47.393;60.713;0.53;27.37;28.28;26.59;81.8;8.5;41.5;1.01
2004;11;18;36.718;59.611;0.41;26.71;27.9;25.91;85.6;7.47;42.3;0.68
2004;11;19;48.154;59.177;0.54;27.01;28.19;26.25;86.73;7.69;40.3;0.44
2004;11;20;49.322;59.057;0.56;27.26;28.06;26.65;88.69;6.59;46.2;0.23
2004;11;21;56.729;59.638;0.64;27.87;30.47;26.53;86.09;6.45;47.6;0.08
2004;11;22;5.687;60.259;0.65;27.74;30.11;26.58;85.04;6.82;46.5;0.0
2004;11;23;55.106;58.838;0.63;27.71;29.96;26.54;85.46;6.95;46.1;0.02
2004;11;24;48.715;58.654;0.56;27.49;29.67;26.23;86.53;5.67;45.6;0.02
2004;11;25;51.857;5.921;0.59;27.35;29.26;26.4;85.14;7.48;42.5;0.02
2004;11;26;39.307;58.548;0.45;27.17;28.74;26.31;87.35;6.29;40.9;2.79
2004;11;27;45.977;60.108;0.53;27.49;30.23;26.0;81.52;6.82;45.6;2.24
2004;11;28;5.646;62.714;0.65;27.15;30.38;25.31;76.85;6.73;41.4;0.07
2004;11;29;49.181;60.862;0.57;27.13;29.36;25.77;79.19;8.63;43.8;0.23
2004;11;30;57.197;61.049;0.66;26.9;29.35;25.43;77.05;8.03;40.9;0.85
2004;12;1;56.628;61.145;0.66;26.86;29.24;25.55;78.64;7.05;43.0;0.0
2004;12;2;56.714;60.982;0.66;26.76;29.26;25.39;76.29;7.85;37.6;0.0
2004;12;3;57.646;60.756;0.67;26.66;29.17;25.09;76.05;8.19;41.3;0.01
2004;12;4;5.664;59.057;0.66;26.95;29.51;25.28;79.65;7.81;41.7;0.01
2004;12;5;55.399;58.104;0.64;27.3;29.83;25.84;84.9;7.15;42.3;0.01
2004;12;6;52.555;58.296;0.61;27.22;29.52;25.94;84.12;7.35;47.5;0.01
2004;12;7;52.169;59.035;0.61;26.96;29.22;25.72;79.62;8.39;45.2;0.01
2004;12;8;47.424;59.155;0.55;27.18;30.47;25.55;77.8;7.23;44.2;0.0
2004;12;9;53.191;60.127;0.62;26.86;29.79;25.0;79.86;7.3;44.9;0.0
2004;12;10;56.971;6.061;0.67;26.68;29.71;24.96;79.82;6.83;44.1;0.01
2004;12;11;54.634;58.543;0.64;26.87;30.46;24.9;81.56;4.91;42.1;0.0
2004;12;12;42.254;56.117;0.5;26.56;27.98;25.71;85.91;5.15;31.0;0.06
2004;12;13;51.314;56.767;0.6;27.02;29.55;25.76;83.28;6.43;42.3;0.03
2004;12;14;5.503;58.786;0.65;27.16;30.18;25.55;78.92;6.82;35.8;0.0
2004;12;15;49.918;58.363;0.59;27.15;29.78;25.76;80.04;6.48;30.2;0.01
2004;12;16;53.542;58.841;0.63;27.11;29.62;25.66;79.46;7.88;34.8;0.0
2004;12;17;53.645;58.205;0.63;27.3;29.93;25.78;79.78;7.3;37.2;0.0
2004;12;18;51.571;57.953;0.61;27.29;30.12;25.74;79.6;6.4;35.9;0.0
2004;12;19;56.623;58.498;0.67;27.57;30.92;25.29;79.78;5.97;36.2;0.0
2004;12;20;49.025;5.771;0.58;27.1;29.3;25.84;78.38;8.76;36.5;0.0
2004;12;21;48.276;59.033;0.57;27.76;30.85;25.9;79.46;7.96;39.2;0.01
2004;12;22;54.058;58.598;0.64;28.06;31.37;26.25;77.54;7.8;44.4;0.01
2004;12;23;4.963;59.712;0.58;27.54;30.95;25.54;77.28;7.16;39.2;0.0
2004;12;24;55.834;59.419;0.66;27.37;30.61;25.63;77.49;6.86;37.4;0.0
2004;12;25;54.679;59.297;0.64;27.44;30.83;25.56;75.6;6.77;38.3;0.01
2004;12;26;52.147;59.532;0.61;27.26;30.74;25.38;73.18;6.35;39.9;0.0
2004;12;27;54.358;6.024;0.64;26.59;29.21;25.04;73.22;7.39;34.3;0.0
2004;12;28;54.209;59.659;0.64;26.76;29.43;25.22;72.83;7.82;37.2;0.0
2004;12;29;54.538;58.368;0.64;27.05;30.02;24.92;73.08;7.65;43.3;0.01
2004;12;30;55.934;59.294;0.65;27.34;30.41;25.16;72.48;8.06;44.9;0.0
2004;12;31;54.818;58.495;0.64;27.43;30.19;25.51;73.0;8.93;46.3;0.0
2005;1;1;56.801;59.573;0.66;27.29;30.11;25.49;77.16;8.62;43.2;0.0
2005;1;2;56.323;59.342;0.66;27.31;30.15;25.6;75.42;9.45;43.9;0.0
2005;1;3;57.202;60.094;0.67;26.93;29.67;25.5;75.01;10.21;43.2;0.0
2005;1;4;57.905;60.593;0.67;26.61;29.13;25.12;76.6;9.65;40.3;0.0
2005;1;5;57.926;60.235;0.67;27.08;30.48;25.13;75.57;8.92;42.4;0.0
2005;1;6;56.208;5.928;0.65;27.45;30.92;25.4;73.86;8.79;45.1;0.0
2005;1;7;54.067;59.371;0.63;27.51;30.73;25.45;76.39;9.43;45.9;0.0
2005;1;8;5.537;58.898;0.64;27.35;29.97;25.69;77.8;9.98;44.2;0.01
2005;1;9;54.703;58.841;0.63;26.82;28.88;25.61;80.77;9.4;40.9;0.01
2005;1;10;46.649;57.204;0.54;26.15;27.58;25.32;84.81;8.63;42.9;0.41
2005;1;11;56.143;58.699;0.64;27.23;30.93;25.56;81.11;7.14;41.1;0.31
2005;1;12;51.026;58.128;0.58;27.17;30.03;25.08;83.71;5.96;39.1;0.13
2005;1;13;55.258;58.627;0.63;27.65;31.04;25.37;80.89;6.71;43.9;0.03
2005;1;14;4.975;58.121;0.57;27.67;30.89;25.79;80.22;7.56;41.3;0.16
2005;1;15;46.186;59.815;0.53;27.41;30.64;25.56;78.51;8.14;36.9;0.15
2005;1;16;44.959;5.958;0.51;26.95;29.78;25.4;77.21;8.05;33.1;0.27
2005;1;17;50.983;61.526;0.58;26.5;28.97;25.09;75.19;6.81;20.6;0.02
2005;1;18;55.658;62.652;0.63;26.36;28.99;24.61;69.81;7.67;31.8;0.0
2005;1;19;62.455;63.811;0.7;26.65;29.36;25.0;70.48;7.97;35.0;0.0
2005;1;20;60.353;63.235;0.68;26.63;29.34;25.22;74.93;7.39;29.6;0.07
2005;1;21;58.577;62.405;0.66;26.64;29.4;25.19;76.17;6.72;26.6;0.0
2005;1;22;58.222;62.604;0.65;26.96;29.93;25.35;76.85;6.96;33.3;0.0
2005;1;23;5.093;59.549;0.57;27.34;31.05;25.42;76.7;6.19;33.2;0.0
2005;1;24;42.917;58.049;0.48;26.75;29.02;25.59;80.58;7.39;21.5;0.0
2005;1;25;43.951;60.182;0.49;26.79;29.3;25.54;77.78;7.43;26.6;0.0
2005;1;26;56.052;60.811;0.62;27.53;30.48;25.68;77.58;7.75;33.5;0.0
2005;1;27;51.072;60.175;0.56;27.96;31.27;25.87;75.72;7.59;35.8;0.0
2005;1;28;57.526;6.103;0.63;28.16;31.6;25.7;72.64;8.09;40.1;0.0
2005;1;29;57.797;62.556;0.63;28.23;31.48;26.43;67.98;9.11;39.5;0.0
2005;1;30;59.575;63.456;0.65;27.76;30.92;26.02;71.17;8.81;38.4;0.0
2005;1;31;6.149;64.066;0.67;27.67;30.72;26.02;69.34;8.94;40.0;0.0
2005;2;1;59.837;64.351;0.65;27.57;30.89;25.59;67.46;9.02;40.8;0.0
2005;2;2;62.902;65.138;0.68;27.19;30.29;25.58;72.51;9.43;39.3;0.0
2005;2;3;62.006;65.002;0.67;26.82;29.87;25.23;72.02;8.7;35.5;0.0
2005;2;4;5.904;64.152;0.64;26.37;29.01;24.91;72.61;8.23;28.5;0.0
2005;2;5;58.682;63.326;0.63;26.26;29.17;24.79;72.29;8.35;25.8;0.0
2005;2;6;48.178;62.614;0.52;26.57;29.13;24.89;75.49;8.45;26.2;0.0
2005;2;7;59.633;63.408;0.64;26.93;29.62;25.45;75.27;8.22;27.9;0.0
2005;2;8;60.742;64.481;0.65;26.87;29.26;25.54;73.49;8.5;28.4;0.0
2005;2;9;48.509;65.167;0.52;26.95;30.04;25.31;69.01;8.28;33.0;0.0
2005;2;10;51.511;65.395;0.55;26.92;30.26;25.13;70.97;8.7;31.7;0.0
2005;2;11;52.462;65.638;0.55;26.54;29.0;25.35;73.17;8.82;24.1;0.04
2005;2;12;36.583;64.819;0.39;26.26;28.46;25.1;72.91;8.48;24.2;0.02
2005;2;13;51.235;65.693;0.54;26.9;29.59;25.14;72.27;9.46;38.3;0.07
2005;2;14;61.286;67.294;0.64;27.52;30.7;25.36;72.17;8.41;41.7;0.07
2005;2;15;6.307;67.577;0.66;27.84;31.27;25.83;74.7;7.95;36.9;0.01
2005;2;16;61.135;66.917;0.64;27.71;30.89;25.83;73.42;8.14;36.0;0.0
2005;2;17;5.941;66.854;0.62;27.58;30.56;25.79;72.65;8.41;38.4;0.0
2005;2;18;65.875;68.962;0.68;27.33;30.49;25.63;68.08;9.8;41.1;0.0
2005;2;19;64.442;68.458;0.67;27.32;30.42;25.22;65.46;10.36;41.3;0.3
2005;2;20;65.146;6.859;0.67;27.23;30.01;25.17;68.31;11.25;45.3;0.24
2005;2;21;67.066;68.791;0.69;27.34;30.31;25.31;71.07;9.92;45.5;0.0
2005;2;22;66.406;69.907;0.68;27.28;30.47;25.12;71.71;8.58;41.7;0.0
2005;2;23;67.428;70.558;0.69;27.28;30.44;25.01;72.14;8.3;39.7;0.0
2005;2;24;66.521;68.947;0.68;27.37;31.49;24.33;72.55;6.88;38.9;0.0
2005;2;25;66.768;67.075;0.68;27.61;32.06;24.37;73.31;6.32;37.2;0.0
2005;2;26;63.958;66.163;0.65;28.21;33.16;25.53;76.25;6.2;26.2;0.0
2005;2;27;55.714;65.148;0.56;28.32;32.26;25.88;76.88;6.68;33.3;0.0
2005;2;28;51.353;65.978;0.52;28.46;32.4;26.23;74.08;5.52;34.1;0.0
2005;3;1;52.836;66.055;0.53;28.43;32.97;26.08;75.12;5.86;23.9;0.02
2005;3;2;5.796;65.832;0.58;28.08;31.23;26.17;76.98;7.45;26.8;0.03
2005;3;3;4.656;6.587;0.47;28.04;30.3;26.54;75.75;7.89;37.2;0.01
2005;3;4;51.362;65.402;0.51;28.35;32.29;26.3;74.67;6.31;30.3;0.0
2005;3;5;51.497;65.366;0.51;27.72;30.75;26.14;75.45;7.22;27.2;0.0
2005;3;6;6.33;69.197;0.63;27.85;30.97;26.19;74.18;7.92;30.3;0.0
2005;3;7;55.735;6.845;0.55;27.89;31.17;25.89;72.79;8.06;35.5;0.0
2005;3;8;61.061;6.907;0.6;28.17;32.17;25.9;72.6;6.38;36.3;0.0
2005;3;9;62.813;67.625;0.62;28.93;33.67;26.2;71.15;6.01;32.9;0.0
2005;3;10;59.532;66.466;0.59;28.33;31.81;26.47;76.5;4.98;15.6;0.0
2005;3;11;56.143;68.275;0.55;27.6;30.23;25.93;77.8;7.24;20.8;0.0
2005;3;12;57.358;68.707;0.56;28.0;30.92;26.3;72.99;8.47;31.9;0.01
2005;3;13;63.252;68.863;0.62;28.58;31.87;26.59;74.63;8.29;35.4;0.02
2005;3;14;6.727;70.841;0.66;28.83;32.53;26.73;72.04;8.38;39.2;0.0
2005;3;15;66.804;70.774;0.65;28.78;32.58;26.43;68.46;7.83;37.3;0.0
2005;3;16;66.034;69.348;0.64;28.57;32.57;25.59;70.17;7.16;36.0;0.0
2005;3;17;5.857;66.437;0.57;28.99;33.98;26.08;71.93;4.78;38.1;0.0
2005;3;18;55.625;6.517;0.54;28.24;32.0;26.24;75.67;5.83;27.0;0.0
2005;3;19;61.901;68.054;0.6;28.13;31.83;26.05;75.05;6.98;29.1;0.0
2005;3;20;57.595;67.294;0.56;28.35;31.98;26.2;72.85;8.1;32.6;0.0
2005;3;21;50.453;66.086;0.49;28.74;32.62;26.6;72.91;6.71;36.4;0.0
2005;3;22;62.266;68.729;0.6;29.12;33.08;26.96;72.38;6.15;37.0;0.0
2005;3;23;63.403;66.509;0.61;29.52;34.65;26.47;74.29;4.86;41.8;0.01
2005;3;24;42.595;64.956;0.41;28.98;32.62;27.26;75.11;5.85;40.0;0.04
2005;3;25;54.684;6.84;0.53;28.4;32.01;26.62;73.75;7.3;38.4;0.06
2005;3;26;63.437;7.02;0.61;28.8;32.53;26.12;72.4;7.64;39.5;0.01
2005;3;27;56.945;69.235;0.55;28.64;32.67;26.46;73.59;6.58;41.6;0.02
2005;3;28;56.064;69.394;0.54;28.21;32.69;25.89;76.1;6.55;35.7;0.0
2005;3;29;63.701;72.816;0.61;28.32;32.21;26.37;71.9;7.34;35.6;0.0
2005;3;30;59.638;68.136;0.57;28.43;32.31;26.35;72.07;8.18;41.1;0.01
2005;3;31;62.393;68.594;0.6;28.62;32.62;26.46;70.27;7.15;39.0;0.0
2005;4;1;63.523;67.346;0.61;28.74;33.2;26.08;71.94;7.1;35.9;0.0
2005;4;2;48.576;64.478;0.46;28.87;33.22;26.37;72.82;6.95;35.9;0.0
2005;4;3;40.452;64.054;0.39;28.44;32.02;26.7;77.27;7.65;35.2;0.04
2005;4;4;58.366;66.715;0.56;28.18;30.6;26.59;76.56;8.75;41.6;0.01
2005;4;5;50.698;6.546;0.48;28.61;31.31;27.11;75.06;7.85;40.7;0.0
2005;4;6;48.226;66.125;0.46;28.92;32.36;26.9;72.49;8.14;41.5;0.0
2005;4;7;41.184;66.859;0.39;28.81;31.61;27.29;72.51;7.29;43.3;0.0
2005;4;8;44.662;66.276;0.43;28.85;32.19;27.19;72.76;5.94;44.0;0.0
2005;4;9;42.864;67.159;0.41;28.53;31.18;26.74;79.74;3.52;33.0;0.0
2005;4;10;53.004;68.849;0.5;28.51;32.14;26.49;80.34;4.04;25.8;0.5
2005;4;11;44.738;72.125;0.43;28.16;31.15;26.35;81.05;5.28;28.4;0.88
2005;4;12;44.465;69.708;0.42;28.33;32.27;26.17;79.57;5.26;26.4;0.62
2005;4;13;58.334;69.761;0.55;28.64;31.94;26.71;80.79;5.54;38.0;0.34
2005;4;14;54.924;72.235;0.52;29.16;32.2;27.18;78.72;4.64;39.2;0.74
2005;4;15;4.403;69.149;0.42;28.28;30.86;26.73;82.43;3.63;41.1;0.93
2005;4;16;62.998;70.123;0.6;27.91;30.09;26.54;84.39;5.65;28.2;0.19
2005;4;17;53.045;6.888;0.5;28.59;31.46;27.02;78.21;6.95;37.7;0.08
2005;4;18;44.294;68.306;0.42;28.32;30.55;27.14;76.02;7.61;39.3;0.0
2005;4;19;59.458;68.549;0.57;28.7;32.1;27.07;72.98;7.37;35.4;0.0
2005;4;20;46.138;68.765;0.44;28.85;32.35;27.03;73.58;7.08;32.8;0.03
2005;4;21;45.912;70.236;0.44;28.45;31.51;26.84;77.93;5.95;23.5;0.99
2005;4;22;51.418;70.435;0.49;28.48;31.21;27.02;77.52;4.52;355.9;0.63
2005;4;23;71.028;74.122;0.68;28.67;32.31;26.4;70.69;3.53;343.4;0.13
2005;4;24;66.823;72.946;0.64;28.12;31.08;26.36;74.14;3.94;355.1;0.21
2005;4;25;61.399;71.352;0.58;28.22;30.86;26.31;73.63;5.09;12.1;0.18
2005;4;26;52.394;69.154;0.5;28.61;30.96;27.14;79.11;5.24;32.7;0.04
2005;4;27;58.183;71.006;0.55;29.03;32.27;27.59;78.65;5.85;41.6;0.0
2005;4;28;55.361;69.336;0.53;29.49;32.63;27.28;72.74;7.34;35.7;0.0
2005;4;29;5.694;72.826;0.54;29.57;33.25;27.16;69.43;6.88;36.2;0.0
2005;4;30;5.838;71.479;0.56;29.09;32.05;26.88;73.52;6.21;40.4;0.09
2005;5;1;57.893;6.911;0.55;29.22;33.26;26.73;74.41;5.35;37.7;0.77
2005;5;2;53.388;69.307;0.51;28.6;31.17;26.93;78.9;4.63;34.1;1.92
2005;5;3;46.459;6.954;0.44;28.43;30.71;27.24;78.88;5.88;34.9;3.36
2005;5;4;57.866;7.116;0.55;28.93;31.98;27.27;74.18;6.58;36.3;1.32
2005;5;5;56.561;70.481;0.54;28.52;30.96;26.79;78.89;6.42;47.1;1.55
2005;5;6;48.055;6.859;0.46;28.14;30.39;26.79;83.0;6.28;49.2;3.21
2005;5;7;49.754;69.206;0.48;28.08;29.72;26.98;84.75;6.56;44.1;1.39
2005;5;8;64.262;70.382;0.61;28.28;30.0;27.29;85.22;5.3;38.5;0.92
2005;5;9;44.232;71.501;0.42;28.79;30.93;27.44;84.77;5.66;46.9;1.4
2005;5;10;50.614;69.103;0.48;28.74;30.81;27.44;85.06;5.1;41.7;1.37
2005;5;11;5.917;70.159;0.57;28.75;30.76;27.51;84.1;5.87;47.1;1.8
2005;5;12;51.288;68.942;0.49;28.57;30.84;27.08;84.73;5.61;48.7;2.15
2005;5;13;33.521;67.267;0.32;28.23;30.61;26.76;85.35;6.33;43.2;5.19
2005;5;14;41.525;71.861;0.4;28.25;30.85;26.89;86.1;4.24;43.6;2.14
2005;5;15;2.315;71.321;0.22;26.98;27.86;25.85;89.83;2.76;278.4;8.15
2005;5;16;59.738;71.558;0.57;27.48;30.41;25.54;82.34;2.46;233.1;13.55
2005;5;17;29.938;71.028;0.29;28.26;31.98;25.85;80.23;2.29;246.0;8.02
2005;5;18;5.688;72.391;0.55;27.76;30.99;25.85;82.91;2.68;263.6;11.59
2005;5;19;50.657;70.442;0.49;27.62;30.17;25.84;82.74;2.28;304.8;16.82
2005;5;20;4.895;71.314;0.47;27.44;29.39;26.51;85.17;1.98;279.2;9.22
2005;5;21;54.912;71.597;0.53;28.02;30.72;25.83;80.92;1.05;310.3;4.56
2005;5;22;56.834;71.551;0.55;28.21;30.83;26.43;80.25;1.79;296.5;1.94
2005;5;23;38.582;71.498;0.37;27.85;30.4;26.22;80.63;2.43;346.5;3.02
2005;5;24;52.906;69.578;0.51;26.98;28.47;25.76;84.43;2.63;321.2;2.4
2005;5;25;63.742;7.128;0.62;27.29;28.89;25.7;82.21;2.55;344.3;0.4
2005;5;26;62.378;70.385;0.6;28.81;31.57;26.46;83.3;4.48;30.6;1.72
2005;5;27;57.048;69.559;0.55;29.49;31.96;28.21;83.46;5.49;43.2;4.35
2005;5;28;61.966;69.914;0.6;29.29;31.63;27.9;84.81;4.61;48.6;2.03
2005;5;29;68.827;72.161;0.67;29.57;32.52;27.6;79.45;5.05;45.6;0.85
2005;5;30;61.272;71.155;0.59;29.31;32.24;27.47;80.9;5.19;47.2;1.71
2005;5;31;55.464;69.883;0.54;28.41;30.86;26.7;84.79;2.28;45.4;4.01
2005;6;1;42.178;67.229;0.41;28.23;30.21;27.06;87.09;2.99;36.1;3.16
2005;6;2;51.677;69.499;0.5;29.11;31.85;27.34;81.95;4.45;44.5;1.7
2005;6;3;64.742;7.068;0.63;29.17;31.99;27.35;80.47;4.37;45.2;1.09
2005;6;4;59.155;71.369;0.57;29.03;31.36;27.37;81.94;4.59;52.8;1.34
2005;6;5;34.841;68.234;0.34;28.42;30.81;27.21;84.51;3.85;55.0;5.09
2005;6;6;27.948;69.876;0.27;27.71;29.5;26.22;84.81;1.93;313.5;5.82
2005;6;7;51.542;68.806;0.5;27.75;30.1;25.91;81.97;2.06;338.3;3.56
2005;6;8;48.667;69.802;0.47;27.74;29.4;26.29;85.68;2.44;3.5;1.92
2005;6;9;51.845;70.111;0.5;28.07;29.78;26.72;86.38;2.1;346.6;10.47
2005;6;10;64.922;71.664;0.63;29.3;32.39;27.4;79.72;3.17;30.8;5.41
2005;6;11;44.482;70.001;0.43;28.04;29.53;26.85;87.19;3.19;328.3;7.15
2005;6;12;44.832;70.361;0.44;27.76;29.9;26.32;80.77;2.28;281.2;4.55
2005;6;13;57.089;70.697;0.56;28.96;32.12;27.11;75.83;1.85;335.4;5.19
2005;6;14;49.478;68.683;0.48;28.7;31.46;27.13;80.49;2.57;350.9;9.15
2005;6;15;52.752;69.079;0.51;27.95;29.78;26.92;85.68;2.83;358.6;5.22
2005;6;16;63.804;70.349;0.62;29.36;31.92;27.39;84.3;2.98;41.5;4.77
2005;6;17;64.454;70.817;0.63;29.38;31.69;28.06;83.99;3.35;30.2;3.59
2005;6;18;58.798;70.375;0.57;30.31;32.74;28.55;79.96;3.89;46.1;4.09
2005;6;19;62.198;71.184;0.61;30.0;32.14;28.66;81.51;4.28;54.4;5.01
2005;6;20;43.586;6.871;0.42;29.47;31.64;27.85;81.27;4.04;53.9;9.78
2005;6;21;48.583;69.312;0.47;28.19;29.66;27.34;84.81;5.58;63.1;12.33
2005;6;22;3.972;69.374;0.39;28.61;30.65;27.33;85.47;3.78;36.6;15.31
2005;6;23;55.416;6.911;0.54;28.31;30.32;26.96;85.4;2.17;7.5;8.36
2005;6;24;50.129;6.941;0.49;28.38;30.47;26.74;85.15;2.0;342.5;5.44
2005;6;25;58.958;69.281;0.57;28.33;30.4;26.3;84.5;2.82;42.0;0.48
2005;6;26;57.943;68.722;0.56;28.25;30.78;25.16;81.88;2.52;28.4;1.13
2005;6;27;61.351;71.009;0.6;29.9;33.95;27.46;75.14;6.43;49.6;0.23
2005;6;28;55.058;71.086;0.54;29.28;32.08;27.41;77.81;4.4;47.8;0.21
2005;6;29;39.631;69.624;0.39;28.47;30.09;27.56;84.79;4.72;57.8;7.18
2005;6;30;39.362;68.873;0.38;27.49;28.66;26.54;86.74;3.62;102.7;10.81
2005;7;1;5.179;70.918;0.51;28.05;31.43;25.94;78.14;2.82;66.8;5.48
2005;7;2;62.554;70.848;0.61;29.13;31.68;27.44;80.37;3.88;39.6;3.43
2005;7;3;60.703;72.919;0.59;29.36;32.04;27.66;77.89;6.11;48.6;2.31
2005;7;4;61.188;7.199;0.6;29.32;32.49;26.98;73.16;6.86;47.0;0.18
2005;7;5;64.548;70.642;0.63;28.88;31.64;27.52;81.56;4.95;47.5;1.96
2005;7;6;64.435;70.742;0.63;28.55;31.6;26.55;80.72;2.62;246.6;1.9
2005;7;7;56.784;70.435;0.55;28.62;31.12;26.73;79.08;2.38;274.0;1.06
2005;7;8;52.277;70.668;0.51;28.78;31.16;27.08;83.33;3.49;30.6;1.23
2005;7;9;60.641;70.238;0.59;29.06;31.49;27.51;81.1;3.69;52.2;1.79
2005;7;10;46.154;70.709;0.45;29.03;31.48;27.51;82.19;3.35;51.1;4.33
2005;7;11;48.552;68.566;0.47;28.18;30.44;27.06;81.84;2.51;99.6;4.6
2005;7;12;46.198;66.881;0.45;27.22;28.12;26.59;87.37;1.99;360.0;8.32
2005;7;13;41.294;67.176;0.4;27.71;29.24;26.54;85.03;2.43;37.6;6.35
2005;7;14;4.943;68.878;0.48;27.84;29.77;26.69;82.88;4.56;42.6;2.4
2005;7;15;49.982;69.595;0.49;27.77;29.7;26.38;82.57;2.29;352.9;4.17
2005;7;16;58.949;69.173;0.57;28.5;31.34;26.12;79.47;3.31;21.9;2.23
2005;7;17;58.898;70.466;0.57;29.29;32.12;27.59;79.03;5.6;45.1;1.58
2005;7;18;65.028;70.471;0.63;29.43;32.13;27.37;78.86;5.92;47.8;1.28
2005;7;19;35.623;6.947;0.35;29.06;31.01;28.12;84.9;4.05;52.7;5.57
2005;7;20;44.376;69.038;0.43;28.49;30.82;27.05;84.62;3.69;51.7;4.03
2005;7;21;53.081;69.967;0.51;28.23;30.1;26.98;85.41;3.93;30.0;6.18
2005;7;22;61.915;71.302;0.6;29.31;31.91;27.68;80.27;5.42;52.0;2.22
2005;7;23;5.807;69.175;0.56;29.04;31.62;27.51;82.31;5.17;50.2;1.33
2005;7;24;62.695;70.044;0.61;29.13;32.05;27.39;82.4;4.36;52.9;0.95
2005;7;25;59.635;69.612;0.58;29.25;32.45;27.32;79.26;5.8;49.6;0.09
2005;7;26;68.491;71.177;0.66;29.28;32.15;27.19;80.64;5.87;48.4;0.09
2005;7;27;6.491;70.807;0.63;29.48;32.41;27.73;81.11;5.79;48.0;0.15
2005;7;28;62.772;70.368;0.61;29.83;33.4;28.02;78.72;4.58;53.8;0.14
2005;7;29;62.477;70.586;0.6;29.62;33.57;27.6;78.05;6.12;46.2;0.49
2005;7;30;58.176;7.014;0.56;29.03;32.8;27.29;79.4;5.64;42.2;0.22
2005;7;31;63.012;7.123;0.61;28.41;31.11;26.67;84.32;4.34;35.7;0.36
2005;8;1;47.225;69.312;0.46;28.47;30.55;27.11;85.82;3.87;45.5;0.22
2005;8;2;47.566;69.665;0.46;28.35;30.39;27.12;85.19;4.7;42.1;0.62
2005;8;3;55.512;70.075;0.54;29.13;32.1;27.25;82.98;3.8;40.7;0.44
2005;8;4;60.665;68.438;0.59;29.19;31.79;27.38;80.64;6.12;44.7;0.36
2005;8;5;5.119;69.902;0.49;28.77;31.35;26.97;82.58;4.25;59.3;3.4
2005;8;6;51.806;69.281;0.5;28.57;30.74;27.12;82.46;5.28;49.0;1.27
2005;8;7;52.735;69.943;0.51;28.59;30.52;27.08;82.25;6.33;44.3;0.45
2005;8;8;68.323;71.366;0.66;28.97;32.19;27.08;80.24;5.58;40.1;0.16
2005;8;9;53.424;69.881;0.52;28.98;32.06;27.22;80.01;4.31;47.2;1.69
2005;8;10;60.031;69.197;0.58;28.89;31.69;27.19;82.61;3.04;43.8;2.24
2005;8;11;57.295;69.886;0.55;29.22;32.2;27.55;81.43;3.73;39.1;0.77
2005;8;12;60.982;6.906;0.59;29.18;32.09;27.86;80.43;3.64;48.8;0.91
2005;8;13;33.629;68.304;0.32;28.35;30.57;27.3;84.52;4.48;47.0;4.09
2005;8;14;37.843;68.131;0.36;27.47;29.56;25.64;85.56;3.34;82.3;13.98
2005;8;15;48.766;69.864;0.47;28.01;29.64;26.53;85.92;3.87;55.2;16.28
2005;8;16;35.897;6.827;0.35;27.55;29.27;26.52;86.75;4.29;60.8;16.23
2005;8;17;21.041;70.649;0.2;27.13;28.18;25.99;86.8;3.35;47.7;9.39
2005;8;18;45.214;70.342;0.44;27.61;29.76;25.86;82.49;2.87;41.2;5.81
2005;8;19;63.341;71.311;0.61;29.2;31.6;27.77;81.05;5.22;50.2;0.18
2005;8;20;67.037;73.351;0.65;29.3;31.74;27.79;82.12;4.34;50.1;0.22
2005;8;21;47.772;69.662;0.46;28.68;30.98;26.53;83.85;3.61;2.7;0.3
2005;8;22;37.759;69.799;0.36;27.39;29.19;26.02;84.09;2.0;334.0;1.68
2005;8;23;52.433;6.96;0.51;27.65;29.85;25.62;83.39;2.27;17.5;1.16
2005;8;24;53.297;7.074;0.51;28.36;30.97;26.85;81.78;4.36;33.8;4.31
2005;8;25;57.451;70.392;0.55;28.69;31.3;27.22;81.16;2.55;46.4;2.36
2005;8;26;53.102;70.697;0.51;28.35;30.36;26.98;82.81;2.11;25.0;1.89
2005;8;27;42.919;7.205;0.41;27.59;29.45;26.62;83.33;1.69;330.5;1.24
2005;8;28;53.542;71.021;0.52;27.33;28.38;26.32;89.14;2.28;355.4;3.46
2005;8;29;42.233;71.988;0.41;28.43;30.55;27.15;86.33;4.04;33.3;4.12
2005;8;30;59.261;70.764;0.57;28.9;31.0;27.6;83.27;5.13;41.8;1.8
2005;8;31;53.738;70.514;0.52;29.29;32.06;27.85;80.81;5.89;39.7;1.96
2005;9;1;63.703;70.354;0.62;29.27;32.99;27.66;80.53;3.93;42.2;1.83
2005;9;2;48.324;7.019;0.47;28.78;30.73;27.59;84.14;3.01;54.4;4.78
2005;9;3;4.931;70.207;0.48;28.27;30.74;26.98;83.04;2.18;337.3;4.74
2005;9;4;63.989;72.372;0.62;29.04;31.49;27.22;81.73;3.52;40.8;1.33
2005;9;5;6.271;71.825;0.61;29.76;32.96;27.96;77.25;5.58;44.6;1.13
2005;9;6;65.664;69.648;0.64;29.57;32.24;28.03;79.04;5.34;45.3;0.98
2005;9;7;64.027;70.094;0.62;29.23;31.73;27.74;81.56;4.35;46.4;1.58
2005;9;8;66.235;71.292;0.64;29.27;31.43;27.76;83.36;4.47;46.9;1.05
2005;9;9;51.595;68.904;0.5;28.56;30.46;26.95;83.68;3.58;51.5;2.64
2005;9;10;69.862;71.038;0.68;29.43;31.9;27.12;81.68;5.77;44.3;2.87
2005;9;11;69.406;72.422;0.68;29.98;33.16;27.89;77.98;5.24;48.8;1.0
2005;9;12;46.524;68.722;0.45;29.51;32.04;28.11;79.41;5.05;52.7;2.31
2005;9;13;43.786;66.946;0.43;28.68;30.4;27.8;84.16;3.73;57.8;3.94
2005;9;14;65.258;69.965;0.64;28.8;31.93;27.18;80.02;4.62;46.0;4.9
2005;9;15;52.303;67.908;0.51;28.78;31.39;27.29;81.91;4.3;44.6;3.88
2005;9;16;53.573;66.528;0.52;28.98;31.11;27.64;83.18;5.01;47.5;3.86
2005;9;17;59.215;67.301;0.58;29.1;31.29;27.75;83.9;4.41;40.0;3.63
2005;9;18;59.952;69.391;0.59;29.22;31.89;27.91;83.24;3.97;30.1;5.06
2005;9;19;45.094;69.079;0.44;28.98;31.27;27.67;83.95;2.51;18.7;8.79
2005;9;20;45.922;66.948;0.45;27.99;28.92;27.35;87.82;2.85;330.6;9.31
2005;9;21;24.694;66.046;0.24;28.3;30.41;26.76;79.96;1.66;281.5;8.25
2005;9;22;56.119;68.801;0.55;27.52;30.15;26.04;83.27;2.0;251.8;11.93
2005;9;23;40.802;66.046;0.4;27.05;28.28;26.12;83.62;1.7;45.5;4.48
2005;9;24;49.927;67.819;0.49;26.53;27.73;25.68;86.25;1.96;36.9;8.25
2005;9;25;4.608;69.053;0.46;27.46;29.18;25.71;86.63;2.79;19.5;5.17
2005;9;26;55.999;6.979;0.55;28.92;32.24;27.26;78.1;4.99;34.4;3.63
2005;9;27;55.961;69.036;0.56;28.45;31.17;26.91;80.97;2.75;339.7;3.55
2005;9;28;44.412;69.062;0.44;27.56;29.47;26.42;81.14;2.34;263.6;1.41
2005;9;29;49.735;6.732;0.5;27.27;29.73;25.68;81.5;1.64;344.7;0.56
2005;9;30;4.794;68.429;0.48;27.37;29.33;26.24;83.06;2.17;324.2;1.65
2005;10;1;48.439;6.78;0.48;27.57;29.52;26.31;86.0;2.47;344.5;2.14
2005;10;2;46.927;68.642;0.47;27.71;29.5;26.68;83.36;2.26;354.3;0.98
2005;10;3;54.144;68.491;0.54;27.44;28.95;26.4;85.5;2.66;282.8;0.55
2005;10;4;42.602;66.535;0.43;27.47;29.23;26.24;85.53;2.7;262.2;0.51
2005;10;5;4.999;66.967;0.5;27.98;30.51;26.42;81.07;2.29;343.7;0.4
2005;10;6;48.178;66.739;0.49;28.25;29.89;26.81;84.99;3.82;22.3;0.89
2005;10;7;36.545;67.226;0.37;27.66;29.29;25.75;85.32;4.08;346.6;0.93
2005;10;8;50.136;66.446;0.51;27.52;29.93;25.86;80.53;2.65;230.3;0.69
2005;10;9;24.569;66.881;0.25;27.28;28.85;26.09;87.01;3.22;253.8;4.0
2005;10;10;52.363;67.066;0.53;26.76;29.0;25.55;85.43;4.23;231.8;1.55
2005;10;11;56.429;68.018;0.58;27.25;29.35;25.59;84.79;4.68;213.9;2.01
2005;10;12;43.476;6.811;0.44;27.48;29.21;26.57;85.57;4.67;227.6;2.34
2005;10;13;4.817;66.612;0.49;27.56;29.33;26.59;83.7;4.05;233.7;1.82
2005;10;14;43.483;67.831;0.45;27.19;29.21;25.94;86.78;3.48;227.3;4.49
2005;10;15;42.986;65.794;0.44;26.9;27.91;26.23;89.67;3.96;226.7;4.4
2005;10;16;52.884;66.703;0.55;27.56;30.01;26.13;83.79;3.72;216.3;2.86
2005;10;17;48.857;66.151;0.51;27.16;29.33;25.85;84.3;2.34;248.0;1.56
2005;10;18;50.414;64.884;0.52;27.89;30.71;26.08;80.26;2.21;286.8;1.08
2005;10;19;47.906;64.442;0.5;26.83;27.79;25.69;87.62;3.98;268.8;1.53
2005;10;20;35.738;65.009;0.37;27.85;30.18;26.42;78.02;1.54;333.4;2.81
2005;10;21;50.345;65.621;0.53;27.35;28.64;26.22;86.22;2.74;267.3;1.19
2005;10;22;47.947;65.028;0.5;26.84;27.94;25.91;88.04;3.3;231.2;15.77
2005;10;23;51.756;64.229;0.54;27.42;29.62;26.09;83.92;4.42;241.6;9.71
2005;10;24;24.662;63.564;0.26;26.89;27.95;25.99;88.03;3.48;287.0;17.35
2005;10;25;50.448;63.816;0.53;26.39;27.98;25.36;85.61;2.15;319.4;6.17
2005;10;26;36.113;64.015;0.38;26.94;30.02;25.24;81.05;1.96;272.3;12.16
2005;10;27;53.825;63.905;0.57;26.48;28.1;25.33;86.27;3.29;293.1;8.15
2005;10;28;45.264;63.754;0.48;26.82;27.91;26.05;86.87;4.36;297.7;1.0
2005;10;29;28.128;62.818;0.3;26.82;27.58;26.29;90.14;3.84;320.7;2.67
2005;10;30;47.911;63.086;0.51;26.83;27.67;26.18;88.18;3.15;343.6;1.78
2005;10;31;50.256;62.698;0.54;28.84;30.91;27.34;81.15;3.46;54.9;2.11
2005;11;1;42.466;63.502;0.46;27.98;29.33;27.19;87.75;2.66;59.1;2.36
2005;11;2;4.242;61.824;0.46;28.4;30.43;27.03;85.03;3.0;63.0;1.56
2005;11;3;42.672;59.676;0.46;27.78;28.99;26.53;89.7;3.41;53.7;3.12
2005;11;4;46.286;61.507;0.5;28.28;29.91;27.4;85.53;3.28;50.4;1.44
2005;11;5;48.658;6.229;0.53;28.66;30.92;27.34;79.58;6.41;49.1;0.41
2005;11;6;56.472;63.118;0.62;29.0;31.63;26.96;78.87;7.48;52.2;1.56
2005;11;7;50.707;61.548;0.55;28.93;31.02;27.67;79.86;7.27;49.6;2.46
2005;11;8;4.854;61.082;0.53;29.15;31.87;27.56;77.96;5.75;49.2;0.86
2005;11;9;28.879;5.892;0.32;27.94;28.74;27.46;86.05;4.34;52.7;3.21
2005;11;10;43.255;5.91;0.48;28.01;29.22;27.3;83.55;4.81;52.3;4.75
2005;11;11;24.482;59.746;0.27;27.1;28.04;26.58;85.97;3.48;64.2;4.4
2005;11;12;3.413;60.502;0.38;26.23;26.85;25.6;86.49;2.82;51.2;15.37
2005;11;13;44.237;61.349;0.49;27.21;30.1;25.43;81.53;5.35;55.5;3.82
2005;11;14;43.337;59.508;0.48;27.05;29.05;26.14;86.78;4.24;50.5;7.73
2005;11;15;4.439;60.348;0.5;27.4;29.92;25.94;84.49;2.76;42.9;6.55
2005;11;16;47.417;60.881;0.53;26.25;26.84;25.95;92.31;4.06;175.1;5.65
2005;11;17;33.197;6.199;0.37;26.45;27.18;25.95;89.65;2.55;349.5;5.84
2005;11;18;42.828;60.202;0.48;27.46;29.95;25.75;82.66;4.09;30.1;1.62
2005;11;19;43.853;59.602;0.5;27.56;30.23;26.05;78.27;5.76;38.9;0.08
2005;11;20;46.181;58.694;0.52;27.87;30.1;26.56;82.46;6.86;37.1;1.71
2005;11;21;31.877;56.136;0.36;27.31;28.7;26.08;86.27;5.8;49.0;7.34
2005;11;22;18.132;57.965;0.21;26.55;27.44;25.93;86.19;5.36;25.7;36.51
2005;11;23;34.716;57.072;0.4;26.88;29.57;25.08;77.95;2.23;338.1;7.25
2005;11;24;3.887;59.551;0.44;26.63;29.17;24.85;80.76;2.33;27.7;16.79
2005;11;25;52.015;5.928;0.59;27.39;30.0;25.57;81.41;4.87;34.6;3.36
2005;11;26;50.683;59.458;0.58;28.16;31.39;26.18;79.47;5.15;47.6;7.9
2005;11;27;51.456;60.797;0.59;27.96;30.66;25.95;77.31;5.98;48.5;0.0
2005;11;28;54.103;60.924;0.62;27.96;31.17;25.75;75.87;5.24;52.8;0.0
2005;11;29;57.792;6.089;0.67;27.71;30.46;26.33;74.53;6.39;42.5;0.0
2005;11;30;57.686;60.931;0.67;27.67;30.59;25.94;75.54;5.86;41.4;0.0
2005;12;1;5.851;60.622;0.68;27.34;29.92;25.91;75.78;5.95;34.6;0.0
2005;12;2;55.896;59.556;0.65;27.53;30.15;26.05;75.11;6.66;41.0;0.0
2005;12;3;56.618;59.227;0.66;27.81;30.63;25.92;74.47;6.68;49.1;0.0
2005;12;4;52.198;57.996;0.61;27.7;30.39;26.03;75.51;7.52;43.5;0.0
2005;12;5;4.668;56.914;0.54;27.61;30.18;26.1;77.7;7.41;44.0;0.21
2005;12;6;49.022;58.879;0.57;27.6;29.97;26.33;75.48;8.06;44.2;0.23
2005;12;7;52.142;59.938;0.61;27.6;29.98;26.1;76.3;7.37;47.2;0.03
2005;12;8;53.923;60.744;0.63;27.85;30.41;26.29;74.89;8.72;52.4;0.01
2005;12;9;56.057;58.915;0.66;27.88;30.48;26.02;77.51;7.76;53.4;0.06
2005;12;10;55.709;57.746;0.65;27.91;31.35;25.79;78.8;6.5;50.0;0.04
2005;12;11;53.729;57.605;0.63;27.77;30.91;25.69;79.76;6.41;46.6;0.01
2005;12;12;47.731;56.102;0.56;27.11;28.92;25.72;84.7;5.65;42.0;0.0
2005;12;13;4.519;57.509;0.53;27.18;29.72;25.87;80.25;7.33;41.2;0.0
2005;12;14;53.573;60.982;0.63;27.27;30.18;25.25;74.99;6.59;47.4;0.0
2005;12;15;52.358;60.094;0.62;27.12;30.23;24.99;76.58;5.39;46.8;0.0
2005;12;16;57.818;59.261;0.68;27.05;30.09;24.79;76.49;5.99;46.7;0.0
2005;12;17;5.863;60.125;0.69;27.19;29.99;24.96;73.41;7.78;48.0;0.0
2005;12;18;57.854;59.671;0.68;27.43;30.63;25.53;73.34;7.94;48.1;0.0
2005;12;19;57.314;60.389;0.67;27.08;30.01;25.29;74.54;7.59;42.2;0.0
2005;12;20;54.631;60.098;0.64;26.95;29.9;24.98;74.05;6.92;43.2;0.0
2005;12;21;52.634;58.342;0.62;27.15;30.62;24.77;74.47;6.0;43.3;0.0
2005;12;22;5.089;57.038;0.6;27.4;30.87;25.36;73.41;6.26;43.8;0.0
2005;12;23;50.141;56.998;0.59;26.84;28.92;25.2;78.56;5.69;47.6;0.0
2005;12;24;51.982;57.739;0.61;27.1;30.16;25.09;79.65;5.4;47.0;0.0
2005;12;25;48.593;56.693;0.57;27.4;31.35;25.11;80.82;3.99;48.2;0.02
2005;12;26;50.851;56.894;0.6;27.33;30.42;25.47;81.33;5.51;45.2;0.01
2005;12;27;48.468;57.821;0.57;27.28;30.46;25.35;80.24;5.69;47.4;0.0
2005;12;28;5.447;59.724;0.64;27.08;30.65;24.93;75.4;5.0;43.7;0.0
2005;12;29;56.261;60.091;0.66;27.31;31.13;24.73;74.14;5.23;40.4;0.0
2005;12;30;56.129;60.269;0.66;27.17;30.98;24.56;72.74;5.93;48.7;0.0
2005;12;31;55.627;59.618;0.65;27.43;30.52;24.84;74.9;6.9;48.1;0.0
2006;1;1;56.496;5.994;0.66;27.57;30.55;25.25;72.86;7.66;48.7;0.0
2006;1;2;57.571;60.362;0.67;27.51;30.83;25.21;74.3;6.42;46.2;0.0
2006;1;3;52.003;58.488;0.61;27.15;30.52;25.38;79.19;5.64;49.0;0.02
2006;1;4;44.273;56.618;0.51;26.65;28.99;25.52;79.36;6.6;37.2;0.11
2006;1;5;33.686;5.821;0.39;26.17;27.89;25.29;76.76;6.7;33.8;0.01
2006;1;6;3.929;57.182;0.46;26.57;29.13;25.05;76.71;5.47;35.4;0.05
2006;1;7;48.792;57.439;0.56;26.66;29.26;25.01;77.89;6.22;37.0;0.11
2006;1;8;50.657;58.613;0.59;27.07;29.73;25.27;74.73;8.73;45.1;0.06
2006;1;9;59.674;61.584;0.69;27.14;30.14;25.39;71.19;9.08;47.8;0.0
2006;1;10;58.387;60.991;0.67;27.2;30.65;24.91;74.08;7.54;43.8;0.0
2006;1;11;5.67;59.494;0.65;27.22;30.68;24.59;77.22;6.07;42.3;0.0
2006;1;12;56.417;6.019;0.65;27.17;30.57;24.9;78.08;6.04;40.6;0.0
2006;1;13;58.831;60.437;0.67;27.4;31.31;24.78;79.02;6.61;39.5;0.0
2006;1;14;5.659;59.038;0.65;27.39;30.81;25.11;79.36;6.36;34.0;0.0
2006;1;15;53.854;58.111;0.61;27.43;30.65;25.95;78.15;7.83;30.1;0.0
2006;1;16;58.073;60.852;0.66;27.78;30.85;25.96;73.23;8.15;41.1;0.0
2006;1;17;54.811;6.041;0.62;27.72;31.19;25.08;75.28;6.64;50.5;0.0
2006;1;18;56.081;61.481;0.63;27.49;30.66;25.69;73.76;8.46;44.6;0.0
2006;1;19;49.769;62.911;0.56;27.36;30.61;25.44;72.73;9.4;47.8;0.0
2006;1;20;62.088;64.579;0.7;27.29;30.62;25.13;67.42;9.54;48.6;0.0
2006;1;21;62.645;63.355;0.7;27.47;31.03;25.4;72.16;8.53;47.2;0.0
2006;1;22;61.522;61.886;0.69;27.91;31.99;24.64;74.32;7.29;48.7;0.0
2006;1;23;58.788;61.025;0.66;27.59;30.16;25.42;75.13;8.03;49.9;0.0
2006;1;24;57.134;61.656;0.64;27.33;29.4;25.53;75.6;7.39;47.0;0.0
2006;1;25;56.177;61.524;0.62;27.27;29.86;25.34;78.84;6.9;43.9;0.0
2006;1;26;57.698;60.679;0.64;27.49;30.69;25.33;80.06;7.99;36.3;0.01
2006;1;27;52.224;59.882;0.58;27.42;29.81;26.04;79.35;9.27;40.9;0.02
2006;1;28;49.927;61.829;0.55;27.44;30.2;25.79;74.27;10.18;47.0;0.0
2006;1;29;44.503;60.756;0.49;27.33;30.37;25.61;74.4;8.96;45.4;0.0
2006;1;30;58.404;62.998;0.64;27.52;30.96;25.15;73.78;8.27;49.5;0.0
2006;1;31;57.689;62.995;0.63;27.11;30.42;25.07;75.45;7.93;37.3;0.0
2006;2;1;48.737;63.038;0.53;26.7;29.47;24.93;76.69;7.37;40.9;0.08
2006;2;2;48.022;59.758;0.52;26.93;30.08;24.59;78.35;6.16;44.0;0.01
2006;2;3;43.985;58.262;0.48;27.33;30.73;25.08;79.91;4.77;43.3;0.0
2006;2;4;4.739;5.911;0.51;27.27;29.95;25.27;80.78;3.33;43.7;0.61
2006;2;5;51.233;6.217;0.55;27.29;30.53;25.62;74.83;7.18;35.8;0.67
2006;2;6;61.358;66.758;0.66;27.48;30.94;25.44;70.86;8.1;45.0;0.03
2006;2;7;63.233;66.751;0.68;27.45;31.09;25.0;70.34;7.35;38.3;0.0
2006;2;8;62.522;65.866;0.67;27.39;31.14;25.56;71.87;7.7;34.2;0.0
2006;2;9;61.632;6.529;0.66;27.29;30.64;25.55;71.12;8.15;35.4;0.0
2006;2;10;66.439;66.907;0.7;27.59;31.22;25.33;69.92;8.37;40.4;0.0
2006;2;11;63.806;64.973;0.67;27.51;31.64;24.66;70.38;7.47;42.0;0.0
2006;2;12;56.923;63.382;0.6;27.58;31.68;25.05;73.14;5.82;34.2;0.0
2006;2;13;49.889;62.875;0.52;27.04;29.41;25.67;74.32;8.98;25.7;0.0
2006;2;14;61.277;6.817;0.64;27.31;30.47;25.46;70.23;10.04;41.6;0.0
2006;2;15;65.486;68.527;0.68;27.19;30.41;25.16;70.95;10.9;48.9;0.15
2006;2;16;67.104;68.177;0.7;27.13;30.39;24.9;72.0;8.9;42.3;0.02
2006;2;17;65.474;66.934;0.68;27.26;30.93;25.04;73.15;8.52;38.6;0.02
2006;2;18;63.881;67.661;0.66;26.89;30.19;24.88;72.7;9.38;37.2;0.05
2006;2;19;6.779;69.619;0.7;26.66;29.55;24.65;68.72;9.72;37.8;0.54
2006;2;20;69.814;71.174;0.72;26.75;30.16;24.09;66.05;9.63;44.7;0.98
2006;2;21;66.079;6.917;0.68;26.9;30.31;24.4;71.7;9.53;45.8;0.0
2006;2;22;63.574;67.536;0.65;27.22;30.43;24.81;70.45;9.53;47.1;0.0
2006;2;23;67.553;67.978;0.69;27.43;31.06;25.04;68.89;9.2;45.9;0.0
2006;2;24;69.166;69.742;0.71;27.4;31.29;24.48;64.82;9.77;46.0;0.0
2006;2;25;6.985;70.692;0.71;26.74;30.12;24.38;69.89;9.97;44.8;0.1
2006;2;26;66.043;68.681;0.67;27.08;31.64;24.15;70.42;7.29;39.5;0.0
2006;2;27;50.282;63.607;0.51;26.29;29.09;24.69;76.79;9.78;31.0;0.58
2006;2;28;60.187;66.715;0.61;27.2;30.42;24.96;72.29;9.47;40.2;0.19
2006;3;1;62.522;67.255;0.63;27.61;31.74;25.07;72.1;8.39;41.0;0.0
2006;3;2;62.585;66.578;0.63;27.58;31.46;25.02;74.09;7.18;37.2;0.0
2006;3;3;5.526;6.373;0.55;27.19;30.39;25.4;76.72;7.24;34.2;0.0
2006;3;4;51.029;6.419;0.51;26.84;29.63;25.09;78.9;8.42;29.0;0.0
2006;3;5;60.322;67.867;0.6;26.97;29.94;25.46;76.7;9.62;32.0;0.0
2006;3;6;59.678;67.678;0.59;26.97;29.69;25.41;73.78;9.3;36.3;0.0
2006;3;7;47.354;68.186;0.47;26.61;29.24;25.13;77.78;8.51;32.6;0.2
2006;3;8;53.695;67.006;0.53;26.31;28.9;24.9;75.78;9.17;31.5;0.34
2006;3;9;61.366;68.448;0.61;26.52;28.88;24.84;75.65;8.62;39.5;0.5
2006;3;10;63.691;69.242;0.63;27.3;30.41;24.82;71.98;9.12;45.1;0.01
2006;3;11;64.932;70.126;0.64;27.61;31.26;25.11;69.75;8.84;44.3;0.15
2006;3;12;67.205;72.648;0.66;27.4;30.85;25.15;69.42;9.24;44.3;0.32
2006;3;13;70.483;72.228;0.69;27.11;30.79;24.7;69.95;8.28;40.8;0.22
2006;3;14;68.496;72.365;0.67;27.06;31.03;24.2;71.31;7.78;39.4;0.41
2006;3;15;66.506;70.238;0.65;27.02;30.48;24.24;73.93;8.4;35.8;0.05
2006;3;16;65.196;68.669;0.64;27.41;30.51;25.13;75.15;9.47;38.0;0.09
2006;3;17;56.774;66.617;0.55;27.27;30.31;25.5;74.11;9.5;38.1;0.0
2006;3;18;57.286;68.899;0.56;26.98;30.6;25.06;71.97;8.3;35.4;0.0
2006;3;19;6.899;71.194;0.67;27.03;30.48;24.76;72.55;8.46;34.3;0.0
2006;3;20;65.801;69.929;0.64;27.45;30.86;25.15;73.48;8.44;40.6;0.0
2006;3;21;58.529;66.648;0.57;27.21;30.11;25.41;75.61;7.43;41.2;0.0
2006;3;22;50.167;63.168;0.49;26.79;29.29;25.07;79.66;7.28;42.0;0.02
2006;3;23;3.979;63.178;0.38;26.59;28.63;25.18;83.37;5.88;36.3;0.14
2006;3;24;38.491;66.175;0.37;26.67;29.12;25.23;83.35;4.8;39.9;0.06
2006;3;25;45.953;67.308;0.44;26.61;29.35;25.16;81.4;6.66;30.8;0.04
2006;3;26;42.766;65.489;0.41;26.47;28.84;25.01;80.37;7.63;31.9;0.02
2006;3;27;56.009;68.275;0.54;26.59;28.99;25.21;83.55;8.1;34.6;0.02
2006;3;28;50.988;67.824;0.49;26.74;28.34;25.72;84.23;7.06;38.0;0.01
2006;3;29;68.606;70.291;0.66;27.59;30.38;25.52;77.58;7.64;38.8;0.0
2006;3;30;61.116;69.794;0.59;27.89;31.62;25.67;71.35;7.86;38.4;0.0
2006;3;31;47.719;68.016;0.46;27.74;31.74;25.5;72.66;7.8;37.8;0.01
2006;4;1;59.674;68.405;0.57;27.39;30.82;25.36;73.9;8.54;36.3;0.02
2006;4;2;58.939;6.749;0.56;27.06;30.33;25.16;73.82;8.08;32.1;0.0
2006;4;3;55.476;67.673;0.53;27.05;29.94;25.43;74.27;7.69;35.1;0.0
2006;4;4;6.421;68.726;0.61;26.98;30.25;25.09;75.05;7.69;32.1;0.01
2006;4;5;42.394;68.114;0.4;26.38;29.1;24.97;81.53;5.92;35.4;0.11
2006;4;6;53.122;6.863;0.51;26.84;29.85;24.76;79.85;7.05;31.9;0.02
2006;4;7;49.056;67.718;0.47;27.11;29.8;25.21;77.74;7.69;39.7;0.0
2006;4;8;53.904;66.746;0.51;27.86;31.03;25.46;76.85;6.4;42.2;0.0
2006;4;9;40.747;6.799;0.39;27.02;28.98;25.76;82.06;4.95;40.8;0.0
2006;4;10;50.294;70.656;0.48;27.59;30.92;25.38;78.2;5.93;37.5;0.04
2006;4;11;60.005;7.188;0.57;27.64;31.01;25.51;75.68;7.14;30.3;0.59
2006;4;12;52.171;71.107;0.5;27.05;29.31;25.53;77.1;6.76;21.2;2.96
2006;4;13;48.617;71.222;0.46;26.6;28.75;25.12;76.48;4.41;346.9;1.93
2006;4;14;58.697;71.974;0.56;26.78;29.83;24.45;70.63;3.59;352.8;0.86
2006;4;15;56.705;71.302;0.54;27.04;30.17;24.9;72.28;4.5;14.0;0.17
2006;4;16;58.402;70.642;0.56;27.41;30.43;25.23;77.89;6.35;33.7;1.09
2006;4;17;61.174;69.298;0.58;28.18;31.56;26.25;77.22;6.83;38.5;0.59
2006;4;18;50.587;68.129;0.48;28.21;31.49;26.17;77.9;5.08;39.4;3.93
2006;4;19;53.388;69.326;0.51;27.34;29.64;25.98;84.58;4.28;40.3;2.11
2006;4;20;61.483;70.147;0.58;27.9;31.01;26.01;83.03;5.58;37.5;1.09
2006;4;21;64.555;71.434;0.61;28.86;32.76;26.51;79.28;6.33;36.5;0.0
2006;4;22;69.218;7.206;0.66;29.09;32.55;26.55;75.31;7.2;40.7;0.0
2006;4;23;58.553;69.446;0.56;28.81;32.44;26.67;73.2;7.14;39.4;0.03
2006;4;24;55.939;69.223;0.53;28.2;31.26;26.28;74.44;6.2;44.1;0.0
2006;4;25;5.724;68.621;0.54;28.37;32.19;26.19;74.67;6.07;39.3;0.0
2006;4;26;32.609;69.005;0.31;27.31;28.76;26.42;79.94;6.0;46.2;0.66
2006;4;27;44.222;70.447;0.42;27.54;30.01;25.97;80.74;4.5;38.2;0.36
2006;4;28;49.666;70.956;0.47;27.84;30.74;26.1;77.06;7.14;33.9;0.36
2006;4;29;5.683;7.187;0.54;27.73;30.66;26.01;74.14;7.43;32.7;0.01
2006;4;30;5.249;71.266;0.5;27.52;30.2;26.1;75.02;6.95;31.7;0.05
2006;5;1;56.213;70.894;0.54;27.97;30.81;25.99;74.08;7.2;32.4;0.57
2006;5;2;3.654;68.506;0.35;27.57;29.49;26.44;77.61;6.68;35.6;0.67
2006;5;3;53.196;6.744;0.51;27.32;29.36;26.0;83.51;6.99;36.9;2.32
2006;5;4;48.722;69.653;0.46;27.58;29.87;26.02;82.79;6.93;35.1;0.77
2006;5;5;35.558;69.115;0.34;27.47;29.43;26.4;82.96;7.35;40.0;2.08
2006;5;6;46.985;69.014;0.45;27.29;29.12;26.26;83.86;5.39;42.7;2.23
2006;5;7;5.55;71.114;0.53;27.21;29.59;25.78;85.09;5.47;41.7;2.63
2006;5;8;42.298;7.085;0.4;27.4;29.93;26.0;85.24;4.77;42.7;1.74
2006;5;9;52.147;69.775;0.5;27.58;29.96;26.01;82.9;4.19;50.3;0.9
2006;5;10;40.188;70.426;0.38;27.44;29.67;26.11;84.22;3.87;38.2;1.45
2006;5;11;54.641;70.987;0.52;28.22;31.27;26.13;81.05;4.5;25.1;3.25
2006;5;12;57.605;70.522;0.55;28.08;30.89;26.47;81.19;5.0;19.9;3.38
2006;5;13;59.112;70.956;0.57;28.01;30.28;26.49;82.45;4.99;30.2;2.62
2006;5;14;64.466;71.846;0.62;27.86;30.04;26.41;85.14;4.58;33.2;2.83
2006;5;15;6.673;71.623;0.64;28.93;31.39;27.07;83.62;4.53;49.7;4.21
2006;5;16;44.251;68.335;0.42;28.46;31.61;26.76;83.62;2.41;61.9;4.22
2006;5;17;46.939;71.165;0.45;26.87;28.07;26.16;87.52;3.45;283.7;5.26
2006;5;18;58.291;71.148;0.56;27.83;30.39;25.69;79.47;2.36;328.8;2.07
2006;5;19;5.365;70.728;0.52;28.15;30.65;26.38;83.37;2.58;25.9;4.03
2006;5;20;65.215;71.736;0.63;28.79;31.66;26.8;81.54;3.71;30.1;10.16
2006;5;21;6.912;73.442;0.67;29.15;32.65;26.46;72.87;6.5;41.6;0.06
2006;5;22;70.711;73.834;0.68;29.52;33.54;26.39;72.83;4.77;47.2;0.0
2006;5;23;71.215;73.382;0.69;29.77;33.82;26.9;75.7;4.32;51.9;0.0
2006;5;24;61.946;70.512;0.6;29.13;32.54;27.14;78.01;4.84;47.1;0.01
2006;5;25;59.018;70.601;0.57;29.42;32.91;26.88;73.08;6.18;43.6;0.02
2006;5;26;63.862;70.166;0.62;29.51;32.95;26.94;72.73;6.79;44.5;0.06
2006;5;27;5.387;70.188;0.52;29.27;33.45;26.92;75.08;6.03;41.1;0.2
2006;5;28;62.414;71.352;0.6;29.15;32.68;27.11;75.65;5.99;37.5;0.49
2006;5;29;36.946;71.621;0.36;28.41;30.52;27.18;79.1;5.42;37.5;0.38
2006;5;30;66.554;71.462;0.64;28.61;31.07;26.91;78.03;4.6;41.2;0.14
2006;5;31;5.821;70.922;0.56;28.8;31.18;27.14;78.28;5.53;39.7;1.03
2006;6;1;22.034;69.739;0.21;28.54;31.03;27.28;81.2;4.33;60.9;2.95
2006;6;2;32.376;70.766;0.31;27.62;29.18;26.41;84.88;2.76;20.9;7.86
2006;6;3;55.392;69.996;0.54;28.01;30.6;26.37;83.16;2.6;21.4;6.84
2006;6;4;51.494;70.402;0.5;27.53;29.44;26.32;85.63;2.86;15.9;5.15
2006;6;5;43.474;70.603;0.42;27.44;29.47;26.43;86.27;4.55;83.7;6.39
2006;6;6;50.172;70.109;0.49;27.85;30.69;25.87;78.86;1.8;303.7;3.45
2006;6;7;36.528;7.063;0.35;26.91;28.68;25.21;84.04;3.21;263.3;5.02
2006;6;8;49.294;70.135;0.48;26.67;29.52;24.82;83.05;2.52;277.6;5.05
2006;6;9;52.075;7.109;0.51;27.68;29.89;25.84;84.67;2.64;349.8;10.58
2006;6;10;51.974;69.703;0.51;28.04;30.68;26.39;83.98;3.16;3.4;7.7
2006;6;11;54.905;70.435;0.53;27.4;28.51;26.38;87.07;3.1;23.9;8.44
2006;6;12;61.238;71.378;0.6;29.28;32.99;27.02;75.9;4.6;44.0;2.42
2006;6;13;69.156;71.354;0.67;29.45;32.92;26.84;76.37;5.65;53.9;1.16
2006;6;14;51.871;68.282;0.5;29.0;31.99;27.49;80.74;3.33;48.1;1.9
2006;6;15;53.885;6.912;0.52;28.61;30.92;26.69;79.83;4.15;67.3;0.99
2006;6;16;56.062;69.922;0.55;28.7;31.11;26.63;78.71;6.01;45.9;0.41
2006;6;17;62.957;70.858;0.61;29.08;32.52;26.73;75.49;6.17;40.9;0.3
2006;6;18;55.051;68.688;0.54;28.51;30.69;27.16;81.88;4.94;44.7;0.49
2006;6;19;59.472;69.511;0.58;28.77;31.22;26.88;82.51;4.85;43.3;0.7
2006;6;20;55.099;69.742;0.54;28.87;31.62;27.17;80.97;6.04;40.4;2.13
2006;6;21;37.097;6.821;0.36;28.43;30.57;27.01;83.67;3.23;44.2;2.88
2006;6;22;6.414;69.662;0.63;28.86;31.68;26.9;81.23;4.06;39.4;2.27
2006;6;23;55.968;69.955;0.55;28.89;32.14;26.79;80.43;4.99;47.9;2.12
2006;6;24;60.478;7.002;0.59;28.42;30.9;26.54;83.24;3.83;37.4;8.71
2006;6;25;6.306;71.474;0.61;29.11;31.75;27.54;81.86;2.25;31.6;5.38
2006;6;26;57.888;70.406;0.56;29.26;31.33;27.67;81.05;4.32;50.5;2.0
2006;6;27;66.281;70.939;0.65;29.65;33.16;27.3;77.67;5.71;48.3;1.18
2006;6;28;58.728;69.768;0.57;29.14;32.03;27.45;80.24;5.95;46.3;2.69
2006;6;29;69.094;72.036;0.67;29.28;32.25;27.6;79.39;6.6;45.2;1.17
2006;6;30;69.286;7.229;0.68;29.76;33.1;27.37;77.77;5.96;43.8;0.01
2006;7;1;69.586;71.914;0.68;30.04;33.52;27.83;77.04;6.06;49.0;0.0
2006;7;2;66.619;72.026;0.65;29.68;32.59;27.8;78.72;6.15;51.2;0.0
2006;7;3;64.766;70.999;0.63;29.16;30.92;27.82;81.38;5.18;51.5;0.0
2006;7;4;50.969;70.318;0.5;29.14;31.51;27.63;79.98;3.3;64.0;0.24
2006;7;5;41.318;67.042;0.4;28.09;30.49;26.73;84.08;2.56;354.2;0.8
2006;7;6;59.016;71.095;0.58;28.93;31.74;26.89;77.16;5.84;52.0;0.28
2006;7;7;64.111;70.358;0.62;29.26;32.85;26.95;75.63;6.28;49.3;0.43
2006;7;8;4.175;67.332;0.41;28.24;30.95;26.75;82.01;5.34;50.3;2.38
2006;7;9;57.727;69.886;0.56;28.6;31.52;26.71;80.93;5.65;45.2;0.88
2006;7;10;65.832;71.302;0.64;28.83;31.96;26.68;79.83;5.74;43.7;0.45
2006;7;11;6.318;70.351;0.61;28.54;30.8;26.78;81.74;5.86;53.5;0.54
2006;7;12;57.641;69.468;0.56;28.81;31.63;27.02;78.48;6.88;50.9;0.13
2006;7;13;52.291;69.521;0.51;28.53;31.05;27.07;79.13;7.04;48.9;0.14
2006;7;14;2.856;67.778;0.28;27.35;28.07;26.78;86.92;4.57;50.7;0.3
2006;7;15;48.106;67.853;0.47;28.29;31.14;26.66;84.15;4.42;43.9;1.19
2006;7;16;42.492;67.202;0.41;28.52;31.49;26.8;81.71;5.85;50.1;1.55
2006;7;17;47.242;68.508;0.46;28.36;31.08;26.83;81.7;5.11;46.6;0.98
2006;7;18;53.863;69.564;0.52;28.04;30.41;26.52;82.95;4.15;54.1;0.97
2006;7;19;60.557;69.235;0.59;28.49;31.38;26.54;81.96;3.02;49.9;1.33
2006;7;20;5.424;70.495;0.53;28.74;31.69;27.21;80.96;3.76;42.2;2.44
2006;7;21;66.619;71.311;0.65;28.41;30.83;26.79;79.26;5.79;47.6;0.24
2006;7;22;45.269;68.959;0.44;28.63;31.6;26.4;76.1;6.02;45.6;1.38
2006;7;23;42.792;6.761;0.41;28.85;31.52;26.88;79.27;5.02;49.0;1.4
2006;7;24;6.913;70.745;0.67;28.56;31.35;26.56;77.08;7.75;48.8;0.36
2006;7;25;66.535;70.603;0.64;28.34;31.27;26.1;76.8;7.85;45.2;0.49
2006;7;26;56.998;68.448;0.55;28.14;31.43;26.17;78.56;5.82;46.9;0.4
2006;7;27;34.704;68.597;0.34;26.72;29.61;23.82;81.32;2.23;68.4;1.3
2006;7;28;47.016;68.885;0.46;27.08;30.09;23.77;83.16;3.47;40.5;3.68
2006;7;29;60.934;70.236;0.59;27.06;29.45;25.53;85.48;3.79;43.2;5.72
2006;7;30;63.521;7.117;0.61;27.16;29.04;25.86;85.64;3.24;29.9;1.9
2006;7;31;58.147;72.214;0.56;27.59;30.22;25.97;82.83;3.29;56.0;0.98
2006;8;1;69.617;72.108;0.67;29.14;32.64;26.86;78.92;5.35;42.5;0.29
2006;8;2;64.202;72.211;0.62;29.31;33.62;26.4;77.66;4.11;40.6;0.19
2006;8;3;6.408;70.814;0.62;29.22;33.1;26.9;78.76;4.0;41.8;0.2
2006;8;4;58.435;70.709;0.56;29.26;32.81;27.3;76.74;5.4;33.0;0.32
2006;8;5;7.003;71.546;0.68;29.03;32.68;26.58;77.9;5.53;44.4;0.33
2006;8;6;68.657;71.964;0.66;29.42;32.95;27.43;75.23;6.9;39.8;0.26
2006;8;7;48.331;71.057;0.47;29.28;32.8;27.3;73.18;6.83;42.2;0.09
2006;8;8;67.157;72.149;0.65;29.13;32.72;26.98;75.64;6.55;44.0;0.45
2006;8;9;36.427;71.117;0.35;28.21;30.09;26.6;81.89;4.69;51.3;0.19
2006;8;10;64.824;7.145;0.63;29.06;32.17;26.98;79.83;5.95;41.0;0.05
2006;8;11;50.846;70.771;0.49;28.97;32.06;27.22;81.1;4.25;38.2;0.07
2006;8;12;67.174;70.526;0.65;29.03;32.68;26.66;77.52;4.59;62.0;0.07
2006;8;13;6.755;7.123;0.65;29.44;33.17;27.04;75.54;7.05;43.1;0.15
2006;8;14;65.539;71.695;0.63;29.24;32.21;27.27;75.09;7.68;40.0;1.38
2006;8;15;49.735;69.624;0.48;28.8;31.59;27.41;81.6;6.22;35.5;4.41
2006;8;16;52.421;69.802;0.51;28.42;30.99;27.07;83.24;4.95;42.5;4.8
2006;8;17;37.337;69.355;0.36;28.08;30.58;26.84;87.34;3.57;42.3;9.75
2006;8;18;30.703;6.965;0.3;27.58;29.7;26.51;85.97;4.21;40.8;14.87
2006;8;19;47.964;70.666;0.46;27.38;28.72;26.34;85.71;5.43;44.1;4.02
2006;8;20;6.511;71.206;0.63;28.59;31.73;26.98;81.44;4.61;50.2;1.74
2006;8;21;55.265;70.812;0.53;29.58;32.49;27.5;79.47;4.95;53.4;2.78
2006;8;22;60.559;70.824;0.58;29.31;32.06;27.51;79.39;6.13;48.8;2.36
2006;8;23;61.013;73.255;0.59;29.2;32.47;27.21;78.92;5.92;46.2;2.23
2006;8;24;43.524;67.954;0.42;28.68;30.91;27.4;82.63;4.26;53.5;3.62
2006;8;25;42.314;6.815;0.41;28.33;30.7;27.2;83.7;5.06;48.6;14.35
2006;8;26;43.068;70.231;0.42;27.15;28.62;25.69;81.83;2.51;190.5;10.16
2006;8;27;54.002;7.045;0.52;27.67;30.67;25.7;79.79;2.41;227.8;5.78
2006;8;28;60.425;70.879;0.58;27.89;30.32;26.31;83.96;2.9;12.5;1.36
2006;8;29;58.682;71.162;0.57;29.13;32.23;27.0;79.6;4.06;39.7;0.37
2006;8;30;49.056;69.926;0.47;28.87;31.17;27.56;82.84;3.94;46.1;1.33
2006;8;31;60.787;70.234;0.59;28.64;30.41;27.14;83.03;2.61;42.8;1.7
2006;9;1;47.198;70.334;0.46;28.97;31.51;27.39;80.41;5.44;42.5;0.8
2006;9;2;48.048;69.403;0.46;28.66;31.23;27.07;79.52;4.95;48.6;2.89
2006;9;3;57.614;72.574;0.56;28.79;31.79;27.11;77.52;5.17;41.7;1.19
2006;9;4;56.086;71.318;0.54;28.37;30.61;26.72;80.49;3.78;39.2;1.23
2006;9;5;60.842;70.459;0.59;28.2;30.68;26.4;81.53;4.46;36.5;0.4
2006;9;6;58.822;70.826;0.57;28.14;30.4;26.96;83.18;2.6;35.2;2.22
2006;9;7;46.555;68.623;0.45;27.49;29.77;26.11;81.57;2.24;16.1;1.98
2006;9;8;50.213;70.901;0.49;27.65;30.29;26.02;82.86;2.17;8.5;13.33
2006;9;9;65.777;70.526;0.64;27.26;28.92;26.12;84.77;2.55;36.5;7.1
2006;9;10;59.201;71.542;0.58;28.22;30.71;26.64;85.27;4.04;29.7;6.16
2006;9;11;55.409;70.054;0.54;28.76;31.58;27.19;83.97;4.31;37.1;4.94
2006;9;12;57.713;70.738;0.56;28.19;29.99;27.2;85.56;2.75;37.3;4.9
2006;9;13;43.428;69.358;0.42;27.68;29.33;26.88;85.36;3.38;56.6;6.67
2006;9;14;49.066;69.895;0.48;28.24;30.5;26.96;84.18;4.09;38.1;7.6
2006;9;15;5.161;69.607;0.5;28.23;29.9;27.24;87.74;4.88;44.3;16.22
2006;9;16;56.777;69.557;0.56;28.64;31.28;27.05;84.86;5.25;48.1;5.38
2006;9;17;59.088;69.934;0.58;29.15;32.98;27.22;78.87;5.58;47.1;4.08
2006;9;18;46.169;6.797;0.45;28.59;31.99;26.59;80.41;2.77;40.2;0.66
2006;9;19;5.149;6.971;0.51;27.69;29.15;26.48;86.64;4.64;21.2;0.46
2006;9;20;63.134;71.498;0.62;28.03;30.09;26.43;86.12;3.0;37.9;0.42
2006;9;21;67.236;70.774;0.66;28.56;31.09;27.04;84.02;4.73;36.1;0.51
2006;9;22;59.993;7.111;0.59;29.4;33.33;27.15;77.92;5.74;40.6;0.24
2006;9;23;67.798;72.689;0.67;29.42;32.48;27.34;76.21;6.5;41.5;0.27
2006;9;24;63.778;72.521;0.63;28.89;31.49;27.27;80.03;5.0;51.4;0.67
2006;9;25;47.599;6.661;0.47;28.35;30.93;27.01;82.54;3.19;38.3;1.14
2006;9;26;65.033;69.295;0.64;28.85;31.76;26.75;82.64;3.84;40.6;0.5
2006;9;27;69.175;70.548;0.69;29.61;33.24;27.56;78.69;5.32;37.6;0.22
2006;9;28;62.774;69.098;0.62;29.39;32.03;27.89;81.56;4.58;43.3;0.45
2006;9;29;62.347;67.992;0.62;29.24;32.01;27.54;79.8;4.94;42.9;0.71
2006;9;30;56.878;68.386;0.57;29.24;31.56;27.86;82.27;4.8;36.5;0.61
2006;10;1;62.554;68.172;0.63;29.03;31.15;27.59;81.8;4.24;47.6;0.55
2006;10;2;59.558;68.887;0.6;29.13;31.38;27.78;81.08;5.76;43.4;0.9
2006;10;3;35.971;67.339;0.36;28.67;30.96;27.48;80.97;5.21;48.1;0.31
2006;10;4;44.738;64.937;0.45;28.29;30.15;26.87;81.65;3.46;52.2;0.13
2006;10;5;60.062;66.946;0.6;29.25;31.78;27.51;80.5;3.83;59.2;0.12
2006;10;6;67.001;69.202;0.68;29.48;31.98;27.91;81.36;4.66;49.2;0.06
2006;10;7;55.049;66.737;0.56;29.51;32.43;27.97;82.26;3.96;43.6;1.46
2006;10;8;41.918;67.306;0.42;28.93;30.96;27.63;84.75;3.32;44.1;10.26
2006;10;9;4.027;66.487;0.41;28.65;30.79;27.19;82.71;5.15;48.0;5.71
2006;10;10;5.413;68.249;0.55;27.98;29.39;27.28;83.71;3.67;72.5;6.32
2006;10;11;3.809;65.201;0.39;28.77;31.27;27.3;81.77;2.73;21.6;6.97
2006;10;12;45.418;66.672;0.46;28.25;30.36;26.81;83.66;2.39;359.5;7.49
2006;10;13;53.131;67.202;0.54;27.95;29.13;27.32;85.98;4.41;6.9;12.68
2006;10;14;56.304;67.469;0.58;28.21;30.39;27.15;83.69;3.77;38.4;29.8
2006;10;15;51.348;66.374;0.53;27.73;30.15;26.61;83.16;2.28;337.1;34.56
2006;10;16;43.224;66.396;0.45;26.35;27.12;25.9;89.64;3.36;277.8;15.05
2006;10;17;47.633;65.426;0.49;26.96;29.27;25.65;85.18;3.0;268.6;9.38
2006;10;18;49.685;66.434;0.52;26.4;27.63;25.68;89.09;4.04;256.3;1.99
2006;10;19;34.558;66.533;0.36;27.52;29.85;25.97;82.05;4.74;242.6;1.6
2006;10;20;35.186;66.643;0.37;27.72;30.03;26.19;79.26;4.42;244.1;1.57
2006;10;21;61.138;66.408;0.64;27.74;30.58;25.92;78.51;2.82;266.1;1.29
2006;10;22;6.072;66.026;0.64;28.19;30.95;26.5;80.22;3.88;17.3;0.61
2006;10;23;52.279;63.751;0.55;28.02;29.36;27.31;85.7;4.56;31.4;1.37
2006;10;24;54.254;63.149;0.57;28.5;30.11;27.64;85.46;4.91;39.6;1.61
2006;10;25;53.914;63.802;0.57;28.57;30.45;27.49;84.97;4.39;47.2;1.79
2006;10;26;47.086;64.918;0.5;28.86;31.94;27.37;82.2;5.15;44.1;8.77
2006;10;27;53.587;6.455;0.57;28.68;31.18;27.49;83.62;4.86;40.4;4.82
2006;10;28;54.504;62.227;0.58;28.52;30.35;27.37;85.28;4.33;41.5;1.74
2006;10;29;25.781;61.728;0.28;27.31;28.1;26.32;85.92;2.87;256.8;2.21
2006;10;30;51.175;6.27;0.55;27.36;28.87;26.09;90.43;3.57;14.8;7.25
2006;10;31;45.931;64.212;0.49;28.12;30.82;26.72;84.89;4.5;46.8;8.23
2006;11;1;58.414;65.861;0.63;29.17;32.26;27.28;76.59;5.49;45.8;0.49
2006;11;2;60.528;65.767;0.65;28.88;32.36;26.9;77.32;4.91;47.5;0.07
2006;11;3;62.026;64.742;0.67;29.12;32.36;27.44;77.07;6.53;42.0;0.21
2006;11;4;60.876;64.411;0.66;29.11;31.79;27.55;78.98;7.11;43.8;0.11
2006;11;5;51.245;61.872;0.56;28.81;31.04;27.5;82.58;6.81;44.6;0.68
2006;11;6;46.202;59.964;0.5;28.6;30.95;27.4;81.81;5.61;47.1;0.31
2006;11;7;43.949;60.895;0.48;28.02;29.25;27.36;83.57;5.36;49.9;1.04
2006;11;8;38.736;60.178;0.42;27.6;28.94;26.62;81.49;4.52;70.8;0.4
2006;11;9;45.326;62.796;0.5;27.95;30.75;26.28;78.33;2.51;42.2;0.32
2006;11;10;4.981;6.131;0.55;27.95;29.59;26.81;82.05;5.24;45.3;1.42
2006;11;11;50.477;62.398;0.56;28.0;29.63;27.01;83.04;7.25;45.8;2.24
2006;11;12;34.354;59.328;0.38;28.08;30.66;26.42;80.08;6.25;42.3;3.61
2006;11;13;46.574;59.532;0.52;27.39;29.04;26.5;83.11;5.09;37.5;13.63
2006;11;14;40.109;58.889;0.45;27.21;29.37;25.94;84.25;4.61;26.0;15.58
2006;11;15;26.786;6.065;0.3;26.14;27.17;25.5;91.66;4.24;340.4;54.76
2006;11;16;52.022;61.322;0.58;25.67;26.64;25.02;91.23;4.17;248.1;30.41
2006;11;17;52.454;60.521;0.59;26.74;28.53;25.48;81.49;2.06;62.0;3.38
2006;11;18;47.928;59.782;0.54;26.86;28.31;25.95;84.95;2.29;35.1;0.96
2006;11;19;42.329;58.418;0.48;26.42;27.52;25.46;87.5;2.1;10.3;0.47
2006;11;20;38.035;58.015;0.43;27.83;29.65;26.57;86.21;2.41;24.5;2.81
2006;11;21;16.442;56.993;0.19;27.7;29.58;26.35;84.4;2.25;28.3;14.02
2006;11;22;50.186;58.812;0.57;26.73;28.44;25.79;86.28;2.78;14.5;5.76
2006;11;23;48.098;58.394;0.55;27.52;29.15;26.46;86.51;4.71;37.3;2.49
2006;11;24;4.105;56.935;0.47;27.47;29.05;26.48;85.79;3.17;62.9;5.23
2006;11;25;45.235;57.394;0.52;27.43;29.28;26.43;87.28;3.78;36.4;6.23
2006;11;26;43.694;56.496;0.5;28.15;30.18;27.12;85.03;5.25;43.3;2.78
2006;11;27;43.829;55.277;0.5;27.64;28.45;27.13;87.53;5.33;48.5;0.93
2006;11;28;38.491;56.177;0.44;27.68;28.96;26.98;87.08;5.63;44.4;2.58
2006;11;29;44.306;56.474;0.51;27.66;29.16;26.65;87.52;5.53;52.8;2.28
2006;11;30;47.837;57.926;0.55;28.03;29.92;26.52;84.76;6.04;57.1;1.12
2006;12;1;52.224;59.093;0.6;28.18;30.3;26.83;81.23;7.86;53.0;1.97
2006;12;2;56.815;60.754;0.66;28.44;31.19;26.94;78.15;8.45;49.0;0.28
2006;12;3;52.517;60.031;0.61;28.03;30.31;26.65;78.56;8.82;50.1;0.07
2006;12;4;55.615;60.562;0.65;27.63;30.03;26.4;73.57;7.91;44.8;0.0
2006;12;5;5.76;60.367;0.67;27.42;30.03;25.94;76.02;6.71;40.7;0.0
2006;12;6;56.873;58.834;0.66;27.9;30.89;26.12;79.82;6.5;41.0;0.02
2006;12;7;49.932;56.808;0.58;28.2;31.01;26.64;83.91;6.04;43.5;0.02
2006;12;8;4.871;57.214;0.57;27.81;29.59;26.65;85.28;5.7;46.1;0.01
2006;12;9;49.253;5.749;0.58;28.29;30.69;26.73;82.3;7.11;44.7;0.12
2006;12;10;46.176;56.746;0.54;27.91;29.67;26.85;81.43;6.76;49.5;0.01
2006;12;11;53.196;57.898;0.62;28.01;31.01;26.3;79.26;6.54;45.0;0.24
2006;12;12;4.691;54.816;0.55;28.13;31.21;26.7;83.14;6.07;44.9;5.26
2006;12;13;39.178;56.042;0.46;26.91;27.73;26.32;86.62;5.29;57.1;7.33
2006;12;14;47.386;58.363;0.56;27.38;30.43;25.69;76.91;5.22;52.7;0.28
2006;12;15;5.472;58.874;0.64;27.6;31.12;25.34;76.77;5.27;47.4;0.0
2006;12;16;56.765;57.972;0.67;27.74;31.38;25.5;78.85;6.03;44.7;0.27
2006;12;17;56.426;59.047;0.66;27.58;30.33;25.69;79.01;7.27;45.0;0.75
2006;12;18;57.902;59.371;0.68;27.89;31.35;26.16;76.28;6.79;42.9;0.03
2006;12;19;56.479;58.073;0.66;27.76;31.27;25.65;79.27;5.95;35.2;0.01
2006;12;20;44.006;5.663;0.52;28.19;31.8;26.07;80.25;5.65;39.2;0.02
2006;12;21;49.166;55.519;0.58;28.06;30.88;26.48;82.36;5.94;49.5;0.19
2006;12;22;53.167;56.405;0.63;27.98;30.97;25.97;81.69;6.11;50.6;1.24
2006;12;23;51.826;56.354;0.61;27.9;30.32;26.3;81.21;6.61;46.3;0.65
2006;12;24;5.585;57.478;0.66;28.11;31.35;25.92;81.19;6.74;50.7;5.83
2006;12;25;55.034;58.586;0.65;28.1;31.81;25.77;77.65;6.43;50.5;0.3
2006;12;26;50.256;57.612;0.59;27.75;31.16;25.81;78.95;5.45;47.3;0.2
2006;12;27;44.011;5.453;0.52;27.41;29.72;26.05;81.53;5.28;44.5;0.0
2006;12;28;5.083;56.251;0.6;27.51;30.4;25.78;79.24;6.54;45.8;0.0
2006;12;29;56.078;57.715;0.66;27.71;30.69;25.49;76.4;8.02;49.2;0.0
2006;12;30;58.699;5.929;0.69;27.67;31.28;25.4;76.64;7.79;48.0;0.0
2006;12;31;5.844;59.309;0.68;27.46;31.08;25.16;76.52;7.3;46.0;0.0
2007;1;1;57.941;59.064;0.68;27.6;31.27;24.92;78.11;6.99;48.4;0.02
2007;1;2;58.529;59.635;0.68;27.76;31.28;25.65;75.73;8.63;47.9;0.01
2007;1;3;58.973;59.544;0.69;27.5;31.0;25.2;74.75;8.59;48.4;0.0
2007;1;4;58.958;59.506;0.69;27.43;31.12;24.84;73.62;7.83;49.3;0.0
2007;1;5;57.564;59.162;0.67;27.17;30.98;24.63;74.57;7.22;45.6;0.0
2007;1;6;57.701;59.959;0.67;26.79;30.17;24.37;75.35;7.68;45.9;0.0
2007;1;7;60.218;60.811;0.7;26.64;30.28;24.13;75.57;8.37;47.3;0.0
2007;1;8;60.758;60.948;0.7;26.2;29.86;23.61;76.31;7.95;44.0;0.0
2007;1;9;58.217;59.702;0.67;26.16;29.7;24.18;76.86;7.5;33.0;0.0
2007;1;10;5.725;58.963;0.66;26.18;29.15;24.42;79.05;8.75;35.8;0.0
2007;1;11;58.757;59.546;0.68;26.74;29.3;24.96;77.69;9.89;43.1;0.01
2007;1;12;57.002;60.269;0.65;26.88;29.65;25.16;76.25;10.16;44.7;0.0
2007;1;13;59.254;60.449;0.68;27.0;30.28;25.09;75.67;9.01;42.5;0.0
2007;1;14;59.081;60.835;0.67;26.52;29.91;24.53;77.06;8.98;42.9;0.0
2007;1;15;61.001;61.428;0.7;26.52;29.84;24.32;76.37;8.69;43.6;0.0
2007;1;16;57.845;60.773;0.66;26.39;30.06;24.02;75.92;8.49;44.4;0.0
2007;1;17;58.915;6.047;0.67;26.08;29.05;24.45;77.3;8.93;39.7;2.24
2007;1;18;58.507;6.126;0.66;25.86;28.88;23.91;76.8;9.57;41.3;0.41
2007;1;19;6.241;6.325;0.7;25.64;29.17;23.59;75.72;8.06;39.4;0.0
2007;1;20;59.801;61.714;0.67;25.5;29.1;23.37;79.47;7.37;38.8;0.0
2007;1;21;58.668;60.588;0.66;25.56;29.06;23.45;79.93;7.52;38.3;0.0
2007;1;22;60.535;61.404;0.68;26.0;29.68;23.6;76.68;7.13;41.2;0.0
2007;1;23;60.142;61.735;0.67;26.16;29.87;23.47;77.63;7.64;40.0;0.0
2007;1;24;61.865;62.561;0.69;26.43;31.01;23.56;77.08;7.18;40.0;0.0
2007;1;25;60.062;61.716;0.67;26.06;30.22;23.49;80.35;5.64;32.4;0.0
2007;1;26;46.008;58.824;0.51;25.8;28.9;24.24;80.51;7.48;27.3;0.0
2007;1;27;47.095;58.334;0.52;26.2;29.63;24.05;79.89;6.98;32.4;0.02
2007;1;28;58.022;59.498;0.64;26.53;30.35;24.45;81.03;6.83;31.2;0.0
2007;1;29;58.416;61.262;0.64;26.38;30.08;24.2;80.06;8.02;35.1;0.03
2007;1;30;58.375;60.895;0.64;26.94;30.69;24.79;75.88;8.0;37.5;0.02
2007;1;31;61.102;63.257;0.67;26.43;30.27;24.01;77.73;7.0;35.4;0.0
2007;2;1;64.663;65.218;0.7;26.45;30.63;23.69;74.8;7.62;41.5;0.0
2007;2;2;65.767;65.942;0.71;26.57;31.24;23.52;74.91;5.98;45.8;0.0
2007;2;3;65.407;65.628;0.71;26.73;31.25;23.13;75.4;7.24;47.6;0.0
2007;2;4;63.619;6.552;0.69;26.99;30.98;24.23;76.84;8.01;42.6;0.0
2007;2;5;62.676;64.716;0.67;27.29;31.27;24.56;72.84;7.66;41.0;0.0
2007;2;6;64.063;65.561;0.69;26.92;31.3;24.66;73.43;8.25;36.2;0.0
2007;2;7;65.515;66.504;0.7;26.68;30.04;23.9;72.84;7.38;37.6;0.0
2007;2;8;65.736;66.732;0.7;27.04;31.19;23.77;74.0;7.29;38.8;0.0
2007;2;9;59.952;63.672;0.64;26.75;30.37;24.23;75.8;7.02;33.1;0.0
2007;2;10;52.538;62.928;0.56;26.89;30.27;24.9;76.49;7.62;31.9;0.0
2007;2;11;59.215;64.651;0.63;27.28;31.0;25.12;73.1;8.01;37.3;0.0
2007;2;12;63.638;64.879;0.67;27.21;31.17;24.03;73.8;6.91;38.4;0.0
2007;2;13;60.984;64.255;0.64;27.44;31.98;24.57;75.14;5.24;39.5;0.0
2007;2;14;54.324;62.791;0.57;27.35;31.16;24.87;76.57;5.68;28.5;0.0
2007;2;15;59.122;65.856;0.62;27.51;31.5;25.74;73.28;6.28;35.1;0.0
2007;2;16;62.806;6.707;0.65;27.49;31.71;25.38;70.46;6.82;34.5;0.0
2007;2;17;59.923;67.099;0.62;26.83;29.78;25.17;73.74;7.67;27.7;0.0
2007;2;18;37.615;63.509;0.39;27.07;30.11;25.4;75.39;7.55;28.6;0.13
2007;2;19;59.815;66.002;0.62;27.27;30.15;25.56;71.56;9.24;34.1;0.05
2007;2;20;68.448;71.642;0.71;27.77;31.56;25.41;64.15;9.27;44.6;0.0
2007;2;21;62.131;6.906;0.64;27.47;30.9;25.24;69.07;8.86;43.4;0.0
2007;2;22;67.637;69.737;0.69;27.41;31.11;25.27;70.2;8.66;39.9;0.0
2007;2;23;63.924;68.393;0.65;27.26;31.19;24.96;69.72;7.88;36.4;0.0
2007;2;24;62.071;64.015;0.63;27.26;31.17;24.87;73.49;8.19;36.2;0.0
2007;2;25;58.884;61.656;0.6;27.76;31.74;25.19;75.75;7.93;38.2;0.01
2007;2;26;62.686;66.149;0.64;28.15;32.23;25.74;75.34;6.42;39.1;0.0
2007;2;27;67.082;67.776;0.68;28.24;33.25;24.9;73.05;6.5;38.0;0.0
2007;2;28;66.883;68.227;0.68;28.36;32.59;25.14;72.61;7.55;41.9;0.0
2007;3;1;66.257;6.786;0.67;28.79;33.53;25.51;66.5;7.4;41.9;0.0
2007;3;2;66.422;67.517;0.67;28.31;32.97;25.42;69.67;7.99;43.1;0.0
2007;3;3;67.186;68.647;0.67;28.09;31.95;25.31;72.77;8.04;40.5;0.0
2007;3;4;62.268;65.561;0.62;28.09;31.89;25.8;70.31;8.8;39.9;0.0
2007;3;5;63.034;67.123;0.63;27.62;30.97;25.58;69.68;9.66;36.9;0.0
2007;3;6;64.942;67.942;0.65;27.62;30.94;25.49;69.39;10.26;40.0;0.0
2007;3;7;63.221;65.599;0.63;27.97;31.68;25.96;69.07;8.92;38.8;0.01
2007;3;8;48.384;62.616;0.48;28.04;31.84;25.82;72.12;6.97;37.8;0.11
2007;3;9;5.334;62.647;0.53;27.84;31.63;25.67;77.96;8.06;36.8;0.64
2007;3;10;56.822;6.355;0.56;27.78;30.93;25.92;77.0;7.92;34.6;0.15
2007;3;11;58.044;66.458;0.57;27.89;31.62;25.84;75.19;8.78;35.1;0.01
2007;3;12;64.541;7.021;0.64;27.95;31.46;26.09;67.65;9.45;38.2;0.0
2007;3;13;68.892;70.634;0.68;27.59;31.19;25.67;69.24;8.89;37.8;0.0
2007;3;14;62.623;6.63;0.61;27.4;30.64;25.44;75.41;8.16;35.2;0.0
2007;3;15;60.233;65.266;0.59;27.69;31.6;25.68;72.55;6.88;36.5;0.0
2007;3;16;49.694;62.074;0.49;27.25;30.61;25.58;75.64;6.13;46.5;0.0
2007;3;17;38.683;57.886;0.38;27.14;30.76;25.16;77.89;5.96;27.8;0.17
2007;3;18;47.016;61.037;0.46;27.1;30.4;25.49;77.49;7.88;27.9;0.03
2007;3;19;62.237;66.542;0.61;27.5;31.02;25.35;73.02;8.95;35.4;0.0
2007;3;20;63.864;66.602;0.62;27.85;31.41;25.62;71.45;9.1;38.5;0.0
2007;3;21;61.498;66.542;0.6;27.72;31.06;25.78;71.79;8.86;35.8;0.0
2007;3;22;49.385;65.544;0.48;27.49;31.17;25.56;73.29;7.68;33.4;0.01
2007;3;23;56.758;67.142;0.55;27.53;31.5;25.08;74.54;6.88;31.2;0.0
2007;3;24;53.858;65.582;0.52;27.25;30.75;25.44;78.65;7.13;27.6;0.36
2007;3;25;46.015;65.357;0.44;26.94;30.26;25.31;79.53;6.74;21.9;0.77
2007;3;26;5.31;68.059;0.51;26.8;29.53;25.11;82.34;5.91;9.6;1.8
2007;3;27;59.796;69.372;0.58;27.27;31.15;24.79;78.99;4.31;17.1;0.58
2007;3;28;59.878;70.406;0.58;27.21;30.26;25.26;78.34;6.02;12.6;0.77
2007;3;29;43.222;67.536;0.42;27.16;29.39;25.86;79.32;6.19;27.1;0.23
2007;3;30;49.591;69.833;0.48;27.49;30.3;26.04;77.35;8.22;35.8;0.07
2007;3;31;59.606;70.332;0.57;27.82;30.66;25.75;75.44;8.15;38.9;0.02
2007;4;1;61.555;69.329;0.59;27.83;30.56;26.16;77.2;8.82;45.5;0.3
2007;4;2;59.657;69.977;0.57;28.19;32.15;26.22;76.44;8.61;43.0;0.13
2007;4;3;38.047;66.204;0.36;27.52;30.91;25.86;78.04;8.15;42.1;0.38
2007;4;4;59.093;67.519;0.56;27.39;30.63;25.44;78.48;7.11;37.9;0.2
2007;4;5;47.861;67.759;0.46;27.68;30.72;25.7;78.26;5.11;43.1;0.28
2007;4;6;56.928;69.617;0.54;27.64;29.99;25.82;79.57;3.11;36.0;0.68
2007;4;7;4.741;69.062;0.45;27.45;30.0;25.95;83.15;4.45;19.4;0.74
2007;4;8;40.802;67.181;0.39;27.2;29.28;26.1;87.14;4.79;25.4;2.5
2007;4;9;44.016;66.926;0.42;27.35;29.69;25.97;83.02;6.3;39.9;1.21
2007;4;10;58.277;68.446;0.56;28.06;31.31;26.06;78.32;4.8;39.1;0.12
2007;4;11;63.362;71.016;0.6;28.48;32.7;25.68;76.45;3.88;42.6;0.0
2007;4;12;6.749;69.722;0.64;28.78;33.55;26.03;74.63;5.12;30.1;0.0
2007;4;13;65.057;70.049;0.62;28.75;33.13;26.47;72.77;7.4;35.6;0.0
2007;4;14;61.066;68.686;0.58;28.72;32.66;26.53;71.22;7.62;37.0;0.0
2007;4;15;61.006;68.424;0.58;28.49;32.15;26.89;72.8;5.07;37.0;0.0
2007;4;16;66.281;68.897;0.63;28.48;32.36;26.45;71.54;6.78;32.5;0.05
2007;4;17;50.254;68.273;0.48;28.01;31.25;26.25;71.7;6.92;24.4;0.03
2007;4;18;52.733;67.603;0.5;27.57;30.37;25.82;76.25;6.6;19.1;0.2
2007;4;19;49.901;6.768;0.47;27.3;29.56;25.93;82.46;4.71;10.9;31.77
2007;4;20;39.281;68.767;0.37;26.7;28.18;25.85;86.34;4.55;7.6;38.15
2007;4;21;51.886;70.202;0.49;26.14;27.22;25.4;86.57;4.47;4.6;20.16
2007;4;22;47.782;69.941;0.45;26.66;28.17;25.42;85.01;5.78;30.5;6.61
2007;4;23;58.248;7.009;0.55;27.63;29.79;26.32;81.38;7.35;31.0;11.24
2007;4;24;54.024;68.834;0.51;27.57;29.92;26.18;77.13;7.59;46.0;1.38
2007;4;25;3.468;67.493;0.33;27.77;31.01;25.84;79.79;6.93;40.7;3.58
2007;4;26;5.585;68.777;0.53;27.55;30.01;26.0;84.12;5.25;50.7;10.58
2007;4;27;33.473;7.117;0.32;27.3;29.02;26.41;81.39;6.15;47.0;6.35
2007;4;28;69.444;72.766;0.66;28.06;31.41;25.81;74.6;6.7;39.4;0.06
2007;4;29;65.506;7.086;0.62;28.42;32.3;26.24;76.82;6.63;40.6;1.28
2007;4;30;57.996;70.579;0.55;27.91;30.51;26.51;78.72;6.87;41.0;1.32
2007;5;1;44.467;69.934;0.42;27.89;30.53;26.29;79.2;6.88;40.0;0.69
2007;5;2;49.745;68.638;0.47;27.7;30.03;26.0;81.65;6.05;42.9;2.55
2007;5;3;4.429;6.869;0.42;27.58;29.59;26.28;84.17;4.59;46.4;2.37
2007;5;4;43.572;68.695;0.42;27.16;28.3;26.41;86.47;4.33;47.6;2.14
2007;5;5;44.734;69.233;0.43;27.77;30.24;26.37;82.87;5.66;38.8;1.18
2007;5;6;51.103;68.755;0.49;27.69;29.65;26.57;83.62;5.21;36.9;0.43
2007;5;7;31.039;69.948;0.3;27.53;28.99;26.75;86.0;5.75;31.2;2.05
2007;5;8;3.599;69.782;0.34;27.54;29.33;26.63;86.51;4.43;30.4;2.0
2007;5;9;49.138;70.265;0.47;27.45;29.21;26.54;87.93;5.09;36.4;2.07
2007;5;10;40.219;69.866;0.38;28.33;31.01;26.57;85.18;3.23;44.6;1.21
2007;5;11;5.923;69.852;0.57;28.4;30.78;26.9;85.2;3.37;37.3;0.05
2007;5;12;60.134;68.911;0.58;28.74;31.58;26.95;84.14;3.81;37.9;0.03
2007;5;13;29.676;70.315;0.28;28.54;30.94;27.13;84.93;2.7;28.4;0.05
2007;5;14;55.714;69.648;0.53;28.15;30.19;26.79;86.47;3.46;33.4;0.19
2007;5;15;58.157;69.859;0.56;28.41;30.74;27.04;85.83;5.03;36.7;3.07
2007;5;16;53.184;69.845;0.51;28.41;30.64;26.97;85.76;5.06;44.3;21.62
2007;5;17;49.174;69.276;0.47;27.81;29.77;27.02;87.41;3.49;68.2;19.55
2007;5;18;4.002;67.555;0.38;27.25;28.63;26.43;87.86;2.92;59.2;25.78
2007;5;19;37.402;67.896;0.36;27.23;28.92;26.28;89.29;2.02;14.6;12.32
2007;5;20;51.782;67.637;0.5;27.09;28.45;26.2;90.74;4.86;26.0;29.81
2007;5;21;43.382;70.591;0.42;27.36;29.2;26.53;85.54;3.49;37.8;10.57
2007;5;22;47.856;70.092;0.46;27.16;28.23;26.54;85.54;4.35;41.4;8.57
2007;5;23;49.495;70.174;0.48;27.2;29.02;26.14;84.74;5.28;42.0;6.42
2007;5;24;42.444;69.521;0.41;27.66;30.26;26.18;82.74;4.27;40.7;4.32
2007;5;25;45.346;68.688;0.44;27.47;29.51;26.08;85.9;2.25;30.2;19.45
2007;5;26;31.877;70.536;0.31;26.95;28.5;25.9;85.78;2.47;271.9;64.57
2007;5;27;5.352;7.157;0.52;27.53;31.61;26.02;82.61;2.5;338.6;9.97
2007;5;28;41.974;70.493;0.41;27.71;30.01;26.32;84.21;2.72;38.5;13.36
2007;5;29;23.837;71.143;0.23;26.6;27.4;25.58;89.29;2.73;27.7;35.95
2007;5;30;50.102;69.559;0.48;26.56;27.39;25.58;89.67;1.96;354.6;4.47
2007;5;31;33.187;69.449;0.32;27.2;29.44;25.73;85.89;2.35;19.4;5.76
2007;6;1;52.018;71.357;0.5;26.11;27.42;24.91;87.44;2.54;334.7;7.04
2007;6;2;56.489;70.764;0.55;28.27;30.73;26.59;84.11;3.72;35.3;15.1
2007;6;3;41.369;69.866;0.4;27.0;28.2;25.64;91.49;4.45;60.9;21.04
2007;6;4;62.549;71.837;0.61;27.88;31.41;25.09;80.62;2.08;41.3;5.39
2007;6;5;56.599;71.462;0.55;28.85;31.72;27.19;83.65;4.05;44.0;4.73
2007;6;6;62.635;71.273;0.61;29.02;31.8;27.42;80.01;5.8;54.5;2.48
2007;6;7;65.688;72.096;0.64;28.54;31.36;26.66;79.1;6.79;49.1;0.9
2007;6;8;40.478;68.621;0.39;27.97;30.25;26.65;84.16;5.66;45.5;8.1
2007;6;9;44.153;69.737;0.43;27.89;30.72;26.62;83.4;2.75;49.2;13.05
2007;6;10;45.818;70.176;0.45;27.41;28.83;26.34;85.29;2.94;42.7;8.43
2007;6;11;61.416;70.051;0.6;28.11;29.99;27.08;85.77;4.29;48.7;5.66
2007;6;12;55.363;70.774;0.54;28.22;30.0;27.02;87.74;4.21;49.5;4.1
2007;6;13;6.469;71.143;0.63;28.35;30.69;26.92;84.77;3.1;55.5;1.37
2007;6;14;62.954;70.495;0.61;28.79;31.31;27.01;82.14;2.55;39.5;1.48
2007;6;15;52.987;69.523;0.52;27.96;30.12;26.82;83.09;2.35;346.3;1.09
2007;6;16;63.725;70.512;0.62;28.91;31.97;27.12;79.96;4.5;52.5;0.29
2007;6;17;6.793;72.086;0.66;28.59;31.33;26.64;78.93;6.68;50.7;0.07
2007;6;18;6.504;72.139;0.63;28.54;31.39;26.49;78.21;7.23;47.0;0.06
2007;6;19;57.766;71.273;0.56;28.35;30.89;26.61;80.41;7.0;48.0;0.22
2007;6;20;5.935;69.986;0.58;28.19;31.08;26.81;84.4;5.88;49.9;0.84
2007;6;21;58.183;70.231;0.57;28.14;30.88;26.69;85.29;4.96;46.1;0.52
2007;6;22;61.846;69.389;0.6;27.92;29.99;26.54;84.08;5.55;46.9;0.06
2007;6;23;58.157;68.755;0.57;28.05;31.18;26.25;80.99;5.78;45.2;0.05
2007;6;24;51.334;69.079;0.5;28.15;31.34;26.08;80.3;6.82;45.7;0.04
2007;6;25;68.491;71.162;0.67;28.09;31.01;26.03;81.66;6.56;46.1;0.16
2007;6;26;56.702;68.988;0.55;27.74;29.3;26.84;87.31;6.23;45.5;0.41
2007;6;27;48.449;6.823;0.47;27.82;30.21;26.73;84.99;4.91;49.6;0.77
2007;6;28;63.005;66.631;0.61;27.8;30.12;26.37;82.83;6.08;47.2;0.11
2007;6;29;56.878;67.814;0.55;27.87;30.42;26.46;85.33;5.48;44.9;5.46
2007;6;30;54.216;68.832;0.53;27.66;29.53;26.31;88.27;3.07;46.8;9.34
2007;7;1;47.472;68.568;0.46;27.37;29.36;26.29;88.08;3.56;59.3;2.9
2007;7;2;62.172;70.963;0.61;27.71;30.67;26.24;85.79;4.84;46.7;1.6
2007;7;3;58.783;69.883;0.57;27.85;30.39;26.45;84.98;5.84;48.9;3.99
2007;7;4;66.972;71.222;0.65;27.8;30.43;25.99;81.96;6.7;43.1;0.63
2007;7;5;68.417;71.729;0.67;28.34;31.56;25.83;79.66;6.95;43.9;0.1
2007;7;6;58.037;70.694;0.57;27.96;30.4;26.49;83.62;6.5;46.4;0.53
2007;7;7;52.867;69.547;0.52;27.33;28.47;26.52;86.95;5.79;49.0;0.45
2007;7;8;29.834;67.901;0.29;26.9;28.47;26.02;86.97;5.52;48.5;2.3
2007;7;9;61.834;69.682;0.6;27.03;28.67;26.0;87.91;6.03;48.0;1.89
2007;7;10;58.267;68.909;0.57;27.56;29.8;26.04;84.71;6.13;48.6;0.46
2007;7;11;54.578;69.646;0.53;27.31;29.23;25.86;84.54;6.76;46.4;2.04
2007;7;12;62.938;71.006;0.61;28.03;31.4;25.95;80.78;6.65;50.1;0.43
2007;7;13;58.368;69.962;0.57;28.1;30.44;26.81;83.46;6.53;49.4;0.87
2007;7;14;58.452;70.291;0.57;27.82;30.23;26.23;83.96;5.52;46.0;0.56
2007;7;15;53.774;68.448;0.52;27.93;31.33;25.94;79.72;6.09;42.9;0.03
2007;7;16;32.069;67.416;0.31;27.29;29.27;26.25;85.05;3.87;45.0;4.15
2007;7;17;58.498;69.506;0.57;27.68;30.3;26.3;85.78;4.85;49.2;7.07
2007;7;18;61.601;68.887;0.6;27.99;31.05;26.2;82.24;4.93;43.3;1.59
2007;7;19;61.234;69.211;0.59;28.21;31.36;26.39;79.82;5.38;43.0;0.45
2007;7;20;50.918;67.939;0.49;27.87;30.44;26.65;81.47;4.34;38.3;3.88
2007;7;21;43.942;68.664;0.43;27.15;28.97;26.38;89.67;3.44;44.7;8.35
2007;7;22;32.527;67.759;0.32;27.56;29.05;26.55;85.74;4.05;47.0;11.73
2007;7;23;59.431;69.658;0.58;27.61;29.63;26.56;84.67;4.35;39.5;7.37
2007;7;24;54.216;70.056;0.53;28.1;30.52;26.65;82.8;4.03;39.0;5.31
2007;7;25;55.908;7.057;0.54;28.61;30.85;27.14;82.7;4.62;48.4;1.8
2007;7;26;5.527;68.534;0.54;28.12;29.46;27.13;83.95;5.37;52.6;2.21
2007;7;27;5.179;68.186;0.5;27.91;29.67;26.74;84.63;4.56;58.4;1.5
2007;7;28;56.174;69.298;0.54;28.28;30.92;26.97;81.51;4.13;50.0;1.62
2007;7;29;6.425;71.801;0.62;28.74;32.5;26.81;79.84;4.92;55.5;0.28
2007;7;30;62.326;71.695;0.6;28.1;30.26;26.81;83.19;5.47;45.6;0.14
2007;7;31;52.349;69.842;0.51;28.25;30.99;26.89;82.56;4.3;38.5;0.24
2007;8;1;59.707;70.116;0.58;28.0;30.39;26.69;84.37;4.6;41.5;0.15
2007;8;2;56.191;68.938;0.54;28.2;30.88;26.38;82.53;6.75;41.0;0.11
2007;8;3;55.186;68.422;0.53;27.97;30.02;26.74;84.93;5.1;37.9;1.63
2007;8;4;50.849;68.914;0.49;27.51;28.27;26.74;89.78;4.44;43.3;8.42
2007;8;5;47.892;69.185;0.46;28.15;29.92;27.13;84.99;4.16;47.1;6.42
2007;8;6;44.011;69.847;0.42;27.91;30.28;26.9;86.07;4.91;29.4;3.56
2007;8;7;44.738;71.266;0.43;27.88;29.21;27.03;85.56;4.31;26.2;2.11
2007;8;8;49.992;69.329;0.48;28.07;29.76;27.1;87.14;4.78;36.1;4.7
2007;8;9;45.598;68.702;0.44;28.11;29.97;27.19;85.18;3.55;30.7;3.37
2007;8;10;44.918;72.727;0.43;27.53;28.78;26.61;84.77;2.94;63.8;3.76
2007;8;11;2.406;69.773;0.23;26.91;28.47;25.95;87.69;2.22;308.2;3.64
2007;8;12;51.842;7.171;0.5;27.23;28.96;26.0;89.4;3.49;346.0;3.84
2007;8;13;42.991;70.399;0.41;27.9;29.31;27.04;87.06;3.81;47.8;9.2
2007;8;14;49.781;69.353;0.48;27.79;28.91;26.95;85.47;3.99;40.9;14.91
2007;8;15;52.649;70.214;0.51;28.07;30.05;26.79;83.84;4.53;44.7;11.38
2007;8;16;5.743;70.802;0.55;28.26;30.56;26.83;81.73;5.86;45.3;4.82
2007;8;17;45.478;70.387;0.44;27.97;29.83;26.96;85.22;5.01;48.5;24.2
2007;8;18;49.025;69.276;0.47;27.7;29.82;26.65;86.06;3.94;34.7;15.41
2007;8;19;49.829;68.674;0.48;27.22;28.56;26.3;84.66;2.28;238.7;2.65
2007;8;20;36.338;67.258;0.35;26.72;28.07;25.9;90.06;3.4;12.2;8.58
2007;8;21;42.115;6.881;0.41;27.67;28.84;27.08;88.02;4.52;42.3;5.06
2007;8;22;5.033;70.807;0.48;27.61;29.37;26.48;86.74;3.33;46.2;1.98
2007;8;23;58.109;7.163;0.56;28.39;30.64;26.74;84.05;4.11;33.6;1.25
2007;8;24;50.371;70.766;0.49;28.13;29.76;27.2;84.69;6.6;44.8;1.91
2007;8;25;34.358;70.411;0.33;27.25;28.8;25.34;82.76;3.97;139.1;2.94
2007;8;26;33.823;74.004;0.33;26.04;27.16;24.99;86.88;3.69;134.2;5.11
2007;8;27;60.029;7.169;0.58;27.46;30.93;25.07;81.22;3.56;56.0;0.96
2007;8;28;60.379;71.986;0.58;28.25;30.56;26.78;84.59;4.54;44.5;0.95
2007;8;29;42.554;7.163;0.41;28.38;30.87;26.92;83.73;4.21;39.5;2.02
2007;8;30;45.314;70.342;0.44;27.69;28.98;26.51;81.31;4.24;86.0;10.18
2007;8;31;53.669;70.903;0.52;27.49;30.8;25.37;79.06;2.75;48.3;4.61
2007;9;1;52.025;69.526;0.5;27.62;29.27;26.61;84.6;3.86;43.2;0.92
2007;9;2;55.433;71.026;0.54;28.1;30.25;26.95;82.22;5.0;40.9;0.78
2007;9;3;41.623;69.254;0.4;27.94;30.56;26.53;85.05;3.12;33.7;6.22
2007;9;4;61.085;70.843;0.59;27.45;29.17;26.56;86.73;3.12;32.3;2.74
2007;9;5;37.992;70.171;0.37;27.6;29.84;25.9;83.72;2.78;35.6;2.04
2007;9;6;65.556;71.777;0.64;28.11;29.75;26.88;85.49;4.66;36.6;2.08
2007;9;7;67.546;72.528;0.65;28.21;30.35;26.98;84.09;3.61;42.5;1.79
2007;9;8;50.594;69.857;0.49;28.35;30.29;27.26;83.66;4.27;46.2;0.01
2007;9;9;4.399;6.841;0.43;27.77;29.57;26.82;86.3;4.15;42.2;0.02
2007;9;10;60.893;69.434;0.59;28.16;30.08;26.69;85.32;3.55;38.5;0.02
2007;9;11;69.684;7.482;0.68;28.81;31.85;27.02;81.0;5.13;43.4;0.1
2007;9;12;64.526;70.195;0.63;28.3;29.77;27.21;85.17;4.58;54.2;1.75
2007;9;13;46.661;69.094;0.45;28.37;30.68;26.85;83.6;6.03;51.6;18.47
2007;9;14;40.913;69.038;0.4;27.81;29.84;26.66;83.82;4.58;44.6;20.61
2007;9;15;3.887;68.016;0.38;27.69;29.45;26.34;86.6;3.93;33.7;40.43
2007;9;16;40.334;6.947;0.39;26.29;27.93;25.54;87.04;3.26;95.7;17.31
2007;9;17;58.824;69.881;0.58;26.57;28.3;24.95;84.57;2.75;77.4;7.34
2007;9;18;65.892;6.989;0.65;27.91;29.94;26.57;85.73;3.88;43.4;1.57
2007;9;19;5.005;67.344;0.49;27.91;29.85;26.84;87.47;3.72;45.8;2.75
2007;9;20;43.978;6.817;0.43;27.32;28.55;26.58;88.0;2.94;54.8;7.1
2007;9;21;63.593;69.749;0.63;28.42;30.49;26.94;85.58;2.87;53.2;5.04
2007;9;22;57.026;70.294;0.56;28.3;29.75;27.43;85.7;2.66;54.1;1.99
2007;9;23;44.362;69.761;0.44;28.14;29.66;27.4;85.06;5.29;41.4;3.28
2007;9;24;55.781;7.069;0.55;28.18;30.08;27.1;80.49;5.09;42.7;0.61
2007;9;25;46.303;69.749;0.46;28.03;29.66;27.07;83.59;3.61;41.2;1.15
2007;9;26;44.998;66.677;0.45;27.32;28.52;26.61;89.24;3.66;26.5;1.1
2007;9;27;61.589;68.326;0.61;27.19;28.35;26.14;89.75;4.39;30.6;1.81
2007;9;28;64.135;69.917;0.64;28.39;30.79;27.15;85.2;3.49;50.0;1.91
2007;9;29;53.434;68.585;0.53;28.57;30.67;27.41;84.88;3.18;44.1;1.75
2007;9;30;43.306;68.669;0.43;28.18;29.7;27.12;88.09;2.85;346.4;5.86
2007;10;1;33.276;68.753;0.33;27.78;30.41;26.53;80.67;2.27;215.0;3.75
2007;10;2;51.211;67.097;0.51;27.6;29.6;26.44;81.45;2.22;201.5;1.04
2007;10;3;43.608;67.291;0.44;27.73;29.26;26.69;88.04;3.39;16.9;12.72
2007;10;4;47.774;68.266;0.48;27.86;30.12;26.72;87.46;2.72;19.9;6.52
2007;10;5;44.983;68.266;0.45;27.17;28.31;26.53;88.03;3.19;2.7;4.45
2007;10;6;52.682;69.175;0.53;27.44;29.84;26.12;81.27;2.46;345.6;4.32
2007;10;7;30.902;67.666;0.31;26.8;28.22;25.75;83.27;1.94;335.9;1.06
2007;10;8;53.902;6.684;0.55;27.29;28.83;26.09;82.17;1.9;242.0;0.61
2007;10;9;3.155;65.158;0.32;27.15;29.07;25.96;83.8;1.1;323.2;2.1
2007;10;10;43.944;65.988;0.45;27.06;28.44;25.97;84.51;1.9;279.3;1.1
2007;10;11;50.294;67.176;0.51;27.17;29.27;25.94;84.19;1.96;343.4;0.32
2007;10;12;44.422;67.296;0.45;26.86;28.21;25.65;85.69;2.26;338.9;2.59
2007;10;13;4.511;6.9;0.46;26.79;28.71;25.7;85.1;2.54;352.6;1.83
2007;10;14;51.053;6.72;0.52;27.59;30.68;25.86;77.65;1.78;351.9;1.27
2007;10;15;38.611;67.486;0.4;27.8;29.68;26.65;85.25;2.6;39.7;6.1
2007;10;16;40.846;66.298;0.42;27.5;30.15;26.48;85.75;1.68;15.7;3.25
2007;10;17;49.399;64.193;0.51;26.95;28.35;26.3;88.94;2.02;320.5;5.0
2007;10;18;3.594;6.449;0.37;26.88;27.61;26.3;92.29;2.74;116.4;19.36
2007;10;19;40.207;64.906;0.42;27.42;29.01;26.14;85.97;3.31;347.2;15.25
2007;10;20;32.021;64.766;0.33;26.22;26.92;25.79;88.78;3.9;225.6;7.5
2007;10;21;44.208;64.133;0.46;26.48;27.33;25.59;88.28;2.14;347.5;8.69
2007;10;22;52.598;65.038;0.55;26.99;28.69;26.27;82.8;4.0;64.4;7.65
2007;10;23;45.348;6.402;0.48;27.35;30.0;26.0;82.2;2.91;79.1;5.22
2007;10;24;44.035;64.346;0.46;26.73;28.37;25.64;85.98;2.02;268.5;4.01
2007;10;25;21.456;65.107;0.23;26.46;27.55;25.71;89.03;3.04;241.1;3.27
2007;10;26;4.723;65.494;0.5;26.24;27.78;25.33;90.13;3.04;248.8;9.5
2007;10;27;46.094;64.898;0.49;26.34;27.98;25.1;87.78;3.35;219.2;12.81
2007;10;28;35.045;6.348;0.37;26.17;27.18;25.36;90.7;3.27;219.3;36.34
2007;10;29;4.71;64.519;0.5;26.69;27.88;26.01;89.77;3.9;220.6;29.81
2007;10;30;47.419;62.304;0.51;26.6;27.89;25.88;89.56;4.52;221.7;12.04
2007;10;31;43.253;62.844;0.46;26.56;27.23;25.94;90.73;3.64;244.9;16.92
2007;11;1;41.892;62.285;0.45;26.19;26.82;25.54;91.43;4.02;231.9;39.98
2007;11;2;45.098;62.597;0.49;26.44;27.56;25.69;89.02;3.86;229.3;12.7
2007;11;3;39.797;6.247;0.43;26.77;28.59;25.79;85.12;1.63;331.3;2.48
2007;11;4;45.067;62.102;0.49;27.32;29.19;25.87;86.26;4.02;16.7;7.78
2007;11;5;56.726;63.845;0.62;28.05;30.75;26.69;83.09;4.85;45.3;8.92
2007;11;6;49.325;61.697;0.54;27.74;30.07;26.52;83.13;4.38;39.9;2.65
2007;11;7;4.637;61.063;0.51;27.58;28.71;26.84;86.35;5.03;35.1;1.57
2007;11;8;4.849;60.293;0.53;27.12;27.84;26.41;90.07;4.03;37.2;2.28
2007;11;9;27.559;58.166;0.3;26.58;28.02;25.38;88.9;4.26;38.0;7.03
2007;11;10;40.954;60.348;0.45;26.64;27.68;25.93;87.36;3.01;64.2;3.47
2007;11;11;52.205;6.163;0.58;26.87;28.76;25.32;85.13;2.25;61.1;1.06
2007;11;12;49.217;6.137;0.55;27.66;28.74;26.98;87.21;5.55;54.6;0.53
2007;11;13;45.257;61.075;0.5;27.77;29.2;26.7;83.77;6.82;46.2;1.28
2007;11;14;48.086;6.035;0.54;27.77;29.91;26.41;81.86;6.7;47.3;0.2
2007;11;15;57.749;61.574;0.64;27.8;29.93;26.19;83.05;5.02;42.9;0.05
2007;11;16;5.537;60.036;0.62;28.02;29.64;27.12;86.0;6.11;38.6;0.3
2007;11;17;4.968;60.221;0.56;28.39;30.39;27.35;85.6;7.0;44.0;1.28
2007;11;18;42.979;59.566;0.48;27.88;28.99;27.13;87.99;5.99;51.7;1.27
2007;11;19;46.051;60.569;0.52;28.19;30.17;26.85;86.55;5.3;54.7;0.67
2007;11;20;44.167;59.914;0.5;27.86;29.42;26.83;84.68;6.63;48.7;0.15
2007;11;21;35.928;58.831;0.41;27.46;28.7;26.59;82.98;6.46;51.8;0.11
2007;11;22;46.121;58.598;0.52;27.91;30.75;26.29;80.7;6.33;49.6;1.41
2007;11;23;51.118;5.987;0.58;27.6;29.97;26.28;80.87;7.33;48.6;0.76
2007;11;24;42.132;57.473;0.48;27.18;28.34;26.49;85.19;7.2;49.5;1.5
2007;11;25;52.061;5.958;0.59;27.45;28.73;26.6;85.41;7.3;53.1;0.74
2007;11;26;56.518;60.094;0.65;27.68;29.64;26.39;82.8;8.05;52.6;0.22
2007;11;27;55.522;60.034;0.64;27.58;29.11;26.51;82.23;7.76;50.5;0.0
2007;11;28;42.718;59.683;0.49;27.72;30.45;26.46;78.9;7.38;51.5;0.0
2007;11;29;5.646;62.014;0.65;26.97;29.15;25.52;77.85;7.95;46.6;0.0
2007;11;30;56.011;61.706;0.65;26.93;29.19;25.62;75.97;7.62;45.0;0.0
2007;12;1;56.873;61.346;0.66;26.8;29.11;25.55;78.4;6.91;41.2;0.01
2007;12;2;55.279;6.09;0.64;26.81;29.15;25.64;78.87;6.68;41.4;0.01
2007;12;3;55.819;60.338;0.65;26.61;29.4;25.06;80.7;5.21;39.6;0.01
2007;12;4;53.621;59.189;0.62;26.5;29.45;24.81;81.2;3.52;32.7;0.02
2007;12;5;53.909;5.855;0.63;26.22;28.97;24.7;80.39;2.67;24.9;0.06
2007;12;6;53.854;57.893;0.63;26.7;29.2;25.3;81.6;5.81;34.1;0.12
2007;12;7;47.383;58.181;0.55;27.1;29.25;25.51;80.72;7.77;42.4;1.33
2007;12;8;53.246;59.282;0.62;27.15;29.08;26.17;80.43;9.32;46.5;1.22
2007;12;9;55.214;6.09;0.65;27.12;29.49;25.75;79.3;8.93;48.6;0.83
2007;12;10;5.765;60.734;0.67;27.03;29.36;25.66;79.53;7.82;46.5;0.55
2007;12;11;55.699;59.803;0.65;26.8;29.38;25.21;80.47;6.41;40.7;0.22
2007;12;12;52.229;58.174;0.61;26.8;29.88;25.21;81.05;4.9;33.7;0.06
2007;12;13;52.111;56.938;0.61;27.23;30.01;25.69;84.84;5.48;36.6;1.0
2007;12;14;50.822;57.929;0.6;27.37;30.35;25.79;82.87;6.86;45.0;0.49
2007;12;15;3.901;57.233;0.46;26.74;28.13;25.84;85.84;5.47;47.0;2.59
2007;12;16;42.132;56.146;0.5;26.64;28.42;25.67;88.14;5.24;44.5;11.04
2007;12;17;4.793;58.099;0.56;26.96;29.67;25.57;80.76;6.99;46.1;3.6
2007;12;18;50.059;5.921;0.59;27.14;29.91;25.39;79.12;7.03;44.7;0.97
2007;12;19;54.864;59.119;0.65;27.0;29.64;25.61;79.94;7.0;44.8;3.19
2007;12;20;53.868;58.901;0.63;27.02;29.62;25.52;80.91;7.38;42.2;1.61
2007;12;21;5.123;58.606;0.6;27.27;30.02;25.83;80.71;6.95;42.1;1.3
2007;12;22;51.269;58.354;0.6;27.19;30.17;25.13;79.76;6.61;44.4;0.0
2007;12;23;4.266;55.829;0.5;27.23;29.39;26.22;83.65;7.74;37.2;0.05
2007;12;24;40.102;54.979;0.47;27.0;28.7;26.2;83.4;8.0;42.8;0.03
2007;12;25;49.651;57.703;0.58;26.87;28.87;25.73;79.71;7.64;44.9;0.0
2007;12;26;52.222;58.087;0.61;27.16;30.33;24.95;78.43;6.88;43.8;0.0
2007;12;27;53.191;57.619;0.62;27.25;29.9;25.48;81.24;7.33;46.3;0.07
2007;12;28;49.627;57.533;0.58;27.35;30.03;25.84;77.93;7.8;46.3;0.01
2007;12;29;57.187;5.935;0.67;27.16;30.26;24.99;76.45;7.42;49.8;0.0
2007;12;30;5.449;59.671;0.64;27.12;30.5;24.87;76.72;7.44;48.7;0.0
2007;12;31;5.825;60.761;0.68;27.3;31.1;25.21;77.87;6.94;48.8;0.0
2008;1;1;59.866;61.344;0.7;26.8;29.71;25.01;75.73;8.24;46.2;0.0
2008;1;2;61.608;62.501;0.72;26.41;29.23;24.52;73.98;9.57;45.7;0.0
2008;1;3;60.259;61.243;0.7;26.35;28.57;24.99;74.08;10.22;42.6;0.0
2008;1;4;58.466;5.971;0.68;26.84;30.1;24.93;74.17;9.23;46.4;0.0
2008;1;5;5.929;59.659;0.69;26.55;29.79;24.67;76.75;8.36;45.0;0.0
2008;1;6;57.403;58.886;0.67;26.47;29.31;24.59;79.61;8.02;41.9;0.0
2008;1;7;55.126;59.006;0.64;26.46;29.69;24.32;78.26;7.58;39.8;0.0
2008;1;8;50.177;58.157;0.58;26.34;29.56;24.61;77.34;7.8;38.3;0.0
2008;1;9;50.981;58.946;0.59;25.99;28.65;24.28;78.01;7.86;36.7;0.0
2008;1;10;52.034;60.602;0.6;25.93;28.87;24.29;77.07;6.86;35.8;0.0
2008;1;11;54.943;60.046;0.63;26.02;29.44;23.74;75.3;5.93;34.5;0.0
2008;1;12;56.909;60.223;0.65;26.13;29.67;23.89;75.26;6.8;36.7;0.0
2008;1;13;55.776;59.825;0.64;26.36;29.51;24.17;78.8;7.17;35.8;0.0
2008;1;14;57.931;5.899;0.66;26.99;30.21;24.97;78.53;7.95;38.9;0.0
2008;1;15;55.001;59.477;0.63;27.05;29.97;25.33;78.16;9.0;41.2;0.0
2008;1;16;56.326;59.986;0.64;27.08;30.4;24.88;74.33;7.94;44.0;0.05
2008;1;17;54.631;61.313;0.62;27.03;30.19;24.56;73.71;7.05;45.5;0.2
2008;1;18;59.868;61.766;0.68;27.08;31.14;24.22;73.99;7.98;49.0;0.14
2008;1;19;61.877;62.102;0.7;27.23;31.28;24.27;74.91;7.61;47.3;0.0
2008;1;20;59.945;61.258;0.68;27.2;31.31;24.66;75.72;7.14;42.1;0.0
2008;1;21;59.671;61.687;0.67;26.99;30.6;24.68;70.12;8.95;43.8;0.0
2008;1;22;60.607;62.501;0.68;26.8;30.19;24.77;73.91;8.78;43.8;0.0
2008;1;23;60.374;6.162;0.67;26.97;30.51;24.57;75.81;7.98;41.6;0.0
2008;1;24;60.206;61.786;0.67;26.96;30.36;24.46;73.23;8.46;42.3;0.0
2008;1;25;57.566;61.685;0.64;26.67;29.43;24.85;74.52;9.78;42.9;0.0
2008;1;26;61.008;63.818;0.68;26.82;30.19;24.93;75.91;9.09;41.1;0.0
2008;1;27;61.231;64.802;0.68;26.46;29.43;24.84;73.46;9.16;37.8;0.0
2008;1;28;60.958;65.304;0.67;25.97;28.63;24.4;72.92;8.47;34.0;0.0
2008;1;29;62.839;66.182;0.69;25.98;28.91;23.97;70.99;7.89;38.6;0.0
2008;1;30;62.585;66.216;0.69;26.06;29.4;23.74;73.36;7.66;41.1;0.0
2008;1;31;62.297;64.673;0.68;26.02;28.99;24.18;73.13;8.51;41.5;0.0
2008;2;1;60.197;6.408;0.66;25.84;28.82;24.08;70.58;7.43;34.6;0.0
2008;2;2;63.389;67.963;0.69;25.61;28.41;23.85;71.63;7.16;31.6;0.0
2008;2;3;56.923;64.692;0.62;25.92;28.99;23.96;72.95;6.22;38.0;0.0
2008;2;4;64.882;65.604;0.7;26.5;30.04;23.92;71.7;7.46;44.1;0.0
2008;2;5;62.743;63.617;0.68;26.81;30.7;23.72;74.85;7.27;44.1;0.0
2008;2;6;55.085;62.657;0.59;27.14;30.87;24.5;74.35;6.94;44.7;0.0
2008;2;7;57.991;63.091;0.62;27.03;30.71;24.36;74.03;7.42;40.2;0.0
2008;2;8;58.721;63.149;0.63;27.17;30.64;24.76;75.25;7.55;40.3;0.0
2008;2;9;59.347;62.134;0.63;27.42;30.83;24.66;76.73;7.72;40.0;0.02
2008;2;10;59.434;62.988;0.63;27.29;30.24;25.57;75.77;8.76;40.6;0.2
2008;2;11;61.558;64.901;0.65;27.45;30.82;25.35;74.03;9.28;41.5;0.16
2008;2;12;61.368;64.387;0.65;27.72;31.32;25.47;71.19;8.71;45.0;0.01
2008;2;13;57.734;64.135;0.61;27.51;30.52;25.53;73.65;6.51;45.2;0.0
2008;2;14;54.108;63.079;0.57;27.07;29.46;25.75;77.21;8.53;41.9;0.01
2008;2;15;53.237;64.238;0.56;27.56;30.62;25.74;70.35;9.95;44.9;0.09
2008;2;16;54.648;65.405;0.57;26.9;29.86;24.95;73.32;7.98;39.2;0.07
2008;2;17;51.014;63.338;0.53;26.68;30.01;24.78;74.05;7.02;41.8;0.17
2008;2;18;5.401;65.338;0.56;26.9;30.97;24.3;73.23;6.53;39.4;0.02
2008;2;19;52.968;6.293;0.55;26.7;30.38;24.66;72.95;7.42;39.5;0.07
2008;2;20;5.951;66.754;0.61;26.58;29.79;24.33;70.93;7.82;39.8;0.01
2008;2;21;58.769;66.686;0.6;26.42;29.92;23.88;72.12;7.23;41.1;0.21
2008;2;22;61.387;6.719;0.63;26.75;30.4;24.46;72.86;6.52;44.4;0.18
2008;2;23;64.908;67.615;0.66;27.34;31.35;24.51;72.33;7.02;42.9;0.01
2008;2;24;63.667;67.147;0.65;27.18;31.28;24.91;72.12;8.14;39.0;0.03
2008;2;25;5.959;66.857;0.61;26.53;29.68;24.74;71.71;8.82;33.7;0.0
2008;2;26;5.965;67.224;0.61;26.64;30.41;24.28;70.5;6.98;38.0;0.0
2008;2;27;62.098;6.751;0.63;26.93;31.33;24.39;73.76;6.18;38.1;0.0
2008;2;28;53.928;64.946;0.54;26.48;29.45;24.9;75.84;9.07;33.8;0.0
2008;2;29;65.801;71.117;0.66;26.72;29.8;24.74;71.72;10.06;42.1;0.05
2008;3;1;64.502;69.259;0.65;26.76;29.92;24.46;72.43;8.76;41.9;0.02
2008;3;2;63.888;67.862;0.64;27.27;31.14;24.96;69.87;8.0;38.6;0.0
2008;3;3;62.914;66.055;0.63;27.17;31.06;24.48;70.81;7.73;39.7;0.0
2008;3;4;5.801;64.519;0.58;27.14;31.17;24.68;71.36;6.51;37.6;0.04
2008;3;5;4.464;62.861;0.44;26.93;31.41;24.84;74.27;7.23;35.9;0.05
2008;3;6;45.826;64.222;0.46;26.46;29.95;24.42;76.06;7.39;31.8;0.06
2008;3;7;57.115;67.862;0.57;26.68;30.89;24.07;72.85;6.39;40.8;0.19
2008;3;8;59.083;68.806;0.59;26.62;30.38;23.97;73.59;6.82;42.0;0.27
2008;3;9;68.621;72.314;0.68;26.55;29.91;24.58;71.07;9.36;39.9;0.19
2008;3;10;58.836;72.024;0.58;26.43;29.49;24.46;68.97;8.93;39.5;0.23
2008;3;11;65.311;71.191;0.64;26.51;30.23;24.15;69.56;7.29;37.8;0.09
2008;3;12;65.731;70.056;0.65;26.91;31.43;24.2;69.15;6.86;38.5;0.0
2008;3;13;4.955;63.454;0.49;26.89;30.98;24.34;73.38;6.86;35.5;0.08
2008;3;14;27.007;53.774;0.26;26.16;28.65;24.81;81.9;6.71;36.2;0.24
2008;3;15;50.539;66.768;0.49;26.85;30.58;24.67;79.37;5.57;42.0;0.02
2008;3;16;65.731;6.883;0.64;27.58;31.98;24.78;73.59;7.76;38.4;0.01
2008;3;17;62.474;69.629;0.61;27.38;30.71;25.26;71.21;10.7;42.4;0.05
2008;3;18;64.373;70.358;0.63;27.35;30.79;25.35;66.63;10.11;44.8;0.01
2008;3;19;66.972;70.685;0.65;27.23;30.94;24.78;69.86;8.95;43.9;0.03
2008;3;20;6.815;71.117;0.66;26.85;30.5;24.57;72.53;8.27;39.7;0.03
2008;3;21;64.937;71.693;0.63;26.62;29.62;24.86;72.79;9.03;37.1;0.11
2008;3;22;59.088;67.622;0.57;26.78;30.94;24.81;72.95;7.96;36.6;0.0
2008;3;23;50.222;62.892;0.49;26.83;30.84;25.09;76.8;5.72;37.5;0.02
2008;3;24;54.691;65.731;0.53;26.85;30.21;25.02;80.45;5.53;38.6;0.02
2008;3;25;48.929;6.533;0.47;26.43;29.16;25.12;80.28;7.7;35.8;0.03
2008;3;26;5.233;69.058;0.5;26.56;29.34;25.08;70.4;9.29;37.3;0.0
2008;3;27;60.912;69.571;0.59;26.62;30.1;24.9;74.11;7.95;34.0;0.0
2008;3;28;59.299;68.479;0.57;26.62;30.17;24.29;75.72;7.14;33.4;0.0
2008;3;29;6.072;68.446;0.58;27.06;30.78;25.13;73.06;8.11;35.3;0.0
2008;3;30;5.897;67.543;0.57;27.28;30.91;25.07;73.6;7.62;35.9;0.0
2008;3;31;50.669;67.145;0.49;27.41;31.31;25.42;73.29;7.81;34.7;0.01
2008;4;1;54.341;71.479;0.52;27.12;30.69;24.9;70.5;7.34;36.4;0.05
2008;4;2;68.098;73.056;0.65;27.41;31.66;24.64;71.92;7.13;39.3;0.13
2008;4;3;61.486;71.746;0.59;27.63;31.94;24.8;71.23;7.06;40.3;0.14
2008;4;4;69.043;7.218;0.66;27.74;32.12;24.91;71.88;6.95;41.5;0.07
2008;4;5;54.185;68.201;0.52;28.18;32.32;25.86;72.98;6.46;42.5;0.1
2008;4;6;65.954;68.966;0.63;27.38;30.41;25.57;77.21;5.48;40.7;0.0
2008;4;7;5.233;68.858;0.5;27.66;32.11;25.25;73.83;6.98;41.9;0.0
2008;4;8;56.837;68.856;0.54;26.96;29.19;25.61;77.76;6.57;44.0;0.25
2008;4;9;6.031;70.812;0.57;27.34;30.48;25.66;74.28;7.2;37.8;0.01
2008;4;10;55.109;68.666;0.52;27.55;30.94;25.64;72.12;7.93;35.9;0.0
2008;4;11;57.545;71.071;0.55;27.56;30.9;25.4;72.38;7.78;35.5;0.1
2008;4;12;64.486;71.882;0.61;27.8;31.74;25.76;69.41;7.47;38.8;0.1
2008;4;13;6.563;71.268;0.62;27.52;31.1;25.49;71.33;7.38;38.6;0.0
2008;4;14;54.878;69.468;0.52;27.4;30.95;25.62;75.47;7.67;36.3;0.4
2008;4;15;53.419;6.775;0.51;27.08;30.05;25.37;81.9;6.78;30.3;1.96
2008;4;16;64.946;70.313;0.62;27.5;30.78;25.61;79.97;7.52;34.8;1.0
2008;4;17;66.132;71.803;0.63;28.34;32.62;25.65;73.32;8.06;38.1;0.03
2008;4;18;67.454;70.366;0.64;28.87;33.76;25.55;71.52;7.51;42.6;0.01
2008;4;19;58.814;68.791;0.56;28.34;32.36;26.39;74.94;7.33;40.9;0.03
2008;4;20;59.304;69.614;0.56;28.09;32.16;25.97;73.6;7.12;36.0;0.0
2008;4;21;62.102;70.661;0.59;27.91;31.81;25.74;73.12;7.59;31.9;0.0
2008;4;22;49.795;70.769;0.47;27.57;31.16;25.79;75.8;7.01;33.0;0.0
2008;4;23;51.043;66.677;0.49;27.46;31.24;25.43;76.76;7.02;26.0;0.01
2008;4;24;44.138;69.386;0.42;26.47;28.33;25.57;81.02;6.7;21.1;4.69
2008;4;25;48.972;7.045;0.47;26.88;28.96;25.35;81.22;6.73;18.5;1.85
2008;4;26;59.842;72.334;0.57;27.42;30.44;25.72;80.28;7.0;24.5;1.41
2008;4;27;50.717;69.914;0.48;27.44;30.13;25.82;82.66;6.31;34.0;2.21
2008;4;28;4.357;69.434;0.41;27.63;30.9;25.91;83.97;5.61;37.1;3.34
2008;4;29;5.963;69.485;0.57;27.23;29.55;26.09;83.86;5.92;39.9;0.86
2008;4;30;43.596;67.109;0.42;27.2;29.64;25.6;80.02;6.22;38.0;0.75
2008;5;1;38.414;67.514;0.37;26.54;28.64;25.52;82.32;6.37;35.4;8.36
2008;5;2;47.947;68.102;0.46;26.76;28.65;25.33;81.02;5.55;33.0;10.27
2008;5;3;57.154;69.029;0.55;27.52;30.67;25.68;76.97;5.67;29.8;0.53
2008;5;4;56.748;7.069;0.54;27.27;30.26;25.22;78.47;5.61;30.6;1.65
2008;5;5;51.857;69.982;0.5;27.9;31.59;25.63;75.74;6.59;37.8;0.24
2008;5;6;52.766;6.943;0.5;27.76;31.08;25.88;78.38;7.2;41.5;0.52
2008;5;7;56.071;68.522;0.54;27.99;30.96;26.14;81.03;6.77;43.7;1.49
2008;5;8;4.26;68.827;0.41;27.95;30.39;26.51;83.29;5.59;44.3;1.93
2008;5;9;35.496;68.861;0.34;28.23;31.31;26.43;82.88;4.09;47.4;2.37
2008;5;10;56.714;69.086;0.54;28.02;30.83;26.34;81.42;4.65;47.4;1.25
2008;5;11;45.461;68.393;0.44;28.14;31.06;26.32;80.95;4.06;46.0;0.31
2008;5;12;56.124;69.622;0.54;28.18;30.89;26.23;79.93;4.58;42.9;0.23
2008;5;13;57.074;69.838;0.55;28.37;31.8;26.04;77.59;5.58;38.3;0.01
2008;5;14;61.908;71.246;0.59;28.57;32.15;26.36;73.48;7.23;37.6;0.0
2008;5;15;5.831;71.203;0.56;28.69;32.57;26.72;72.38;7.08;33.6;0.16
2008;5;16;52.848;69.463;0.51;28.76;32.59;26.55;72.99;7.13;36.6;0.09
2008;5;17;45.245;70.769;0.43;28.55;31.84;26.72;74.91;6.82;36.2;0.21
2008;5;18;38.858;69.127;0.37;28.58;32.33;26.48;77.69;6.12;42.4;0.75
2008;5;19;40.378;69.221;0.39;27.66;30.04;26.51;83.95;5.33;38.3;3.45
2008;5;20;40.733;69.365;0.39;27.19;28.9;26.13;86.8;3.43;31.2;6.58
2008;5;21;48.686;6.709;0.47;27.51;29.49;26.18;82.57;3.45;51.5;8.67
2008;5;22;53.376;71.513;0.51;27.81;30.82;25.62;74.14;4.65;35.6;1.25
2008;5;23;60.566;70.934;0.58;28.23;32.01;25.64;71.85;4.28;39.4;0.02
2008;5;24;49.272;69.734;0.48;27.8;30.18;26.13;75.24;4.75;43.5;1.33
2008;5;25;43.814;68.398;0.42;27.32;29.29;26.02;79.36;4.37;26.3;8.77
2008;5;26;48.818;70.236;0.47;26.56;28.24;25.52;85.63;4.34;23.8;7.16
2008;5;27;37.673;69.226;0.36;26.51;29.11;25.24;84.23;4.67;37.1;7.79
2008;5;28;31.411;67.937;0.3;26.44;28.07;25.5;85.22;3.63;86.1;8.26
2008;5;29;56.455;71.568;0.55;27.11;29.3;25.03;84.1;4.26;28.1;1.68
2008;5;30;59.083;70.421;0.57;28.49;31.33;26.43;79.82;4.9;47.2;2.56
2008;5;31;5.376;70.999;0.52;28.87;32.4;26.66;75.44;5.25;46.0;0.2
2008;6;1;59.832;70.178;0.58;28.64;31.97;26.46;77.69;4.45;42.8;0.2
2008;6;2;57.691;70.159;0.56;28.44;31.48;26.56;80.86;2.75;17.5;0.84
2008;6;3;37.865;69.302;0.37;28.22;31.03;26.7;82.25;2.78;43.6;0.45
2008;6;4;48.895;70.421;0.47;27.89;29.49;26.67;83.91;4.59;43.7;0.52
2008;6;5;52.284;69.314;0.51;28.83;31.71;27.05;80.21;4.99;42.6;0.33
2008;6;6;40.586;70.277;0.39;28.93;31.87;27.15;77.59;4.8;48.0;0.22
2008;6;7;51.893;69.276;0.5;28.65;31.88;26.46;75.44;5.85;43.0;0.05
2008;6;8;37.951;67.159;0.37;28.41;31.1;26.8;79.28;4.61;44.9;0.24
2008;6;9;56.777;70.202;0.55;28.46;30.89;26.64;82.29;3.91;41.8;0.49
2008;6;10;48.499;68.455;0.47;28.18;30.47;26.73;82.0;4.21;47.0;0.34
2008;6;11;65.021;70.387;0.63;28.87;32.42;26.76;76.12;5.83;40.9;0.1
2008;6;12;65.251;7.079;0.64;29.04;33.01;26.65;72.33;6.28;39.5;0.03
2008;6;13;6.036;70.296;0.59;28.72;32.18;26.3;75.04;6.69;36.1;0.08
2008;6;14;51.706;6.827;0.5;28.56;31.67;26.79;81.5;4.94;37.0;4.62
2008;6;15;36.235;67.025;0.35;27.88;30.31;26.47;83.13;2.96;2.4;29.02
2008;6;16;6.293;69.835;0.61;28.19;30.81;26.58;82.9;4.16;38.9;15.64
2008;6;17;62.909;69.811;0.61;29.0;33.17;26.37;76.4;5.39;44.4;0.22
2008;6;18;63.895;69.106;0.62;28.82;32.7;26.46;77.88;5.95;41.8;5.97
2008;6;19;53.594;68.386;0.52;28.72;32.49;26.59;79.39;5.32;43.8;5.84
2008;6;20;63.979;7.104;0.62;28.49;31.91;26.65;78.99;7.51;44.4;9.85
2008;6;21;55.423;69.245;0.54;28.27;31.24;26.25;81.59;7.28;45.5;4.95
2008;6;22;18.854;68.158;0.18;27.52;29.6;26.17;85.13;5.32;54.5;10.05
2008;6;23;43.822;66.528;0.43;27.17;28.91;25.84;85.86;5.62;47.9;7.84
2008;6;24;57.806;68.503;0.56;27.46;29.45;26.11;85.37;5.54;51.7;6.32
2008;6;25;33.746;68.688;0.33;27.52;29.79;26.29;84.32;7.42;55.3;5.82
2008;6;26;63.446;70.783;0.62;28.12;31.68;26.19;80.72;6.2;55.4;5.85
2008;6;27;6.365;71.508;0.62;28.24;31.21;26.11;79.76;6.72;47.0;0.83
2008;6;28;58.238;69.706;0.57;27.88;30.11;26.64;83.83;6.1;52.5;2.27
2008;6;29;52.673;68.167;0.51;28.07;31.18;26.39;82.91;5.47;48.0;2.78
2008;6;30;54.934;7.074;0.54;28.26;31.43;26.19;81.74;5.53;48.3;3.73
2008;7;1;55.459;69.223;0.54;27.64;29.64;26.57;84.49;5.66;49.6;11.0
2008;7;2;40.577;67.726;0.4;27.33;29.39;25.83;85.11;5.27;50.1;2.31
2008;7;3;46.402;67.145;0.45;27.48;29.8;26.16;85.69;3.59;48.5;6.6
2008;7;4;46.339;68.765;0.45;27.46;29.78;26.19;86.75;4.13;37.7;4.29
2008;7;5;49.699;69.984;0.48;27.64;29.89;26.14;85.81;3.74;44.7;1.19
2008;7;6;55.022;71.014;0.54;28.16;31.36;26.27;79.62;5.66;42.2;0.19
2008;7;7;55.267;69.742;0.54;27.74;30.19;26.47;81.37;5.19;50.3;0.41
2008;7;8;45.626;68.042;0.44;27.76;29.92;26.4;82.03;6.07;48.1;0.63
2008;7;9;34.666;67.601;0.34;27.61;30.04;26.12;82.69;4.14;54.7;0.82
2008;7;10;50.674;67.942;0.49;27.56;29.97;26.12;84.62;3.66;43.3;2.0
2008;7;11;49.289;69.211;0.48;27.89;30.69;26.2;82.89;5.12;44.8;1.37
2008;7;12;55.039;69.168;0.54;28.31;32.26;26.06;80.58;5.26;48.0;1.33
2008;7;13;50.141;70.301;0.49;27.81;30.65;26.24;82.28;4.87;45.7;2.06
2008;7;14;5.507;70.994;0.54;27.95;31.45;26.25;79.66;5.96;44.4;4.2
2008;7;15;48.103;68.054;0.47;27.02;28.75;25.95;86.26;4.85;49.0;5.27
2008;7;16;45.221;6.989;0.44;27.12;30.12;25.42;84.2;2.3;39.6;4.66
2008;7;17;44.878;69.833;0.44;27.18;30.58;25.21;80.46;3.33;253.8;4.95
2008;7;18;61.003;70.375;0.59;27.04;29.01;25.66;84.02;2.84;358.5;2.14
2008;7;19;51.245;70.517;0.5;27.98;30.93;26.09;80.9;3.44;47.5;1.6
2008;7;20;63.271;72.144;0.61;28.7;31.34;26.89;81.46;5.08;46.0;0.52
2008;7;21;67.464;71.674;0.65;28.58;31.13;26.86;81.36;4.61;56.4;0.39
2008;7;22;56.357;70.774;0.55;28.53;30.89;26.97;80.58;5.24;53.5;0.27
2008;7;23;64.027;7.097;0.62;28.7;31.57;26.99;78.89;5.74;45.1;0.11
2008;7;24;66.449;70.382;0.64;28.69;31.96;26.5;77.77;6.6;45.9;0.05
2008;7;25;60.154;71.318;0.58;28.7;32.32;26.49;78.59;6.31;44.8;0.13
2008;7;26;47.129;69.746;0.46;28.8;32.64;26.52;77.05;6.02;40.4;0.27
2008;7;27;50.794;69.394;0.49;28.43;32.16;26.5;79.21;5.0;42.7;0.21
2008;7;28;44.417;69.326;0.43;28.49;32.39;26.37;79.96;5.19;42.7;0.11
2008;7;29;48.576;69.067;0.47;28.05;30.53;26.52;83.99;4.35;38.8;0.35
2008;7;30;55.027;71.028;0.53;28.04;30.51;26.57;84.1;4.52;42.3;0.49
2008;7;31;5.791;70.598;0.56;28.3;31.71;26.27;78.53;5.65;40.1;0.17
2008;8;1;61.018;70.901;0.59;27.8;30.31;26.46;82.45;3.54;38.6;0.39
2008;8;2;38.854;70.543;0.38;28.18;30.86;26.79;82.99;4.56;49.2;0.41
2008;8;3;57.118;70.937;0.55;28.25;31.27;26.41;80.88;3.67;57.6;2.6
2008;8;4;56.074;70.248;0.54;28.74;31.41;26.98;80.21;5.47;46.3;1.48
2008;8;5;65.926;7.117;0.64;29.03;32.58;26.67;74.99;6.53;47.1;0.51
2008;8;6;40.889;68.587;0.39;28.97;32.28;26.73;79.12;5.72;45.1;1.62
2008;8;7;69.578;72.072;0.67;29.81;34.2;27.44;76.24;5.22;43.4;0.63
2008;8;8;62.702;71.105;0.6;29.24;32.77;27.21;78.78;4.81;42.5;0.9
2008;8;9;60.242;6.953;0.58;28.81;32.23;26.74;77.63;4.33;45.0;0.75
2008;8;10;47.251;69.276;0.46;28.15;30.99;26.52;83.14;4.45;40.7;3.81
2008;8;11;1.974;68.299;0.19;27.47;29.59;26.05;84.04;3.24;338.8;2.02
2008;8;12;63.446;7.086;0.61;28.0;31.0;25.75;80.26;3.06;29.6;2.34
2008;8;13;51.953;70.769;0.5;28.39;31.19;26.82;79.59;5.38;42.4;0.42
2008;8;14;54.413;70.975;0.52;28.65;32.15;26.79;77.36;5.2;46.3;0.43
2008;8;15;55.212;70.502;0.53;28.39;31.12;26.91;80.77;4.21;38.7;0.92
2008;8;16;43.435;70.255;0.42;27.63;29.53;26.64;84.4;2.82;14.5;4.06
2008;8;17;59.186;7.223;0.57;27.05;28.94;26.08;85.25;1.88;320.9;1.44
2008;8;18;56.962;71.957;0.55;27.97;30.91;25.88;81.3;3.16;15.8;0.62
2008;8;19;57.046;71.748;0.55;28.81;32.44;26.54;77.5;4.32;37.9;0.71
2008;8;20;58.774;7.104;0.57;28.59;30.76;27.13;81.63;3.31;39.8;1.22
2008;8;21;42.137;70.992;0.41;28.88;31.84;27.37;78.05;5.77;40.6;1.67
2008;8;22;51.194;70.327;0.49;27.89;30.15;26.55;81.42;4.4;50.7;2.12
2008;8;23;41.414;70.058;0.4;27.59;29.18;26.52;80.17;2.91;29.9;1.79
2008;8;24;41.158;68.472;0.4;27.35;29.14;26.25;80.75;1.88;2.3;1.08
2008;8;25;58.428;7.081;0.56;27.64;30.76;25.58;78.57;2.21;332.6;0.81
2008;8;26;34.699;68.614;0.33;27.07;29.33;25.74;80.65;1.74;304.7;0.57
2008;8;27;55.142;70.872;0.53;27.75;29.92;25.82;76.31;1.92;285.5;0.62
2008;8;28;57.036;70.848;0.55;27.99;31.24;25.79;77.83;3.35;242.7;2.87
2008;8;29;50.182;6.953;0.48;27.87;30.13;25.93;76.96;2.77;243.3;2.62
2008;8;30;56.693;70.966;0.55;28.12;31.04;26.47;75.28;2.4;268.3;1.39
2008;8;31;57.979;71.561;0.56;27.88;29.52;26.43;79.19;2.23;357.4;0.97
2008;9;1;37.058;70.591;0.36;27.98;29.94;26.84;82.03;3.07;322.0;1.73
2008;9;2;53.894;70.906;0.52;27.78;29.86;26.37;81.96;3.42;257.7;4.56
2008;9;3;59.009;70.406;0.57;27.31;28.86;26.46;85.51;5.42;223.7;15.83
2008;9;4;44.266;71.232;0.43;27.3;29.14;25.91;80.63;3.98;222.8;10.43
2008;9;5;67.133;73.279;0.65;28.05;30.77;25.95;78.56;2.4;11.1;5.63
2008;9;6;68.957;73.068;0.67;29.65;33.49;27.5;77.17;4.76;34.5;3.56
2008;9;7;65.196;71.496;0.63;29.68;33.42;27.43;75.43;4.33;35.9;1.47
2008;9;8;4.519;70.241;0.44;28.69;31.19;26.9;78.37;2.3;316.0;0.43
2008;9;9;57.257;71.818;0.56;28.14;30.76;26.45;77.68;3.45;32.3;0.5
2008;9;10;66.778;71.952;0.65;28.85;30.8;27.19;82.1;3.99;30.1;0.49
2008;9;11;64.642;71.746;0.63;29.58;32.47;27.88;79.64;4.84;45.6;0.58
2008;9;12;53.042;6.961;0.52;29.37;32.06;27.75;79.47;5.33;40.9;0.54
2008;9;13;57.862;70.342;0.56;29.77;33.14;27.75;77.29;4.76;43.5;0.31
2008;9;14;48.502;68.362;0.47;29.45;32.12;27.91;80.72;3.29;59.8;0.24
2008;9;15;46.716;69.725;0.46;29.21;32.04;27.4;81.03;3.01;32.3;0.29
2008;9;16;43.423;6.769;0.42;27.83;29.97;26.18;85.24;2.35;325.4;0.68
2008;9;17;14.393;66.965;0.14;27.9;30.37;26.04;79.85;2.29;25.9;1.02
2008;9;18;54.233;68.518;0.53;28.02;30.14;26.6;82.6;3.56;14.8;14.14
2008;9;19;48.298;6.905;0.47;28.83;32.25;26.59;75.99;4.09;30.9;4.07
2008;9;20;39.854;6.961;0.39;28.0;29.69;27.1;83.76;3.88;15.6;6.55
2008;9;21;60.226;69.238;0.59;27.72;29.45;26.92;82.24;2.63;8.2;7.82
2008;9;22;54.833;70.037;0.54;27.82;29.38;26.76;85.92;2.77;354.7;11.27
2008;9;23;49.082;6.858;0.48;27.47;28.9;26.4;86.15;3.65;295.3;1.02
2008;9;24;53.628;68.868;0.53;27.24;29.17;25.74;82.04;2.55;277.0;1.05
2008;9;25;6.39;70.255;0.63;28.45;32.15;26.49;73.82;2.25;346.1;0.09
2008;9;26;53.645;68.974;0.53;28.66;31.23;26.99;82.28;4.96;34.8;1.64
2008;9;27;6.139;69.086;0.61;28.75;31.46;27.36;83.36;4.36;42.0;2.74
2008;9;28;47.568;68.268;0.47;28.64;31.12;27.0;82.74;2.76;39.5;6.79
2008;9;29;41.086;69.403;0.41;27.88;29.35;26.75;83.38;2.24;23.9;5.16
2008;9;30;42.574;68.482;0.43;28.14;29.66;27.04;86.01;3.34;14.9;8.96
2008;10;1;46.822;6.852;0.47;27.92;30.21;26.64;83.64;2.6;7.1;3.43
2008;10;2;45.192;67.102;0.45;27.87;29.98;26.28;85.23;3.16;27.7;6.89
2008;10;3;45.509;6.588;0.46;28.26;30.13;27.27;83.96;2.86;45.0;15.49
2008;10;4;41.995;66.571;0.42;28.14;30.18;27.13;83.95;2.36;29.0;11.93
2008;10;5;41.566;67.159;0.42;27.65;29.47;26.08;81.47;2.46;341.7;25.46
2008;10;6;57.768;68.256;0.58;27.32;29.71;25.99;80.2;2.34;8.1;14.84
2008;10;7;43.754;6.653;0.44;27.22;29.22;25.98;82.59;2.28;336.8;3.53
2008;10;8;54.854;67.421;0.56;26.87;28.56;25.77;82.08;1.65;40.6;1.72
2008;10;9;50.381;67.325;0.51;27.85;30.97;26.05;80.99;2.86;21.4;3.77
2008;10;10;22.795;66.451;0.23;27.98;31.2;26.41;79.39;3.71;28.1;3.03
2008;10;11;53.678;66.629;0.55;26.79;28.17;25.8;83.19;2.28;353.0;2.52
2008;10;12;47.306;65.448;0.48;27.33;29.45;25.72;79.97;2.21;289.7;1.34
2008;10;13;52.392;6.683;0.54;27.26;29.14;25.92;80.33;2.37;265.0;1.36
2008;10;14;36.317;6.739;0.37;26.58;28.13;25.4;85.85;3.12;277.1;5.39
2008;10;15;5.113;67.721;0.53;26.64;28.88;25.17;80.92;3.21;245.2;3.97
2008;10;16;49.106;66.077;0.51;26.76;28.5;25.48;81.35;2.45;245.8;3.77
2008;10;17;60.372;6.726;0.63;28.2;31.81;25.68;74.64;2.66;12.1;0.71
2008;10;18;61.039;6.709;0.63;28.03;30.11;26.77;83.61;3.67;32.6;1.4
2008;10;19;47.978;64.486;0.5;27.81;28.65;27.31;85.39;3.62;42.4;2.81
2008;10;20;45.175;64.927;0.47;28.68;31.42;27.07;83.01;4.44;50.4;1.98
2008;10;21;51.874;62.976;0.54;28.3;30.28;27.02;85.35;4.09;56.9;4.54
2008;10;22;5.201;64.822;0.55;28.44;30.4;27.04;86.46;4.17;49.2;4.0
2008;10;23;51.739;64.661;0.54;28.53;30.92;27.17;85.73;4.96;52.1;6.42
2008;10;24;55.699;65.746;0.59;28.63;31.18;27.25;82.87;4.4;41.9;6.31
2008;10;25;49.385;65.371;0.52;28.67;31.56;27.11;80.71;5.81;36.4;21.05
2008;10;26;58.462;65.645;0.62;28.32;30.92;27.1;79.05;5.73;45.9;3.04
2008;10;27;53.359;64.433;0.57;28.39;31.03;26.8;77.5;7.07;42.2;0.89
2008;10;28;51.842;62.698;0.55;27.94;29.16;27.09;84.48;7.5;37.3;3.52
2008;10;29;50.462;63.082;0.54;27.99;29.2;27.28;84.38;7.92;45.7;1.66
2008;10;30;50.398;63.792;0.54;27.8;29.13;26.91;86.31;6.29;50.7;1.69
2008;10;31;50.611;64.519;0.54;27.99;29.85;27.06;85.11;6.91;41.9;1.51
2008;11;1;38.364;61.745;0.41;27.32;29.01;26.16;85.22;3.45;56.7;3.11
2008;11;2;41.789;61.841;0.45;26.69;28.54;25.17;83.17;3.04;206.9;5.42
2008;11;3;48.065;62.962;0.52;27.25;30.24;25.4;81.05;2.43;226.0;2.28
2008;11;4;28.654;60.768;0.31;26.26;27.14;25.68;88.27;3.29;301.2;1.57
2008;11;5;44.916;61.822;0.49;26.87;28.56;25.58;84.66;2.96;244.4;3.22
2008;11;6;42.439;61.234;0.46;26.89;29.04;25.52;85.31;2.71;337.3;2.02
2008;11;7;47.772;62.549;0.52;27.66;29.92;26.29;83.38;3.59;25.6;0.87
2008;11;8;3.815;59.803;0.42;27.48;29.07;26.42;84.26;4.12;7.6;1.11
2008;11;9;49.452;60.641;0.54;27.89;30.84;26.27;79.11;3.14;15.1;0.06
2008;11;10;51.965;60.754;0.57;28.11;30.6;26.6;80.62;4.26;34.9;0.11
2008;11;11;51.384;61.183;0.57;28.27;30.44;27.17;82.07;6.19;30.3;4.99
2008;11;12;48.902;60.948;0.54;28.47;31.02;27.07;80.74;6.06;33.9;3.39
2008;11;13;45.324;60.994;0.5;28.19;30.57;27.02;81.94;6.71;36.0;11.69
2008;11;14;46.798;5.958;0.52;28.18;31.13;26.78;81.06;5.72;41.9;14.94
2008;11;15;45.869;60.698;0.51;28.16;30.99;26.69;82.12;4.23;37.2;14.22
2008;11;16;43.898;60.773;0.49;27.82;29.89;26.65;83.46;3.47;50.9;22.2
2008;11;17;44.146;59.554;0.5;27.63;30.08;26.5;85.85;4.16;45.8;15.18
2008;11;18;50.114;6.041;0.56;27.5;29.6;26.38;83.86;5.19;33.4;4.46
2008;11;19;42.144;59.618;0.48;27.71;29.82;26.32;83.27;5.15;28.9;4.2
2008;11;20;43.783;58.073;0.5;27.47;28.63;26.88;86.59;5.88;39.5;9.16
2008;11;21;43.625;58.913;0.5;27.42;29.35;26.37;85.58;5.51;47.7;11.14
2008;11;22;39.593;5.825;0.45;27.63;29.02;26.81;87.32;6.95;38.7;6.15
2008;11;23;38.093;57.974;0.43;27.34;28.13;26.88;88.75;6.22;50.6;3.89
2008;11;24;29.806;55.078;0.34;27.41;28.38;26.83;88.8;5.87;51.5;6.66
2008;11;25;10.522;57.137;0.12;26.93;27.97;26.31;89.63;6.53;49.4;16.23
2008;11;26;24.778;5.641;0.28;26.85;29.11;25.79;85.64;5.07;46.9;22.37
2008;11;27;32.376;55.615;0.37;26.71;28.39;25.78;85.53;4.73;54.3;9.78
2008;11;28;43.675;56.376;0.5;26.44;27.34;25.81;86.8;4.97;47.9;4.92
2008;11;29;39.274;58.488;0.45;26.88;28.95;25.71;83.16;3.37;47.4;7.77
2008;11;30;46.793;58.807;0.54;27.29;30.47;25.56;80.69;3.53;58.3;0.91
2008;12;1;50.054;57.893;0.58;27.89;30.83;26.11;80.63;5.44;39.9;0.63
2008;12;2;42.893;5.916;0.5;27.72;29.59;26.65;82.67;7.05;39.8;0.5
2008;12;3;51.835;58.673;0.6;27.73;29.8;26.82;81.6;8.07;42.0;0.56
2008;12;4;48.578;59.873;0.56;27.1;28.46;26.18;80.71;7.38;45.0;0.16
2008;12;5;54.161;60.144;0.63;27.32;29.85;25.78;77.01;6.87;47.1;0.0
2008;12;6;52.558;59.158;0.61;27.44;30.62;25.39;77.97;6.09;48.7;0.01
2008;12;7;52.106;57.077;0.61;27.52;30.05;26.06;81.13;6.81;44.0;0.03
2008;12;8;3.623;54.485;0.42;27.11;28.03;26.46;84.85;7.79;46.9;0.05
2008;12;9;50.038;57.874;0.59;27.28;29.1;26.17;81.14;8.17;53.2;0.01
2008;12;10;57.742;59.959;0.68;27.11;29.58;25.1;79.88;6.71;49.6;0.0
2008;12;11;47.854;58.877;0.56;27.15;29.97;25.6;80.52;5.82;45.1;0.01
2008;12;12;50.837;5.869;0.6;26.91;29.44;25.7;78.84;6.22;32.4;0.02
2008;12;13;57.254;59.069;0.67;27.12;29.69;25.51;77.64;7.05;41.6;0.01
2008;12;14;50.832;60.382;0.6;27.17;29.7;25.43;78.66;7.21;45.3;0.01
2008;12;15;54.631;59.616;0.64;27.4;30.37;25.8;79.08;8.41;45.9;0.02
2008;12;16;54.948;59.894;0.65;26.92;29.28;25.56;76.17;8.87;45.2;0.01
2008;12;17;52.255;6.03;0.61;26.65;29.23;25.17;74.12;8.09;46.4;0.01
2008;12;18;53.834;5.957;0.63;26.49;28.88;25.01;71.84;7.93;45.2;0.0
2008;12;19;53.011;5.929;0.62;26.59;29.06;25.11;73.12;7.96;44.8;0.0
2008;12;20;55.901;60.134;0.66;26.33;28.83;24.86;72.91;6.9;45.9;0.0
2008;12;21;54.444;59.316;0.64;26.77;30.14;24.46;73.81;5.12;43.0;0.0
2008;12;22;45.734;57.862;0.54;26.86;29.79;24.87;76.6;6.34;41.6;0.0
2008;12;23;54.826;58.838;0.64;27.0;29.6;25.48;75.69;9.41;47.5;0.0
2008;12;24;57.984;61.217;0.68;27.0;30.15;24.8;74.12;8.68;52.7;0.0
2008;12;25;58.176;59.748;0.68;27.22;30.11;25.34;78.03;9.42;50.0;0.0
2008;12;26;5.615;60.422;0.66;27.07;29.64;25.33;72.98;9.7;49.5;0.0
2008;12;27;5.766;60.854;0.68;26.87;29.82;24.87;73.66;8.54;49.1;0.0
2008;12;28;58.361;59.791;0.68;26.61;29.36;24.92;74.43;8.24;46.2;0.0
2008;12;29;58.399;60.922;0.68;26.32;29.53;23.59;73.25;7.57;45.9;0.0
2008;12;30;53.806;59.582;0.63;26.15;28.99;23.85;80.17;7.18;39.2;0.0
2008;12;31;56.472;59.141;0.66;26.49;29.63;24.62;76.85;7.26;38.2;0.0
2009;1;1;56.594;58.702;0.66;26.38;29.3;24.53;75.43;8.1;41.7;0.0
2009;1;2;56.124;58.579;0.65;26.49;29.33;24.82;78.11;8.36;43.0;0.0
2009;1;3;58.231;60.478;0.68;26.46;29.34;24.72;81.78;8.33;40.0;0.0
2009;1;4;55.082;57.989;0.64;27.09;30.73;25.08;82.97;6.79;35.5;0.01
2009;1;5;53.119;57.173;0.62;26.78;29.69;24.94;82.75;7.64;38.5;0.0
2009;1;6;49.666;57.324;0.58;26.96;30.39;24.96;78.85;7.4;39.3;0.0
2009;1;7;54.883;57.838;0.63;27.08;30.71;25.05;79.91;5.25;41.9;0.0
2009;1;8;56.498;58.574;0.65;27.03;30.63;24.73;78.9;7.1;40.4;0.0
2009;1;9;49.946;57.398;0.58;26.81;29.42;25.33;77.58;8.19;44.1;0.0
2009;1;10;57.463;60.449;0.66;26.65;30.0;24.61;73.95;8.5;43.8;0.0
2009;1;11;5.448;60.096;0.63;26.95;30.68;24.27;74.25;7.78;48.3;0.0
2009;1;12;55.003;60.041;0.63;26.93;30.56;24.67;73.92;7.92;47.0;0.0
2009;1;13;55.838;60.163;0.64;26.6;30.59;23.9;75.61;6.87;49.2;0.0
2009;1;14;57.622;60.386;0.66;26.91;30.33;24.79;76.79;7.62;44.4;0.01
2009;1;15;5.778;61.469;0.66;26.88;30.16;24.76;75.18;8.35;43.2;0.0
2009;1;16;58.092;61.183;0.66;26.38;29.2;24.76;75.1;8.73;39.3;0.0
2009;1;17;53.882;59.573;0.61;26.14;28.81;24.62;77.25;7.15;34.6;0.01
2009;1;18;54.672;60.643;0.62;26.13;29.48;24.39;79.23;5.55;27.0;0.04
2009;1;19;52.229;60.991;0.59;26.44;30.15;24.02;81.15;4.72;27.2;0.0
2009;1;20;45.461;56.184;0.51;26.62;29.54;25.03;82.54;5.98;27.1;0.18
2009;1;21;45.622;56.645;0.51;26.31;28.3;25.2;81.1;7.87;24.9;0.1
2009;1;22;4.823;57.701;0.54;26.27;28.1;25.38;83.05;8.34;29.1;0.18
2009;1;23;5.562;61.925;0.62;26.79;29.95;25.12;79.14;8.54;31.9;0.02
2009;1;24;53.179;6.271;0.59;26.81;29.83;24.92;74.81;8.48;37.9;0.01
2009;1;25;58.764;63.223;0.65;26.62;29.43;24.86;73.83;7.74;37.5;0.0
2009;1;26;61.519;64.082;0.68;26.84;30.22;24.56;76.55;8.3;43.2;0.0
2009;1;27;61.438;63.773;0.68;27.04;30.51;25.04;75.3;9.61;46.3;0.0
2009;1;28;62.071;64.243;0.68;27.05;30.45;24.93;74.26;8.55;44.1;0.0
2009;1;29;62.239;63.938;0.68;27.02;30.43;24.94;76.88;7.28;38.8;0.0
2009;1;30;52.061;60.881;0.57;26.59;29.12;25.1;80.51;6.35;39.4;0.04
2009;1;31;41.983;58.846;0.46;26.09;27.84;25.26;80.44;8.53;32.4;1.41
2009;2;1;55.886;62.669;0.61;26.91;29.48;25.16;78.89;9.19;37.7;0.16
2009;2;2;5.689;63.746;0.62;27.59;30.9;25.34;74.51;8.53;46.2;0.01
2009;2;3;55.198;63.175;0.6;27.42;30.77;25.31;77.02;7.39;39.7;0.01
2009;2;4;58.061;65.179;0.63;26.97;29.43;25.76;79.84;10.22;36.2;0.12
2009;2;5;5.645;64.262;0.61;27.03;29.72;25.63;77.48;11.54;38.3;0.07
2009;2;6;63.511;6.667;0.68;27.06;30.16;25.21;69.96;11.18;42.5;0.01
2009;2;7;65.441;6.743;0.7;26.55;29.62;24.6;71.14;10.68;44.7;0.0
2009;2;8;64.282;66.708;0.68;26.55;29.51;24.88;72.28;9.83;41.4;0.0
2009;2;9;54.151;64.332;0.58;26.57;29.87;24.69;74.11;8.71;38.5;0.0
2009;2;10;56.508;63.578;0.6;26.9;30.23;24.83;75.62;8.65;42.8;0.0
2009;2;11;59.974;64.493;0.63;27.69;30.92;25.47;72.76;8.15;49.2;0.0
2009;2;12;54.854;6.427;0.58;27.32;30.56;25.41;71.99;9.33;44.1;0.0
2009;2;13;59.974;65.818;0.63;26.87;29.92;24.95;74.01;9.14;41.8;0.01
2009;2;14;61.382;66.218;0.64;26.92;30.01;25.3;71.74;8.57;40.2;0.0
2009;2;15;62.352;67.721;0.65;26.67;29.35;24.47;70.01;7.36;38.0;0.0
2009;2;16;60.672;67.286;0.63;26.61;30.73;24.5;72.47;7.9;37.5;0.0
2009;2;17;62.119;67.397;0.64;26.26;28.93;24.52;72.95;9.37;33.6;0.0
2009;2;18;61.879;6.595;0.64;27.0;29.61;24.97;73.03;10.11;45.5;0.01
2009;2;19;56.294;64.764;0.58;27.57;31.1;25.36;70.61;8.39;47.0;0.0
2009;2;20;5.652;69.938;0.58;27.11;30.03;25.44;72.8;9.87;43.0;0.0
2009;2;21;65.882;6.805;0.68;27.44;31.06;25.11;72.29;9.06;43.8;0.05
2009;2;22;6.54;67.644;0.67;27.55;31.82;24.86;71.34;8.33;45.1;0.0
2009;2;23;63.946;6.725;0.65;27.33;30.8;25.52;71.22;8.96;40.5;0.04
2009;2;24;54.377;64.949;0.55;26.54;29.34;24.71;74.61;8.51;38.0;0.02
2009;2;25;39.571;64.406;0.4;26.49;29.56;24.88;76.5;8.24;34.8;0.0
2009;2;26;6.187;66.482;0.63;26.71;30.14;24.83;75.71;8.06;34.7;0.0
2009;2;27;59.681;6.719;0.6;26.7;29.96;24.97;76.51;7.52;36.3;0.0
2009;2;28;48.202;6.552;0.49;27.16;30.64;25.11;76.01;7.64;36.0;0.0
2009;3;1;60.144;65.942;0.61;27.09;30.76;24.97;75.89;7.47;32.8;0.02
2009;3;2;20.856;59.345;0.21;26.08;27.97;25.01;81.36;7.49;35.6;0.51
2009;3;3;32.215;64.769;0.32;26.45;29.45;24.78;78.45;7.92;36.5;0.59
2009;3;4;50.028;65.683;0.5;27.06;30.3;25.29;77.0;7.59;33.2;0.06
2009;3;5;57.955;68.974;0.58;27.23;30.21;25.33;75.04;10.82;42.4;0.06
2009;3;6;66.082;70.433;0.66;27.07;29.91;25.55;73.4;11.87;44.5;0.05
2009;3;7;60.917;70.126;0.6;26.84;29.83;25.07;72.54;11.2;45.7;0.14
2009;3;8;6.744;70.202;0.67;27.06;30.39;24.86;67.4;10.48;45.2;0.02
2009;3;9;68.419;71.342;0.68;26.7;30.03;24.51;64.1;9.79;42.9;0.0
2009;3;10;68.774;71.702;0.68;26.26;29.56;24.19;65.92;8.94;40.9;0.0
2009;3;11;67.572;71.268;0.67;25.99;29.31;23.73;68.29;9.44;39.9;0.0
2009;3;12;63.562;68.525;0.62;26.13;29.48;24.02;70.18;8.78;38.5;0.0
2009;3;13;62.162;68.664;0.61;26.01;29.48;23.92;73.69;8.37;37.1;0.0
2009;3;14;63.526;69.185;0.62;26.1;29.13;24.26;73.9;7.94;36.2;0.0
2009;3;15;63.278;68.381;0.62;26.38;29.8;24.03;73.21;8.63;39.0;0.0
2009;3;16;65.976;68.791;0.64;26.76;30.36;24.68;72.66;8.59;37.7;0.0
2009;3;17;58.872;67.622;0.57;26.58;29.77;24.8;74.66;8.52;34.1;0.0
2009;3;18;53.976;68.086;0.53;26.35;29.19;24.67;75.11;8.53;31.8;0.0
2009;3;19;62.261;69.228;0.61;26.93;30.83;24.66;75.18;7.4;35.1;0.0
2009;3;20;49.877;66.643;0.48;26.71;29.87;24.83;77.89;7.65;31.2;0.02
2009;3;21;51.134;6.847;0.5;26.7;29.47;25.11;78.92;8.71;27.0;0.14
2009;3;22;4.217;69.389;0.41;26.57;29.11;25.22;79.63;8.29;31.3;0.5
2009;3;23;56.774;70.495;0.55;26.98;30.07;25.21;76.97;8.65;36.4;0.4
2009;3;24;50.878;68.974;0.49;27.17;29.85;25.43;75.25;8.14;39.7;0.03
2009;3;25;52.471;69.998;0.51;27.41;31.0;25.26;73.44;8.0;37.2;0.02
2009;3;26;56.851;70.925;0.55;27.09;30.27;25.19;74.3;8.36;38.9;0.03
2009;3;27;6.096;69.912;0.59;27.51;31.37;25.26;73.41;6.71;42.6;0.0
2009;3;28;53.021;67.949;0.51;27.72;32.05;25.27;75.09;6.21;42.3;0.0
2009;3;29;47.153;67.764;0.45;27.84;31.87;25.62;75.98;5.84;37.4;0.0
2009;3;30;60.547;70.678;0.58;27.41;30.68;25.62;74.68;8.17;40.4;0.0
2009;3;31;63.125;71.822;0.6;27.34;30.68;25.29;73.54;8.19;37.8;0.0
2009;4;1;53.302;70.879;0.51;27.43;30.68;25.34;73.48;5.92;37.4;0.0
2009;4;2;54.677;7.177;0.52;27.73;31.65;25.14;71.81;5.66;41.3;0.04
2009;4;3;65.868;72.955;0.63;27.58;31.49;25.03;71.36;6.16;37.4;0.0
2009;4;4;72.797;74.779;0.7;27.68;31.71;25.09;69.59;7.0;34.8;0.0
2009;4;5;71.302;74.791;0.68;27.56;31.7;25.08;70.54;7.53;38.1;0.0
2009;4;6;65.731;72.442;0.63;27.72;32.06;25.13;71.5;6.91;35.0;0.02
2009;4;7;59.772;69.785;0.57;27.38;30.91;25.5;73.31;7.38;27.8;0.0
2009;4;8;5.484;69.934;0.52;26.91;29.59;25.38;74.62;8.27;26.9;0.02
2009;4;9;61.994;69.343;0.59;26.87;29.89;25.17;77.57;7.58;35.9;5.21
2009;4;10;61.262;6.967;0.58;27.55;31.14;25.28;78.66;7.81;38.7;2.79
2009;4;11;58.805;70.872;0.56;27.53;30.71;25.48;79.29;6.22;46.4;0.16
2009;4;12;60.161;72.718;0.57;27.62;30.88;25.73;75.04;7.65;35.4;0.0
2009;4;13;67.466;72.528;0.64;27.52;30.94;25.31;73.82;7.43;36.5;0.02
2009;4;14;68.762;73.421;0.65;27.75;31.09;25.25;72.75;6.99;42.4;0.0
2009;4;15;67.514;72.562;0.64;28.2;32.13;25.93;72.89;6.88;41.2;0.0
2009;4;16;63.331;71.045;0.6;27.73;31.46;25.81;76.05;7.28;35.3;0.0
2009;4;17;57.038;69.103;0.54;27.48;30.63;25.79;76.71;8.7;34.7;0.05
2009;4;18;56.395;69.353;0.54;27.33;30.31;25.43;76.7;8.53;34.1;0.02
2009;4;19;64.476;71.398;0.61;27.61;30.84;25.61;77.15;8.64;35.9;0.05
2009;4;20;54.854;70.428;0.52;28.21;31.35;26.04;76.73;8.23;42.9;0.51
2009;4;21;44.825;6.96;0.43;27.4;29.4;26.25;82.6;5.91;35.6;0.27
2009;4;22;46.901;70.512;0.45;27.61;30.34;25.81;81.11;6.27;37.7;0.24
2009;4;23;63.629;7.265;0.61;28.18;31.05;26.25;72.98;8.55;42.4;0.01
2009;4;24;66.636;73.884;0.63;27.6;30.27;26.07;71.57;9.09;40.3;0.0
2009;4;25;6.977;73.505;0.66;27.93;31.52;25.67;71.67;8.9;39.5;0.0
2009;4;26;68.117;71.899;0.65;28.27;31.81;26.18;71.98;7.8;41.7;0.0
2009;4;27;69.194;71.594;0.66;28.25;31.94;25.84;72.93;8.11;39.3;0.0
2009;4;28;5.898;70.668;0.56;27.82;30.77;26.1;75.16;8.16;39.8;0.0
2009;4;29;53.158;70.918;0.51;27.16;29.75;25.54;80.48;6.94;35.2;0.0
2009;4;30;43.402;70.116;0.41;26.59;28.61;25.48;83.31;6.84;35.9;4.75
2009;5;1;36.065;67.471;0.34;26.57;28.59;25.32;84.76;6.2;38.8;2.37
2009;5;2;46.538;69.221;0.44;26.75;29.33;25.08;83.65;6.21;43.0;5.61
2009;5;3;2.513;68.786;0.24;26.43;29.07;25.1;86.49;5.08;40.2;21.0
2009;5;4;5.07;71.784;0.48;26.99;30.1;25.19;82.42;4.19;31.1;16.58
2009;5;5;60.806;72.434;0.58;27.12;29.71;25.53;82.73;4.67;33.2;4.31
2009;5;6;62.765;72.144;0.6;27.89;31.33;25.64;80.81;4.61;41.7;0.22
2009;5;7;59.906;71.234;0.57;27.85;30.96;25.93;81.63;5.25;45.0;0.46
2009;5;8;4.321;68.947;0.41;27.58;29.86;26.0;83.16;4.4;48.7;0.47
2009;5;9;67.654;7.141;0.65;27.89;30.3;26.35;83.92;5.51;41.8;0.18
2009;5;10;59.422;69.727;0.57;27.93;30.46;26.37;82.81;6.28;44.5;0.29
2009;5;11;57.103;69.545;0.55;27.62;30.14;25.9;81.61;6.34;42.4;0.02
2009;5;12;54.754;68.299;0.52;27.34;29.64;25.91;81.2;6.09;40.4;0.0
2009;5;13;49.255;67.058;0.47;27.45;30.31;25.8;80.69;5.64;38.5;0.06
2009;5;14;60.218;68.837;0.58;27.57;30.25;25.77;81.93;5.64;36.1;0.25
2009;5;15;37.366;69.403;0.36;27.3;29.5;25.92;84.07;5.05;44.6;0.43
2009;5;16;56.131;68.323;0.54;27.75;30.49;25.69;81.85;4.79;42.2;0.25
2009;5;17;53.659;69.098;0.52;27.68;30.37;25.94;82.19;3.92;48.6;0.21
2009;5;18;58.452;70.342;0.56;28.45;32.39;26.0;79.27;3.13;28.8;0.25
2009;5;19;65.868;70.442;0.63;28.69;32.44;26.39;79.92;3.39;12.7;0.15
2009;5;20;54.986;68.974;0.53;28.34;30.93;26.75;80.57;3.08;5.7;0.25
2009;5;21;52.733;67.325;0.51;28.56;31.33;26.68;80.26;2.48;22.1;0.34
2009;5;22;49.198;68.976;0.47;29.03;31.74;27.11;81.94;2.58;27.0;0.65
2009;5;23;47.381;68.129;0.46;28.83;30.93;27.47;83.24;2.65;20.8;1.71
2009;5;24;47.465;67.795;0.46;28.83;31.87;27.33;81.62;3.08;35.3;8.33
2009;5;25;50.947;6.785;0.49;28.77;31.36;27.3;82.3;4.59;36.6;3.26
2009;5;26;62.762;69.564;0.61;28.98;31.56;27.43;81.12;4.29;39.7;0.83
2009;5;27;65.009;69.367;0.63;28.99;31.37;27.38;79.53;4.52;49.3;0.78
2009;5;28;56.525;68.736;0.55;28.98;31.06;27.66;79.79;4.04;55.0;1.66
2009;5;29;58.481;67.092;0.57;29.23;32.41;27.26;77.08;3.46;46.1;1.58
2009;5;30;64.214;69.624;0.62;29.11;32.4;26.87;76.3;4.57;44.5;0.25
2009;5;31;67.037;69.874;0.65;28.94;32.18;26.92;74.52;6.27;41.3;0.0
2009;6;1;68.071;7.129;0.66;29.09;32.76;26.4;73.76;6.46;44.3;0.0
2009;6;2;6.905;72.149;0.67;29.11;33.17;26.21;73.85;6.95;41.6;0.0
2009;6;3;64.262;70.613;0.62;29.04;32.57;26.7;77.7;6.42;44.9;0.0
2009;6;4;47.882;67.579;0.46;28.28;30.67;26.51;82.46;4.45;50.1;0.62
2009;6;5;34.087;67.651;0.33;27.76;29.89;26.32;83.47;3.25;58.3;5.5
2009;6;6;44.746;67.764;0.43;27.1;28.87;25.82;85.81;3.0;14.7;7.09
2009;6;7;37.406;67.378;0.36;27.64;29.64;26.38;85.07;4.46;50.3;5.33
2009;6;8;54.163;6.906;0.53;28.15;30.63;26.54;82.97;4.44;46.8;1.37
2009;6;9;50.311;70.579;0.49;28.63;31.82;26.73;83.06;3.49;48.9;2.48
2009;6;10;30.538;69.089;0.3;28.47;31.23;26.56;79.59;2.96;352.5;2.77
2009;6;11;57.228;70.469;0.56;27.58;29.78;26.18;80.03;2.7;43.4;2.84
2009;6;12;53.095;69.367;0.52;27.25;29.63;26.04;82.92;4.13;31.5;4.45
2009;6;13;21.686;69.034;0.21;26.94;28.82;25.96;87.44;4.08;35.2;5.74
2009;6;14;5.681;69.816;0.55;27.57;30.09;26.16;82.05;2.65;12.2;2.22
2009;6;15;55.697;70.673;0.54;27.78;29.88;26.17;84.44;4.06;29.6;2.76
2009;6;16;5.533;70.848;0.54;28.62;31.06;26.95;79.49;4.87;49.7;2.43
2009;6;17;61.889;69.103;0.6;28.45;30.43;26.98;83.61;4.16;58.6;3.06
2009;6;18;53.374;67.661;0.52;28.63;31.03;27.04;81.42;3.59;53.0;4.58
2009;6;19;3.654;67.193;0.36;28.5;30.78;27.02;81.88;5.17;41.3;2.71
2009;6;20;55.457;67.337;0.54;28.51;31.43;26.69;78.8;5.89;44.4;1.07
2009;6;21;40.051;6.75;0.39;28.14;30.69;26.69;79.05;4.76;43.9;2.39
2009;6;22;27.938;67.486;0.27;27.87;29.79;26.67;80.38;3.07;50.9;9.65
2009;6;23;57.139;68.678;0.56;27.34;29.67;26.03;80.35;1.24;16.0;8.94
2009;6;24;59.582;70.416;0.58;28.09;31.24;25.9;83.5;3.4;36.1;5.05
2009;6;25;48.211;69.833;0.47;27.91;30.01;26.45;86.57;3.8;32.6;3.95
2009;6;26;58.414;71.086;0.57;28.57;31.29;26.83;82.89;4.02;52.8;2.28
2009;6;27;59.885;70.109;0.58;29.42;33.39;26.92;76.85;2.83;73.1;1.71
2009;6;28;36.322;68.549;0.35;28.0;30.77;26.33;81.45;3.57;57.6;4.43
2009;6;29;50.724;67.865;0.49;28.32;31.07;26.47;78.91;2.88;47.4;1.55
2009;6;30;47.429;65.047;0.46;28.53;30.82;26.95;81.34;4.7;46.4;1.98
2009;7;1;54.298;6.857;0.53;28.54;31.14;26.87;80.6;5.09;45.3;1.56
2009;7;2;50.398;69.874;0.49;28.33;30.67;26.91;83.71;5.34;53.0;6.8
2009;7;3;6.343;70.831;0.62;28.49;31.45;26.27;78.31;6.46;51.9;0.48
2009;7;4;45.451;69.055;0.44;27.92;30.03;26.48;81.89;5.25;50.1;2.56
2009;7;5;54.778;6.894;0.53;27.63;30.14;25.86;82.56;4.51;47.8;1.94
2009;7;6;6.407;69.912;0.62;28.02;30.77;26.21;83.38;4.35;45.5;0.6
2009;7;7;58.042;70.826;0.57;28.43;30.99;26.71;82.28;4.99;51.6;1.25
2009;7;8;55.392;70.493;0.54;28.36;31.82;26.33;81.19;4.84;41.8;1.26
2009;7;9;40.361;69.336;0.39;27.75;29.8;26.43;84.35;5.18;53.0;1.53
2009;7;10;6.168;71.683;0.6;28.1;30.84;26.47;81.67;5.53;45.4;0.77
2009;7;11;57.276;70.618;0.56;27.79;30.3;26.26;82.17;5.11;44.5;2.23
2009;7;12;59.683;69.055;0.58;28.37;31.32;26.26;79.66;6.17;50.9;0.28
2009;7;13;69.108;71.887;0.67;28.54;31.74;26.32;77.88;6.76;41.8;0.01
2009;7;14;69.067;71.635;0.67;28.83;32.3;26.43;78.82;6.09;43.6;0.12
2009;7;15;63.643;71.674;0.62;28.7;31.52;26.79;79.55;6.43;45.3;0.02
2009;7;16;55.258;70.145;0.54;28.76;31.4;26.93;78.06;7.65;48.2;0.02
2009;7;17;65.695;70.999;0.64;28.9;32.06;26.87;76.78;8.25;46.3;0.01
2009;7;18;66.086;70.385;0.64;28.66;32.06;26.69;78.16;6.8;45.7;0.02
2009;7;19;6.469;70.565;0.63;27.98;29.85;26.67;83.59;5.72;42.7;0.69
2009;7;20;41.246;68.563;0.4;27.8;30.36;26.39;85.52;3.81;33.6;5.37
2009;7;21;46.159;68.837;0.45;27.68;30.03;26.43;85.88;3.48;39.6;10.81
2009;7;22;65.755;70.289;0.64;28.28;30.69;26.56;82.07;2.63;28.1;4.15
2009;7;23;52.318;67.512;0.51;28.58;31.74;26.5;82.09;5.78;44.4;1.96
2009;7;24;67.121;71.074;0.65;28.77;31.9;26.85;81.31;6.56;49.4;4.81
2009;7;25;68.645;72.082;0.67;28.73;31.58;26.82;80.04;5.58;52.2;0.25
2009;7;26;65.042;7.223;0.63;28.73;31.97;26.54;76.37;7.51;44.7;0.0
2009;7;27;70.486;72.418;0.68;28.61;32.05;26.1;76.22;7.34;44.9;0.01
2009;7;28;65.674;71.522;0.64;29.06;32.46;26.78;78.11;5.82;46.2;0.08
2009;7;29;65.131;70.457;0.63;28.65;31.82;26.69;79.96;6.72;49.9;5.77
2009;7;30;45.403;6.834;0.44;27.7;30.03;26.56;85.1;4.94;47.8;1.95
2009;7;31;55.546;7.105;0.54;27.86;30.19;26.22;85.02;4.57;41.6;1.94
2009;8;1;61.745;71.143;0.6;28.01;30.5;26.3;82.62;6.17;44.9;0.44
2009;8;2;68.446;71.707;0.66;28.51;31.79;26.27;79.21;7.32;43.3;0.47
2009;8;3;6.673;7.152;0.64;28.31;30.78;26.89;82.58;6.28;43.4;1.16
2009;8;4;54.737;69.754;0.53;28.19;30.98;26.62;83.67;4.85;39.3;2.44
2009;8;5;46.973;69.842;0.45;28.43;31.68;26.72;81.6;4.57;50.6;0.71
2009;8;6;35.854;68.695;0.35;27.84;29.98;26.48;84.96;3.34;43.2;7.74
2009;8;7;4.038;65.935;0.39;27.8;30.16;26.48;85.21;3.92;44.4;5.86
2009;8;8;50.419;69.571;0.49;28.02;30.37;26.46;82.44;6.62;49.4;2.95
2009;8;9;45.156;69.982;0.44;28.09;30.76;26.61;80.42;7.36;49.3;4.31
2009;8;10;6.703;71.246;0.65;28.25;31.17;26.52;82.46;5.64;43.9;0.95
2009;8;11;61.824;72.286;0.6;28.97;32.58;26.93;80.14;5.87;39.4;0.7
2009;8;12;60.346;69.624;0.58;28.67;31.24;27.11;81.56;6.43;41.3;1.56
2009;8;13;48.482;7.015;0.47;28.12;30.63;26.84;84.51;5.17;41.2;1.59
2009;8;14;4.614;6.816;0.44;28.36;31.18;26.91;83.79;4.09;36.9;4.41
2009;8;15;59.592;69.614;0.57;28.21;30.6;26.7;82.58;5.82;43.8;2.86
2009;8;16;56.088;69.199;0.54;28.6;31.86;26.63;77.14;5.76;45.6;0.48
2009;8;17;59.462;69.986;0.57;28.46;31.69;26.33;79.69;5.32;41.1;2.21
2009;8;18;4.998;70.896;0.48;28.08;30.42;26.57;83.59;5.4;45.6;27.03
2009;8;19;60.802;71.515;0.59;28.01;30.34;26.69;83.57;5.35;44.6;10.54
2009;8;20;62.335;70.399;0.6;28.17;31.61;26.05;79.2;5.86;37.0;0.55
2009;8;21;5.262;68.371;0.51;28.05;31.19;26.39;80.32;4.4;41.1;3.03
2009;8;22;57.053;69.792;0.55;28.11;31.12;26.33;85.82;5.39;35.8;11.99
2009;8;23;55.889;71.117;0.54;28.43;31.65;26.74;81.14;7.37;43.1;2.14
2009;8;24;59.177;70.464;0.57;28.21;30.34;26.6;84.01;4.48;51.1;0.4
2009;8;25;61.474;6.978;0.59;28.24;29.88;27.13;85.47;2.9;56.7;0.49
2009;8;26;64.358;6.973;0.62;28.39;30.32;27.27;84.86;3.85;44.2;0.39
2009;8;27;61.478;7.045;0.59;28.78;31.08;27.21;83.13;3.52;45.2;0.52
2009;8;28;55.114;68.909;0.53;28.78;31.38;27.44;82.59;4.7;44.1;0.26
2009;8;29;40.442;68.215;0.39;28.37;31.18;26.98;81.52;5.87;43.9;3.6
2009;8;30;53.484;68.254;0.52;27.99;30.06;26.71;84.86;3.52;55.5;3.75
2009;8;31;6.39;71.467;0.62;29.02;32.33;26.9;79.53;3.54;35.3;2.38
2009;9;1;68.107;71.578;0.66;28.59;31.24;26.93;80.07;5.38;41.4;0.66
2009;9;2;67.603;70.968;0.65;28.61;31.2;27.02;82.64;5.97;40.2;0.72
2009;9;3;6.108;69.545;0.59;28.44;30.63;26.96;85.17;5.11;43.7;0.49
2009;9;4;53.278;69.154;0.52;28.42;31.03;26.84;84.55;3.57;44.7;0.58
2009;9;5;66.146;7.141;0.64;28.72;32.26;26.79;82.2;3.46;43.2;0.31
2009;9;6;68.897;71.892;0.67;29.5;32.86;27.47;80.72;4.97;38.5;0.12
2009;9;7;67.109;71.498;0.65;29.22;31.88;27.47;81.06;5.16;39.2;0.19
2009;9;8;60.098;70.061;0.58;28.9;31.57;27.43;79.92;5.63;43.3;0.26
2009;9;9;39.302;68.021;0.38;28.55;30.57;27.22;83.1;4.62;44.6;2.6
2009;9;10;5.514;68.822;0.54;28.65;31.07;27.47;85.15;4.03;33.9;4.88
2009;9;11;60.319;70.598;0.59;28.73;31.4;27.14;83.46;3.53;49.0;5.29
2009;9;12;43.985;68.266;0.43;28.52;31.53;26.99;81.16;4.5;42.7;3.27
2009;9;13;55.128;69.514;0.54;28.17;30.24;26.74;82.2;3.34;34.7;2.17
2009;9;14;61.853;71.395;0.6;28.69;31.4;27.16;80.13;4.22;37.1;0.45
2009;9;15;42.511;68.798;0.42;28.57;31.3;26.98;81.77;4.46;38.1;5.02
2009;9;16;37.704;68.021;0.37;27.62;29.06;26.34;86.6;3.05;23.6;8.68
2009;9;17;28.056;70.783;0.27;27.05;28.53;25.88;84.13;2.54;196.2;6.0
2009;9;18;63.127;69.929;0.62;28.21;30.62;26.22;81.95;3.9;36.6;1.8
2009;9;19;62.095;70.675;0.61;29.0;31.89;27.54;81.6;5.01;38.1;0.74
2009;9;20;62.393;6.984;0.61;28.83;31.01;27.63;82.78;5.44;42.6;1.45
2009;9;21;5.664;69.598;0.56;28.71;30.56;27.69;86.07;4.42;47.5;1.46
2009;9;22;48.509;68.779;0.48;27.93;29.98;26.48;83.63;2.14;89.8;1.12
2009;9;23;39.084;68.782;0.39;28.64;31.43;26.74;82.39;3.22;37.2;0.03
2009;9;24;67.106;70.073;0.66;29.1;31.79;27.32;81.26;4.5;47.0;0.02
2009;9;25;64.106;69.674;0.63;29.3;32.19;27.48;80.01;4.35;46.1;0.02
2009;9;26;60.571;69.835;0.6;29.19;32.04;27.42;81.23;4.71;41.7;0.03
2009;9;27;57.065;68.446;0.57;28.86;31.21;27.46;84.35;4.47;39.8;1.23
2009;9;28;45.818;68.899;0.46;27.89;29.59;26.39;85.8;5.09;56.6;1.54
2009;9;29;64.214;70.135;0.64;29.19;32.36;27.19;80.23;3.78;55.9;0.61
2009;9;30;71.258;71.738;0.71;29.22;31.83;27.47;81.46;3.82;50.6;0.51
2009;10;1;5.556;67.764;0.56;29.14;31.68;27.55;82.48;3.32;50.3;1.3
2009;10;2;37.406;66.067;0.37;28.33;30.56;27.12;84.86;4.06;35.3;3.13
2009;10;3;19.075;65.314;0.19;28.64;30.89;27.23;80.95;4.52;69.6;2.56
2009;10;4;43.853;65.393;0.44;28.5;31.01;26.96;79.86;5.32;48.7;0.84
2009;10;5;62.558;68.762;0.63;28.91;31.79;27.07;80.29;4.75;47.7;0.86
2009;10;6;44.825;6.708;0.45;28.99;30.88;27.6;80.87;5.51;47.3;0.52
2009;10;7;56.686;68.162;0.57;29.26;32.07;27.49;79.3;6.64;45.7;0.52
2009;10;8;58.862;67.752;0.6;29.26;31.79;27.5;81.16;4.44;55.9;0.01
2009;10;9;65.758;68.662;0.67;29.45;32.72;27.49;79.15;5.22;43.9;0.01
2009;10;10;53.455;66.403;0.54;29.4;33.41;26.91;76.6;5.86;41.4;0.0
2009;10;11;49.291;6.653;0.5;28.91;31.38;27.52;79.4;5.52;43.8;0.01
2009;10;12;34.567;66.662;0.35;28.61;31.9;26.76;76.13;5.77;48.5;2.94
2009;10;13;58.356;66.713;0.6;28.39;31.48;26.45;79.12;4.86;43.9;4.76
2009;10;14;46.937;66.593;0.48;27.88;29.25;26.75;83.59;3.91;46.8;9.77
2009;10;15;50.028;67.421;0.52;27.44;29.14;26.39;81.87;4.06;29.3;4.8
2009;10;16;57.314;65.662;0.59;28.47;31.95;26.32;79.57;4.3;41.5;4.04
2009;10;17;60.228;65.722;0.62;28.69;31.61;26.98;82.77;4.06;49.4;6.87
2009;10;18;48.036;65.878;0.5;27.84;29.88;26.64;86.05;2.77;48.3;16.22
2009;10;19;42.384;6.414;0.44;27.93;30.34;26.62;82.96;3.47;39.2;11.69
2009;10;20;36.749;64.822;0.38;27.46;29.32;26.46;83.38;3.77;36.0;16.49
2009;10;21;45.979;64.886;0.48;27.41;29.24;26.3;82.09;3.14;39.7;7.78
2009;10;22;52.582;64.282;0.55;27.81;29.88;26.62;83.0;3.49;21.2;4.82
2009;10;23;44.345;63.996;0.47;27.36;28.51;26.67;86.01;4.51;32.3;0.95
2009;10;24;35.386;62.621;0.37;27.13;28.86;26.05;84.91;2.31;350.4;1.99
2009;10;25;48.614;61.598;0.51;27.86;30.54;25.82;83.51;3.55;42.5;1.79
2009;10;26;55.711;63.806;0.59;28.49;30.61;27.07;82.45;5.87;53.1;0.45
2009;10;27;54.269;63.924;0.58;28.39;30.18;27.06;83.0;4.72;49.4;1.42
2009;10;28;30.463;61.812;0.32;27.97;29.7;26.85;85.79;4.77;46.7;4.52
2009;10;29;40.001;62.196;0.43;27.96;29.51;27.07;86.04;5.42;38.4;16.23
2009;10;30;3.629;60.715;0.39;27.91;29.61;26.9;84.57;3.71;52.3;5.61
2009;10;31;34.673;62.479;0.37;27.5;29.11;26.69;84.86;4.29;33.9;2.82
2009;11;1;52.286;64.193;0.56;27.42;29.58;26.21;82.64;3.48;24.0;1.12
2009;11;2;41.863;62.664;0.45;26.79;29.82;24.14;79.34;1.9;340.3;8.3
2009;11;3;47.534;6.323;0.51;26.54;28.6;25.1;82.72;2.16;303.7;13.28
2009;11;4;51.542;62.438;0.56;26.72;28.39;25.28;86.58;3.07;7.2;11.8
2009;11;5;46.195;61.339;0.5;27.45;29.64;26.27;85.21;2.16;19.2;20.24
2009;11;6;4.685;6.204;0.51;26.44;27.49;25.61;89.18;2.65;359.5;21.33
2009;11;7;45.211;60.991;0.49;27.55;29.56;26.11;83.5;2.53;18.7;4.66
2009;11;8;45.893;60.701;0.5;27.38;29.39;26.28;86.98;4.16;37.1;5.75
2009;11;9;4.584;59.494;0.5;28.14;30.53;26.83;83.34;4.66;43.3;3.56
2009;11;10;54.602;61.486;0.6;28.36;30.82;27.07;83.66;4.71;39.7;5.71
2009;11;11;52.459;6.138;0.58;28.07;30.12;26.92;84.86;5.16;32.7;4.19
2009;11;12;5.321;60.958;0.59;27.88;29.63;26.91;86.02;3.55;25.6;0.69
2009;11;13;47.479;60.019;0.53;27.75;28.88;27.07;87.18;3.92;18.1;0.62
2009;11;14;45.137;5.849;0.5;28.58;30.53;27.16;82.32;3.05;36.2;0.67
2009;11;15;49.678;60.396;0.56;28.0;29.23;27.18;86.54;3.42;49.1;0.9
2009;11;16;54.749;61.126;0.61;28.38;30.74;27.12;82.75;5.39;24.0;0.32
2009;11;17;47.518;58.978;0.53;28.07;29.38;27.26;83.35;5.74;29.9;0.01
2009;11;18;4.537;58.997;0.51;28.15;29.32;27.52;82.82;6.91;36.2;0.02
2009;11;19;5.621;60.386;0.63;28.4;30.75;27.48;81.57;6.61;40.8;0.02
2009;11;20;58.385;60.917;0.66;28.6;31.26;27.05;81.42;6.92;43.0;0.02
2009;11;21;5.399;60.206;0.61;28.69;31.32;27.2;84.62;6.08;44.0;0.14
2009;11;22;5.105;5.851;0.58;28.31;29.8;27.32;87.2;5.87;46.0;0.74
2009;11;23;49.558;57.792;0.56;27.94;29.25;26.9;87.64;5.61;50.4;1.09
2009;11;24;4.398;58.332;0.5;28.07;29.71;27.07;85.79;6.09;51.2;0.96
2009;11;25;34.826;56.777;0.4;27.68;28.84;26.86;86.76;4.33;55.1;1.71
2009;11;26;55.452;58.289;0.64;27.95;30.38;26.8;84.52;5.92;47.2;0.69
2009;11;27;55.368;59.016;0.64;28.15;30.64;26.47;79.98;7.3;40.5;0.0
2009;11;28;4.417;59.446;0.51;28.18;30.61;26.86;78.43;8.08;41.5;0.0
2009;11;29;50.316;58.246;0.58;28.26;30.84;26.72;80.04;7.29;41.7;0.01
2009;11;30;55.397;59.119;0.64;28.31;31.27;26.42;79.12;7.29;43.3;0.0
2009;12;1;57.598;59.695;0.67;28.23;31.37;26.18;80.07;6.75;44.9;0.01
2009;12;2;5.838;59.534;0.68;28.55;32.15;26.14;80.96;5.62;43.9;0.01
2009;12;3;57.312;59.551;0.67;28.5;31.86;26.23;79.61;6.99;46.3;0.0
2009;12;4;5.701;60.432;0.66;28.28;31.34;26.47;77.8;8.01;48.1;0.0
2009;12;5;5.791;5.909;0.67;28.17;31.45;25.82;78.85;6.03;44.7;0.0
2009;12;6;58.066;6.066;0.68;28.03;31.16;26.11;77.14;7.73;42.6;0.0
2009;12;7;56.942;5.989;0.66;28.03;31.22;25.96;78.16;7.97;44.8;0.06
2009;12;8;56.527;59.054;0.66;28.0;31.15;26.04;77.42;6.77;42.2;0.02
2009;12;9;53.707;57.804;0.63;28.21;32.14;25.95;77.54;5.8;47.2;0.01
2009;12;10;5.34;57.768;0.63;28.09;31.57;26.1;76.73;6.68;44.6;0.06
2009;12;11;56.112;5.765;0.66;28.34;31.76;26.22;74.41;7.5;44.7;0.01
2009;12;12;54.612;5.862;0.64;28.27;31.35;26.2;72.96;9.44;51.5;0.0
2009;12;13;57.086;59.988;0.67;28.25;31.46;26.2;72.83;8.69;51.3;0.0
2009;12;14;58.392;59.729;0.69;27.99;31.53;25.97;73.21;8.49;49.3;0.0
2009;12;15;58.738;59.129;0.69;27.63;31.23;25.21;72.42;7.49;49.2;0.0
2009;12;16;56.179;59.947;0.66;26.99;30.77;24.75;76.31;7.34;44.4;0.0
2009;12;17;55.673;59.153;0.65;26.71;30.39;24.08;78.7;6.57;41.4;0.01
2009;12;18;55.524;58.382;0.65;27.01;31.24;24.6;76.73;4.67;38.6;0.0
2009;12;19;48.502;55.238;0.57;26.55;29.64;24.64;83.29;3.68;17.8;0.74
2009;12;20;47.794;54.062;0.56;26.82;30.2;24.86;83.75;3.55;23.5;0.68
2009;12;21;45.065;55.596;0.53;26.95;29.4;25.61;84.94;5.39;37.7;3.15
2009;12;22;34.447;54.646;0.41;27.21;30.02;25.71;85.44;2.32;55.4;9.78
2009;12;23;30.528;55.997;0.36;25.95;27.48;24.9;87.27;2.03;350.7;7.17
2009;12;24;53.779;57.151;0.63;26.98;29.75;25.15;83.2;3.16;4.9;1.48
2009;12;25;51.048;56.602;0.6;27.55;30.8;25.75;83.1;5.52;23.6;0.97
2009;12;26;54.614;57.977;0.64;27.68;30.3;26.1;78.7;7.72;32.3;0.22
2009;12;27;44.196;55.354;0.52;27.99;30.6;26.37;77.69;7.24;35.4;0.31
2009;12;28;52.406;57.826;0.61;27.84;31.1;26.35;75.83;7.63;39.1;0.21
2009;12;29;56.234;59.417;0.66;27.44;30.43;25.51;75.91;8.79;41.6;0.08
2009;12;30;56.287;5.885;0.66;27.53;30.36;25.78;76.99;9.52;46.4;0.04
2009;12;31;59.393;59.902;0.69;27.49;31.46;24.73;72.28;8.12;47.8;0.0
2010;1;1;60.458;60.943;0.71;27.37;31.55;24.64;76.54;6.81;46.5;0.0
2010;1;2;5.904;60.425;0.69;27.09;31.06;24.87;77.46;6.53;40.4;0.0
2010;1;3;5.904;6.108;0.69;27.05;30.85;25.04;76.53;6.28;36.2;0.0
2010;1;4;59.861;60.744;0.7;26.98;31.24;24.83;78.17;5.99;33.1;0.0
2010;1;5;58.099;59.618;0.67;26.73;30.22;24.25;79.88;5.79;31.1;0.0
2010;1;6;54.276;57.535;0.63;26.95;29.86;25.26;81.48;7.23;32.3;0.0
2010;1;7;54.384;58.596;0.63;27.49;30.5;25.59;75.78;8.24;40.3;0.0
2010;1;8;5.873;5.933;0.68;27.65;31.23;25.11;71.55;7.98;45.5;0.0
2010;1;9;58.356;59.738;0.67;27.33;31.02;24.84;75.17;7.21;39.6;0.0
2010;1;10;43.058;57.617;0.5;26.95;30.51;24.66;79.53;6.55;35.1;0.0
2010;1;11;51.113;60.302;0.59;26.73;29.19;25.28;77.13;9.33;36.5;0.0
2010;1;12;56.834;60.202;0.65;26.97;29.94;25.28;75.73;8.98;39.9;0.0
2010;1;13;6.061;61.692;0.69;27.09;30.51;25.22;75.1;8.81;40.7;0.0
2010;1;14;59.237;60.835;0.68;27.28;30.46;25.4;74.78;8.45;44.5;0.0
2010;1;15;60.535;60.838;0.69;27.32;30.93;24.56;75.75;7.53;45.1;0.0
2010;1;16;60.991;6.119;0.69;27.48;32.01;24.62;74.63;6.89;43.5;0.0
2010;1;17;5.976;60.641;0.68;27.34;31.02;24.7;77.86;6.35;38.3;0.0
2010;1;18;59.645;6.077;0.67;27.59;31.86;24.69;76.18;6.65;39.9;0.0
2010;1;19;61.135;61.694;0.69;27.76;31.9;24.92;75.59;7.45;41.7;0.0
2010;1;20;62.414;62.664;0.7;27.78;31.65;24.84;75.38;7.82;45.1;0.0
2010;1;21;6.073;61.466;0.68;28.07;32.66;25.01;73.95;6.15;46.2;0.0
2010;1;22;63.089;64.577;0.71;28.22;32.92;25.46;76.11;4.13;38.5;0.0
2010;1;23;52.697;58.085;0.59;27.71;31.25;25.51;78.51;5.08;24.0;0.0
2010;1;24;52.474;58.003;0.58;27.68;30.92;25.97;76.62;6.74;37.3;0.0
2010;1;25;53.321;59.107;0.59;28.08;31.85;25.65;72.84;6.83;42.1;0.0
2010;1;26;59.676;60.823;0.66;27.65;31.17;25.49;71.77;7.77;39.8;0.0
2010;1;27;60.394;61.322;0.67;27.57;30.69;25.4;71.14;9.13;43.3;0.0
2010;1;28;63.698;6.431;0.7;27.8;30.88;26.11;70.83;10.81;47.5;0.0
2010;1;29;6.186;63.622;0.68;27.43;30.93;25.14;71.08;9.07;46.2;0.0
2010;1;30;6.198;62.479;0.68;27.77;32.35;24.57;73.6;6.27;41.6;0.0
2010;1;31;61.037;61.723;0.67;27.49;31.84;24.9;77.74;6.5;38.8;0.0
2010;2;1;6.211;6.253;0.68;27.53;31.4;25.13;75.71;7.47;39.8;0.0
2010;2;2;62.834;63.074;0.68;27.9;32.23;24.9;75.25;7.08;37.3;0.0
2010;2;3;60.108;62.597;0.65;27.4;30.82;25.38;76.02;8.74;36.9;0.0
2010;2;4;62.158;62.573;0.67;27.51;30.67;25.33;75.4;8.34;38.9;0.0
2010;2;5;50.266;5.891;0.54;27.72;31.24;25.7;76.89;7.35;39.0;0.0
2010;2;6;48.199;58.795;0.52;27.52;31.41;25.15;79.45;6.05;32.4;0.0
2010;2;7;3.881;60.427;0.42;26.58;28.93;25.11;81.67;6.66;21.4;0.0
2010;2;8;51.367;60.278;0.55;27.18;29.91;25.44;75.58;7.97;32.3;0.0
2010;2;9;61.102;62.534;0.65;27.88;32.26;25.26;76.66;6.1;29.8;0.0
2010;2;10;56.035;60.468;0.59;27.09;30.33;25.93;81.03;7.43;34.7;0.0
2010;2;11;56.064;61.625;0.59;27.2;29.6;25.58;75.88;8.89;36.5;0.0
2010;2;12;63.269;63.677;0.67;27.86;32.22;25.54;72.69;5.91;33.3;0.0
2010;2;13;45.314;59.911;0.48;27.48;31.8;25.03;78.82;3.54;5.7;0.0
2010;2;14;49.039;58.358;0.51;27.07;29.88;25.62;78.85;6.18;24.0;0.0
2010;2;15;51.953;58.517;0.54;27.44;30.36;25.74;77.34;6.98;34.9;0.0
2010;2;16;52.982;59.021;0.55;28.01;32.81;25.63;74.54;6.85;31.4;0.0
2010;2;17;4.704;61.954;0.49;27.09;30.48;25.39;75.58;8.09;30.2;0.0
2010;2;18;52.481;61.483;0.54;27.28;29.98;25.78;75.9;9.18;31.2;0.0
2010;2;19;56.765;59.357;0.59;27.86;31.35;25.84;73.56;8.76;36.9;0.0
2010;2;20;55.798;59.947;0.57;27.86;32.13;25.9;76.28;7.18;40.2;0.0
2010;2;21;52.877;60.017;0.54;27.82;31.31;25.9;75.69;6.97;32.6;0.0
2010;2;22;50.878;59.239;0.52;28.37;33.34;25.65;74.33;4.43;36.8;0.0
2010;2;23;45.773;62.806;0.47;27.94;31.96;25.41;78.02;2.78;345.8;0.0
2010;2;24;4.183;59.378;0.43;27.3;30.71;24.91;80.02;2.64;2.3;0.02
2010;2;25;32.822;5.743;0.33;27.02;29.48;25.37;81.37;3.06;3.0;0.11
2010;2;26;38.731;5.957;0.39;27.22;29.97;25.39;79.87;4.34;22.2;0.02
2010;2;27;49.334;60.334;0.5;27.38;29.67;26.13;82.04;5.25;23.4;0.21
2010;2;28;49.212;59.669;0.5;27.48;30.15;25.97;80.0;6.72;31.0;0.02
2010;3;1;59.311;63.288;0.6;28.34;31.85;26.3;75.29;7.46;32.4;0.0
2010;3;2;46.805;57.511;0.47;28.74;32.85;26.23;75.8;4.67;34.4;0.05
2010;3;3;27.595;55.414;0.28;27.85;30.31;26.6;81.41;4.14;15.0;0.44
2010;3;4;35.184;53.597;0.35;27.69;30.22;26.39;78.93;6.34;22.5;0.05
2010;3;5;4.409;59.249;0.44;27.69;30.56;26.37;80.36;7.57;20.2;0.08
2010;3;6;47.815;62.206;0.48;27.67;29.95;26.3;81.25;7.31;19.8;1.35
2010;3;7;35.573;65.402;0.35;27.41;29.72;26.2;82.0;8.05;14.5;6.06
2010;3;8;46.687;66.814;0.46;27.55;30.01;26.3;81.34;8.67;27.3;5.34
2010;3;9;50.873;65.405;0.5;28.07;31.47;26.16;80.42;7.22;29.5;2.75
2010;3;10;47.234;64.534;0.47;28.44;32.14;26.53;81.1;6.13;38.2;1.22
2010;3;11;46.046;61.618;0.45;28.2;30.94;26.59;82.42;4.07;34.5;0.57
2010;3;12;48.511;63.007;0.48;28.61;32.36;26.37;81.37;3.39;28.1;0.28
2010;3;13;53.148;64.886;0.52;28.37;31.18;26.72;82.28;3.62;4.7;0.14
2010;3;14;52.927;6.69;0.52;28.45;31.51;26.87;77.96;5.98;23.7;0.01
2010;3;15;56.796;66.842;0.56;28.17;31.2;26.38;77.7;7.38;28.6;0.0
2010;3;16;57.742;65.902;0.56;28.28;32.24;26.33;75.0;7.63;24.6;0.03
2010;3;17;38.153;58.771;0.37;28.23;31.44;26.81;78.89;6.48;23.5;2.46
2010;3;18;4.284;63.926;0.42;27.56;29.27;26.68;85.41;5.18;24.2;4.6
2010;3;19;54.785;6.565;0.53;28.12;30.76;26.73;83.91;5.79;27.7;1.97
2010;3;20;55.135;66.432;0.54;28.53;31.6;26.83;82.04;6.31;34.6;1.11
2010;3;21;55.546;66.149;0.54;29.11;33.1;26.7;77.62;6.47;36.4;0.59
2010;3;22;57.029;69.566;0.55;29.11;32.33;26.84;73.61;7.37;38.5;0.0
2010;3;23;67.409;72.449;0.65;28.58;32.0;26.47;70.24;8.59;41.0;0.0
2010;3;24;70.056;71.095;0.68;28.85;33.29;25.91;69.45;7.54;39.7;0.0
2010;3;25;67.015;68.662;0.65;28.97;33.28;26.35;73.32;7.23;38.7;0.01
2010;3;26;58.375;67.826;0.56;28.98;33.45;26.1;73.72;6.76;32.7;0.0
2010;3;27;57.842;65.714;0.56;28.26;31.38;26.35;75.59;7.81;38.5;0.02
2010;3;28;65.158;68.131;0.63;28.67;32.61;26.42;73.57;8.18;36.8;0.03
2010;3;29;59.393;6.593;0.57;29.08;32.96;26.64;72.16;6.99;41.6;0.31
2010;3;30;46.747;63.907;0.45;28.32;30.84;26.7;76.76;6.47;32.3;0.74
2010;3;31;51.934;63.694;0.5;27.83;30.23;26.42;77.68;8.32;35.7;0.34
2010;4;1;55.848;64.915;0.53;28.31;31.34;26.52;75.33;8.59;36.8;0.13
2010;4;2;59.249;66.924;0.57;28.71;32.29;26.77;72.78;7.59;33.6;0.02
2010;4;3;55.378;66.031;0.53;28.72;32.43;26.4;72.25;7.35;33.0;0.0
2010;4;4;51.929;63.862;0.5;28.61;31.82;26.46;72.11;8.56;39.0;0.0
2010;4;5;51.127;64.123;0.49;28.49;31.76;26.66;75.46;8.48;39.4;2.66
2010;4;6;48.187;66.478;0.46;28.18;31.14;26.57;74.72;8.41;41.3;0.01
2010;4;7;55.843;69.816;0.53;28.18;30.7;26.65;76.03;7.91;41.1;0.0
2010;4;8;56.858;70.908;0.54;28.53;32.46;26.27;75.89;6.75;39.4;0.0
2010;4;9;53.146;69.665;0.51;28.45;31.6;26.53;78.18;6.91;39.0;0.02
2010;4;10;44.023;67.339;0.42;28.06;31.13;26.2;80.49;7.59;36.0;0.36
2010;4;11;45.941;67.586;0.44;27.98;30.77;26.37;78.36;7.15;37.4;0.91
2010;4;12;34.176;70.032;0.33;28.06;31.25;26.22;78.75;7.08;35.1;2.64
2010;4;13;47.722;69.266;0.45;27.5;29.44;26.43;83.05;5.8;31.6;3.36
2010;4;14;30.492;70.202;0.29;27.33;29.62;26.23;85.04;5.32;29.6;4.88
2010;4;15;57.533;7.037;0.55;27.47;29.51;26.03;83.91;5.71;30.7;1.21
2010;4;16;4.615;69.912;0.44;27.96;30.4;26.46;81.55;5.99;37.8;0.81
2010;4;17;63.312;71.527;0.6;28.06;31.48;26.28;82.49;3.33;40.7;2.43
2010;4;18;57.108;70.788;0.54;28.66;32.12;26.57;81.24;4.08;25.6;1.57
2010;4;19;47.304;71.153;0.45;28.2;30.37;26.97;86.2;3.59;28.3;8.56
2010;4;20;27.706;69.276;0.26;27.86;29.61;26.83;86.05;4.82;17.9;9.53
2010;4;21;5.401;69.434;0.51;28.09;30.18;26.62;84.31;5.25;21.7;0.41
2010;4;22;63.986;70.956;0.61;28.68;30.73;27.46;83.31;7.03;34.9;0.24
2010;4;23;6.402;71.818;0.61;29.21;32.02;27.48;81.8;7.01;35.3;0.1
2010;4;24;56.098;69.302;0.53;29.38;33.39;27.22;80.56;6.35;40.1;0.19
2010;4;25;46.903;67.589;0.45;28.61;31.18;27.24;85.56;4.2;47.0;2.22
2010;4;26;35.155;70.714;0.33;27.8;29.04;26.84;88.14;2.59;278.8;8.64
2010;4;27;4.573;70.726;0.44;28.07;30.29;26.51;84.8;2.34;9.9;11.35
2010;4;28;51.151;7.115;0.49;28.73;31.84;27.02;84.46;4.46;26.3;3.07
2010;4;29;49.627;7.139;0.47;28.27;30.49;27.19;87.18;4.43;41.1;23.24
2010;4;30;52.942;69.046;0.5;29.15;32.73;26.69;77.59;6.21;42.4;1.0
2010;5;1;68.011;71.746;0.65;29.11;32.92;26.72;77.35;5.44;49.2;0.2
2010;5;2;57.158;70.116;0.54;29.02;32.5;26.99;77.88;5.76;46.8;2.6
2010;5;3;41.983;69.278;0.4;28.34;30.73;26.65;77.06;5.55;45.0;6.73
2010;5;4;54.166;7.116;0.52;28.23;30.99;26.68;80.53;3.49;51.7;1.42
2010;5;5;62.186;70.829;0.59;28.8;32.06;26.73;76.72;5.44;43.0;2.65
2010;5;6;66.938;72.734;0.64;28.66;31.71;26.95;77.43;6.5;43.0;0.15
2010;5;7;70.454;72.422;0.67;29.01;32.88;26.93;74.93;7.05;40.3;0.03
2010;5;8;68.522;71.242;0.65;28.52;30.56;26.96;79.75;6.24;42.2;0.11
2010;5;9;43.882;69.912;0.42;28.36;30.13;27.17;81.96;6.4;39.0;0.27
2010;5;10;61.608;70.358;0.59;28.32;29.94;27.29;82.26;7.32;42.0;0.3
2010;5;11;55.253;71.328;0.53;29.12;32.25;27.02;74.62;8.01;45.0;0.0
2010;5;12;58.099;71.556;0.56;28.58;30.72;26.94;79.21;7.52;45.6;0.01
2010;5;13;45.542;68.832;0.44;28.47;31.02;26.88;81.46;6.63;48.9;0.14
2010;5;14;51.614;7.183;0.49;28.55;31.29;27.0;81.89;6.98;46.4;0.06
2010;5;15;5.604;70.236;0.54;28.3;30.66;26.8;83.39;5.47;47.8;0.09
2010;5;16;61.733;7.14;0.59;28.4;31.1;26.64;82.37;5.24;45.0;0.18
2010;5;17;64.942;7.159;0.62;28.92;32.88;26.63;80.86;5.42;40.0;0.06
2010;5;18;59.825;69.866;0.57;28.88;32.14;26.97;83.2;4.59;39.7;0.13
2010;5;19;53.532;6.977;0.51;28.79;32.04;27.08;84.07;5.08;39.2;0.76
2010;5;20;26.702;66.466;0.26;27.78;29.96;26.69;90.0;2.87;35.7;24.26
2010;5;21;27.523;69.406;0.26;27.44;29.51;26.39;89.23;3.18;23.3;28.46
2010;5;22;57.934;70.423;0.56;27.83;29.84;26.24;85.9;3.28;16.5;9.02
2010;5;23;47.861;69.869;0.46;27.99;29.85;26.86;85.61;3.5;19.9;19.0
2010;5;24;52.486;71.506;0.51;28.43;31.33;26.4;81.68;2.75;14.0;14.44
2010;5;25;51.295;70.459;0.49;27.86;29.37;26.9;85.15;2.6;358.4;9.95
2010;5;26;42.749;70.582;0.41;27.55;28.77;26.67;84.47;2.49;347.4;13.55
2010;5;27;36.737;70.951;0.35;27.5;28.96;26.51;83.85;3.54;223.4;8.63
2010;5;28;47.669;71.753;0.46;27.9;30.22;26.22;79.85;3.28;219.1;5.87
2010;5;29;55.315;72.324;0.53;28.19;31.33;25.82;80.63;2.92;255.1;2.42
2010;5;30;61.949;72.838;0.6;28.22;30.48;26.82;82.64;2.76;347.4;1.5
2010;5;31;52.258;70.627;0.51;28.78;31.3;27.11;83.39;5.45;29.6;4.25
2010;6;1;49.387;70.378;0.48;29.24;31.84;27.96;84.37;4.73;38.3;11.76
2010;6;2;40.714;70.363;0.39;29.14;30.85;27.89;83.51;1.51;27.9;13.27
2010;6;3;58.987;70.932;0.57;28.02;29.32;27.33;87.12;1.74;293.1;7.26
2010;6;4;57.173;69.653;0.55;29.45;31.99;27.37;81.44;3.31;33.3;5.08
2010;6;5;64.601;69.614;0.63;29.39;32.06;27.81;81.69;5.31;46.2;2.87
2010;6;6;58.742;70.301;0.57;28.92;30.69;27.82;86.03;4.77;47.7;3.48
2010;6;7;41.988;67.493;0.41;27.61;28.55;27.0;90.16;3.12;41.8;8.76
2010;6;8;36.077;6.721;0.35;28.11;29.77;27.08;85.56;2.4;353.7;4.54
2010;6;9;36.502;67.908;0.35;28.09;29.8;26.89;87.67;4.15;39.3;8.57
2010;6;10;32.575;67.219;0.32;27.95;29.49;26.67;86.07;3.58;63.2;10.71
2010;6;11;56.359;70.301;0.55;28.2;30.1;26.71;86.39;3.82;39.2;7.61
2010;6;12;54.166;70.212;0.53;28.3;30.08;27.23;85.25;5.12;48.7;11.53
2010;6;13;42.994;69.192;0.42;27.87;29.59;26.91;85.86;5.06;51.1;7.12
2010;6;14;36.137;6.857;0.35;27.57;28.68;26.63;88.95;4.65;46.7;12.54
2010;6;15;40.433;68.443;0.39;27.8;29.16;26.73;86.01;4.58;52.8;7.54
2010;6;16;39.986;68.261;0.39;28.09;29.86;26.89;85.63;5.65;52.8;3.02
2010;6;17;56.786;69.324;0.55;27.98;29.62;26.77;86.43;5.21;48.2;5.35
2010;6;18;52.757;68.957;0.51;28.19;29.87;27.22;87.11;5.63;45.7;3.61
2010;6;19;45.518;68.791;0.44;28.43;31.28;26.87;85.07;4.25;43.1;11.94
2010;6;20;29.914;70.375;0.29;27.63;29.93;26.44;87.54;2.73;29.8;20.17
2010;6;21;59.491;71.158;0.58;26.91;28.6;25.65;85.79;3.54;225.3;11.67
2010;6;22;57.521;71.388;0.56;27.76;29.93;25.95;79.59;1.96;14.5;3.26
2010;6;23;62.206;71.825;0.61;28.42;31.46;26.51;80.59;2.44;8.5;2.66
2010;6;24;56.395;70.073;0.55;28.31;30.64;26.9;83.06;2.52;358.0;6.33
2010;6;25;56.131;69.149;0.55;28.57;30.31;27.3;86.55;4.68;41.9;4.62
2010;6;26;45.108;69.607;0.44;28.53;30.96;27.0;83.24;2.92;58.8;16.44
2010;6;27;19.522;69.454;0.19;27.17;28.28;26.52;89.66;2.08;345.1;9.27
2010;6;28;48.182;69.946;0.47;27.67;29.57;26.32;86.17;2.29;352.4;3.81
2010;6;29;65.796;70.363;0.64;28.78;30.85;27.55;85.08;4.1;54.4;6.48
2010;6;30;56.894;69.929;0.55;28.75;30.7;27.62;85.25;4.3;53.4;2.15
2010;7;1;45.502;68.143;0.44;28.84;30.89;27.39;84.14;4.56;50.4;4.49
2010;7;2;43.092;66.778;0.42;28.31;29.73;27.18;85.28;2.64;92.8;9.22
2010;7;3;52.222;68.383;0.51;27.58;28.71;26.64;89.27;3.29;352.0;7.8
2010;7;4;47.731;68.388;0.47;28.41;30.63;26.91;84.49;2.78;44.3;7.28
2010;7;5;37.687;69.022;0.37;28.97;32.12;27.17;80.07;4.84;41.9;4.73
2010;7;6;51.514;69.811;0.5;28.35;31.25;26.4;80.37;3.48;30.9;3.8
2010;7;7;32.518;68.011;0.32;27.32;30.31;25.87;76.23;1.64;307.6;7.09
2010;7;8;40.488;68.254;0.39;27.79;29.51;26.07;88.35;5.28;33.5;7.05
2010;7;9;49.805;69.286;0.48;28.48;30.89;27.06;84.43;5.48;54.8;6.62
2010;7;10;5.88;70.154;0.57;28.37;29.96;27.25;88.14;3.83;52.5;23.34
2010;7;11;29.167;67.003;0.28;28.0;29.23;27.42;87.51;3.96;70.2;20.73
2010;7;12;44.016;66.626;0.43;28.25;30.8;26.9;84.5;3.71;51.1;14.31
2010;7;13;51.355;67.217;0.5;28.14;29.78;26.97;86.15;5.75;48.7;9.07
2010;7;14;49.543;67.639;0.48;27.77;28.78;26.92;88.19;5.49;48.9;24.33
2010;7;15;34.394;69.955;0.33;27.35;28.94;26.28;86.7;3.07;100.9;32.18
2010;7;16;36.199;70.428;0.35;26.43;27.19;25.86;89.4;2.74;241.1;34.59
2010;7;17;52.248;70.738;0.51;26.79;29.44;25.5;82.64;2.19;298.8;11.16
2010;7;18;54.269;69.619;0.53;27.71;30.88;25.59;81.28;2.86;21.6;7.47
2010;7;19;65.563;70.579;0.64;28.13;30.64;26.47;83.37;2.89;28.8;8.95
2010;7;20;53.928;70.591;0.52;28.54;31.48;27.09;84.83;4.0;26.8;7.35
2010;7;21;48.007;7.109;0.47;28.1;30.45;27.14;86.66;3.77;22.6;17.74
2010;7;22;54.773;70.248;0.53;28.14;31.06;27.03;84.2;3.16;31.9;4.46
2010;7;23;52.927;70.783;0.51;28.28;30.3;26.9;85.3;2.5;36.2;8.38
2010;7;24;6.301;70.625;0.61;28.66;30.74;26.95;86.24;4.78;51.2;9.04
2010;7;25;50.614;69.031;0.49;28.73;31.03;27.31;83.85;5.53;54.1;3.68
2010;7;26;47.813;70.562;0.46;28.22;29.87;27.13;85.26;5.21;54.1;11.92
2010;7;27;40.442;68.333;0.39;28.04;29.66;27.24;86.26;5.49;52.0;4.53
2010;7;28;39.338;68.215;0.38;27.47;28.78;26.92;86.5;4.26;64.1;5.62
2010;7;29;46.622;69.638;0.45;27.9;30.42;26.8;85.11;2.74;44.8;6.02
2010;7;30;47.472;67.486;0.46;28.37;30.34;26.95;84.62;3.88;41.1;12.64
2010;7;31;50.026;68.717;0.48;28.07;30.29;26.53;84.11;3.5;43.2;14.76
2010;8;1;53.662;70.411;0.52;26.76;27.97;25.81;88.07;1.84;12.7;9.93
2010;8;2;58.217;7.044;0.56;27.69;29.66;26.27;86.99;4.98;34.1;6.11
2010;8;3;42.096;7.027;0.41;27.96;29.49;26.94;86.63;3.88;43.4;8.41
2010;8;4;58.817;72.084;0.57;27.68;28.99;26.78;87.21;3.29;52.0;7.71
2010;8;5;61.253;72.682;0.59;28.3;31.44;26.5;82.61;2.96;34.8;1.45
2010;8;6;43.771;7.081;0.42;28.14;31.14;26.51;80.96;2.07;33.1;3.8
2010;8;7;53.309;70.591;0.51;28.17;30.21;26.23;85.96;2.98;27.4;6.64
2010;8;8;4.62;70.152;0.45;28.19;29.71;26.98;84.29;3.59;93.2;9.24
2010;8;9;5.207;70.385;0.5;28.11;30.12;26.91;85.04;3.61;26.3;10.4
2010;8;10;46.289;69.341;0.45;27.95;29.25;27.09;87.08;2.77;43.7;11.58
2010;8;11;46.277;70.303;0.45;28.22;30.42;27.34;86.2;3.01;33.6;16.16
2010;8;12;41.237;69.257;0.4;28.1;30.43;26.38;86.64;2.39;14.7;19.71
2010;8;13;38.398;69.588;0.37;26.8;27.37;25.94;89.32;3.3;229.9;10.11
2010;8;14;50.342;68.412;0.49;26.76;28.94;24.66;84.98;1.81;21.3;3.12
2010;8;15;57.463;71.302;0.55;28.37;30.28;27.21;84.09;3.41;56.6;7.08
2010;8;16;52.454;71.134;0.51;28.29;29.91;27.21;84.33;2.94;62.1;7.36
2010;8;17;47.746;68.707;0.46;28.46;30.28;27.25;83.03;4.27;49.4;8.97
2010;8;18;34.726;66.557;0.33;28.12;30.56;26.84;84.44;3.23;24.4;10.74
2010;8;19;57.593;70.356;0.55;27.89;29.39;26.82;84.87;3.29;49.6;5.34
2010;8;20;46.296;70.315;0.45;28.22;29.91;26.9;84.0;2.83;49.3;3.92
2010;8;21;50.654;68.098;0.49;28.29;30.37;27.17;82.92;3.02;48.6;3.12
2010;8;22;4.896;69.574;0.47;28.26;29.68;27.24;85.82;3.77;50.8;3.54
2010;8;23;44.746;67.356;0.43;28.34;30.05;27.22;86.51;3.58;48.9;4.76
2010;8;24;42.547;69.264;0.41;28.16;29.62;27.01;86.2;3.89;52.3;12.4
2010;8;25;50.842;69.929;0.49;27.85;29.33;26.98;86.49;2.86;29.9;8.9
2010;8;26;43.435;69.134;0.42;28.0;29.4;26.95;87.99;4.6;50.2;8.8
2010;8;27;35.057;70.457;0.34;27.02;28.93;25.69;87.01;3.44;121.3;9.76
2010;8;28;5.418;70.795;0.52;27.54;30.69;25.78;83.22;2.51;326.2;3.12
2010;8;29;55.325;71.117;0.53;28.07;29.51;26.7;87.02;3.66;31.1;9.22
2010;8;30;61.963;7.183;0.6;28.48;30.28;27.43;84.95;4.13;50.8;5.85
2010;8;31;5.171;70.294;0.5;28.52;31.1;27.22;82.47;2.37;29.1;7.55
2010;9;1;39.718;70.498;0.38;27.3;29.21;26.24;84.48;2.21;252.6;9.26
2010;9;2;45.778;69.367;0.44;27.47;29.96;25.84;82.86;2.26;294.1;5.05
2010;9;3;46.123;70.258;0.45;27.86;29.64;26.5;86.44;4.35;16.5;7.44
2010;9;4;54.662;70.318;0.53;27.84;29.23;27.22;86.33;3.51;53.8;10.24
2010;9;5;45.938;69.518;0.44;27.27;28.17;26.18;85.96;3.03;71.5;4.29
2010;9;6;59.198;69.451;0.57;27.96;30.14;26.1;84.74;2.59;24.4;4.82
2010;9;7;40.438;69.871;0.39;28.25;30.04;27.41;84.31;4.07;38.6;5.69
2010;9;8;33.739;68.786;0.33;27.6;29.28;26.06;86.67;3.48;13.9;22.3
2010;9;9;56.285;70.788;0.55;27.62;30.42;25.72;79.02;2.52;340.2;12.7
2010;9;10;59.465;72.247;0.58;28.06;31.09;25.94;78.02;2.54;8.7;11.0
2010;9;11;66.206;71.818;0.64;28.17;31.09;26.49;80.8;2.91;15.5;6.39
2010;9;12;52.774;70.574;0.51;27.82;29.63;26.57;80.6;1.75;331.8;14.93
2010;9;13;53.616;70.867;0.52;28.05;30.9;26.34;80.4;2.4;246.5;4.93
2010;9;14;55.829;7.025;0.54;27.62;29.29;26.36;78.34;1.98;52.4;1.83
2010;9;15;54.446;68.786;0.53;28.17;29.72;26.88;87.21;3.92;31.2;7.62
2010;9;16;4.811;69.341;0.47;28.64;30.4;27.35;83.44;2.86;46.0;9.88
2010;9;17;56.748;6.925;0.56;28.14;30.42;26.7;79.54;1.52;18.3;15.89
2010;9;18;38.575;67.872;0.38;27.99;30.15;26.55;77.71;1.58;268.4;22.45
2010;9;19;35.974;6.923;0.35;26.43;27.73;25.59;87.49;1.86;268.0;22.03
2010;9;20;48.734;69.936;0.48;27.15;29.48;25.48;79.26;1.98;272.9;15.8
2010;9;21;54.742;69.571;0.54;26.47;27.77;25.66;85.62;2.49;288.3;12.17
2010;9;22;47.731;67.769;0.47;27.31;29.07;26.04;86.72;3.49;15.8;16.16
2010;9;23;49.903;67.776;0.49;27.19;28.99;26.29;84.09;2.76;255.4;7.45
2010;9;24;44.081;69.178;0.44;26.31;26.72;25.72;88.95;2.19;226.4;11.66
2010;9;25;51.379;68.674;0.51;27.23;30.24;24.98;80.45;2.2;240.0;3.62
2010;9;26;50.866;69.694;0.5;26.69;27.91;25.7;86.98;2.52;319.4;8.38
2010;9;27;3.953;67.694;0.39;26.92;28.44;25.96;84.76;2.68;307.3;8.4
2010;9;28;51.631;69.557;0.51;26.95;28.87;25.61;80.47;2.01;247.3;2.03
2010;9;29;53.033;6.978;0.53;27.56;29.85;25.96;79.06;2.43;348.5;0.77
2010;9;30;48.648;67.862;0.49;27.95;30.9;26.25;80.43;4.0;26.5;0.81
2010;10;1;4.951;68.431;0.49;28.05;30.12;26.94;82.44;3.21;359.4;2.47
2010;10;2;47.818;6.803;0.48;27.95;30.88;26.22;80.92;2.97;352.8;5.85
2010;10;3;47.573;68.309;0.48;26.72;28.58;25.5;84.82;3.06;257.6;28.11
2010;10;4;51.974;68.026;0.52;27.52;29.86;25.95;81.85;2.57;230.1;27.34
2010;10;5;46.495;68.993;0.47;26.63;27.64;26.05;92.02;3.63;240.0;40.21
2010;10;6;39.466;67.385;0.4;26.58;27.5;25.91;90.61;4.25;211.7;23.02
2010;10;7;46.286;67.637;0.47;26.87;27.93;26.07;87.79;3.71;241.0;24.47
2010;10;8;54.509;66.874;0.55;27.68;30.18;25.98;84.93;3.19;209.5;1.59
2010;10;9;46.606;67.118;0.47;27.69;29.92;26.09;84.58;1.76;207.4;1.13
2010;10;10;50.671;66.149;0.52;28.05;29.95;26.85;83.93;1.49;12.9;4.58
2010;10;11;55.937;66.454;0.57;28.54;31.05;26.97;83.2;2.19;26.5;2.88
2010;10;12;65.753;67.594;0.67;29.16;31.43;27.55;84.44;3.41;42.3;2.23
2010;10;13;6.33;66.574;0.65;29.2;31.53;27.89;83.87;4.09;52.6;6.74
2010;10;14;56.856;66.178;0.58;28.84;31.35;27.77;86.23;5.04;41.6;12.54
2010;10;15;4.83;64.622;0.5;28.58;30.4;27.57;85.94;3.76;46.9;14.2
2010;10;16;3.702;6.378;0.38;28.16;30.63;26.58;84.5;1.67;7.0;15.7
2010;10;17;36.814;63.869;0.38;27.31;29.91;25.75;83.86;1.95;321.5;29.52
2010;10;18;3.689;62.227;0.38;26.27;26.93;25.79;90.01;2.59;299.6;18.87
2010;10;19;50.938;6.558;0.53;26.69;28.19;25.63;86.28;2.4;346.5;13.73
2010;10;20;49.802;66.204;0.52;27.3;28.97;26.28;83.58;2.42;7.4;11.13
2010;10;21;60.012;66.686;0.63;27.61;30.14;25.95;80.37;2.76;8.4;4.18
2010;10;22;50.606;63.941;0.53;27.28;28.49;25.98;86.43;3.54;22.4;17.53
2010;10;23;46.872;63.622;0.49;28.17;30.4;27.05;83.99;4.13;36.5;15.53
2010;10;24;44.549;6.589;0.47;27.74;28.92;26.96;86.16;5.13;45.0;15.48
2010;10;25;52.714;65.393;0.56;27.92;30.65;26.29;81.55;4.99;47.3;9.79
2010;10;26;45.293;64.994;0.48;27.33;28.15;26.76;86.57;3.71;56.6;9.43
2010;10;27;53.784;65.174;0.57;28.09;30.18;26.84;83.39;6.14;42.8;5.82
2010;10;28;52.514;65.429;0.56;27.87;29.52;26.95;81.97;5.5;40.2;4.38
2010;10;29;5.448;64.138;0.58;27.62;29.42;26.67;84.21;3.59;31.6;5.42
2010;10;30;48.554;63.732;0.52;28.07;30.65;26.61;82.04;3.49;34.2;9.46
2010;10;31;45.278;63.569;0.49;28.34;30.77;26.86;82.22;4.26;43.4;11.63
2010;11;1;47.724;62.414;0.51;28.03;30.17;26.84;86.54;3.79;42.2;11.94
2010;11;2;30.912;62.818;0.33;27.69;29.78;26.66;85.7;3.05;300.9;15.62
2010;11;3;39.713;61.236;0.43;26.8;27.58;26.21;91.13;4.91;232.6;28.97
2010;11;4;4.152;61.853;0.45;26.56;27.38;26.09;90.8;5.68;208.5;35.44
2010;11;5;35.856;62.412;0.39;26.85;27.68;26.33;89.26;4.8;257.1;16.87
2010;11;6;24.245;61.738;0.26;26.99;28.05;26.31;88.23;3.59;324.8;25.56
2010;11;7;43.058;61.788;0.47;27.12;28.91;26.05;83.23;3.02;332.5;7.45
2010;11;8;37.289;62.062;0.41;27.07;28.97;25.88;83.68;3.4;342.1;8.33
2010;11;9;44.086;61.337;0.48;26.46;27.72;25.52;85.06;3.03;12.8;6.66
2010;11;10;43.685;61.082;0.48;27.12;29.09;25.95;86.04;4.7;28.3;9.55
2010;11;11;44.357;59.285;0.49;27.07;27.7;26.67;89.36;5.59;27.0;14.2
2010;11;12;34.159;57.703;0.38;27.4;28.36;26.74;88.57;4.44;39.3;16.05
2010;11;13;22.032;59.594;0.24;26.87;28.86;25.56;86.59;2.73;37.7;9.17
2010;11;14;41.251;60.862;0.46;25.97;26.67;25.24;85.37;1.87;217.6;13.16
2010;11;15;3.955;62.186;0.44;25.95;26.97;25.39;89.22;2.12;195.4;12.79
2010;11;16;44.129;61.078;0.49;25.51;26.7;24.74;89.97;2.6;261.1;7.85
2010;11;17;42.809;60.398;0.48;26.32;27.54;24.94;85.99;2.31;4.3;11.06
2010;11;18;39.986;60.962;0.45;27.28;29.5;26.08;81.22;6.03;44.2;4.03
2010;11;19;48.139;60.989;0.54;26.73;28.55;25.42;83.24;5.61;35.9;5.25
2010;11;20;45.782;60.223;0.52;27.35;29.26;26.43;85.81;6.19;46.5;10.1
2010;11;21;46.356;59.016;0.53;27.3;28.53;26.43;87.29;6.98;46.2;7.53
2010;11;22;43.334;60.715;0.49;27.0;27.89;26.32;85.44;6.7;47.5;5.65
2010;11;23;43.414;59.311;0.49;27.12;28.61;25.93;82.59;5.4;57.5;4.81
2010;11;24;43.219;59.258;0.49;27.01;28.74;25.94;82.76;4.42;58.7;4.6
2010;11;25;44.981;59.441;0.51;27.42;29.65;26.2;83.14;6.24;52.5;4.48
2010;11;26;41.347;58.459;0.47;27.14;28.83;26.31;86.01;6.29;53.8;10.3
2010;11;27;43.889;58.937;0.5;26.96;28.13;26.32;86.67;6.17;49.1;3.25
2010;11;28;42.348;57.922;0.49;26.92;28.34;26.16;87.47;5.26;49.6;4.83
2010;11;29;39.775;57.631;0.46;26.57;27.94;25.79;87.7;5.05;60.0;3.92
2010;11;30;39.893;57.593;0.46;27.1;29.12;25.95;84.12;6.52;49.1;3.35
2010;12;1;34.217;57.454;0.4;26.35;27.02;25.74;87.55;7.02;46.5;15.23
2010;12;2;33.226;57.048;0.38;26.39;27.51;25.73;86.73;6.76;44.3;10.43
2010;12;3;25.644;55.817;0.3;25.48;26.23;24.83;86.89;7.08;46.0;30.65
2010;12;4;35.342;5.791;0.41;25.93;27.69;24.81;82.48;7.31;41.7;7.54
2010;12;5;49.469;58.022;0.58;26.12;27.67;25.05;84.35;7.15;43.3;6.24
2010;12;6;51.554;5.76;0.6;26.81;28.68;25.84;86.79;6.9;38.9;11.23
2010;12;7;47.206;54.804;0.55;26.45;27.43;25.77;89.38;6.95;33.4;3.9
2010;12;8;3.205;53.678;0.37;26.33;27.33;25.61;87.91;4.95;45.0;3.69
2010;12;9;3.877;56.184;0.45;26.41;27.32;25.86;91.95;5.06;40.6;11.63
2010;12;10;32.722;55.466;0.38;26.86;28.89;25.63;86.88;4.26;49.9;1.46
2010;12;11;49.754;57.614;0.58;27.21;29.51;25.92;85.56;5.67;36.0;2.22
2010;12;12;50.758;5.659;0.6;27.04;29.17;25.72;85.48;5.26;40.4;1.45
2010;12;13;35.405;5.611;0.42;26.16;27.4;25.48;87.71;5.22;12.5;8.68
2010;12;14;22.145;5.585;0.26;25.8;27.15;25.09;85.86;6.44;14.5;15.13
2010;12;15;35.249;57.475;0.41;25.6;26.89;24.91;86.58;6.14;15.6;17.67
2010;12;16;4.301;57.154;0.51;26.15;28.34;24.57;84.61;5.08;31.1;4.16
2010;12;17;50.587;57.331;0.59;26.97;29.59;25.39;83.79;6.0;41.7;0.08
2010;12;18;49.514;5.599;0.58;26.76;28.72;25.47;85.83;4.94;43.4;0.37
2010;12;19;48.446;57.278;0.57;26.25;27.53;25.51;86.75;4.53;13.0;0.31
2010;12;20;53.066;58.178;0.62;25.79;27.77;24.78;82.14;5.09;11.7;0.03
2010;12;21;41.585;56.933;0.49;25.71;27.79;24.64;80.94;5.8;27.2;0.0
2010;12;22;49.673;57.031;0.58;26.38;28.76;25.09;82.52;5.0;31.5;0.0
2010;12;23;48.751;56.414;0.57;26.71;29.52;25.22;83.75;4.14;32.3;0.03
2010;12;24;52.841;58.579;0.62;26.69;28.27;25.52;86.03;6.47;39.0;0.17
2010;12;25;46.001;54.754;0.54;26.59;27.7;25.91;88.01;6.65;46.4;0.34
2010;12;26;43.334;55.315;0.51;26.6;27.66;26.08;89.9;5.84;40.8;3.1
2010;12;27;30.067;54.185;0.35;26.6;27.48;25.99;88.49;7.84;35.8;4.86
2010;12;28;49.771;56.549;0.58;26.94;28.36;26.14;83.1;8.49;46.6;0.43
2010;12;29;54.427;57.389;0.64;27.2;29.52;25.87;80.01;8.21;52.5;0.39
2010;12;30;5.515;59.364;0.65;26.96;29.56;25.14;80.42;7.29;51.3;0.1
2010;12;31;56.719;60.242;0.66;27.0;29.69;25.42;82.39;7.5;50.9;0.26
2011;1;1;46.517;58.877;0.54;26.5;28.78;25.23;82.17;7.9;47.6;0.49
2011;1;2;54.046;59.794;0.63;26.33;28.53;25.17;79.17;8.56;44.2;0.1
2011;1;3;47.143;59.342;0.55;26.25;28.34;25.11;79.71;8.8;44.5;0.2
2011;1;4;47.263;59.666;0.55;26.08;28.17;24.88;81.14;8.8;46.0;0.52
2011;1;5;50.357;59.198;0.58;26.44;29.2;24.85;79.68;7.02;42.5;0.5
2011;1;6;50.568;58.238;0.59;26.65;29.8;25.02;82.17;5.26;40.2;0.01
2011;1;7;37.846;55.106;0.44;26.4;28.59;25.43;84.6;5.61;30.6;0.01
2011;1;8;41.758;55.111;0.48;26.51;28.46;25.29;85.92;4.95;32.2;0.01
2011;1;9;36.648;58.147;0.42;26.84;28.8;25.78;87.77;5.13;46.0;0.03
2011;1;10;50.407;58.001;0.58;26.84;28.65;25.64;86.64;7.19;49.3;0.01
2011;1;11;5.292;58.183;0.61;26.72;28.48;25.55;84.06;8.1;51.9;0.0
2011;1;12;59.556;61.397;0.68;26.67;29.56;24.89;79.77;7.92;49.5;0.0
2011;1;13;60.086;60.934;0.69;26.62;29.46;24.72;84.48;6.96;46.5;0.0
2011;1;14;58.514;59.213;0.67;26.84;30.29;24.8;84.29;5.8;42.1;0.0
2011;1;15;5.507;56.806;0.63;26.89;30.44;25.15;84.08;5.88;38.2;0.0
2011;1;16;55.205;58.342;0.63;26.35;29.06;24.85;85.25;5.99;40.6;0.01
2011;1;17;52.716;5.867;0.6;26.2;28.75;24.45;85.51;5.44;44.3;0.0
2011;1;18;57.144;60.362;0.65;26.77;30.48;24.39;81.4;5.5;43.4;0.0
2011;1;19;50.563;6.055;0.57;26.61;29.67;24.66;83.92;6.2;41.9;0.0
2011;1;20;57.437;62.419;0.65;26.4;29.69;24.49;80.89;6.64;47.5;0.0
2011;1;21;58.006;62.232;0.65;26.14;29.2;24.24;80.95;5.8;41.7;0.0
2011;1;22;5.85;61.531;0.66;26.74;30.61;24.62;81.58;3.69;38.8;0.0
2011;1;23;55.987;61.118;0.63;26.74;29.93;24.95;81.79;6.2;37.8;0.01
2011;1;24;57.562;61.375;0.64;26.73;29.84;24.94;79.72;8.21;47.2;0.02
2011;1;25;6.119;6.421;0.68;26.64;29.92;24.44;78.35;7.58;51.9;0.0
2011;1;26;56.878;61.615;0.63;26.61;30.36;24.52;79.66;5.82;43.4;0.0
2011;1;27;58.181;62.395;0.64;26.64;30.24;24.31;80.78;6.28;43.5;0.01
2011;1;28;58.922;63.026;0.65;26.54;29.69;24.41;80.95;6.76;44.8;0.0
2011;1;29;60.334;63.247;0.66;26.45;29.32;24.85;78.47;8.48;41.8;0.0
2011;1;30;60.722;63.144;0.67;26.52;29.75;24.47;79.98;7.71;45.7;0.02
2011;1;31;61.457;63.898;0.67;26.45;29.64;24.35;80.81;6.67;43.4;0.0
2011;2;1;63.883;6.439;0.7;26.57;30.07;24.42;78.79;7.82;44.6;0.0
2011;2;2;64.008;64.658;0.69;26.68;30.48;24.45;79.96;8.24;47.7;0.0
2011;2;3;65.518;66.089;0.71;26.3;29.54;24.43;79.5;8.9;47.1;0.13
2011;2;4;65.614;66.742;0.71;25.85;29.26;23.67;77.37;8.45;45.9;0.07
2011;2;5;62.573;66.319;0.67;25.86;29.21;23.37;76.74;7.01;42.3;0.0
2011;2;6;65.081;65.945;0.7;26.04;29.47;23.41;79.72;6.77;42.2;0.0
2011;2;7;62.858;65.215;0.67;26.58;30.68;23.65;79.87;5.74;43.0;0.0
2011;2;8;58.202;63.763;0.62;26.49;30.12;24.18;80.57;5.92;42.2;0.11
2011;2;9;60.463;64.476;0.64;26.59;30.35;23.91;78.43;6.62;42.5;0.02
2011;2;10;60.643;65.784;0.64;26.58;29.92;24.0;79.36;6.22;42.4;0.0
2011;2;11;59.712;64.219;0.63;26.73;30.04;24.77;77.97;6.91;40.0;0.0
2011;2;12;60.406;64.188;0.64;26.74;29.91;24.8;81.79;7.47;37.0;0.0
2011;2;13;56.316;63.432;0.59;26.61;29.7;24.89;81.09;8.31;36.9;0.0
2011;2;14;51.833;64.236;0.54;26.63;29.64;24.92;79.82;8.28;39.4;0.64
2011;2;15;53.921;63.161;0.56;26.54;29.11;24.93;80.56;8.41;37.7;0.45
2011;2;16;51.132;62.722;0.53;26.78;29.59;25.21;81.22;7.44;38.8;0.55
2011;2;17;54.137;66.024;0.56;26.76;30.08;24.66;77.33;7.38;36.8;0.18
2011;2;18;62.023;67.637;0.64;26.47;29.61;24.53;76.85;7.96;35.8;0.0
2011;2;19;63.581;68.345;0.66;26.37;29.35;24.61;76.2;7.57;34.6;0.0
2011;2;20;63.038;6.911;0.65;26.38;29.52;24.46;74.22;8.16;40.3;0.01
2011;2;21;68.422;70.526;0.7;26.57;29.94;24.51;72.77;8.6;44.1;0.0
2011;2;22;6.151;67.454;0.63;26.7;30.28;24.45;74.26;8.53;44.6;0.01
2011;2;23;6.065;65.678;0.62;26.6;30.0;24.2;77.65;7.63;40.5;0.01
2011;2;24;51.967;66.607;0.53;26.3;29.09;24.43;81.26;7.67;41.0;0.04
2011;2;25;59.215;67.178;0.6;26.67;29.96;24.48;80.24;6.86;45.3;0.13
2011;2;26;61.222;69.055;0.62;26.72;29.82;24.82;77.58;8.53;45.2;0.09
2011;2;27;59.707;67.855;0.6;26.67;30.03;24.66;79.1;8.37;44.6;0.13
2011;2;28;58.416;67.042;0.59;26.79;29.63;24.71;77.55;8.61;47.1;0.22
2011;3;1;51.468;67.918;0.52;26.11;28.09;24.82;76.72;8.38;44.1;0.05
2011;3;2;44.534;68.165;0.45;25.85;28.12;24.4;75.45;7.9;39.6;0.13
2011;3;3;58.651;69.622;0.59;25.85;28.47;23.91;74.95;8.26;35.1;0.4
2011;3;4;63.053;70.445;0.63;26.16;29.0;24.43;76.98;7.96;38.0;0.59
2011;3;5;61.855;69.329;0.62;26.48;29.41;24.57;75.02;7.89;37.1;0.05
2011;3;6;59.527;6.899;0.59;26.74;30.79;24.22;75.68;5.99;37.5;0.0
2011;3;7;59.614;67.946;0.59;26.7;30.15;24.55;77.01;7.04;39.8;0.02
2011;3;8;65.878;68.695;0.65;26.9;30.14;24.96;75.36;8.24;40.4;0.0
2011;3;9;64.037;6.901;0.63;26.78;29.82;24.74;73.99;7.91;40.5;0.0
2011;3;10;45.043;67.987;0.45;25.88;28.05;24.51;75.6;7.5;35.4;0.1
2011;3;11;46.373;68.239;0.46;25.91;28.83;24.09;72.42;7.47;27.2;0.24
2011;3;12;65.321;7.163;0.64;26.22;29.36;24.23;68.97;7.94;33.0;0.0
2011;3;13;62.796;71.496;0.62;26.58;29.61;24.52;71.6;7.8;38.9;0.0
2011;3;14;58.459;73.632;0.57;26.51;29.42;24.75;71.06;8.07;42.7;0.0
2011;3;15;64.476;70.562;0.63;26.74;29.75;24.58;71.41;8.55;42.2;0.0
2011;3;16;64.181;71.285;0.63;27.14;30.14;24.73;67.91;8.22;44.9;0.0
2011;3;17;66.158;71.021;0.65;26.91;30.2;24.85;71.68;9.27;40.1;0.0
2011;3;18;59.772;6.835;0.58;26.5;29.08;25.2;77.94;10.15;36.8;0.05
2011;3;19;56.611;67.956;0.55;26.69;29.16;25.37;76.58;9.46;41.9;0.05
2011;3;20;5.201;68.462;0.5;26.56;28.74;25.3;74.4;8.99;40.7;0.0
2011;3;21;55.524;69.826;0.54;26.65;29.54;25.0;73.82;9.19;38.9;0.17
2011;3;22;43.819;71.314;0.42;25.8;27.55;24.59;75.3;8.9;41.8;0.56
2011;3;23;64.332;73.193;0.62;26.89;30.63;24.48;68.7;8.14;43.0;0.03
2011;3;24;67.368;71.777;0.65;26.98;30.68;24.35;75.86;7.07;40.5;0.12
2011;3;25;56.772;67.726;0.55;27.08;30.08;25.03;80.91;6.49;40.2;1.2
2011;3;26;55.027;66.691;0.53;27.45;30.71;25.24;81.78;4.23;44.9;2.49
2011;3;27;5.352;6.678;0.51;27.1;29.36;25.61;83.65;4.57;46.4;1.3
2011;3;28;64.661;71.004;0.62;28.31;32.24;25.94;76.8;5.8;41.1;0.0
2011;3;29;5.184;68.748;0.5;27.7;30.29;26.1;75.47;7.36;40.1;0.0
2011;3;30;5.219;68.758;0.5;27.66;31.62;25.58;78.05;6.8;40.5;0.42
2011;3;31;5.225;6.493;0.5;27.85;31.5;25.66;79.22;4.12;42.1;0.39
2011;4;1;56.105;6.653;0.54;27.8;30.91;25.99;80.48;2.86;32.1;0.45
2011;4;2;58.032;6.858;0.55;28.05;32.27;25.65;77.54;6.44;33.9;0.01
2011;4;3;49.721;67.598;0.48;27.73;30.42;26.12;77.42;8.43;39.1;0.03
2011;4;4;52.699;67.836;0.5;28.2;31.55;26.06;72.96;8.19;46.7;0.08
2011;4;5;57.103;68.702;0.54;28.24;32.2;26.07;70.95;6.9;45.5;0.03
2011;4;6;41.712;66.451;0.4;27.74;30.4;25.99;75.74;8.11;39.6;0.22
2011;4;7;45.514;63.125;0.43;27.53;30.18;25.89;75.65;8.67;41.0;0.15
2011;4;8;4.752;66.538;0.45;27.69;30.68;25.95;73.96;6.94;38.8;0.29
2011;4;9;58.711;69.439;0.56;27.69;30.87;25.72;73.11;7.87;39.4;0.03
2011;4;10;49.961;69.672;0.48;27.43;30.57;25.5;74.72;7.24;39.7;0.21
2011;4;11;51.874;71.918;0.49;27.21;30.01;25.71;75.33;8.59;37.3;1.09
2011;4;12;62.786;73.625;0.6;27.59;31.41;25.18;71.98;6.63;36.7;0.6
2011;4;13;56.966;72.022;0.54;27.17;29.86;25.42;76.57;7.15;26.7;0.83
2011;4;14;62.378;71.916;0.59;27.7;31.22;25.47;73.93;6.93;27.4;0.21
2011;4;15;56.786;69.941;0.54;27.86;30.64;26.03;74.88;7.04;36.9;2.08
2011;4;16;3.528;7.092;0.34;27.42;30.12;25.98;78.17;8.16;32.2;6.01
2011;4;17;56.177;70.942;0.53;27.19;29.85;25.59;76.65;7.74;34.4;4.64
2011;4;18;5.951;71.998;0.57;27.33;30.8;25.14;73.72;7.79;34.3;1.18
2011;4;19;56.957;70.154;0.54;27.22;29.93;25.68;72.63;7.48;38.9;0.0
2011;4;20;57.574;71.261;0.55;27.02;29.98;25.33;71.64;7.04;33.2;0.03
2011;4;21;5.226;71.534;0.5;26.83;29.79;25.02;72.5;6.4;28.1;0.04
2011;4;22;5.521;69.684;0.52;27.04;30.18;25.13;72.72;5.92;33.0;0.01
2011;4;23;53.741;6.943;0.51;27.44;30.63;25.28;72.89;5.68;41.2;0.13
2011;4;24;5.171;69.847;0.49;27.35;30.02;25.77;78.98;7.13;39.3;1.09
2011;4;25;49.879;68.942;0.47;27.7;30.54;25.87;79.61;5.61;38.4;1.84
2011;4;26;49.526;68.086;0.47;27.4;29.63;25.82;84.69;4.89;42.9;3.96
2011;4;27;47.458;70.061;0.45;27.41;30.07;25.8;84.19;4.5;45.0;3.16
2011;4;28;43.966;70.627;0.42;27.73;30.51;25.77;82.65;4.64;43.1;2.26
2011;4;29;6.456;73.039;0.61;28.13;32.01;25.72;78.19;5.91;35.0;0.63
2011;4;30;63.763;73.063;0.61;28.17;31.25;26.14;77.3;6.82;34.9;0.09
2011;5;1;5.43;71.398;0.52;28.3;31.13;26.45;76.99;6.71;37.0;0.14
2011;5;2;52.354;69.804;0.5;27.98;30.44;26.02;80.93;5.43;46.1;1.09
2011;5;3;55.378;70.999;0.53;27.83;29.88;26.3;84.08;5.39;42.8;2.22
2011;5;4;49.906;70.783;0.48;27.81;30.18;26.21;83.67;4.7;43.0;2.06
2011;5;5;43.082;70.618;0.41;27.89;30.68;26.38;81.99;6.32;34.8;0.43
2011;5;6;64.094;71.438;0.61;28.04;30.42;26.6;81.35;6.55;44.1;0.09
2011;5;7;55.826;68.666;0.53;28.54;31.81;26.65;80.39;6.65;41.4;0.14
2011;5;8;52.716;68.981;0.5;28.28;30.91;26.92;81.55;6.18;37.8;0.15
2011;5;9;43.466;65.597;0.42;28.05;30.74;26.42;82.89;4.89;41.2;0.34
2011;5;10;53.626;68.474;0.51;28.15;30.6;26.43;82.85;4.75;39.8;1.14
2011;5;11;47.148;68.234;0.45;27.84;30.05;26.6;86.2;4.87;36.8;3.37
2011;5;12;42.893;70.063;0.41;28.03;31.12;26.23;84.18;4.28;21.6;5.9
2011;5;13;33.653;71.508;0.32;27.54;30.37;25.93;83.81;2.71;357.7;9.9
2011;5;14;36.418;70.507;0.35;27.37;30.5;25.42;81.35;2.22;348.3;5.94
2011;5;15;54.782;71.345;0.53;27.27;30.18;25.04;80.88;3.01;352.2;3.52
2011;5;16;42.497;7.146;0.41;27.26;30.1;25.09;77.61;3.28;350.9;9.7
2011;5;17;46.836;7.139;0.45;26.65;30.11;24.17;71.46;2.6;328.0;5.72
2011;5;18;63.775;71.676;0.61;26.48;29.87;23.83;71.92;2.62;336.1;0.12
2011;5;19;67.171;72.586;0.65;27.07;30.66;23.87;74.7;3.53;1.0;0.27
2011;5;20;6.101;71.772;0.59;27.75;30.88;25.57;76.94;3.66;3.0;1.19
2011;5;21;5.695;6.991;0.55;27.78;30.75;25.96;78.45;3.84;6.2;0.96
2011;5;22;46.469;70.306;0.45;27.36;29.0;26.31;85.53;2.42;20.0;26.5
2011;5;23;54.406;7.139;0.52;27.9;30.63;25.89;81.03;3.06;15.2;4.08
2011;5;24;51.924;69.475;0.5;27.64;29.61;26.6;86.93;3.57;33.7;12.78
2011;5;25;37.512;69.492;0.36;28.11;30.8;26.35;84.99;4.1;33.2;10.49
2011;5;26;49.402;68.854;0.48;28.43;30.46;27.26;85.09;3.25;47.9;9.79
2011;5;27;50.366;68.314;0.49;28.38;30.19;27.42;86.03;3.91;45.8;12.01
2011;5;28;23.818;68.518;0.23;27.99;30.02;26.96;86.82;3.35;42.4;22.68
2011;5;29;36.614;68.935;0.35;27.6;29.08;26.75;86.93;5.11;47.1;9.0
2011;5;30;51.706;69.665;0.5;27.97;29.43;27.02;87.38;4.64;52.3;7.14
2011;5;31;38.026;69.146;0.37;27.88;29.35;27.08;89.2;5.51;42.7;10.83
2011;6;1;32.318;68.143;0.31;27.46;28.4;26.7;88.69;3.14;43.7;14.55
2011;6;2;4.236;68.047;0.41;26.99;27.73;26.24;85.41;1.77;271.3;6.14
2011;6;3;37.682;68.563;0.37;27.74;30.43;25.51;79.89;2.7;218.0;6.35
2011;6;4;44.909;70.822;0.44;27.14;28.83;26.18;87.0;2.92;248.2;10.17
2011;6;5;50.947;71.064;0.49;27.25;29.81;25.72;83.12;1.9;316.4;2.88
2011;6;6;57.204;7.193;0.56;27.05;29.35;25.35;83.81;2.36;278.9;2.73
2011;6;7;5.945;71.698;0.58;27.58;29.56;26.13;81.85;2.06;273.5;1.49
2011;6;8;55.927;71.323;0.54;27.66;29.66;26.48;85.84;2.85;13.4;2.15
2011;6;9;58.781;68.808;0.57;28.73;31.3;27.19;85.92;3.75;29.6;1.44
2011;6;10;61.982;70.001;0.6;29.22;31.51;27.66;85.31;3.97;45.0;1.15
2011;6;11;66.022;70.462;0.64;29.72;33.26;27.95;83.15;3.6;48.1;1.24
2011;6;12;63.989;71.033;0.62;29.71;32.5;28.12;83.95;4.77;51.8;0.48
2011;6;13;63.996;71.018;0.62;29.38;31.56;28.03;83.36;5.6;50.3;0.97
2011;6;14;54.799;69.605;0.53;29.32;31.82;27.8;83.37;4.74;56.2;1.17
2011;6;15;43.531;70.793;0.42;28.47;31.42;26.58;83.57;3.95;51.7;7.82
2011;6;16;45.079;69.396;0.44;28.27;30.77;26.74;86.28;2.26;66.9;12.74
2011;6;17;49.999;66.456;0.49;27.68;29.54;26.5;86.44;3.37;48.6;4.98
2011;6;18;60.139;69.221;0.59;28.13;30.41;26.81;85.91;4.42;50.7;3.33
2011;6;19;47.978;69.754;0.47;28.04;30.19;26.8;86.35;4.54;50.9;4.67
2011;6;20;50.887;70.512;0.5;28.31;30.42;27.18;84.95;3.52;53.6;5.7
2011;6;21;64.193;71.165;0.63;28.62;30.81;27.08;84.05;4.25;52.5;2.12
2011;6;22;5.479;69.149;0.53;28.81;31.12;27.27;83.98;5.37;52.7;5.08
2011;6;23;43.238;69.943;0.42;28.19;30.64;26.88;86.91;4.8;49.9;5.32
2011;6;24;20.712;68.141;0.2;27.34;28.4;26.51;87.59;3.02;37.2;12.0
2011;6;25;47.506;66.725;0.46;27.98;30.2;26.67;84.72;4.09;52.1;24.57
2011;6;26;40.531;65.837;0.4;28.03;30.13;26.87;84.11;4.03;55.8;15.32
2011;6;27;54.026;7.062;0.53;28.25;30.15;27.05;84.32;4.69;59.3;8.07
2011;6;28;65.702;71.011;0.64;28.36;30.18;27.06;85.07;6.18;56.9;7.08
2011;6;29;63.965;70.373;0.62;28.63;30.55;27.26;83.56;5.17;58.2;4.64
2011;6;30;41.371;6.937;0.4;28.28;30.75;27.1;85.34;3.96;60.2;6.76
2011;7;1;43.051;66.754;0.42;27.83;29.65;26.85;84.84;3.38;56.5;5.27
2011;7;2;38.868;68.033;0.38;28.02;30.45;26.65;85.01;4.45;40.2;9.64
2011;7;3;53.126;68.518;0.52;27.69;29.82;26.76;86.59;3.83;40.2;7.67
2011;7;4;47.566;68.892;0.46;28.02;30.11;26.58;86.06;2.73;36.8;9.44
2011;7;5;61.358;69.638;0.6;28.76;31.79;26.81;81.53;3.11;44.6;6.46
2011;7;6;62.278;69.739;0.61;28.66;31.34;27.09;83.89;5.56;52.7;6.08
2011;7;7;48.228;69.934;0.47;28.15;30.36;26.72;83.31;3.16;64.5;7.56
2011;7;8;62.959;69.401;0.61;29.15;32.28;27.36;81.42;4.05;48.7;2.99
2011;7;9;60.238;70.157;0.59;29.04;32.33;27.27;81.42;4.9;49.2;1.93
2011;7;10;43.236;67.699;0.42;28.58;31.45;26.69;83.97;4.88;57.0;8.9
2011;7;11;58.003;69.948;0.56;29.13;32.76;27.55;82.91;3.42;54.8;14.99
2011;7;12;37.853;65.712;0.37;27.55;28.61;26.82;86.7;2.85;66.1;10.7
2011;7;13;29.338;67.238;0.29;27.94;31.26;26.31;83.9;2.36;40.3;18.47
2011;7;14;36.341;6.953;0.35;26.29;27.29;25.64;88.62;3.08;273.9;25.82
2011;7;15;39.874;68.866;0.39;25.86;27.33;25.08;87.8;3.45;279.1;7.82
2011;7;16;64.483;7.025;0.63;27.07;28.99;25.66;79.92;3.32;35.0;4.92
2011;7;17;59.162;69.631;0.57;28.24;31.22;26.09;81.31;5.09;52.2;1.66
2011;7;18;45.043;6.841;0.44;28.06;30.63;26.54;83.37;4.14;50.4;2.41
2011;7;19;59.258;6.984;0.58;27.85;29.5;26.87;86.7;4.53;48.1;3.08
2011;7;20;60.818;70.862;0.59;28.56;31.13;26.89;84.44;4.97;46.1;0.39
2011;7;21;59.273;69.566;0.57;28.3;29.63;27.17;86.72;5.06;54.1;0.56
2011;7;22;68.695;70.908;0.67;28.7;31.73;27.21;82.49;5.74;48.5;0.15
2011;7;23;66.607;7.085;0.65;28.38;31.74;26.43;82.3;5.55;45.6;0.14
2011;7;24;64.867;70.363;0.63;28.28;31.68;26.98;82.39;4.06;54.0;0.84
2011;7;25;64.423;71.054;0.62;28.21;30.44;26.88;84.73;4.19;50.5;2.47
2011;7;26;54.653;69.034;0.53;28.11;30.61;26.89;85.52;4.41;48.9;2.85
2011;7;27;55.778;69.854;0.54;28.07;29.89;26.77;86.77;3.37;53.8;4.02
2011;7;28;44.878;69.197;0.43;27.56;29.3;26.55;87.92;3.46;50.8;15.23
2011;7;29;41.278;69.629;0.4;26.78;28.18;25.61;87.77;4.16;105.5;20.29
2011;7;30;47.189;70.121;0.46;26.88;29.14;24.83;83.48;1.93;75.3;22.68
2011;7;31;6.245;70.829;0.6;27.84;30.26;26.31;84.25;3.84;36.5;12.36
2011;8;1;58.344;69.614;0.56;27.93;30.54;26.7;84.78;4.22;53.3;5.59
2011;8;2;57.732;69.725;0.56;28.01;30.44;26.7;83.82;4.83;38.3;4.2
2011;8;3;54.768;70.973;0.53;27.95;30.23;26.73;84.45;3.82;32.0;8.54
2011;8;4;57.151;7.026;0.55;27.33;29.14;26.01;85.52;3.38;42.0;7.88
2011;8;5;66.842;71.352;0.65;29.06;31.87;27.09;83.42;3.45;45.0;3.2
2011;8;6;65.664;7.116;0.63;29.1;31.22;27.87;84.49;6.06;48.7;2.13
2011;8;7;64.656;71.359;0.62;28.82;31.6;26.33;81.29;3.62;68.9;3.54
2011;8;8;64.049;71.494;0.62;28.78;32.56;26.5;82.34;3.18;34.8;1.6
2011;8;9;6.048;70.445;0.58;28.78;31.5;27.32;84.75;4.86;44.6;1.88
2011;8;10;54.154;69.847;0.52;28.49;31.01;27.22;85.81;4.85;45.7;3.29
2011;8;11;6.169;7.049;0.59;28.36;30.47;27.29;85.43;3.48;46.3;4.14
2011;8;12;31.627;69.986;0.3;28.06;29.55;26.95;84.49;2.1;45.5;5.96
2011;8;13;56.198;69.276;0.54;27.85;29.64;26.87;84.93;3.83;52.6;6.45
2011;8;14;51.931;70.154;0.5;27.55;28.74;26.7;88.56;5.32;51.0;22.24
2011;8;15;48.026;70.594;0.46;27.78;29.89;26.71;86.83;4.87;44.1;16.91
2011;8;16;47.537;70.351;0.46;27.82;29.34;26.74;85.89;3.44;53.8;12.77
2011;8;17;61.781;71.054;0.59;27.64;29.5;26.58;84.95;4.31;35.3;6.21
2011;8;18;60.758;70.128;0.59;28.02;30.15;26.73;85.75;2.72;50.9;10.85
2011;8;19;51.737;70.517;0.5;28.1;30.6;26.91;83.82;2.86;28.7;5.39
2011;8;20;44.189;69.595;0.43;28.09;30.51;26.83;84.52;2.32;37.8;4.5
2011;8;21;64.488;70.632;0.62;28.31;31.04;27.22;85.37;4.79;42.3;3.48
2011;8;22;59.822;70.272;0.58;28.12;30.24;26.9;84.32;3.2;42.2;1.63
2011;8;23;4.673;70.279;0.45;27.93;31.06;26.21;82.13;2.49;359.0;0.83
2011;8;24;50.794;69.235;0.49;28.05;30.51;26.55;79.98;2.7;244.7;10.88
2011;8;25;51.787;7.109;0.5;27.52;29.18;26.15;80.45;2.29;247.5;4.21
2011;8;26;48.113;70.411;0.46;28.27;30.54;26.89;82.32;3.88;30.9;1.42
2011;8;27;52.841;70.733;0.51;28.04;29.62;26.86;84.76;3.01;58.6;2.32
2011;8;28;33.334;70.894;0.32;27.57;29.15;26.49;84.57;2.81;54.0;2.71
2011;8;29;50.186;6.985;0.48;28.15;30.39;26.72;80.59;2.69;37.3;3.94
2011;8;30;66.113;71.402;0.64;28.77;30.93;27.45;83.93;3.81;51.8;3.07
2011;8;31;64.368;70.394;0.62;28.95;31.58;27.35;84.15;3.78;53.4;2.52
2011;9;1;60.794;70.519;0.59;28.16;31.14;25.84;85.84;3.13;45.5;7.02
2011;9;2;45.857;71.028;0.44;26.97;29.38;24.93;84.5;1.96;288.8;6.01
2011;9;3;4.481;70.618;0.43;27.46;29.64;26.17;79.48;1.67;278.8;22.49
2011;9;4;67.618;71.242;0.65;27.79;30.34;26.18;77.4;2.27;13.2;8.68
2011;9;5;67.776;7.159;0.66;28.49;31.5;26.86;83.16;4.35;42.3;8.0
2011;9;6;68.786;71.146;0.67;28.89;32.19;27.07;83.59;4.4;45.2;3.74
2011;9;7;5.712;70.166;0.55;28.82;31.85;27.14;83.02;5.26;38.7;6.75
2011;9;8;52.565;70.584;0.51;27.93;29.8;27.02;83.21;5.2;21.8;8.81
2011;9;9;49.706;70.985;0.48;26.55;27.5;25.12;85.94;4.19;104.1;21.44
2011;9;10;59.988;71.582;0.58;27.2;29.8;25.16;80.97;2.34;114.7;8.09
2011;9;11;53.208;7.015;0.52;27.56;29.74;25.96;82.2;1.29;16.4;12.23
2011;9;12;57.792;69.074;0.56;26.93;28.93;25.08;86.28;2.46;29.8;15.79
2011;9;13;55.627;70.966;0.54;27.72;30.28;26.1;82.11;3.1;42.3;3.9
2011;9;14;63.862;71.796;0.62;28.17;30.26;26.96;86.37;4.07;33.1;2.18
2011;9;15;61.246;71.246;0.6;28.46;30.63;26.91;84.24;3.7;40.7;4.99
2011;9;16;40.392;68.174;0.39;28.04;29.41;26.71;85.75;3.07;54.1;5.55
2011;9;17;50.897;68.059;0.5;28.14;29.97;27.11;81.89;3.12;53.9;5.28
2011;9;18;53.203;68.767;0.52;28.29;30.7;27.04;81.22;4.38;35.9;6.56
2011;9;19;65.004;70.382;0.64;28.16;30.84;26.55;80.09;2.85;12.1;6.59
2011;9;20;38.486;70.826;0.38;27.89;30.21;26.58;80.18;1.97;18.5;5.97
2011;9;21;62.362;70.145;0.61;27.75;29.43;26.23;85.83;3.53;32.8;7.27
2011;9;22;49.553;68.808;0.49;28.41;30.35;27.36;84.29;4.82;46.3;12.78
2011;9;23;51.233;69.317;0.51;28.62;30.68;27.45;86.0;4.47;45.5;13.16
2011;9;24;50.808;68.674;0.5;28.49;30.28;27.35;86.0;5.07;53.4;24.42
2011;9;25;46.682;66.996;0.46;28.26;30.13;27.1;83.99;3.69;54.6;12.47
2011;9;26;25.733;67.464;0.25;27.68;29.19;26.3;81.53;2.07;169.2;6.19
2011;9;27;65.899;70.212;0.65;27.85;30.14;26.39;81.28;2.5;358.9;1.03
2011;9;28;57.725;67.738;0.57;27.83;29.77;26.55;85.83;2.67;28.2;1.1
2011;9;29;50.887;6.804;0.51;28.4;30.11;27.29;86.57;3.06;36.9;2.2
2011;9;30;54.403;6.743;0.54;28.35;30.41;27.13;87.0;3.17;28.2;3.84
2011;10;1;44.431;67.162;0.44;28.47;30.33;27.42;86.78;3.68;33.5;11.75
2011;10;2;54.706;67.937;0.55;28.17;29.29;27.48;88.34;3.9;55.9;8.65
2011;10;3;50.299;68.134;0.5;28.35;29.69;27.28;85.99;4.5;55.4;17.3
2011;10;4;48.413;68.275;0.49;28.08;29.97;27.06;82.62;3.4;54.5;18.66
2011;10;5;53.419;67.634;0.54;27.83;29.71;26.73;83.18;2.81;14.4;10.1
2011;10;6;46.558;67.418;0.47;27.99;30.11;26.69;82.88;2.88;21.7;11.46
2011;10;7;45.149;65.556;0.46;28.06;30.14;26.93;83.07;2.64;22.4;9.38
2011;10;8;5.118;66.547;0.52;28.49;30.47;26.73;81.37;1.96;142.4;24.33
2011;10;9;37.654;65.863;0.38;27.39;29.42;26.51;80.33;1.76;340.2;23.73
2011;10;10;51.619;65.227;0.52;27.56;29.39;26.49;79.7;2.08;282.5;11.34
2011;10;11;37.027;6.503;0.38;27.23;28.63;26.03;84.08;2.12;301.7;9.3
2011;10;12;49.066;66.108;0.5;27.44;31.81;25.83;82.54;1.68;303.0;17.33
2011;10;13;50.174;66.072;0.51;26.42;27.47;25.52;86.92;2.34;253.0;32.61
2011;10;14;5.087;6.551;0.52;27.42;29.55;25.6;81.46;2.6;30.3;19.47
2011;10;15;38.568;65.028;0.4;26.13;27.22;24.86;89.39;2.81;280.8;49.29
2011;10;16;41.544;66.667;0.43;27.65;29.71;26.24;79.82;2.43;13.8;22.84
2011;10;17;43.819;67.075;0.45;27.59;30.64;25.94;80.76;3.63;12.5;38.79
2011;10;18;27.521;66.391;0.29;25.75;26.72;25.1;89.66;3.62;269.1;47.8
2011;10;19;42.173;64.817;0.44;25.61;27.04;24.65;87.99;3.35;250.8;42.67
2011;10;20;37.452;65.633;0.39;25.27;25.71;24.82;90.88;4.49;264.6;37.47
2011;10;21;47.832;66.142;0.5;25.26;26.37;24.48;88.15;3.91;231.3;18.17
2011;10;22;6.073;68.234;0.64;26.09;28.27;24.87;82.34;4.07;219.7;3.97
2011;10;23;60.581;67.702;0.64;26.92;30.19;24.69;75.87;3.04;235.1;0.08
2011;10;24;50.378;66.307;0.53;27.05;29.56;25.21;79.98;3.15;358.7;0.56
2011;10;25;47.482;64.754;0.5;27.55;29.83;26.27;82.33;4.91;26.6;5.11
2011;10;26;50.796;64.013;0.54;27.67;29.76;26.55;83.75;3.17;50.1;6.52
2011;10;27;48.334;61.699;0.51;27.99;29.93;26.83;84.36;2.29;16.6;8.61
2011;10;28;38.105;60.874;0.41;28.07;29.6;27.19;87.86;4.75;48.4;10.18
2011;10;29;41.292;62.554;0.44;27.19;28.25;26.35;87.47;3.25;87.8;11.87
2011;10;30;16.802;64.157;0.18;26.22;27.09;25.59;87.85;2.81;187.7;8.72
2011;10;31;25.476;62.494;0.27;25.61;26.37;24.74;86.58;1.61;325.5;7.92
2011;11;1;41.338;62.978;0.44;27.55;29.51;26.33;81.81;5.23;48.2;2.67
2011;11;2;58.308;63.511;0.63;27.71;29.59;26.61;84.58;5.09;38.2;2.51
2011;11;3;52.318;62.825;0.57;28.01;29.76;27.1;84.42;4.65;37.5;2.89
2011;11;4;48.139;62.074;0.52;27.85;29.72;26.92;86.01;3.45;22.0;3.84
2011;11;5;49.018;6.121;0.53;27.52;28.85;26.63;86.85;3.38;15.4;4.2
2011;11;6;52.121;6.139;0.57;28.33;30.62;26.99;83.2;5.33;35.3;4.4
2011;11;7;44.825;61.181;0.49;28.03;29.46;27.27;85.71;4.97;37.7;4.7
2011;11;8;40.224;6.083;0.44;27.98;29.49;26.92;85.59;3.68;42.5;5.98
2011;11;9;44.167;61.138;0.49;27.72;29.7;26.61;84.72;2.47;24.6;17.06
2011;11;10;44.846;61.435;0.49;27.55;29.8;26.19;84.26;2.29;19.4;7.63
2011;11;11;44.695;59.155;0.49;27.25;28.71;26.47;88.3;3.45;26.1;9.34
2011;11;12;3.965;60.394;0.44;27.86;30.12;26.81;84.57;5.02;46.2;13.87
2011;11;13;23.978;59.388;0.27;27.05;28.66;25.58;88.54;4.23;75.9;23.76
2011;11;14;49.322;59.894;0.55;27.03;29.66;25.1;83.49;2.78;70.7;12.9
2011;11;15;4.963;60.648;0.55;27.86;29.86;26.61;84.25;4.79;53.1;10.84
2011;11;16;46.584;61.051;0.52;27.73;29.35;26.84;83.75;6.21;46.4;9.58
2011;11;17;42.996;58.927;0.48;27.81;30.0;26.31;80.29;3.99;52.9;5.74
2011;11;18;43.205;58.798;0.49;27.6;29.85;26.35;82.89;3.55;42.5;9.26
2011;11;19;40.841;60.082;0.46;27.33;28.51;26.45;85.62;4.76;52.0;16.63
2011;11;20;45.948;60.718;0.52;27.49;29.36;26.37;82.19;5.0;51.3;8.37
2011;11;21;48.314;60.864;0.55;27.39;29.22;26.44;80.73;6.28;50.1;2.54
2011;11;22;51.912;6.066;0.59;27.43;30.45;25.57;80.14;4.57;51.1;0.57
2011;11;23;45.883;59.206;0.52;27.43;29.36;26.24;83.6;3.9;51.2;2.11
2011;11;24;42.218;57.264;0.48;27.09;27.85;26.49;88.31;3.48;61.9;4.77
2011;11;25;40.548;55.135;0.46;27.3;28.8;26.49;85.02;4.39;51.1;3.44
2011;11;26;40.164;57.019;0.46;27.11;28.86;26.04;85.7;4.2;52.4;7.28
2011;11;27;34.522;56.803;0.4;26.76;28.08;26.09;88.17;5.42;36.4;21.62
2011;11;28;36.715;57.677;0.42;27.67;30.14;26.06;82.02;3.78;36.0;37.42
2011;11;29;29.861;58.654;0.34;26.94;28.59;26.01;87.46;4.77;13.3;39.54
2011;11;30;37.951;59.122;0.44;26.93;28.57;25.94;83.96;5.57;15.9;17.2
2011;12;1;43.644;59.374;0.5;26.88;28.86;25.65;82.53;5.68;23.6;4.52
2011;12;2;50.314;59.621;0.58;27.47;29.55;26.1;82.36;7.33;32.6;1.44
2011;12;3;54.746;60.007;0.63;27.75;29.87;26.69;81.33;8.35;44.2;1.17
2011;12;4;53.676;59.398;0.62;27.29;29.23;26.22;79.74;7.97;42.9;0.59
2011;12;5;5.058;59.762;0.59;27.3;29.14;26.38;81.87;7.3;33.4;0.75
2011;12;6;47.894;5.953;0.56;27.05;29.02;26.2;82.41;6.76;37.2;2.41
2011;12;7;37.975;58.562;0.44;27.01;28.63;26.07;81.94;6.88;28.0;3.34
2011;12;8;41.297;56.921;0.48;26.78;28.27;25.84;84.64;5.03;36.9;2.38
2011;12;9;46.409;57.343;0.54;27.43;29.93;25.91;83.93;5.54;46.0;1.94
2011;12;10;51.425;57.218;0.6;27.4;29.92;26.02;85.06;5.23;45.4;2.73
2011;12;11;37.284;56.393;0.44;26.83;27.95;26.23;87.27;4.17;48.8;1.07
2011;12;12;33.929;53.902;0.4;26.56;27.48;25.92;90.41;3.95;47.0;7.12
2011;12;13;43.723;55.351;0.51;26.79;27.7;26.31;88.67;5.79;37.1;7.81
2011;12;14;43.318;56.249;0.51;26.73;27.62;26.2;88.42;6.45;43.7;7.54
2011;12;15;3.283;5.478;0.39;26.5;27.2;26.07;88.03;6.17;49.6;5.83
2011;12;16;37.459;55.678;0.44;26.35;26.98;25.84;88.58;6.61;51.8;11.99
2011;12;17;35.316;56.971;0.41;26.64;28.64;25.59;83.7;7.72;47.5;6.06
2011;12;18;49.675;58.406;0.58;26.51;28.0;25.55;84.0;7.61;46.4;4.99
2011;12;19;50.784;58.774;0.6;26.64;28.76;25.3;80.71;8.32;50.9;2.06
2011;12;20;50.371;59.124;0.59;26.69;29.49;24.76;81.03;6.97;57.2;0.27
2011;12;21;57.811;58.764;0.68;26.98;29.65;25.19;83.9;7.56;54.0;1.36
2011;12;22;56.009;58.668;0.66;27.01;29.27;25.33;85.51;7.05;56.5;0.0
2011;12;23;5.423;5.868;0.64;26.34;27.22;25.76;86.84;8.43;53.6;0.0
2011;12;24;4.435;5.905;0.52;26.18;28.12;25.13;83.36;7.95;52.8;0.0
2011;12;25;58.598;6.011;0.69;26.24;29.31;24.29;83.2;6.92;51.7;0.0
2011;12;26;5.911;60.314;0.69;25.98;29.09;23.75;84.17;6.65;48.8;0.0
2011;12;27;58.529;59.189;0.69;25.96;28.68;24.2;84.13;6.72;44.9;0.0
2011;12;28;55.056;57.624;0.65;26.11;28.59;24.66;86.24;6.46;39.0;0.0
2011;12;29;5.088;56.832;0.6;26.21;28.77;24.71;87.0;6.11;42.8;0.02
2011;12;30;51.106;56.854;0.6;26.35;28.79;24.83;86.99;6.95;42.8;0.01
2011;12;31;53.246;5.791;0.62;26.3;29.03;24.61;85.21;7.62;48.6;0.0
2012;1;1;59.777;60.418;0.7;26.15;29.06;24.44;83.28;7.37;48.4;0.0
2012;1;2;53.611;59.054;0.63;25.96;28.67;24.21;84.58;7.17;41.9;0.0
2012;1;3;53.021;57.209;0.62;25.73;27.72;24.67;86.02;7.8;32.3;0.0
2012;1;4;51.662;59.237;0.6;25.78;27.89;24.53;84.37;8.1;39.6;0.02
2012;1;5;54.413;59.719;0.63;25.71;27.85;24.5;84.15;8.06;39.9;0.01
2012;1;6;55.116;59.518;0.64;25.82;28.49;24.27;82.27;7.01;43.5;0.0
2012;1;7;57.242;59.928;0.66;25.82;28.42;24.22;84.55;7.28;43.8;0.0
2012;1;8;57.672;60.713;0.67;25.72;28.3;23.88;85.13;7.29;40.4;0.0
2012;1;9;58.241;60.655;0.67;25.67;28.1;24.19;82.26;7.09;41.3;0.0
2012;1;10;5.352;58.925;0.62;26.2;29.23;24.27;84.31;5.99;41.8;0.0
2012;1;11;56.678;59.186;0.65;26.29;29.48;24.32;84.72;6.18;45.6;0.0
2012;1;12;51.336;58.786;0.59;26.15;28.26;24.82;84.64;7.19;48.9;0.0
2012;1;13;51.574;58.651;0.59;26.44;29.36;24.39;81.83;6.82;46.5;0.0
2012;1;14;56.686;58.903;0.65;26.77;29.86;24.92;82.04;7.02;46.4;0.0
2012;1;15;37.786;57.341;0.43;26.32;28.77;25.08;83.28;9.05;48.2;0.0
2012;1;16;56.011;61.805;0.64;25.94;28.45;24.53;79.71;9.56;46.4;0.0
2012;1;17;60.996;62.018;0.69;26.22;29.08;24.6;78.58;9.1;47.0;0.0
2012;1;18;5.951;62.695;0.67;25.92;28.95;23.99;80.14;7.23;43.1;0.0
2012;1;19;60.094;62.822;0.68;25.56;28.34;23.74;80.64;7.65;41.3;0.0
2012;1;20;61.639;64.118;0.69;25.67;28.77;23.42;77.92;8.62;47.4;0.0
2012;1;21;63.806;64.162;0.72;25.54;28.67;23.41;78.89;7.59;46.2;0.0
2012;1;22;61.853;63.106;0.69;25.62;29.18;23.19;81.03;6.78;44.2;0.0
2012;1;23;60.763;63.444;0.68;25.78;29.47;23.29;80.91;6.47;42.6;0.0
2012;1;24;59.285;62.762;0.66;25.84;28.79;24.21;81.16;7.49;42.9;0.01
2012;1;25;5.31;61.632;0.59;25.6;28.18;24.39;81.64;6.89;45.4;0.0
2012;1;26;60.346;63.458;0.67;25.88;28.83;23.94;76.96;7.84;45.8;0.0
2012;1;27;60.185;62.916;0.66;25.96;29.23;23.53;77.59;7.49;43.9;0.0
2012;1;28;60.422;6.216;0.67;26.22;29.42;23.93;77.92;8.28;48.0;0.0
2012;1;29;59.537;6.18;0.65;25.98;29.24;24.23;77.17;8.16;45.4;0.0
2012;1;30;6.018;63.122;0.66;25.92;28.82;24.0;76.42;8.92;46.2;0.0
2012;1;31;57.367;6.311;0.63;25.86;28.64;24.16;76.11;9.76;46.3;0.0
2012;2;1;60.914;64.294;0.66;25.85;29.09;24.0;75.53;8.92;46.2;0.0
2012;2;2;59.952;64.118;0.65;25.53;28.83;23.47;76.28;8.01;47.2;0.0
2012;2;3;57.749;63.722;0.63;25.77;28.84;23.55;77.17;7.11;43.4;0.0
2012;2;4;59.398;63.266;0.64;25.8;29.59;23.58;81.2;7.06;46.3;0.0
2012;2;5;56.885;61.723;0.61;26.25;30.5;23.62;80.24;5.41;41.4;0.0
2012;2;6;52.524;61.692;0.56;26.15;29.28;24.43;83.57;5.65;42.5;0.0
2012;2;7;54.694;61.838;0.59;26.03;28.92;24.34;83.36;7.09;41.0;0.0
2012;2;8;59.722;63.305;0.64;26.25;29.51;24.26;80.36;8.61;37.6;0.0
2012;2;9;57.002;6.282;0.61;25.65;28.24;24.45;83.8;7.81;35.9;0.0
2012;2;10;58.735;63.514;0.62;26.23;29.97;23.85;81.95;6.51;34.9;0.0
2012;2;11;55.879;63.922;0.59;26.08;29.55;24.44;81.5;5.93;39.5;0.0
2012;2;12;59.609;66.014;0.63;25.81;28.85;24.04;79.39;7.72;31.5;0.0
2012;2;13;63.823;67.529;0.67;26.03;29.27;24.2;78.13;8.1;36.7;0.01
2012;2;14;63.629;6.81;0.67;25.62;28.84;23.58;77.24;7.81;38.9;0.0
2012;2;15;61.654;6.811;0.64;26.06;29.71;23.46;78.03;7.35;40.5;0.0
2012;2;16;66.799;68.815;0.7;25.99;29.19;24.14;75.52;7.89;40.2;0.0
2012;2;17;67.481;68.422;0.7;25.78;29.24;23.29;76.94;6.96;37.4;0.0
2012;2;18;65.832;67.855;0.68;25.95;29.74;23.26;78.43;6.28;38.5;0.0
2012;2;19;61.721;66.866;0.64;26.1;29.81;23.51;78.09;6.77;40.0;0.0
2012;2;20;64.802;67.714;0.67;26.05;29.51;23.86;76.24;7.82;37.0;0.0
2012;2;21;66.046;67.949;0.68;26.07;29.35;24.04;76.04;8.43;39.5;0.0
2012;2;22;6.985;70.344;0.72;26.27;29.93;23.77;75.7;8.45;42.9;0.0
2012;2;23;65.088;69.394;0.67;26.35;29.84;23.56;76.35;7.87;44.4;0.0
2012;2;24;65.926;68.023;0.67;26.54;30.21;23.68;76.95;7.73;44.9;0.0
2012;2;25;64.932;67.838;0.66;26.49;29.68;24.15;77.92;8.2;40.7;0.0
2012;2;26;67.507;71.122;0.69;26.85;30.75;24.53;71.09;9.15;47.1;0.0
2012;2;27;61.625;70.102;0.62;26.73;30.28;24.29;70.64;9.64;49.3;0.0
2012;2;28;55.692;69.312;0.56;26.37;29.52;24.12;71.82;9.85;47.8;0.0
2012;2;29;63.778;6.857;0.64;26.45;29.71;24.04;73.19;8.1;40.8;0.0
2012;3;1;68.206;69.377;0.69;26.71;30.57;24.4;74.73;8.28;40.5;0.0
2012;3;2;65.717;6.738;0.66;27.03;30.81;24.74;75.92;7.7;43.9;0.0
2012;3;3;61.582;66.382;0.62;27.05;30.82;24.84;79.36;6.22;41.8;0.0
2012;3;4;5.604;64.872;0.56;26.66;29.7;24.82;81.51;6.03;42.5;0.0
2012;3;5;48.055;6.481;0.48;26.65;29.67;24.84;80.17;7.83;41.4;0.0
2012;3;6;58.339;67.294;0.58;27.13;30.31;25.17;72.11;10.4;47.8;0.0
2012;3;7;68.482;69.866;0.68;27.08;30.73;24.8;67.83;10.58;46.9;0.0
2012;3;8;70.025;70.416;0.69;26.87;30.96;24.21;68.7;9.94;46.8;0.0
2012;3;9;68.095;68.916;0.67;26.74;30.43;24.18;73.07;8.54;44.0;0.0
2012;3;10;64.464;68.786;0.64;26.23;29.51;24.1;79.19;8.28;37.6;0.0
2012;3;11;6.563;68.141;0.65;26.44;29.8;24.46;78.67;8.95;38.5;0.0
2012;3;12;67.037;69.302;0.66;26.84;29.85;25.01;76.3;9.49;41.5;0.0
2012;3;13;64.697;68.302;0.63;26.96;30.35;25.14;75.02;8.76;43.8;0.0
2012;3;14;66.449;68.477;0.65;27.12;30.94;24.59;75.8;8.02;39.2;0.0
2012;3;15;67.051;69.427;0.66;26.94;30.37;24.61;77.57;7.72;37.4;0.0
2012;3;16;58.428;6.72;0.57;26.75;30.01;24.72;78.66;8.2;34.8;0.01
2012;3;17;44.364;64.819;0.43;26.06;27.94;24.97;83.48;7.54;37.0;0.3
2012;3;18;47.107;65.129;0.46;26.34;28.91;24.75;81.75;7.93;37.7;0.08
2012;3;19;42.641;65.947;0.41;26.26;29.02;24.68;76.81;8.09;36.2;0.0
2012;3;20;58.728;6.929;0.57;26.62;29.94;24.39;76.85;7.6;38.2;0.01
2012;3;21;56.659;6.858;0.55;26.72;29.89;24.68;77.4;7.33;37.4;0.03
2012;3;22;53.794;69.535;0.52;26.57;29.48;24.51;78.22;7.99;38.4;0.06
2012;3;23;6.239;70.294;0.6;26.59;29.46;24.77;77.83;7.86;32.3;0.01
2012;3;24;60.389;70.234;0.58;26.75;30.07;24.8;77.21;7.64;31.2;0.11
2012;3;25;58.872;70.733;0.57;27.16;31.23;24.89;78.05;6.99;31.4;1.19
2012;3;26;59.098;69.202;0.57;26.97;30.06;25.06;81.18;6.34;34.4;1.38
2012;3;27;63.173;69.662;0.61;26.94;29.51;25.3;81.08;6.97;33.0;0.06
2012;3;28;66.905;71.952;0.64;27.41;30.38;25.54;77.23;8.71;37.8;0.03
2012;3;29;64.872;70.303;0.62;27.63;31.18;25.29;76.86;7.45;37.9;0.0
2012;3;30;53.875;69.223;0.52;27.82;31.66;25.13;77.9;6.09;37.6;0.01
2012;3;31;60.617;69.917;0.58;27.88;31.69;25.46;79.34;5.19;39.8;0.21
2012;4;1;45.084;67.543;0.43;27.79;30.71;25.99;81.06;3.51;49.5;0.51
2012;4;2;45.202;65.892;0.43;27.29;29.59;25.73;82.74;3.59;38.1;0.29
2012;4;3;39.804;67.051;0.38;27.04;29.1;25.71;83.62;5.57;34.5;0.2
2012;4;4;58.042;6.924;0.55;27.29;29.98;25.66;79.7;5.08;45.5;0.12
2012;4;5;42.773;6.942;0.41;27.82;31.73;25.49;76.63;5.25;34.8;2.23
2012;4;6;37.673;69.979;0.36;27.54;30.86;25.59;78.21;4.99;31.0;0.91
2012;4;7;45.967;67.877;0.44;27.51;30.97;25.36;79.44;5.43;26.9;0.29
2012;4;8;44.393;65.412;0.42;27.2;30.12;25.68;77.92;7.23;30.0;0.26
2012;4;9;54.029;69.792;0.51;27.09;29.92;25.36;74.06;7.01;24.4;0.18
2012;4;10;59.767;71.066;0.57;27.05;29.81;25.3;75.48;6.48;27.5;0.14
2012;4;11;57.557;70.164;0.55;27.39;31.05;25.21;74.4;5.4;20.4;1.22
2012;4;12;5.081;66.655;0.48;27.62;30.95;25.64;76.53;5.34;18.7;2.46
2012;4;13;58.584;70.754;0.56;27.27;29.84;25.88;80.12;5.76;28.9;3.76
2012;4;14;46.181;71.767;0.44;27.37;29.4;26.04;78.85;6.83;33.2;0.63
2012;4;15;63.346;7.313;0.6;28.09;31.16;25.9;73.11;7.72;43.6;0.38
2012;4;16;67.099;73.265;0.64;27.98;31.12;25.76;75.25;7.15;40.2;0.1
2012;4;17;41.899;73.337;0.4;28.06;31.7;25.69;75.62;6.08;43.8;0.28
2012;4;18;58.464;71.014;0.56;27.73;31.55;25.58;76.76;5.98;40.8;0.56
2012;4;19;51.986;7.044;0.49;27.26;30.0;25.39;78.93;5.25;41.1;0.17
2012;4;20;60.667;72.415;0.58;27.86;31.27;25.58;78.14;4.79;37.6;2.42
2012;4;21;62.525;71.678;0.59;27.87;31.04;25.91;80.87;3.46;37.6;4.25
2012;4;22;42.257;68.777;0.4;27.9;30.84;26.07;80.42;2.49;349.7;1.47
2012;4;23;54.691;69.401;0.52;27.4;30.35;25.61;80.58;2.88;9.1;2.66
2012;4;24;4.367;6.995;0.42;26.82;28.32;25.98;86.12;3.77;11.8;12.29
2012;4;25;60.197;71.071;0.57;27.57;30.12;25.8;83.91;5.68;30.3;6.85
2012;4;26;46.778;68.558;0.44;28.34;30.62;26.84;80.77;5.99;57.2;2.8
2012;4;27;22.051;68.758;0.21;27.68;29.51;26.54;82.12;5.63;48.3;2.78
2012;4;28;60.185;69.686;0.57;27.7;29.89;26.28;81.06;3.7;52.4;0.92
2012;4;29;43.757;69.785;0.42;28.18;31.36;26.17;79.17;3.45;45.7;0.32
2012;4;30;66.602;70.308;0.63;28.3;31.32;26.64;78.42;5.41;36.4;0.16
2012;5;1;48.703;68.412;0.46;27.79;30.31;26.42;82.6;5.32;39.7;20.72
2012;5;2;38.837;68.158;0.37;27.15;28.09;26.53;87.34;5.47;43.3;8.84
2012;5;3;59.801;69.065;0.57;27.51;29.49;26.4;86.48;4.85;44.2;7.17
2012;5;4;33.996;69.226;0.32;27.25;28.6;26.43;88.77;4.68;32.7;6.66
2012;5;5;37.099;67.757;0.35;27.29;29.34;26.19;86.57;3.68;24.1;15.09
2012;5;6;47.167;68.633;0.45;27.47;29.94;25.82;82.88;2.23;13.2;12.94
2012;5;7;42.701;6.971;0.41;27.2;29.1;25.9;84.87;3.34;27.8;16.55
2012;5;8;63.718;7.067;0.61;27.31;29.58;26.05;84.94;4.32;33.3;4.71
2012;5;9;45.163;69.242;0.43;27.8;30.06;26.47;83.57;4.71;37.5;7.51
2012;5;10;61.078;70.697;0.58;28.34;31.36;26.75;83.08;4.44;38.4;8.74
2012;5;11;62.165;6.99;0.6;28.35;30.98;26.9;83.12;5.36;47.6;2.12
2012;5;12;49.457;7.014;0.47;27.73;29.3;26.88;88.13;5.05;47.4;11.17
2012;5;13;61.265;69.989;0.59;28.49;31.5;26.15;81.46;4.08;60.4;3.87
2012;5;14;55.418;6.901;0.53;28.02;30.7;25.92;82.15;4.41;58.7;2.22
2012;5;15;64.277;70.538;0.62;28.46;31.87;26.47;80.87;5.37;50.5;1.16
2012;5;16;65.558;7.062;0.63;28.34;31.16;26.66;81.57;6.12;44.1;5.98
2012;5;17;6.391;70.682;0.61;28.87;32.45;26.63;80.77;5.56;42.9;5.13
2012;5;18;5.106;69.684;0.49;28.4;31.68;26.74;82.87;4.82;49.6;10.06
2012;5;19;56.155;70.435;0.54;28.04;29.67;26.87;84.66;4.21;46.0;16.6
2012;5;20;38.698;70.027;0.37;26.93;27.92;26.28;89.42;2.69;354.4;16.04
2012;5;21;57.578;70.346;0.55;27.72;30.07;26.07;84.4;2.77;37.0;3.65
2012;5;22;58.846;70.759;0.57;28.68;31.79;26.5;81.15;4.59;49.2;2.77
2012;5;23;65.251;70.762;0.63;29.25;32.77;27.1;79.43;3.57;78.0;1.67
2012;5;24;63.326;70.572;0.61;29.39;32.85;27.19;80.83;3.73;50.3;2.22
2012;5;25;38.558;68.681;0.37;29.54;33.09;27.69;80.04;4.67;44.3;3.29
2012;5;26;51.962;70.061;0.5;28.02;29.21;27.08;85.68;4.72;54.9;2.7
2012;5;27;64.234;71.287;0.62;28.87;31.74;27.26;82.1;4.59;47.8;1.26
2012;5;28;49.246;7.177;0.48;28.99;31.62;27.41;83.28;4.71;50.9;2.32
2012;5;29;60.593;69.209;0.59;28.67;31.07;27.1;84.08;5.0;49.9;1.57
2012;5;30;37.934;68.986;0.37;28.61;31.13;26.83;82.05;4.12;59.8;2.4
2012;5;31;53.086;70.716;0.51;28.93;32.61;27.05;82.94;2.73;49.6;1.06
2012;6;1;52.733;69.912;0.51;29.06;32.16;27.42;82.58;2.98;45.8;2.6
2012;6;2;5.677;70.769;0.55;29.22;32.29;27.56;81.1;3.86;49.8;2.73
2012;6;3;59.239;69.706;0.57;29.3;32.83;27.13;78.54;5.23;46.8;1.14
2012;6;4;67.807;7.159;0.66;29.43;33.83;27.1;76.6;5.62;48.5;0.36
2012;6;5;67.968;72.146;0.66;29.02;32.43;26.59;77.83;5.42;50.0;0.18
2012;6;6;62.364;71.628;0.61;29.2;32.42;26.9;78.83;5.06;50.8;0.52
2012;6;7;66.653;71.594;0.65;29.57;33.02;27.04;78.65;5.3;53.4;0.3
2012;6;8;44.021;6.948;0.43;29.3;32.47;27.44;79.64;4.89;53.6;0.29
2012;6;9;60.156;6.966;0.58;28.7;30.97;27.37;81.86;5.14;50.3;0.64
2012;6;10;65.714;70.183;0.64;28.38;30.7;26.89;81.48;6.11;45.7;0.42
2012;6;11;49.361;70.193;0.48;27.91;30.34;26.47;83.48;6.63;48.4;0.93
2012;6;12;4.524;68.604;0.44;27.47;29.79;25.92;85.72;3.14;54.2;2.07
2012;6;13;45.876;67.774;0.45;27.42;29.89;25.74;86.12;2.81;37.2;3.39
2012;6;14;46.198;69.528;0.45;27.69;30.17;26.3;86.46;3.69;38.0;5.57
2012;6;15;63.134;7.039;0.62;28.04;31.33;26.27;82.33;4.18;58.8;3.01
2012;6;16;27.521;70.462;0.27;27.8;30.9;26.26;82.83;2.94;32.3;2.37
2012;6;17;5.159;71.002;0.5;27.1;28.52;26.03;80.5;1.73;356.3;0.64
2012;6;18;63.331;71.587;0.62;28.13;31.44;25.76;76.93;2.8;22.0;0.49
2012;6;19;6.739;71.556;0.66;29.23;32.83;27.16;78.55;3.97;42.4;0.32
2012;6;20;64.056;70.666;0.62;29.66;33.29;27.43;76.91;4.95;44.9;1.92
2012;6;21;53.489;70.476;0.52;29.24;32.2;27.39;80.7;3.24;41.4;12.96
2012;6;22;68.774;71.383;0.67;29.03;32.74;26.6;74.97;2.23;25.6;10.99
2012;6;23;54.679;69.665;0.53;28.97;31.87;27.31;80.44;4.08;45.4;4.23
2012;6;24;52.466;69.252;0.51;29.18;32.55;27.25;78.17;5.18;46.4;5.32
2012;6;25;49.421;6.907;0.48;28.51;30.86;26.97;80.25;3.27;56.6;3.68
2012;6;26;34.042;68.638;0.33;28.15;30.17;26.71;80.34;2.27;9.6;4.64
2012;6;27;60.132;69.792;0.59;28.59;30.99;26.73;79.45;3.7;51.3;1.89
2012;6;28;5.489;69.298;0.54;28.79;31.52;27.13;77.56;6.01;50.9;1.23
2012;6;29;61.531;6.953;0.6;28.18;30.28;26.59;78.06;7.35;45.7;0.26
2012;6;30;5.148;67.759;0.5;28.33;31.29;26.38;76.9;5.35;49.3;1.09
2012;7;1;41.455;67.157;0.4;27.99;29.82;26.7;80.92;5.49;51.6;0.5
2012;7;2;66.643;7.163;0.65;28.54;32.0;26.4;78.35;6.29;43.5;0.39
2012;7;3;54.979;69.557;0.54;28.57;31.14;26.76;78.55;5.95;49.4;0.88
2012;7;4;43.829;68.496;0.43;27.84;29.9;26.49;82.46;6.15;48.0;0.97
2012;7;5;5.905;68.042;0.58;27.53;29.9;26.32;83.74;5.43;41.4;0.97
2012;7;6;51.302;71.431;0.5;27.89;30.6;26.25;83.81;3.78;46.7;0.53
2012;7;7;60.038;70.356;0.58;27.99;30.05;26.24;81.97;5.07;50.7;0.51
2012;7;8;69.917;71.602;0.68;27.98;29.98;26.22;81.0;6.55;46.8;0.11
2012;7;9;6.612;71.035;0.64;28.38;31.43;26.03;80.56;5.27;44.6;0.08
2012;7;10;63.115;69.482;0.61;28.4;31.0;26.63;81.13;5.15;46.5;0.2
2012;7;11;52.411;69.838;0.51;28.62;31.77;26.63;78.17;6.59;47.5;0.18
2012;7;12;53.172;68.782;0.52;28.35;32.04;26.02;77.85;5.8;44.6;1.06
2012;7;13;4.933;68.849;0.48;27.77;30.41;25.99;81.29;5.25;48.9;1.14
2012;7;14;63.749;69.902;0.62;27.97;30.58;26.24;82.44;4.53;50.3;0.5
2012;7;15;61.493;71.203;0.6;28.72;32.03;26.54;79.41;5.69;44.1;0.0
2012;7;16;65.748;70.682;0.64;28.92;32.44;26.75;77.35;6.14;46.8;0.0
2012;7;17;62.664;71.311;0.61;28.81;31.82;26.7;79.04;4.38;58.2;0.0
2012;7;18;5.375;69.787;0.52;28.44;30.67;26.86;80.97;6.13;49.9;0.0
2012;7;19;62.496;70.356;0.61;28.29;30.6;26.78;80.86;6.28;45.5;0.02
2012;7;20;5.646;70.027;0.55;27.93;30.74;26.43;82.45;5.76;42.0;1.1
2012;7;21;51.818;69.072;0.5;27.69;30.2;26.05;83.73;3.24;60.7;3.45
2012;7;22;66.046;71.983;0.64;28.26;31.06;25.96;81.25;4.28;47.4;0.46
2012;7;23;67.471;71.117;0.65;28.6;31.77;26.39;79.72;6.7;51.1;0.68
2012;7;24;57.288;70.877;0.55;28.19;30.35;26.79;82.54;6.17;47.5;1.62
2012;7;25;68.206;71.539;0.66;28.84;32.62;26.64;79.35;4.3;45.3;0.02
2012;7;26;67.601;71.414;0.65;28.76;31.14;26.85;79.72;6.01;50.5;0.22
2012;7;27;64.896;71.263;0.63;28.96;32.24;26.56;74.56;7.73;46.3;0.0
2012;7;28;56.758;68.462;0.55;28.57;31.7;26.72;75.94;6.83;44.1;0.11
2012;7;29;40.277;69.389;0.39;27.64;29.54;26.62;84.85;4.51;56.0;5.33
2012;7;30;36.878;69.854;0.36;27.8;30.24;26.38;84.69;5.46;43.3;6.98
2012;7;31;40.296;70.411;0.39;27.64;29.88;26.38;83.33;4.45;55.0;1.95
2012;8;1;5.525;70.104;0.53;28.19;31.45;26.23;83.0;3.64;35.2;3.19
2012;8;2;60.034;70.176;0.58;28.34;31.43;26.44;81.93;3.8;42.2;4.08
2012;8;3;48.278;6.979;0.47;27.67;29.52;26.62;84.81;3.75;56.2;5.0
2012;8;4;63.266;71.189;0.61;28.59;31.91;26.57;76.89;6.68;36.8;0.22
2012;8;5;44.885;69.204;0.43;28.09;31.39;26.27;81.37;3.59;42.6;1.72
2012;8;6;58.075;69.667;0.56;28.21;30.94;26.08;82.88;3.96;48.3;4.27
2012;8;7;57.667;69.571;0.56;28.52;31.27;26.87;82.69;4.78;44.8;3.36
2012;8;8;55.409;70.111;0.53;28.58;31.08;27.13;82.17;4.36;51.6;4.27
2012;8;9;52.366;6.865;0.5;28.78;31.89;26.95;80.34;3.32;54.4;3.37
2012;8;10;64.766;70.925;0.62;28.59;31.05;26.78;81.84;3.7;32.6;3.75
2012;8;11;50.858;7.121;0.49;29.28;32.17;27.63;80.08;5.76;46.2;7.09
2012;8;12;6.066;70.234;0.58;28.92;31.52;27.09;76.99;6.8;45.4;0.57
2012;8;13;4.909;68.719;0.47;28.23;30.48;26.89;81.79;4.51;46.6;7.59
2012;8;14;4.53;69.583;0.44;27.35;29.17;26.47;88.08;3.36;53.8;16.5
2012;8;15;68.645;71.849;0.66;28.04;29.94;26.33;83.58;3.41;50.5;8.61
2012;8;16;62.335;72.569;0.6;28.59;31.25;26.94;82.29;5.43;44.8;8.08
2012;8;17;51.362;71.004;0.49;28.31;30.23;27.18;83.26;5.84;45.1;5.52
2012;8;18;50.196;69.398;0.48;27.94;29.81;26.83;84.38;3.27;60.2;6.66
2012;8;19;50.237;71.069;0.48;28.16;30.25;26.63;83.27;3.87;43.6;7.38
2012;8;20;66.922;71.398;0.64;28.28;31.11;26.52;80.72;4.54;51.5;3.78
2012;8;21;57.077;7.045;0.55;28.75;31.99;26.92;75.46;6.08;46.8;1.35
2012;8;22;62.237;71.057;0.6;28.43;31.06;26.8;79.41;5.15;41.6;2.06
2012;8;23;47.316;70.483;0.46;28.55;31.51;26.97;79.43;4.77;31.1;3.82
2012;8;24;50.194;6.979;0.48;27.91;30.87;26.19;80.1;3.27;271.3;9.17
2012;8;25;5.861;69.974;0.56;28.06;31.27;26.07;82.03;3.36;236.3;8.53
2012;8;26;50.011;69.818;0.48;27.24;28.79;26.37;86.59;2.95;35.6;9.46
2012;8;27;61.471;70.867;0.59;28.58;31.56;27.18;83.06;3.71;70.9;5.56
2012;8;28;66.854;72.343;0.64;28.97;31.56;27.25;80.34;4.22;52.2;0.73
2012;8;29;60.883;70.085;0.59;29.03;31.84;27.27;80.42;4.06;56.9;1.76
2012;8;30;59.717;71.554;0.58;28.96;31.55;27.44;82.78;4.94;51.0;8.38
2012;8;31;53.746;68.878;0.52;28.44;30.51;27.34;84.98;5.1;52.7;9.66
2012;9;1;62.635;69.931;0.6;28.46;30.75;27.03;82.58;4.81;49.6;5.85
2012;9;2;62.141;70.123;0.6;28.09;30.6;26.83;83.56;5.1;46.1;3.87
2012;9;3;59.213;69.283;0.57;27.85;29.91;26.78;88.58;4.19;41.7;6.15
2012;9;4;5.131;71.206;0.5;28.26;30.64;27.04;86.13;3.78;42.6;14.02
2012;9;5;51.466;70.162;0.5;27.88;30.43;26.89;86.04;3.18;52.5;7.66
2012;9;6;57.586;72.245;0.56;28.48;31.09;26.85;82.27;3.83;46.6;3.18
2012;9;7;69.876;72.662;0.68;28.53;31.39;26.91;83.17;4.42;46.7;2.72
2012;9;8;63.358;72.113;0.61;28.05;29.72;26.91;85.21;2.97;52.8;2.69
2012;9;9;69.737;71.474;0.68;28.68;30.84;27.11;83.43;3.13;47.3;1.58
2012;9;10;54.996;68.767;0.53;28.56;30.67;27.49;85.58;5.66;46.1;3.04
2012;9;11;62.561;70.769;0.61;28.24;30.06;27.05;83.4;6.75;43.3;0.93
2012;9;12;59.832;69.538;0.58;28.23;29.94;27.1;84.63;6.43;45.9;1.65
2012;9;13;42.029;67.399;0.41;28.01;29.88;26.81;84.53;3.74;57.2;0.82
2012;9;14;52.819;6.749;0.52;28.38;31.08;26.44;81.65;3.75;47.0;0.53
2012;9;15;66.149;69.425;0.65;29.25;31.89;27.67;81.04;4.4;43.5;0.19
2012;9;16;60.835;70.085;0.59;28.88;31.08;27.62;82.97;4.45;45.4;2.67
2012;9;17;64.243;69.883;0.63;28.11;29.85;27.25;85.56;5.13;43.0;9.83
2012;9;18;56.374;69.734;0.55;27.68;29.44;26.97;86.02;4.23;30.8;4.68
2012;9;19;61.046;7.105;0.6;28.19;30.23;26.89;84.2;4.3;40.4;3.22
2012;9;20;63.662;7.121;0.63;28.66;31.39;27.13;82.73;4.74;44.6;6.57
2012;9;21;52.956;68.369;0.52;28.7;31.01;27.31;83.47;4.84;43.4;8.48
2012;9;22;52.224;68.359;0.51;28.56;30.4;27.61;85.28;4.06;58.3;8.12
2012;9;23;57.379;70.051;0.57;28.37;29.98;27.58;84.86;3.6;57.4;2.47
2012;9;24;51.972;69.883;0.51;28.05;29.59;27.21;83.99;5.07;51.7;1.22
2012;9;25;34.507;67.836;0.34;27.47;28.62;26.63;84.29;3.23;70.3;1.96
2012;9;26;53.803;66.559;0.53;28.3;30.59;26.79;80.4;4.32;52.3;0.99
2012;9;27;53.306;67.651;0.53;28.35;30.62;27.1;82.25;3.85;50.5;2.36
2012;9;28;4.091;67.058;0.41;28.58;30.94;27.36;81.51;3.24;28.9;3.92
2012;9;29;45.487;66.439;0.45;28.23;30.63;26.93;81.16;3.26;49.6;7.38
2012;9;30;60.204;67.896;0.6;27.85;30.46;26.47;83.54;3.1;36.3;6.76
2012;10;1;62.626;68.602;0.63;27.7;29.86;25.79;88.24;3.29;13.2;3.9
2012;10;2;61.409;6.917;0.62;28.68;30.79;27.38;84.01;3.99;53.2;5.18
2012;10;3;6.697;70.198;0.67;28.54;30.43;27.15;81.76;6.04;50.4;1.52
2012;10;4;53.134;67.337;0.53;28.39;30.48;27.21;83.27;5.5;47.3;3.5
2012;10;5;41.186;65.714;0.42;28.04;29.56;27.26;84.93;4.83;39.5;5.18
2012;10;6;57.288;6.72;0.58;27.73;30.08;26.59;83.92;2.69;7.3;12.54
2012;10;7;41.887;66.478;0.42;27.76;29.92;26.33;83.17;2.4;20.7;8.29
2012;10;8;52.531;6.588;0.53;27.97;30.21;26.44;85.08;2.98;38.0;5.15
2012;10;9;47.362;67.078;0.48;28.2;30.19;27.24;84.83;3.58;34.2;4.45
2012;10;10;56.906;68.494;0.58;28.64;31.31;27.17;80.81;4.64;41.8;1.4
2012;10;11;5.934;68.345;0.61;28.35;30.72;27.19;83.08;5.25;37.0;1.46
2012;10;12;59.534;67.697;0.61;28.04;29.98;26.97;83.02;4.29;31.5;2.87
2012;10;13;57.358;67.272;0.59;27.99;32.71;26.29;82.66;2.11;6.7;14.02
2012;10;14;5.13;66.173;0.53;27.71;30.56;25.97;82.54;2.49;262.6;9.62
2012;10;15;48.221;66.046;0.5;27.07;28.78;26.11;84.45;3.19;253.5;19.52
2012;10;16;37.082;63.425;0.38;26.75;28.07;25.83;88.56;3.02;203.8;51.9
2012;10;17;46.442;65.981;0.48;26.31;27.19;25.82;91.04;3.71;229.9;20.07
2012;10;18;42.166;64.634;0.44;26.89;29.49;25.79;83.9;1.16;262.3;16.23
2012;10;19;41.825;64.339;0.43;26.23;27.29;25.35;87.18;2.07;316.8;17.13
2012;10;20;50.582;65.162;0.53;27.06;29.83;25.74;80.37;1.9;335.9;2.0
2012;10;21;53.755;63.994;0.56;27.43;30.17;25.79;77.94;1.78;266.0;6.06
2012;10;22;48.106;6.475;0.5;26.67;28.37;25.49;86.47;3.27;196.2;7.45
2012;10;23;30.912;65.806;0.32;26.79;28.31;25.69;88.48;6.57;190.6;2.73
2012;10;24;30.353;66.074;0.32;26.84;27.9;26.17;87.99;6.49;203.4;2.19
2012;10;25;5.705;6.517;0.6;27.43;30.12;25.93;81.25;5.06;219.6;0.32
2012;10;26;53.278;65.249;0.56;27.61;30.62;25.91;79.75;3.64;239.2;0.22
2012;10;27;56.009;64.512;0.59;26.86;28.69;25.55;85.36;2.51;325.9;0.15
2012;10;28;56.218;6.354;0.6;27.56;29.04;26.46;83.23;4.24;15.4;2.31
2012;10;29;39.101;62.122;0.42;26.95;28.0;26.25;83.5;5.16;26.6;2.4
2012;10;30;3.133;60.163;0.34;26.94;27.63;26.45;88.7;4.96;26.7;8.93
2012;10;31;53.002;62.573;0.57;27.62;30.16;26.02;81.36;3.97;38.3;4.44
2012;11;1;58.656;63.295;0.63;27.79;29.17;27.08;84.7;4.44;43.5;4.25
2012;11;2;54.449;63.312;0.59;28.06;29.94;26.8;83.69;5.25;46.0;2.24
2012;11;3;52.373;61.841;0.57;28.13;30.3;26.79;83.07;5.78;49.4;2.48
2012;11;4;57.386;64.097;0.62;28.23;30.57;26.58;80.25;6.83;43.9;0.26
2012;11;5;48.446;61.152;0.53;28.03;29.95;26.86;84.48;5.28;45.9;1.53
2012;11;6;5.383;60.552;0.59;27.47;28.29;26.83;89.9;5.32;32.7;2.0
2012;11;7;44.666;60.965;0.49;27.89;29.15;27.25;88.04;5.47;41.6;7.0
2012;11;8;52.788;61.956;0.58;28.17;29.57;27.43;86.87;5.82;36.3;3.16
2012;11;9;61.836;64.718;0.68;28.29;30.59;27.06;78.38;7.55;42.3;0.13
2012;11;10;60.552;63.298;0.67;28.6;31.6;26.82;78.99;6.44;42.7;0.49
2012;11;11;59.203;63.012;0.66;28.58;31.68;26.86;78.17;6.4;44.9;1.0
2012;11;12;46.198;6.077;0.51;28.31;30.84;26.79;82.91;4.98;46.7;6.85
2012;11;13;56.532;61.188;0.63;28.04;30.64;26.73;83.04;4.84;36.5;3.17
2012;11;14;52.243;60.821;0.58;27.91;30.12;26.82;82.83;4.78;34.5;0.96
2012;11;15;47.978;59.623;0.54;27.76;29.23;26.96;84.63;4.52;36.2;2.35
2012;11;16;33.132;59.942;0.37;27.62;29.29;26.56;85.6;3.25;41.4;5.94
2012;11;17;49.855;6.037;0.56;27.58;29.43;26.47;83.92;2.69;39.2;4.53
2012;11;18;29.952;60.194;0.34;27.82;30.25;26.46;83.8;3.9;26.2;1.71
2012;11;19;54.835;60.122;0.62;28.07;30.78;26.61;82.9;5.14;32.9;0.96
2012;11;20;56.863;61.063;0.64;28.34;31.55;26.7;80.53;5.59;38.3;0.16
2012;11;21;45.732;59.326;0.52;27.85;29.25;27.1;84.85;5.5;36.8;1.2
2012;11;22;46.786;5.879;0.53;27.65;29.3;26.71;83.78;4.78;21.5;3.97
2012;11;23;4.339;57.936;0.49;27.7;29.59;26.57;84.16;5.4;24.0;3.77
2012;11;24;51.559;57.902;0.59;28.07;29.36;27.36;84.16;5.52;38.6;1.31
2012;11;25;55.793;59.047;0.64;28.57;30.7;27.25;81.03;7.13;47.1;1.25
2012;11;26;53.155;57.869;0.61;28.69;31.01;27.28;83.84;6.1;54.9;12.19
2012;11;27;46.162;59.633;0.53;28.47;30.5;27.19;81.82;7.38;53.1;6.69
2012;11;28;5.537;6.137;0.64;28.28;30.86;26.79;76.49;7.25;46.8;1.11
2012;11;29;54.792;61.046;0.63;27.94;30.12;26.43;76.72;7.72;43.4;3.38
2012;11;30;48.238;59.467;0.56;27.84;30.46;26.38;79.65;6.18;41.0;2.19
2012;12;1;5.382;59.779;0.62;27.52;29.96;26.34;79.59;5.62;36.2;3.98
2012;12;2;54.396;60.043;0.63;27.12;29.58;25.68;79.17;5.43;30.8;0.0
2012;12;3;56.784;59.962;0.66;27.08;29.86;25.32;77.55;4.83;27.3;0.0
2012;12;4;57.936;60.401;0.67;27.59;30.72;25.81;76.55;5.31;36.2;0.0
2012;12;5;5.521;5.935;0.64;27.59;30.55;25.99;79.11;4.73;30.9;0.01
2012;12;6;53.611;58.402;0.62;27.54;30.56;25.79;80.03;3.81;27.6;0.01
2012;12;7;52.884;57.005;0.62;27.96;30.87;26.25;80.49;4.68;25.2;0.02
2012;12;8;54.917;57.353;0.64;28.75;31.84;27.12;80.81;5.63;38.5;0.05
2012;12;9;56.263;58.166;0.66;28.91;32.04;26.79;81.48;5.97;49.9;0.04
2012;12;10;56.434;58.495;0.66;28.44;30.81;26.9;82.8;6.5;50.5;0.01
2012;12;11;54.574;59.623;0.64;28.42;30.86;26.94;78.62;6.25;49.1;0.0
2012;12;12;50.585;58.601;0.59;28.23;30.92;26.6;79.27;7.12;45.5;0.5
2012;12;13;47.237;59.405;0.55;28.46;31.07;27.15;78.09;7.65;43.9;1.48
2012;12;14;44.532;58.342;0.52;27.92;30.3;26.5;75.95;7.47;38.4;1.91
2012;12;15;53.194;60.058;0.62;27.38;30.29;25.39;74.04;5.4;34.2;0.03
2012;12;16;57.953;60.314;0.68;27.82;31.43;25.57;75.67;5.36;49.9;0.22
2012;12;17;57.334;60.295;0.67;27.66;30.9;25.43;76.16;6.27;47.2;0.0
2012;12;18;53.026;5.861;0.62;27.94;31.23;25.54;74.81;6.64;42.6;0.0
2012;12;19;54.816;56.947;0.64;28.22;31.31;26.39;76.48;7.1;41.5;0.0
2012;12;20;52.404;57.103;0.62;28.0;30.34;26.56;76.53;8.15;46.8;0.0
2012;12;21;46.812;57.094;0.55;27.28;28.71;26.33;78.0;7.17;42.5;0.05
2012;12;22;47.345;56.434;0.56;27.11;28.59;26.27;82.6;6.88;36.6;0.2
2012;12;23;49.054;55.946;0.58;27.1;28.43;26.23;83.07;7.44;41.3;0.13
2012;12;24;5.203;55.841;0.61;27.87;31.24;25.66;81.11;5.58;43.4;0.1
2012;12;25;46.934;55.342;0.55;27.73;30.18;26.1;82.77;4.77;48.7;0.12
2012;12;26;52.198;56.441;0.61;27.78;30.24;26.28;82.94;5.74;46.1;0.04
2012;12;27;46.898;55.776;0.55;27.5;29.2;26.24;81.96;7.31;48.9;0.01
2012;12;28;5.585;58.908;0.65;27.41;29.71;25.7;79.53;6.1;51.4;0.0
2012;12;29;58.613;60.878;0.69;28.04;31.98;25.38;76.68;7.15;48.9;0.0
2012;12;30;5.723;5.903;0.67;27.87;31.04;26.12;76.54;8.12;46.0;0.0
2012;12;31;56.426;58.697;0.66;27.86;31.04;25.8;74.34;8.99;48.7;0.0
2013;1;1;5.251;59.417;0.61;27.36;30.19;25.59;73.23;7.29;47.6;0.0
2013;1;2;59.124;59.719;0.69;27.2;30.54;24.75;78.2;6.41;47.8;0.0
2013;1;3;58.795;59.424;0.68;27.64;31.13;25.02;77.03;6.86;45.7;0.0
2013;1;4;58.668;60.185;0.68;27.69;31.36;25.49;75.49;7.84;47.6;0.0
2013;1;5;59.981;60.746;0.7;27.37;30.91;25.22;76.52;8.36;47.2;0.0
2013;1;6;60.706;61.054;0.7;27.15;30.85;24.59;77.34;7.56;45.0;0.0
2013;1;7;60.454;61.046;0.7;27.2;31.1;24.77;78.34;7.53;46.1;0.0
2013;1;8;60.497;60.866;0.7;27.57;31.88;24.89;75.87;7.83;48.5;0.0
2013;1;9;61.392;61.639;0.71;27.39;30.88;25.1;75.23;9.05;48.9;0.0
2013;1;10;61.586;61.862;0.71;27.0;30.59;24.9;74.79;9.38;47.2;0.0
2013;1;11;62.244;62.568;0.71;26.69;30.68;24.27;73.44;8.57;47.5;0.0
2013;1;12;61.841;62.095;0.71;25.96;29.22;24.03;77.06;8.36;41.8;0.0
2013;1;13;60.641;62.035;0.69;26.1;29.72;23.65;77.04;7.09;37.5;0.0
2013;1;14;60.288;64.262;0.69;26.15;29.99;24.07;76.37;7.85;38.4;0.0
2013;1;15;58.918;61.123;0.67;26.17;30.08;23.89;75.67;7.07;39.1;0.0
2013;1;16;59.729;61.037;0.68;26.1;29.89;23.34;77.14;7.08;40.3;0.0
2013;1;17;57.797;60.072;0.65;26.13;29.69;24.04;76.33;7.03;37.8;0.0
2013;1;18;56.921;58.733;0.64;25.93;28.97;24.01;78.4;8.07;34.8;0.0
2013;1;19;56.652;58.826;0.64;26.12;29.1;24.32;75.48;8.77;38.9;0.0
2013;1;20;57.874;60.276;0.65;26.18;29.59;24.1;74.61;7.99;38.0;0.0
2013;1;21;59.796;60.732;0.67;26.53;30.07;23.94;74.32;7.31;35.4;0.0
2013;1;22;57.257;59.515;0.64;26.19;28.86;24.85;77.31;8.84;37.8;0.0
2013;1;23;52.265;56.933;0.58;26.14;28.78;24.69;80.16;8.37;35.8;0.0
2013;1;24;52.694;58.164;0.59;26.31;29.62;24.38;77.56;7.45;29.8;0.0
2013;1;25;56.645;60.055;0.63;26.54;29.86;24.68;77.05;8.07;36.1;0.0
2013;1;26;5.867;61.906;0.65;26.63;30.04;24.63;76.34;7.97;36.2;0.0
2013;1;27;60.029;61.891;0.66;26.89;30.34;24.5;75.3;8.1;38.2;0.0
2013;1;28;61.987;62.453;0.68;27.27;30.89;24.85;73.4;8.25;42.1;0.0
2013;1;29;6.053;62.662;0.66;27.22;30.49;25.08;73.51;8.5;42.3;0.0
2013;1;30;60.826;62.405;0.66;27.46;31.67;24.9;71.64;7.59;41.7;0.0
2013;1;31;62.114;6.341;0.68;27.12;31.02;24.9;75.31;8.12;36.9;0.0
2013;2;1;6.228;63.818;0.68;26.8;29.8;24.93;75.22;10.02;39.0;0.01
2013;2;2;55.884;62.294;0.61;26.82;29.84;24.98;74.43;8.87;39.5;0.0
2013;2;3;50.474;60.739;0.55;26.7;29.78;25.01;74.91;7.08;35.3;0.02
2013;2;4;48.302;58.829;0.52;26.58;29.41;24.98;78.12;8.32;34.7;0.0
2013;2;5;50.393;59.966;0.54;26.64;29.2;25.13;76.14;8.02;39.7;0.03
2013;2;6;54.151;61.531;0.58;26.39;28.34;25.12;74.86;7.94;37.1;0.0
2013;2;7;55.733;62.141;0.6;26.56;29.55;24.87;76.03;7.37;32.7;0.0
2013;2;8;54.744;62.035;0.58;26.84;29.86;25.07;78.15;8.06;32.5;0.16
2013;2;9;55.106;64.128;0.59;26.74;29.56;25.1;75.93;8.93;33.2;0.08
2013;2;10;54.482;65.532;0.58;26.91;30.14;25.08;73.37;8.61;38.4;0.0
2013;2;11;64.601;66.672;0.68;27.36;30.66;25.43;71.84;8.22;45.0;0.0
2013;2;12;64.846;67.164;0.68;27.57;31.09;25.66;68.58;8.38;42.4;0.0
2013;2;13;63.922;67.008;0.67;27.05;30.76;24.35;70.89;6.31;42.4;0.0
2013;2;14;62.726;6.552;0.66;27.3;32.03;24.32;71.79;5.34;43.4;0.0
2013;2;15;60.454;64.006;0.63;27.35;32.01;24.38;74.76;5.82;40.1;0.0
2013;2;16;60.746;64.044;0.63;27.47;32.09;24.76;74.78;6.15;34.6;0.0
2013;2;17;53.518;63.962;0.56;26.98;29.74;25.29;73.35;9.19;32.2;0.0
2013;2;18;61.963;6.631;0.64;27.2;29.95;25.44;71.17;9.9;41.0;0.0
2013;2;19;63.612;65.722;0.66;27.75;31.25;25.34;71.91;8.99;43.6;0.0
2013;2;20;63.161;65.722;0.65;27.78;31.34;25.74;71.63;8.66;42.1;0.0
2013;2;21;63.739;65.851;0.65;27.7;30.95;25.37;72.41;8.72;41.9;0.0
2013;2;22;63.142;65.803;0.65;27.74;31.28;25.5;72.83;7.59;38.1;0.0
2013;2;23;63.182;66.646;0.65;27.72;31.15;25.78;74.45;7.75;40.0;0.0
2013;2;24;63.372;66.545;0.65;27.46;30.93;25.27;75.71;7.38;36.9;0.0
2013;2;25;63.343;66.149;0.64;27.77;31.87;25.18;76.01;6.85;37.9;0.0
2013;2;26;60.077;64.757;0.61;27.73;32.14;24.93;76.85;6.66;37.3;0.0
2013;2;27;5.731;63.655;0.58;27.66;31.44;25.33;76.47;7.66;33.9;0.0
2013;2;28;5.322;62.014;0.54;27.64;31.25;25.76;76.94;7.25;34.4;0.0
2013;3;1;31.246;61.716;0.31;27.14;30.84;25.59;79.54;6.46;37.1;0.0
2013;3;2;46.891;61.104;0.47;27.18;30.82;25.15;79.55;5.62;31.5;0.02
2013;3;3;36.082;56.126;0.36;26.63;28.66;25.37;81.88;7.6;20.4;0.03
2013;3;4;51.014;63.934;0.51;26.81;28.74;25.67;79.89;8.76;27.4;0.06
2013;3;5;5.431;64.176;0.54;27.39;30.14;25.8;78.86;7.93;37.2;0.03
2013;3;6;52.694;64.308;0.52;27.45;30.75;25.72;77.42;7.1;39.4;0.01
2013;3;7;50.038;64.152;0.5;26.8;28.8;25.73;81.37;7.95;33.4;0.01
2013;3;8;56.741;64.649;0.56;27.22;29.6;25.92;77.5;8.76;36.5;0.0
2013;3;9;61.198;6.582;0.6;27.25;30.0;25.81;76.3;8.92;35.8;0.0
2013;3;10;55.666;60.886;0.55;27.65;30.83;25.82;76.85;8.44;35.4;0.0
2013;3;11;5.442;64.332;0.54;27.56;30.06;25.83;77.31;7.74;37.6;0.18
2013;3;12;52.565;65.362;0.52;27.57;30.45;25.93;78.36;9.19;35.8;0.44
2013;3;13;49.997;65.669;0.49;27.29;30.25;25.82;78.43;9.57;36.4;0.2
2013;3;14;51.146;66.972;0.5;26.88;29.07;25.68;77.68;9.24;33.0;0.34
2013;3;15;4.182;66.494;0.41;26.92;29.74;25.33;74.1;9.48;30.7;0.44
2013;3;16;56.885;69.499;0.56;27.2;30.18;25.45;74.74;9.39;40.1;0.9
2013;3;17;54.187;67.973;0.53;27.73;30.86;25.77;73.63;8.93;40.4;0.01
2013;3;18;52.027;6.775;0.51;27.47;30.26;25.97;76.79;7.64;40.4;0.0
2013;3;19;50.647;68.455;0.49;27.61;30.16;26.04;76.69;6.67;36.6;0.02
2013;3;20;53.897;6.913;0.52;27.49;30.88;25.69;74.85;7.2;32.2;0.09
2013;3;21;52.553;69.922;0.51;27.07;29.37;25.68;76.88;6.47;19.7;0.4
2013;3;22;40.255;64.207;0.39;27.08;29.45;25.37;79.24;6.61;26.1;0.32
2013;3;23;46.387;64.572;0.45;27.67;30.48;26.05;78.16;6.2;38.5;0.43
2013;3;24;61.116;67.891;0.59;28.09;31.52;25.94;76.56;4.37;40.9;0.02
2013;3;25;52.481;65.429;0.51;28.49;32.74;25.82;76.58;4.64;40.5;0.49
2013;3;26;60.389;67.481;0.58;27.63;30.29;26.19;77.8;6.81;36.2;0.01
2013;3;27;52.728;67.085;0.51;27.54;30.55;26.0;76.05;8.78;33.3;0.02
2013;3;28;6.137;69.655;0.59;27.49;30.4;25.87;73.04;8.86;34.3;0.0
2013;3;29;57.218;67.783;0.55;27.68;30.87;26.04;76.38;8.82;37.0;0.06
2013;3;30;61.819;69.377;0.59;28.39;32.12;26.17;75.35;8.31;41.4;0.13
2013;3;31;59.866;6.899;0.57;27.93;29.89;26.66;76.96;6.95;44.7;0.09
2013;4;1;69.454;71.143;0.66;28.35;32.03;25.99;74.79;6.72;37.2;0.03
2013;4;2;5.455;6.773;0.52;28.64;33.2;26.19;73.21;6.43;30.4;0.52
2013;4;3;44.978;64.344;0.43;28.12;31.25;26.18;78.38;7.04;37.2;1.01
2013;4;4;62.448;70.015;0.6;28.41;32.27;26.21;76.25;6.26;38.4;0.01
2013;4;5;60.847;67.603;0.58;27.96;31.07;26.28;76.41;5.66;41.6;0.21
2013;4;6;56.582;66.828;0.54;28.5;32.52;25.96;75.13;6.08;32.7;0.09
2013;4;7;56.902;6.666;0.54;27.93;31.21;25.94;77.63;8.27;33.1;0.23
2013;4;8;59.374;67.865;0.57;28.38;31.9;26.54;75.59;7.99;33.8;0.0
2013;4;9;56.105;65.546;0.53;28.56;31.91;26.46;72.65;7.95;38.4;0.0
2013;4;10;59.354;67.603;0.57;28.59;32.56;26.17;71.47;7.69;41.8;0.0
2013;4;11;60.139;67.874;0.57;28.31;32.42;25.66;74.0;6.31;37.7;0.0
2013;4;12;61.308;67.426;0.58;28.29;31.91;25.73;74.13;6.35;37.5;0.0
2013;4;13;62.026;68.263;0.59;28.43;31.81;26.33;74.3;7.47;37.8;0.0
2013;4;14;50.986;64.111;0.48;28.43;31.76;26.23;76.86;6.56;38.3;0.0
2013;4;15;47.314;67.718;0.45;28.04;31.53;26.17;79.65;6.47;41.7;0.04
2013;4;16;51.674;67.913;0.49;28.15;31.35;26.08;78.9;7.18;38.2;0.09
2013;4;17;50.323;68.458;0.48;27.92;31.07;26.27;77.26;7.93;39.7;0.14
2013;4;18;47.393;68.988;0.45;28.12;31.06;26.13;77.48;7.57;39.8;0.68
2013;4;19;38.753;70.181;0.37;27.62;29.89;26.05;80.3;5.71;52.5;1.28
2013;4;20;49.207;73.366;0.47;27.7;30.32;26.07;78.51;5.47;45.8;0.28
2013;4;21;54.298;70.776;0.52;27.97;31.11;25.74;76.38;6.24;34.1;1.08
2013;4;22;65.174;72.701;0.62;27.7;30.9;25.73;73.72;6.44;29.9;0.27
2013;4;23;6.133;71.758;0.58;27.94;31.66;25.62;75.23;6.14;32.2;0.22
2013;4;24;63.149;71.803;0.6;28.04;31.62;26.0;76.9;7.05;32.6;0.17
2013;4;25;64.505;72.672;0.61;28.16;30.98;26.34;75.08;8.62;33.2;0.17
2013;4;26;55.536;72.065;0.53;28.14;31.24;26.41;73.88;9.07;36.0;0.15
2013;4;27;5.309;73.193;0.5;27.74;30.87;26.0;73.24;8.86;33.9;0.04
2013;4;28;51.202;71.119;0.49;27.49;30.81;25.7;75.02;6.98;31.9;0.15
2013;4;29;64.728;70.934;0.62;27.95;31.4;25.89;76.86;6.84;37.2;0.17
2013;4;30;60.298;70.927;0.57;27.88;30.16;26.27;79.77;6.57;39.3;0.4
2013;5;1;53.719;68.916;0.51;27.97;31.01;26.12;80.64;4.65;43.5;3.53
2013;5;2;24.773;68.472;0.24;27.48;30.21;25.96;83.88;3.79;15.7;16.54
2013;5;3;54.067;7.103;0.52;27.56;30.47;25.66;81.69;2.62;339.6;4.15
2013;5;4;63.797;72.365;0.61;27.75;31.24;25.35;78.64;2.99;350.0;1.2
2013;5;5;51.166;68.417;0.49;27.38;30.05;25.59;77.76;2.71;330.5;0.95
2013;5;6;44.885;70.068;0.43;27.22;29.96;25.28;78.16;3.59;354.1;0.73
2013;5;7;59.203;69.163;0.57;27.54;30.33;25.64;79.75;4.72;20.4;3.17
2013;5;8;64.699;70.498;0.62;28.17;30.89;26.59;81.55;6.1;38.2;4.71
2013;5;9;3.678;69.766;0.35;28.07;30.2;26.72;83.49;6.11;46.4;6.34
2013;5;10;37.075;6.84;0.35;28.61;32.03;26.47;79.21;5.03;44.0;4.33
2013;5;11;6.258;7.123;0.6;28.62;31.76;26.59;77.2;6.0;42.0;0.42
2013;5;12;67.853;72.367;0.65;28.64;31.87;26.67;75.08;7.16;39.7;0.02
2013;5;13;69.166;72.233;0.66;28.87;32.03;26.65;73.6;7.59;39.7;0.0
2013;5;14;62.131;69.898;0.6;28.64;31.75;27.0;75.09;8.38;39.9;0.0
2013;5;15;59.647;70.051;0.57;28.44;31.26;26.74;76.22;8.38;38.8;0.05
2013;5;16;54.934;69.552;0.53;28.65;32.42;26.76;76.71;5.81;42.0;0.72
2013;5;17;44.338;67.001;0.43;27.98;30.11;26.43;81.86;4.54;42.7;0.68
2013;5;18;58.786;69.168;0.56;28.01;30.57;26.23;81.82;5.16;47.4;0.42
2013;5;19;52.622;68.798;0.51;28.02;30.75;26.7;82.45;5.6;44.1;1.67
2013;5;20;34.498;6.737;0.33;27.88;30.2;26.43;83.99;4.55;43.7;3.12
2013;5;21;35.695;68.988;0.34;27.65;29.56;26.23;85.88;3.61;47.3;9.21
2013;5;22;19.915;70.358;0.19;26.9;28.15;25.99;87.89;2.67;23.4;11.47
2013;5;23;44.609;69.574;0.43;27.68;30.66;26.14;84.39;4.05;49.7;5.16
2013;5;24;44.558;68.374;0.43;27.79;30.08;26.43;83.88;4.24;52.9;3.93
2013;5;25;65.064;70.534;0.63;28.34;31.24;26.5;80.96;5.97;42.6;2.33
2013;5;26;67.882;71.561;0.66;28.83;31.85;26.77;80.45;5.72;44.1;3.28
2013;5;27;55.291;70.121;0.53;28.76;31.48;27.06;81.23;4.96;51.4;2.62
2013;5;28;53.887;70.471;0.52;28.53;31.37;26.84;82.93;4.54;52.2;12.63
2013;5;29;38.057;69.626;0.37;28.52;31.22;26.7;81.17;3.49;56.7;9.45
2013;5;30;57.629;69.502;0.56;27.81;29.98;26.29;84.06;2.58;50.6;6.06
2013;5;31;30.362;70.651;0.29;27.6;30.11;26.05;85.13;2.25;322.8;13.03
2013;6;1;46.558;68.182;0.45;27.32;28.88;25.89;86.7;2.97;36.4;10.24
2013;6;2;61.855;69.547;0.6;28.07;31.23;25.92;82.12;3.43;70.1;2.81
2013;6;3;65.405;71.018;0.63;28.57;30.9;26.99;84.1;3.92;54.9;1.59
2013;6;4;6.145;7.134;0.6;29.24;32.18;27.3;80.58;4.06;49.9;1.82
2013;6;5;57.319;71.138;0.56;29.06;32.69;27.3;80.69;2.86;47.0;9.37
2013;6;6;56.839;68.635;0.55;29.03;31.75;27.62;79.15;2.25;42.5;6.06
2013;6;7;59.801;68.366;0.58;29.35;32.33;27.41;78.54;4.48;56.5;1.7
2013;6;8;53.129;6.66;0.52;28.77;31.23;27.26;81.4;5.56;49.2;1.81
2013;6;9;59.669;68.969;0.58;28.84;31.71;27.2;82.12;4.94;47.2;2.75
2013;6;10;55.471;68.698;0.54;28.47;30.74;27.26;82.44;5.03;50.6;2.3
2013;6;11;29.875;67.711;0.29;28.06;30.05;26.82;86.24;4.41;55.8;11.14
2013;6;12;52.822;6.977;0.51;27.76;29.97;26.29;87.46;4.06;41.5;7.5
2013;6;13;56.666;69.139;0.55;27.82;29.72;26.73;85.84;4.79;45.7;1.15
2013;6;14;50.249;6.971;0.49;28.34;31.78;26.49;83.26;5.28;44.4;4.58
2013;6;15;5.664;68.078;0.55;27.98;30.67;26.67;86.55;3.84;43.2;3.77
2013;6;16;56.513;69.614;0.55;28.53;31.78;26.56;83.12;5.22;46.2;1.9
2013;6;17;61.128;69.967;0.6;28.43;30.88;26.82;81.64;6.43;48.8;0.11
2013;6;18;66.646;71.618;0.65;28.96;32.31;26.54;78.67;6.14;47.6;0.88
2013;6;19;41.664;69.874;0.41;27.95;30.19;26.55;85.29;4.69;56.6;4.39
2013;6;20;48.564;69.965;0.47;27.79;30.29;26.17;83.58;4.2;54.4;1.68
2013;6;21;61.392;68.988;0.6;27.67;29.36;26.58;85.87;4.92;56.8;1.54
2013;6;22;59.472;69.451;0.58;27.85;29.71;26.65;82.0;7.09;47.8;0.33
2013;6;23;57.223;69.281;0.56;28.14;30.92;26.24;79.26;6.47;43.7;0.12
2013;6;24;44.066;68.815;0.43;28.07;30.54;26.45;82.26;5.26;46.2;0.17
2013;6;25;42.214;69.396;0.41;27.71;29.76;26.44;84.89;4.29;53.6;0.74
2013;6;26;60.521;70.579;0.59;28.04;31.08;26.36;83.22;5.56;40.4;0.55
2013;6;27;47.484;69.122;0.46;28.02;31.07;26.35;84.3;5.5;44.1;2.6
2013;6;28;44.791;69.074;0.44;27.89;31.58;26.29;81.22;3.11;58.4;4.0
2013;6;29;49.361;67.392;0.48;27.26;29.11;25.82;85.64;3.13;20.0;3.13
2013;6;30;55.368;67.349;0.54;27.6;29.89;26.24;84.13;4.56;45.5;1.53
2013;7;1;47.976;66.648;0.47;28.14;31.12;26.4;83.27;3.23;43.4;4.1
2013;7;2;66.199;70.118;0.65;28.6;31.58;27.06;81.43;4.69;49.6;1.89
2013;7;3;66.158;71.698;0.64;29.04;32.95;26.75;75.77;6.35;46.0;0.04
2013;7;4;65.779;71.225;0.64;29.05;32.68;26.82;75.68;6.61;44.1;0.95
2013;7;5;57.751;69.523;0.56;28.85;32.14;26.8;76.49;6.34;46.5;3.19
2013;7;6;6.834;71.227;0.67;28.39;31.6;26.59;77.38;6.26;45.4;1.05
2013;7;7;61.363;70.428;0.6;28.31;31.46;26.41;80.78;6.07;46.4;2.28
2013;7;8;5.155;68.542;0.5;28.36;31.49;26.74;83.32;4.87;48.0;6.34
2013;7;9;64.445;70.721;0.63;28.35;30.86;26.61;83.2;5.84;45.5;1.99
2013;7;10;61.195;69.538;0.6;28.29;31.9;26.52;81.25;5.18;48.6;1.14
2013;7;11;45.638;67.843;0.44;28.0;30.55;26.33;81.9;3.24;76.5;0.74
2013;7;12;65.976;7.031;0.64;28.3;30.87;26.42;81.83;4.18;46.2;0.43
2013;7;13;62.902;69.823;0.61;28.2;31.07;26.33;81.44;5.12;45.1;0.46
2013;7;14;66.034;69.427;0.64;28.26;31.22;26.22;79.58;5.99;42.6;0.09
2013;7;15;59.422;68.083;0.58;28.56;31.25;26.77;80.84;5.6;43.0;0.25
2013;7;16;54.446;69.713;0.53;28.7;30.89;27.41;82.13;4.75;53.6;0.45
2013;7;17;55.118;71.054;0.54;28.76;31.61;26.7;80.44;5.82;49.8;0.1
2013;7;18;58.889;70.548;0.57;28.44;31.76;26.79;80.84;5.55;48.6;0.27
2013;7;19;51.922;71.551;0.5;28.04;30.19;26.61;84.48;4.3;55.4;1.1
2013;7;20;4.735;6.883;0.46;28.15;30.68;26.54;80.83;6.59;52.2;0.72
2013;7;21;58.356;7.079;0.57;28.31;31.63;26.13;77.85;6.66;49.4;0.16
2013;7;22;53.928;70.853;0.52;28.05;30.51;26.3;81.66;5.58;51.5;0.6
2013;7;23;61.308;71.234;0.59;28.32;31.04;26.44;81.58;5.66;46.9;0.41
2013;7;24;66.804;70.238;0.65;28.13;29.97;26.59;82.99;5.88;51.2;0.44
2013;7;25;65.479;7.115;0.63;28.8;32.39;26.83;79.8;5.38;48.7;0.58
2013;7;26;58.116;68.983;0.56;28.28;31.8;26.5;83.03;4.91;45.5;3.76
2013;7;27;46.963;69.475;0.45;27.95;30.33;26.62;83.75;4.82;45.6;1.87
2013;7;28;65.206;71.362;0.63;28.38;31.7;26.59;81.12;4.4;51.5;1.05
2013;7;29;63.516;71.882;0.61;28.84;32.51;26.64;79.1;4.88;40.4;0.95
2013;7;30;57.979;69.794;0.56;28.48;31.04;27.13;81.46;4.15;44.0;2.14
2013;7;31;53.789;70.224;0.52;28.6;31.32;27.01;80.51;5.34;42.9;1.24
2013;8;1;43.512;6.985;0.42;28.27;30.5;27.01;81.51;5.06;46.3;2.72
2013;8;2;57.156;69.252;0.55;28.07;30.16;26.99;84.29;3.94;54.5;2.77
2013;8;3;60.665;6.889;0.59;28.46;30.82;26.7;82.7;5.93;53.2;1.51
2013;8;4;62.035;69.271;0.6;28.59;31.54;26.75;82.03;6.15;50.4;1.43
2013;8;5;60.818;68.194;0.59;28.3;30.46;26.5;83.15;5.84;43.1;0.57
2013;8;6;63.216;69.072;0.61;28.42;31.68;26.54;79.6;6.45;38.3;0.06
2013;8;7;51.247;66.641;0.49;28.64;32.15;26.85;77.93;6.04;35.8;0.92
2013;8;8;45.876;6.822;0.44;27.9;30.29;26.76;82.77;5.46;37.2;7.03
2013;8;9;40.687;69.883;0.39;27.41;29.05;26.56;86.27;3.98;21.2;13.12
2013;8;10;55.452;7.195;0.53;28.2;30.78;26.54;81.89;4.44;43.3;9.01
2013;8;11;45.768;68.856;0.44;28.01;31.05;26.53;82.32;4.08;47.6;28.38
2013;8;12;38.822;69.358;0.37;27.12;29.0;25.64;82.05;2.68;20.2;5.32
2013;8;13;49.747;68.904;0.48;27.72;30.7;25.56;78.21;2.42;348.3;3.54
2013;8;14;70.001;7.356;0.67;29.29;33.15;26.83;78.61;5.55;44.3;1.15
2013;8;15;66.048;72.386;0.64;29.31;32.89;26.99;79.92;4.72;55.7;1.55
2013;8;16;4.003;69.744;0.39;28.18;30.8;26.77;82.17;5.57;48.0;1.44
2013;8;17;55.853;69.521;0.54;28.21;31.38;26.79;82.14;4.92;45.5;2.14
2013;8;18;48.602;70.298;0.47;28.35;31.52;26.91;81.76;4.94;40.8;2.54
2013;8;19;57.041;71.119;0.55;28.38;31.38;26.76;81.35;4.93;40.3;1.65
2013;8;20;5.214;69.737;0.5;28.54;31.9;26.72;81.87;4.96;44.3;1.99
2013;8;21;55.238;71.134;0.53;28.73;32.2;26.87;80.38;2.98;35.9;1.54
2013;8;22;60.677;70.795;0.58;28.37;31.13;26.61;81.61;3.46;51.6;1.94
2013;8;23;66.247;71.369;0.64;29.04;31.83;27.56;79.36;4.44;48.4;2.32
2013;8;24;4.447;70.025;0.43;28.16;30.17;27.2;83.27;5.31;50.4;9.46
2013;8;25;58.061;70.889;0.56;28.23;31.12;26.71;78.42;5.09;47.2;1.65
2013;8;26;3.99;68.921;0.38;28.27;30.88;26.81;83.49;3.55;42.7;10.2
2013;8;27;41.316;68.594;0.4;28.34;31.04;27.01;82.72;2.98;42.0;9.13
2013;8;28;61.874;7.031;0.6;28.26;30.84;26.78;83.17;2.92;40.2;6.14
2013;8;29;58.318;70.322;0.56;28.78;32.15;27.05;80.78;5.3;43.6;3.97
2013;8;30;44.693;68.304;0.43;28.15;31.42;26.39;81.96;2.93;47.9;5.07
2013;8;31;5.807;70.514;0.56;28.17;30.88;26.43;79.48;1.94;3.3;4.7
2013;9;1;43.219;68.323;0.42;27.84;30.11;26.09;84.42;3.03;31.7;16.76
2013;9;2;53.863;70.181;0.52;28.04;30.22;26.75;82.58;3.62;39.1;8.26
2013;9;3;53.666;70.361;0.52;27.8;29.7;26.69;84.21;3.64;43.6;16.12
2013;9;4;48.211;71.244;0.47;27.61;29.41;26.65;83.81;4.28;36.1;9.74
2013;9;5;51.509;69.739;0.5;27.93;30.61;26.3;83.51;2.61;32.4;12.6
2013;9;6;44.366;70.118;0.43;27.07;29.46;25.7;81.01;1.98;6.5;34.35
2013;9;7;49.565;70.896;0.48;26.57;27.96;25.61;83.49;2.8;225.6;14.1
2013;9;8;54.149;70.802;0.53;27.69;30.34;25.84;77.87;1.95;298.6;3.64
2013;9;9;50.542;69.634;0.49;27.69;29.18;26.56;86.58;3.28;15.7;9.66
2013;9;10;45.461;70.354;0.44;28.7;30.77;27.52;84.54;4.28;42.0;16.67
2013;9;11;47.506;70.781;0.46;28.39;30.25;27.04;81.16;2.36;57.1;20.77
2013;9;12;43.714;70.135;0.43;27.19;28.37;26.51;85.72;1.6;359.5;11.96
2013;9;13;51.629;68.758;0.5;27.72;29.31;26.68;82.82;2.05;9.2;3.25
2013;9;14;51.838;69.492;0.51;28.39;30.81;26.89;81.81;3.88;43.9;3.22
2013;9;15;57.943;68.083;0.57;28.8;30.89;27.5;84.82;4.18;53.9;3.59
2013;9;16;47.614;68.441;0.47;28.74;31.49;27.05;86.74;3.62;41.5;10.99
2013;9;17;52.596;69.041;0.51;28.64;31.03;27.58;86.21;3.84;51.8;6.03
2013;9;18;43.745;69.281;0.43;28.3;30.02;27.28;84.88;3.06;133.0;14.06
2013;9;19;3.275;66.713;0.32;27.28;28.14;26.4;86.51;2.67;315.4;12.61
2013;9;20;61.524;69.574;0.6;27.98;31.17;26.06;78.01;2.16;340.2;3.2
2013;9;21;5.981;69.914;0.59;28.47;30.72;27.0;84.83;3.37;44.9;3.1
2013;9;22;57.288;69.096;0.56;28.88;31.4;27.5;85.22;2.91;48.8;3.84
2013;9;23;54.722;68.626;0.54;29.06;31.26;27.75;84.8;2.67;47.4;4.0
2013;9;24;4.843;68.182;0.48;29.17;30.91;27.82;85.07;3.24;56.2;4.04
2013;9;25;53.458;67.764;0.53;28.95;30.69;27.86;84.25;2.92;55.1;3.1
2013;9;26;18.977;66.458;0.19;28.37;29.85;27.35;85.59;3.09;50.9;6.83
2013;9;27;51.614;6.677;0.51;27.71;29.52;26.78;85.84;2.36;353.4;6.73
2013;9;28;17.306;68.417;0.17;27.61;29.78;26.22;84.98;2.54;29.1;9.41
2013;9;29;60.794;69.002;0.61;27.46;29.85;25.73;81.09;2.04;33.3;8.32
2013;9;30;49.058;68.537;0.49;27.39;29.39;25.9;84.76;2.37;5.4;8.78
2013;10;1;5.196;68.957;0.52;27.82;29.22;26.93;86.53;4.6;43.2;4.67
2013;10;2;63.137;69.732;0.63;28.44;31.94;26.31;81.79;4.89;51.1;2.54
2013;10;3;65.064;6.893;0.65;28.61;31.7;27.02;82.92;4.98;43.8;6.25
2013;10;4;16.889;68.018;0.17;27.5;28.62;26.43;86.73;3.47;79.7;6.95
2013;10;5;55.558;6.839;0.56;27.95;30.24;26.18;84.52;3.2;31.5;2.75
2013;10;6;62.441;6.732;0.63;28.27;30.23;27.18;84.52;3.2;48.8;3.3
2013;10;7;46.879;66.024;0.47;28.23;29.88;27.24;85.57;3.8;49.9;4.51
2013;10;8;54.084;67.174;0.55;28.22;30.24;26.96;84.21;4.59;48.7;1.31
2013;10;9;54.329;67.368;0.55;28.26;29.96;27.09;86.35;4.57;44.9;1.86
2013;10;10;42.581;65.182;0.43;28.02;29.33;27.14;86.95;4.6;44.0;3.87
2013;10;11;31.884;64.836;0.33;27.49;28.86;26.72;84.52;3.49;55.9;2.96
2013;10;12;50.712;64.898;0.52;28.19;30.79;26.77;84.35;3.91;39.8;4.04
2013;10;13;30.888;66.012;0.32;27.8;29.25;27.04;86.96;4.14;36.7;12.66
2013;10;14;42.271;65.251;0.43;27.62;29.37;26.31;84.85;2.36;45.0;15.83
2013;10;15;45.199;64.781;0.47;27.48;29.81;25.89;83.35;2.14;315.5;7.5
2013;10;16;21.989;64.512;0.23;26.87;28.5;25.72;86.76;2.19;347.9;11.48
2013;10;17;56.443;64.826;0.58;27.39;29.86;25.86;83.59;2.5;307.5;8.64
2013;10;18;60.931;66.192;0.63;28.23;31.11;26.23;80.77;3.52;40.5;3.92
2013;10;19;49.589;63.302;0.52;28.02;29.95;26.98;84.06;3.5;52.0;3.66
2013;10;20;59.234;65.323;0.62;27.97;29.7;27.08;85.45;4.21;49.6;5.14
2013;10;21;34.567;63.922;0.36;27.97;29.9;27.05;87.01;5.04;46.4;12.46
2013;10;22;33.187;63.994;0.35;27.94;29.7;26.73;84.51;2.76;48.5;9.16
2013;10;23;43.982;6.354;0.46;27.93;30.03;26.67;84.21;2.26;31.7;3.87
2013;10;24;54.281;64.118;0.57;28.26;30.42;27.01;84.3;3.8;48.1;1.63
2013;10;25;55.538;64.913;0.59;28.52;30.48;27.38;84.58;4.42;52.3;4.76
2013;10;26;4.614;63.494;0.49;27.95;29.46;27.08;85.5;3.49;67.3;7.92
2013;10;27;44.623;64.073;0.47;28.45;30.85;27.16;84.17;3.04;37.4;9.07
2013;10;28;53.083;63.979;0.57;28.63;31.13;27.32;82.76;4.4;48.0;12.53
2013;10;29;6.234;67.032;0.67;28.45;31.28;26.64;78.89;6.66;46.4;0.41
2013;10;30;58.886;64.555;0.63;28.31;30.73;26.9;83.87;5.6;48.0;2.88
2013;10;31;52.246;64.848;0.56;28.04;30.25;26.71;81.31;5.78;49.0;6.62
2013;11;1;48.173;64.572;0.52;27.45;29.88;26.12;80.19;3.79;36.4;3.91
2013;11;2;5.179;64.594;0.56;27.26;29.31;25.84;78.59;2.75;264.4;10.27
2013;11;3;50.808;63.516;0.55;27.17;29.79;25.59;81.42;2.79;267.2;6.65
2013;11;4;48.866;62.686;0.53;27.07;28.93;25.7;81.41;2.29;307.6;3.15
2013;11;5;48.655;63.557;0.53;27.53;30.09;25.92;79.08;2.01;331.3;0.96
2013;11;6;55.435;62.388;0.6;27.16;28.75;25.94;85.31;2.94;9.9;3.59
2013;11;7;37.277;62.042;0.41;26.51;27.56;25.54;87.64;2.25;354.2;4.46
2013;11;8;51.528;62.035;0.57;26.98;29.71;25.34;81.8;1.87;319.5;2.08
2013;11;9;50.225;61.054;0.55;27.26;29.0;25.71;86.71;4.48;37.5;3.57
2013;11;10;53.326;62.407;0.59;27.68;28.76;26.82;86.26;6.28;53.2;1.67
2013;11;11;58.248;63.041;0.64;28.47;31.27;26.79;80.33;6.75;53.2;0.34
2013;11;12;58.687;62.201;0.65;28.64;31.72;26.95;81.68;6.46;47.9;0.16
2013;11;13;51.434;59.398;0.57;28.04;30.02;26.38;85.17;4.63;53.4;0.64
2013;11;14;5.141;6.095;0.57;27.74;29.12;26.86;87.72;4.8;54.0;0.28
2013;11;15;51.919;60.278;0.58;28.19;30.96;26.48;82.67;5.98;50.8;0.02
2013;11;16;59.167;61.066;0.66;28.15;30.59;26.87;83.72;7.14;42.7;0.04
2013;11;17;59.818;62.047;0.67;28.05;30.9;26.66;81.18;6.98;42.8;0.01
2013;11;18;58.159;62.674;0.65;27.5;30.07;26.01;79.41;6.5;34.6;0.0
2013;11;19;55.116;61.978;0.62;27.87;31.16;26.04;81.0;3.77;36.9;0.06
2013;11;20;53.158;60.578;0.6;27.94;31.35;25.96;78.54;4.06;32.6;0.03
2013;11;21;55.822;60.588;0.63;27.95;31.0;26.38;79.95;5.73;38.3;0.08
2013;11;22;52.673;59.998;0.6;27.78;30.21;26.56;80.65;5.92;46.3;0.44
2013;11;23;5.611;60.199;0.64;27.96;30.56;26.54;80.94;5.98;43.1;0.31
2013;11;24;46.354;59.021;0.53;27.69;30.12;26.22;81.85;4.94;44.8;0.94
2013;11;25;43.663;58.862;0.5;27.61;29.73;26.37;81.93;5.14;46.0;0.22
2013;11;26;55.255;60.526;0.63;27.93;30.8;26.31;82.57;5.55;44.9;0.45
2013;11;27;5.16;60.252;0.59;27.91;30.84;26.35;81.97;5.85;48.7;1.2
2013;11;28;5.441;60.941;0.63;27.59;29.91;26.43;77.11;8.32;42.3;0.23
2013;11;29;54.722;60.998;0.63;27.62;30.11;25.94;76.33;7.74;47.3;0.02
2013;11;30;55.231;62.311;0.64;27.46;30.08;25.92;77.03;7.16;44.7;0.04
2013;12;1;53.496;60.756;0.62;27.37;30.09;25.78;77.91;6.49;39.5;0.05
2013;12;2;5.533;59.851;0.64;27.46;30.77;25.74;78.58;5.36;34.5;0.0
2013;12;3;35.686;5.675;0.41;26.98;28.84;25.93;85.06;4.91;24.3;0.04
2013;12;4;48.067;57.043;0.56;27.37;29.18;26.24;84.34;5.63;35.9;0.05
2013;12;5;50.916;58.159;0.59;27.91;30.32;26.63;81.63;7.35;43.2;0.03
2013;12;6;51.732;58.224;0.6;27.94;30.58;26.23;79.51;7.14;46.0;0.04
2013;12;7;55.486;59.506;0.65;27.73;30.4;26.14;77.81;8.03;46.6;0.08
2013;12;8;53.866;60.034;0.63;27.55;30.4;25.92;74.99;7.52;46.9;0.08
2013;12;9;5.291;58.373;0.62;27.63;31.16;25.18;77.58;5.0;45.7;0.58
2013;12;10;47.333;56.477;0.55;27.23;29.56;25.95;85.15;4.25;50.5;0.92
2013;12;11;53.186;57.646;0.62;27.57;30.11;25.85;81.77;7.4;47.6;0.23
2013;12;12;56.273;5.905;0.66;27.58;30.52;25.51;78.54;7.49;42.9;0.01
2013;12;13;53.081;57.941;0.62;27.59;29.96;26.09;78.99;8.15;44.9;0.01
2013;12;14;4.751;57.977;0.56;27.76;30.89;25.74;80.07;6.56;51.7;0.01
2013;12;15;51.098;56.962;0.6;27.96;31.19;25.96;79.83;6.08;49.1;0.01
2013;12;16;53.676;59.254;0.63;27.62;30.45;25.78;80.32;7.1;47.4;0.05
2013;12;17;48.989;56.402;0.58;27.22;29.71;25.54;79.81;7.47;46.5;0.09
2013;12;18;46.178;57.245;0.54;27.3;30.32;25.48;77.36;6.62;43.5;1.62
2013;12;19;56.981;59.846;0.67;27.06;29.48;25.33;77.58;7.93;49.2;0.28
2013;12;20;58.162;6.137;0.68;27.32;30.8;24.92;73.74;8.0;49.3;0.02
2013;12;21;60.038;6.185;0.71;27.26;31.34;24.55;71.5;8.02;51.7;0.02
2013;12;22;60.029;60.816;0.71;27.19;30.68;24.68;73.8;7.82;51.3;0.0
2013;12;23;59.126;60.338;0.7;26.99;30.9;24.3;76.05;6.99;46.9;0.0
2013;12;24;56.256;59.959;0.66;26.98;30.31;24.97;75.47;6.41;39.4;0.0
2013;12;25;55.469;60.194;0.65;26.54;29.69;24.71;76.42;5.71;32.7;0.0
2013;12;26;53.078;58.166;0.62;27.21;31.28;24.82;76.35;5.45;35.5;0.0
2013;12;27;56.839;57.982;0.67;27.58;31.09;25.08;80.01;6.0;40.7;0.0
2013;12;28;56.052;57.377;0.66;27.87;31.0;25.41;78.15;7.47;45.3;0.0
2013;12;29;5.855;59.287;0.69;28.34;32.52;25.95;72.01;7.69;45.7;0.0
2013;12;30;58.723;59.107;0.69;27.81;31.21;25.63;76.02;8.28;43.4;0.0
2013;12;31;53.777;5.833;0.63;28.0;31.57;25.68;75.23;8.24;48.1;0.0
2014;1;1;58.138;61.495;0.68;27.65;31.14;25.75;74.75;8.41;48.4;0.0
2014;1;2;5.603;59.712;0.65;27.32;30.79;24.91;77.0;6.14;44.7;0.0
2014;1;3;55.886;58.303;0.65;27.32;31.01;24.65;78.75;6.43;45.6;0.0
2014;1;4;54.046;57.758;0.63;27.59;30.95;25.4;76.23;7.75;45.4;0.0
2014;1;5;54.686;5.772;0.64;27.49;30.96;25.16;76.52;6.79;41.4;0.0
2014;1;6;49.944;57.686;0.58;26.99;30.0;25.13;81.12;6.11;40.0;0.0
2014;1;7;37.958;56.534;0.44;26.49;28.32;25.32;82.22;7.24;44.1;0.01
2014;1;8;52.318;59.261;0.6;27.55;31.15;25.66;75.84;7.91;45.4;0.0
2014;1;9;59.618;61.164;0.69;27.65;31.52;25.14;71.49;8.08;49.3;0.0
2014;1;10;61.474;63.293;0.71;27.17;31.48;24.28;71.12;8.17;49.2;0.0
2014;1;11;62.938;63.151;0.72;27.0;31.47;23.94;72.72;7.36;49.5;0.0
2014;1;12;62.189;62.678;0.71;26.68;30.32;24.05;74.92;8.18;45.6;0.0
2014;1;13;61.219;61.896;0.7;26.84;30.7;23.92;73.1;7.77;46.3;0.0
2014;1;14;60.091;60.382;0.69;27.15;31.55;24.23;76.11;6.26;43.8;0.0
2014;1;15;58.524;59.921;0.67;26.95;30.77;24.51;78.23;6.15;39.4;0.0
2014;1;16;5.772;59.746;0.66;27.0;31.47;24.35;76.55;6.43;40.4;0.0
2014;1;17;58.992;60.082;0.67;26.95;30.53;24.68;74.45;7.7;39.0;0.0
2014;1;18;58.195;5.965;0.66;27.21;30.86;24.76;78.28;6.89;35.5;0.0
2014;1;19;51.703;57.149;0.58;27.21;30.31;25.51;80.52;7.01;36.9;0.0
2014;1;20;50.165;5.765;0.56;27.44;30.57;25.64;77.73;7.36;40.3;0.0
2014;1;21;55.409;5.959;0.62;27.42;30.99;25.08;73.45;6.96;40.9;0.0
2014;1;22;58.114;60.761;0.65;27.0;30.4;25.19;74.07;7.75;34.3;0.0
2014;1;23;58.625;61.224;0.65;26.86;30.1;25.1;73.9;8.74;38.4;0.0
2014;1;24;5.767;60.665;0.64;27.16;30.33;24.99;75.77;8.49;39.9;0.0
2014;1;25;58.639;61.843;0.65;26.95;29.87;25.3;73.14;8.78;36.9;0.0
2014;1;26;60.406;63.144;0.67;27.05;30.42;25.04;72.15;7.07;39.1;0.0
2014;1;27;58.373;61.747;0.64;27.26;31.14;24.48;74.49;6.89;40.7;0.0
2014;1;28;55.807;60.626;0.61;27.45;30.93;25.29;74.13;7.78;42.2;0.0
2014;1;29;60.622;61.776;0.67;27.57;31.2;24.83;70.06;7.48;43.7;0.0
2014;1;30;57.986;62.261;0.63;27.38;30.23;25.24;69.15;8.11;41.2;0.0
2014;1;31;62.681;63.874;0.68;27.18;30.65;24.54;68.14;8.07;46.2;0.0
2014;2;1;60.578;62.534;0.66;26.76;30.1;24.63;70.94;8.29;42.8;0.0
2014;2;2;60.134;62.014;0.65;27.01;31.22;24.09;72.74;6.74;36.2;0.0
2014;2;3;58.157;62.074;0.63;26.95;30.83;24.42;77.44;7.15;36.0;0.0
2014;2;4;58.795;63.835;0.63;27.08;30.84;24.77;73.46;7.9;38.3;0.0
2014;2;5;5.777;65.263;0.62;27.06;30.46;24.86;72.02;7.82;41.7;0.0
2014;2;6;56.256;64.138;0.6;26.83;30.1;25.17;72.97;7.84;40.2;0.0
2014;2;7;59.196;63.065;0.63;27.11;31.04;24.96;74.54;7.94;37.2;0.0
2014;2;8;60.931;63.386;0.65;27.47;31.3;25.01;74.83;8.32;42.5;0.0
2014;2;9;60.859;63.379;0.65;27.4;31.57;24.96;75.38;7.73;38.9;0.0
2014;2;10;58.601;6.253;0.62;27.15;30.66;24.94;77.0;7.74;36.9;0.0
2014;2;11;60.391;63.156;0.64;27.45;31.04;25.11;75.84;7.39;38.0;0.0
2014;2;12;58.385;63.134;0.62;27.43;31.18;25.03;75.83;7.07;38.5;0.0
2014;2;13;55.219;62.376;0.58;27.53;31.66;25.57;75.98;5.38;41.9;0.0
2014;2;14;5.333;6.09;0.56;26.99;30.34;25.21;80.63;6.87;33.5;0.0
2014;2;15;55.601;62.309;0.58;27.28;31.21;25.27;75.65;8.1;35.2;0.0
2014;2;16;62.914;65.021;0.66;27.0;30.41;25.0;74.89;9.16;37.5;0.0
2014;2;17;66.456;67.277;0.69;27.12;30.38;25.26;70.62;9.58;38.7;0.0
2014;2;18;66.857;69.403;0.69;26.83;30.2;24.95;70.34;9.93;40.6;0.0
2014;2;19;63.295;66.163;0.65;26.96;30.74;24.53;71.02;8.3;39.0;0.0
2014;2;20;6.185;6.511;0.64;27.29;30.98;25.22;72.23;8.0;38.9;0.0
2014;2;21;63.751;66.768;0.65;27.2;30.99;24.62;72.2;7.57;39.1;0.0
2014;2;22;65.191;67.015;0.67;27.02;30.51;24.42;72.88;7.88;40.9;0.0
2014;2;23;64.183;66.708;0.66;27.12;30.95;24.97;72.56;8.64;37.1;0.0
2014;2;24;60.737;65.254;0.62;26.87;30.51;24.67;73.19;7.91;36.6;0.0
2014;2;25;58.334;64.159;0.59;26.87;30.65;24.8;74.98;8.34;33.7;0.0
2014;2;26;59.928;65.182;0.61;27.16;31.29;24.98;75.22;7.34;34.9;0.0
2014;2;27;56.623;64.063;0.57;26.8;30.38;24.68;78.32;7.05;28.0;0.0
2014;2;28;45.406;63.053;0.46;27.01;30.8;24.96;77.65;6.58;27.6;0.06
2014;3;1;49.488;65.354;0.5;26.65;29.63;24.99;74.8;8.57;28.6;0.01
2014;3;2;62.801;7.001;0.63;26.29;29.07;24.75;73.69;8.05;32.1;0.0
2014;3;3;66.881;70.613;0.67;27.1;31.2;24.59;72.95;6.93;38.4;0.0
2014;3;4;61.512;6.625;0.61;27.18;31.48;24.19;73.06;6.73;40.5;0.0
2014;3;5;59.618;65.496;0.59;27.28;31.32;24.6;73.58;6.69;39.5;0.0
2014;3;6;53.369;61.908;0.53;27.29;31.48;24.87;76.04;5.38;39.1;0.0
2014;3;7;46.445;59.503;0.46;27.2;30.76;25.09;77.83;5.29;36.9;0.02
2014;3;8;40.927;59.429;0.41;26.94;30.21;25.19;77.22;6.66;35.4;0.26
2014;3;9;56.254;67.644;0.56;26.37;28.83;24.93;73.67;7.44;31.9;0.02
2014;3;10;61.735;7.169;0.61;26.78;29.77;24.86;70.63;7.4;41.5;0.0
2014;3;11;51.228;69.914;0.5;27.21;31.05;25.05;69.64;6.88;39.5;0.0
2014;3;12;6.199;67.982;0.61;27.39;31.82;24.74;73.21;6.48;35.7;0.0
2014;3;13;60.554;66.019;0.59;27.12;30.85;25.27;75.45;7.28;30.1;0.0
2014;3;14;55.682;66.019;0.55;26.66;29.45;24.95;76.44;8.19;32.3;0.0
2014;3;15;63.744;69.641;0.62;27.5;31.09;25.47;71.61;8.18;38.3;0.0
2014;3;16;68.102;70.956;0.66;27.38;30.69;24.82;71.03;7.78;40.5;0.0
2014;3;17;68.052;69.552;0.66;27.99;32.75;25.26;73.34;5.64;38.0;0.0
2014;3;18;6.438;66.533;0.63;28.2;32.25;25.78;75.8;7.36;35.5;0.0
2014;3;19;62.755;67.027;0.61;27.75;31.49;25.45;77.56;7.77;35.8;0.0
2014;3;20;65.623;68.494;0.64;28.12;31.87;26.09;73.66;9.06;37.5;0.0
2014;3;21;58.022;6.625;0.56;27.59;30.77;25.94;75.59;8.85;35.3;0.0
2014;3;22;59.609;65.484;0.58;27.93;31.75;25.89;76.03;7.69;37.1;0.28
2014;3;23;60.046;66.178;0.58;27.67;31.38;25.95;77.57;7.29;33.7;0.02
2014;3;24;57.218;65.124;0.55;27.49;30.84;25.73;77.16;7.86;37.0;0.0
2014;3;25;5.135;65.266;0.49;27.71;31.37;25.48;74.5;5.82;44.0;0.0
2014;3;26;53.664;67.128;0.52;27.62;31.13;25.72;72.95;7.81;36.8;0.0
2014;3;27;62.839;71.381;0.6;27.85;31.19;26.06;69.55;10.1;43.4;0.0
2014;3;28;70.284;71.642;0.67;28.05;31.71;25.78;69.84;8.89;43.1;0.0
2014;3;29;71.095;72.276;0.68;27.81;31.79;25.31;71.8;7.76;37.5;0.0
2014;3;30;68.443;71.131;0.66;27.45;31.15;25.16;74.86;7.39;33.1;0.0
2014;3;31;61.368;69.965;0.59;27.37;30.96;25.34;75.69;8.39;33.3;0.0
2014;4;1;68.791;70.219;0.66;27.52;31.17;25.65;73.56;8.14;34.6;0.0
2014;4;2;65.078;66.566;0.62;27.55;30.89;25.32;77.38;7.68;33.9;0.0
2014;4;3;55.267;66.144;0.53;27.54;30.69;25.82;77.42;7.78;34.5;0.0
2014;4;4;58.918;69.209;0.56;27.77;30.99;25.68;76.11;7.14;37.1;0.0
2014;4;5;68.263;72.511;0.65;27.82;31.53;25.18;75.57;7.42;36.1;0.0
2014;4;6;65.088;69.941;0.62;28.4;32.53;25.96;75.79;7.52;40.0;0.0
2014;4;7;63.926;69.374;0.61;28.67;32.82;25.95;75.87;5.79;37.7;0.02
2014;4;8;55.913;67.483;0.53;28.42;32.71;25.9;77.52;4.81;33.8;0.06
2014;4;9;53.294;67.246;0.51;28.06;31.66;26.08;78.85;5.67;33.1;0.13
2014;4;10;61.642;7.043;0.59;28.43;32.69;26.18;72.92;8.08;36.8;0.0
2014;4;11;71.292;72.578;0.68;28.55;32.81;26.09;68.2;9.43;43.7;0.0
2014;4;12;67.867;7.127;0.65;28.34;32.12;25.91;67.8;8.01;39.9;0.0
2014;4;13;63.629;68.959;0.61;28.0;32.12;25.73;71.84;6.71;40.2;0.0
2014;4;14;60.223;67.666;0.57;27.5;30.86;25.37;75.11;6.68;33.2;0.0
2014;4;15;53.323;6.769;0.51;27.67;31.77;25.47;74.73;6.57;35.3;0.0
2014;4;16;5.551;67.944;0.53;27.24;30.51;25.26;77.16;7.17;28.0;0.0
2014;4;17;64.442;71.515;0.61;27.66;30.91;25.72;75.43;8.05;36.8;0.01
2014;4;18;65.827;7.218;0.63;28.09;31.15;25.63;73.85;7.56;37.9;0.0
2014;4;19;53.906;70.224;0.51;28.62;32.73;26.32;74.13;7.22;38.9;0.0
2014;4;20;5.173;67.294;0.49;28.05;30.9;26.56;78.02;6.69;41.5;0.0
2014;4;21;53.662;70.157;0.51;28.07;31.61;26.42;78.98;6.28;37.3;0.0
2014;4;22;5.155;69.953;0.49;27.2;29.47;26.01;82.93;5.17;29.4;0.22
2014;4;23;47.734;6.81;0.45;27.21;29.52;25.95;85.79;6.15;31.0;1.06
2014;4;24;4.626;67.308;0.44;27.91;30.72;26.13;82.41;5.24;39.2;0.66
2014;4;25;56.954;69.233;0.54;28.18;30.97;26.29;80.64;5.64;42.0;0.99
2014;4;26;4.927;6.971;0.47;28.37;31.9;26.06;79.95;5.17;43.4;0.96
2014;4;27;45.974;6.906;0.44;28.58;31.82;26.16;76.56;4.5;44.1;0.46
2014;4;28;6.492;70.344;0.62;28.84;32.74;26.38;76.08;5.67;38.4;0.22
2014;4;29;60.355;69.641;0.57;28.33;30.68;26.91;78.37;4.12;54.9;0.14
2014;4;30;40.754;68.278;0.39;28.41;31.57;26.33;78.87;5.68;39.2;0.04
2014;5;1;57.578;69.869;0.55;28.52;31.59;26.46;75.77;6.18;37.6;0.12
2014;5;2;58.063;68.378;0.55;28.88;32.12;26.46;75.14;4.89;44.6;3.16
2014;5;3;55.373;68.618;0.53;28.75;32.5;26.64;77.84;4.63;43.0;0.7
2014;5;4;51.677;6.858;0.49;28.88;32.73;26.66;74.53;5.62;37.6;1.94
2014;5;5;68.671;70.265;0.66;28.54;32.24;26.65;75.25;6.38;35.3;0.54
2014;5;6;62.964;69.708;0.6;28.61;32.47;26.47;74.85;6.38;31.0;0.34
2014;5;7;53.753;67.274;0.51;28.76;32.38;26.56;75.91;6.65;31.3;1.07
2014;5;8;59.729;69.535;0.57;28.3;31.32;26.3;76.48;7.21;33.4;0.3
2014;5;9;55.104;7.003;0.53;28.25;31.69;26.27;74.74;7.06;33.0;1.55
2014;5;10;63.979;71.486;0.61;28.22;31.72;26.08;74.11;6.36;38.0;5.32
2014;5;11;65.657;72.797;0.63;28.11;31.84;25.77;74.31;5.57;39.4;1.29
2014;5;12;67.116;72.593;0.64;28.43;32.16;26.05;74.5;5.26;33.0;0.27
2014;5;13;71.117;72.187;0.68;29.35;33.37;26.83;73.38;6.54;39.5;0.38
2014;5;14;62.191;68.873;0.6;29.22;33.17;26.75;76.08;5.74;37.8;0.72
2014;5;15;37.711;65.184;0.36;28.55;30.99;26.99;80.42;5.79;43.9;2.27
2014;5;16;56.825;68.842;0.54;28.51;31.62;26.58;77.45;5.82;37.6;0.54
2014;5;17;60.958;6.9;0.58;29.0;32.71;26.64;73.13;6.48;38.5;0.19
2014;5;18;63.564;70.085;0.61;28.81;32.02;26.62;73.93;6.58;37.3;0.36
2014;5;19;59.402;69.094;0.57;28.6;31.58;26.8;77.94;5.53;39.4;1.55
2014;5;20;55.661;6.937;0.54;28.73;32.09;26.59;76.94;4.81;39.8;2.11
2014;5;21;4.481;67.375;0.43;28.41;31.62;26.57;78.17;6.04;45.4;7.87
2014;5;22;66.545;70.284;0.64;28.74;32.2;26.58;75.76;6.52;43.3;0.71
2014;5;23;6.486;71.369;0.62;28.45;31.02;26.77;77.2;5.69;44.4;0.41
2014;5;24;55.054;69.746;0.53;28.36;30.88;26.72;78.02;5.81;47.2;0.46
2014;5;25;68.688;73.596;0.66;28.8;32.24;26.52;75.69;6.59;45.2;0.11
2014;5;26;68.016;71.342;0.66;28.93;32.11;26.36;74.43;7.26;42.1;0.02
2014;5;27;65.534;70.495;0.63;29.33;32.41;26.78;73.84;5.68;50.3;0.37
2014;5;28;62.614;69.905;0.6;28.92;32.11;26.6;75.42;4.97;46.7;0.26
2014;5;29;31.176;70.572;0.3;28.61;31.85;26.66;78.14;3.86;46.5;0.35
2014;5;30;4.543;69.046;0.44;28.14;30.55;26.44;80.17;5.03;53.0;1.57
2014;5;31;57.384;68.486;0.56;28.65;32.48;26.16;78.12;5.54;44.6;1.2
2014;6;1;59.014;70.013;0.57;29.09;33.32;26.7;76.72;5.54;38.1;0.87
2014;6;2;44.918;67.704;0.44;28.29;30.78;26.83;83.76;4.72;46.6;6.74
2014;6;3;55.481;69.146;0.54;28.81;32.33;26.68;78.56;6.19;36.0;0.39
2014;6;4;65.402;6.997;0.63;29.23;33.31;26.73;75.58;5.14;39.9;0.23
2014;6;5;66.845;70.776;0.65;29.57;34.02;26.8;75.01;5.42;41.6;0.01
2014;6;6;65.206;70.049;0.63;29.38;33.28;26.87;75.7;6.37;40.3;0.01
2014;6;7;56.563;68.933;0.55;29.05;32.53;26.93;76.37;5.96;37.9;0.12
2014;6;8;43.726;68.935;0.42;28.46;31.4;26.86;80.7;5.54;43.4;1.32
2014;6;9;60.624;69.386;0.59;28.34;31.39;26.47;81.09;5.59;42.2;1.42
2014;6;10;64.426;69.379;0.63;28.45;30.9;26.72;81.31;5.14;47.2;1.31
2014;6;11;50.628;67.752;0.49;28.19;30.57;26.69;82.55;4.69;46.7;0.34
2014;6;12;67.951;71.275;0.66;28.78;31.88;26.74;78.7;6.01;47.4;0.21
2014;6;13;61.426;70.466;0.6;28.33;31.22;26.61;81.77;5.6;45.0;1.5
2014;6;14;42.698;66.847;0.42;28.2;31.69;26.3;82.35;5.56;45.3;1.56
2014;6;15;56.124;69.125;0.55;28.28;30.35;26.69;81.33;5.07;48.7;0.34
2014;6;16;50.016;67.147;0.49;28.57;31.42;26.81;79.09;4.12;57.8;0.35
2014;6;17;60.744;69.391;0.59;27.95;30.46;26.12;82.34;4.63;43.1;0.55
2014;6;18;5.783;66.209;0.56;28.32;30.99;26.81;79.9;5.37;42.8;0.26
2014;6;19;56.722;68.304;0.55;28.38;31.24;26.66;78.83;6.14;41.7;0.1
2014;6;20;56.153;6.755;0.55;28.74;32.07;26.55;78.19;4.35;40.1;1.38
2014;6;21;55.673;69.125;0.54;28.53;31.57;26.75;81.95;4.14;35.3;1.6
2014;6;22;6.228;69.125;0.61;28.65;31.43;26.84;81.18;4.68;49.3;0.43
2014;6;23;47.911;67.627;0.47;28.6;31.19;26.79;79.15;5.69;46.9;0.42
2014;6;24;47.998;68.974;0.47;28.65;31.9;26.94;78.52;6.96;42.8;0.14
2014;6;25;46.044;70.135;0.45;28.16;30.3;26.45;79.29;5.56;46.4;0.41
2014;6;26;58.428;66.698;0.57;28.04;30.68;26.33;81.34;4.85;49.4;0.17
2014;6;27;53.722;67.284;0.52;28.52;31.95;26.41;76.53;5.5;46.6;0.01
2014;6;28;58.027;68.477;0.57;28.19;30.36;26.59;79.04;5.61;46.0;0.1
2014;6;29;64.999;70.733;0.63;28.7;32.02;26.88;78.03;6.56;45.9;0.32
2014;6;30;55.872;68.777;0.54;28.9;32.63;26.43;77.86;6.04;42.1;1.62
2014;7;1;38.042;67.303;0.37;27.97;30.6;26.6;83.86;3.63;56.2;7.15
2014;7;2;60.679;70.332;0.59;28.38;31.01;26.59;83.08;3.88;45.6;2.73
2014;7;3;67.586;70.968;0.66;28.9;32.92;26.59;74.62;6.78;41.8;0.03
2014;7;4;6.569;70.822;0.64;29.0;32.56;26.25;74.68;6.69;42.1;0.24
2014;7;5;51.953;68.186;0.51;28.25;30.43;26.78;77.18;6.09;47.7;0.07
2014;7;6;6.072;68.885;0.59;28.16;30.71;26.56;77.18;6.36;42.7;0.23
2014;7;7;60.538;69.715;0.59;28.17;30.77;26.41;82.36;5.69;47.0;1.23
2014;7;8;5.676;6.858;0.55;28.85;32.03;26.55;74.95;7.66;48.3;0.16
2014;7;9;67.306;70.577;0.66;28.87;32.33;26.28;72.57;7.48;44.9;0.07
2014;7;10;64.903;70.138;0.63;28.46;30.82;26.88;74.55;6.4;46.7;0.01
2014;7;11;52.195;67.682;0.51;28.29;30.35;26.69;78.05;6.44;48.6;0.07
2014;7;12;55.356;68.455;0.54;28.89;32.22;26.9;73.84;5.58;47.2;0.04
2014;7;13;66.698;69.758;0.65;29.21;33.14;26.68;73.36;6.06;46.1;0.02
2014;7;14;65.726;6.96;0.64;28.64;31.21;26.61;77.05;5.44;47.5;0.04
2014;7;15;56.544;69.857;0.55;28.96;32.29;26.86;76.66;5.4;41.5;0.11
2014;7;16;60.662;69.835;0.59;28.83;31.54;26.92;79.84;3.82;44.8;0.14
2014;7;17;67.541;71.268;0.66;29.16;32.5;26.92;77.24;5.63;47.0;0.15
2014;7;18;59.971;69.994;0.58;28.99;32.14;27.16;77.3;5.24;48.2;0.09
2014;7;19;65.599;70.826;0.64;29.26;32.68;27.29;76.27;6.43;42.6;0.03
2014;7;20;65.851;7.074;0.64;29.45;32.59;27.59;76.39;5.88;45.1;0.13
2014;7;21;51.408;6.905;0.5;29.16;31.85;27.29;78.05;4.95;51.1;1.46
2014;7;22;64.853;70.474;0.63;29.65;33.19;27.06;70.7;7.36;47.4;0.09
2014;7;23;70.092;71.861;0.68;29.47;32.86;26.83;70.71;7.68;43.7;0.0
2014;7;24;65.527;70.145;0.63;29.48;33.1;27.33;74.26;6.4;46.4;0.08
2014;7;25;68.011;71.614;0.66;29.51;33.11;27.23;73.62;6.12;42.5;0.07
2014;7;26;5.843;70.339;0.57;29.42;33.2;26.81;72.58;6.24;44.0;0.46
2014;7;27;4.464;69.048;0.43;28.54;31.06;26.9;78.97;3.48;49.1;1.01
2014;7;28;66.175;71.506;0.64;29.63;34.04;26.53;74.31;6.37;44.1;0.05
2014;7;29;56.923;71.554;0.55;29.51;33.03;27.23;74.05;6.12;42.6;0.18
2014;7;30;66.187;70.608;0.64;28.96;31.54;27.32;77.24;5.59;40.1;0.27
2014;7;31;57.907;69.648;0.56;28.74;31.71;27.22;79.33;4.36;45.8;0.08
2014;8;1;6.468;71.263;0.62;28.95;32.16;27.06;78.22;6.16;35.4;0.03
2014;8;2;45.571;68.983;0.44;29.09;32.27;27.1;77.61;4.62;40.0;0.66
2014;8;3;46.831;6.935;0.45;28.01;31.22;26.15;79.45;2.87;334.0;0.86
2014;8;4;62.962;71.575;0.61;28.86;33.18;25.52;73.96;5.76;34.3;1.62
2014;8;5;66.509;7.309;0.64;29.19;32.78;26.52;72.7;6.65;40.3;0.24
2014;8;6;61.819;71.647;0.6;29.22;32.98;26.87;75.4;6.11;34.8;2.14
2014;8;7;52.351;68.414;0.5;28.16;30.8;27.05;81.56;3.63;55.4;6.12
2014;8;8;58.099;70.394;0.56;27.99;30.56;26.59;82.84;4.28;45.6;4.45
2014;8;9;61.375;70.781;0.59;29.0;32.37;26.64;78.68;5.35;39.6;0.39
2014;8;10;47.863;70.433;0.46;28.72;31.9;27.0;80.12;4.98;41.2;2.31
2014;8;11;64.339;72.118;0.62;29.09;32.65;26.89;74.31;6.53;41.6;0.32
2014;8;12;60.494;71.405;0.58;28.73;31.23;27.06;78.54;4.58;46.6;0.38
2014;8;13;62.376;70.762;0.6;28.93;31.67;27.18;79.6;4.34;39.1;1.81
2014;8;14;49.973;68.894;0.48;28.59;30.93;27.2;80.87;6.28;47.5;0.72
2014;8;15;67.762;72.394;0.65;29.6;34.09;26.82;74.95;6.23;44.1;0.1
2014;8;16;67.373;7.068;0.65;29.24;32.32;27.32;77.17;6.47;44.3;0.42
2014;8;17;60.876;70.483;0.59;28.69;31.49;26.94;80.88;4.65;45.3;1.28
2014;8;18;49.922;68.846;0.48;28.41;31.0;26.72;81.29;4.1;48.9;1.04
2014;8;19;4.884;68.316;0.47;27.33;29.11;26.46;84.54;3.44;50.8;3.71
2014;8;20;63.358;68.969;0.61;28.23;30.98;26.54;81.3;5.35;41.4;1.43
2014;8;21;4.613;66.924;0.44;28.05;29.78;26.82;79.94;6.34;40.1;0.68
2014;8;22;56.741;69.163;0.55;28.51;31.81;26.37;77.68;5.18;36.9;2.97
2014;8;23;52.627;70.447;0.51;28.12;31.29;26.07;78.9;2.84;344.5;12.16
2014;8;24;56.914;69.926;0.55;28.06;31.0;26.31;78.12;2.04;309.0;9.45
2014;8;25;46.577;68.777;0.45;27.98;30.55;26.52;81.79;3.11;14.8;8.22
2014;8;26;54.118;71.057;0.52;28.21;30.56;26.15;82.76;4.42;43.8;20.18
2014;8;27;56.105;71.155;0.54;27.84;29.93;26.38;84.09;2.66;24.0;11.51
2014;8;28;53.669;70.483;0.52;27.98;29.98;26.35;80.88;2.61;42.1;8.25
2014;8;29;65.222;71.215;0.63;27.55;30.0;25.91;80.95;2.9;37.3;2.27
2014;8;30;70.512;72.922;0.68;29.47;33.44;27.19;77.58;5.0;48.0;0.6
2014;8;31;70.668;73.934;0.68;29.72;33.69;27.17;75.51;6.37;47.1;0.2
2014;9;1;67.536;71.462;0.65;29.63;33.42;27.15;77.38;5.87;42.2;0.35
2014;9;2;43.632;69.084;0.42;28.91;31.4;27.5;81.72;5.91;41.4;2.33
2014;9;3;43.452;69.038;0.42;28.12;30.07;26.99;85.92;3.79;56.1;12.34
2014;9;4;64.282;70.457;0.62;28.64;30.94;27.32;83.1;4.49;53.4;7.33
2014;9;5;68.136;71.155;0.66;28.72;31.56;27.03;83.05;3.77;48.5;2.44
2014;9;6;57.312;69.946;0.56;28.79;31.48;27.25;82.26;4.34;44.4;2.41
2014;9;7;56.299;6.943;0.55;28.56;31.45;27.07;83.29;3.26;60.0;3.56
2014;9;8;54.744;69.581;0.53;28.66;31.92;26.19;80.41;3.32;52.5;2.04
2014;9;9;64.039;70.219;0.62;29.15;32.76;27.16;80.7;4.15;47.8;3.92
2014;9;10;50.381;69.425;0.49;28.88;31.64;27.26;80.59;5.79;48.9;1.1
2014;9;11;44.172;6.901;0.43;28.36;30.4;27.16;81.8;4.68;53.0;1.32
2014;9;12;35.753;6.977;0.35;28.2;30.09;27.21;83.93;3.37;56.7;3.24
2014;9;13;44.194;68.244;0.43;28.14;30.34;27.05;83.66;4.97;43.4;6.9
2014;9;14;41.887;68.369;0.41;28.49;30.96;26.96;81.75;5.07;48.3;6.74
2014;9;15;46.483;67.663;0.45;27.83;29.26;26.94;84.76;3.71;54.6;5.72
2014;9;16;52.841;68.722;0.52;28.0;30.27;26.89;85.55;4.76;32.3;15.33
2014;9;17;55.644;69.502;0.54;28.29;31.23;26.97;83.16;5.47;33.1;25.86
2014;9;18;47.794;69.142;0.47;28.11;30.09;27.01;82.9;5.07;44.3;20.02
2014;9;19;60.055;69.977;0.59;28.32;31.45;26.8;82.24;4.64;49.0;4.13
2014;9;20;49.606;68.995;0.49;27.9;29.39;27.09;86.26;3.28;36.2;15.21
2014;9;21;50.515;69.302;0.5;27.64;29.66;26.43;84.35;2.29;24.7;14.37
2014;9;22;43.025;68.786;0.42;27.97;31.08;26.52;82.86;2.62;26.9;20.95
2014;9;23;49.442;67.253;0.49;28.06;30.31;26.75;81.25;2.42;23.2;8.79
2014;9;24;59.126;70.142;0.58;27.83;29.66;26.46;84.14;2.7;22.2;3.12
2014;9;25;66.396;70.457;0.66;28.71;31.21;27.2;82.65;3.66;42.8;5.19
2014;9;26;5.519;69.298;0.55;28.17;30.19;26.7;84.79;2.94;23.0;4.78
2014;9;27;64.344;70.582;0.64;28.54;32.09;26.38;78.72;3.02;39.2;2.03
2014;9;28;50.194;68.995;0.5;28.84;31.38;27.42;81.41;2.53;30.3;0.24
2014;9;29;61.618;68.554;0.61;28.78;31.23;27.26;83.31;3.35;42.0;0.19
2014;9;30;6.601;68.177;0.66;28.61;31.06;26.76;83.85;2.92;51.5;0.07
2014;10;1;65.407;68.446;0.65;29.29;32.21;27.73;81.89;4.38;50.0;0.16
2014;10;2;59.899;67.915;0.6;28.75;30.62;27.66;83.38;5.33;51.1;0.3
2014;10;3;50.666;6.601;0.51;28.64;30.85;27.46;83.83;4.45;50.7;0.79
2014;10;4;48.336;65.635;0.49;27.93;29.2;27.28;85.87;5.47;53.4;0.52
2014;10;5;53.213;66.194;0.54;27.72;29.23;26.8;86.7;4.27;48.6;1.87
2014;10;6;3.948;66.394;0.4;27.58;28.96;26.72;87.7;4.98;56.8;1.41
2014;10;7;45.434;67.392;0.46;27.36;28.64;26.72;89.09;4.57;46.3;8.73
2014;10;8;46.217;66.528;0.47;27.41;29.65;26.53;88.89;4.48;35.6;18.06
2014;10;9;3.179;66.883;0.32;26.89;28.24;25.9;88.83;3.65;6.0;7.67
2014;10;10;56.815;67.294;0.58;26.82;28.46;25.78;85.85;2.67;319.2;5.07
2014;10;11;43.116;6.575;0.44;27.08;28.41;25.97;86.23;2.77;23.2;6.34
2014;10;12;26.993;63.634;0.28;27.68;29.55;26.37;86.81;3.65;47.8;7.24
2014;10;13;48.077;65.902;0.49;27.84;29.6;26.78;86.98;3.15;55.9;9.36
2014;10;14;3.324;65.299;0.34;27.79;30.18;26.53;85.26;1.89;55.8;4.23
2014;10;15;51.588;65.095;0.53;27.99;30.17;26.7;82.48;1.92;28.9;3.03
2014;10;16;51.082;64.951;0.53;27.77;29.87;26.85;86.6;4.24;28.5;2.88
2014;10;17;46.375;64.474;0.48;28.3;30.09;27.12;85.12;3.54;44.5;6.03
2014;10;18;44.849;6.469;0.46;28.19;30.64;26.69;80.39;2.53;48.3;5.13
2014;10;19;4.577;64.106;0.48;26.83;28.7;25.33;85.34;3.02;46.2;5.49
2014;10;20;49.471;64.109;0.52;26.73;28.84;25.28;85.52;3.73;40.0;4.03
2014;10;21;56.743;65.078;0.59;27.54;29.25;26.26;81.45;2.68;53.3;1.56
2014;10;22;59.491;64.853;0.62;28.28;30.72;26.68;84.17;3.32;41.9;5.79
2014;10;23;52.411;64.478;0.55;28.73;30.75;27.41;83.07;2.34;43.8;21.57
2014;10;24;53.902;64.548;0.57;28.89;31.74;27.32;83.27;2.99;39.1;14.65
2014;10;25;49.387;6.467;0.52;28.21;30.39;27.04;84.49;3.94;11.2;19.48
2014;10;26;56.069;64.824;0.59;27.92;30.2;26.42;83.31;2.6;347.5;41.33
2014;10;27;56.508;64.793;0.6;26.45;27.86;25.62;87.42;2.17;328.8;15.6
2014;10;28;56.453;6.473;0.6;27.59;30.63;25.03;80.75;3.4;60.1;1.43
2014;10;29;62.011;64.512;0.66;28.55;31.14;27.19;81.33;5.64;42.4;1.88
2014;10;30;49.942;62.148;0.53;27.88;29.25;26.8;85.8;3.83;45.3;5.75
2014;10;31;3.264;60.478;0.35;27.53;29.89;26.24;88.2;3.12;17.0;11.22
2014;11;1;51.118;60.756;0.55;27.05;28.06;26.13;89.0;4.66;318.7;7.57
2014;11;2;48.797;62.525;0.53;28.15;29.5;27.23;87.11;5.73;43.1;2.59
2014;11;3;60.089;6.468;0.65;28.63;31.19;27.11;80.11;7.52;45.9;0.51
2014;11;4;62.894;65.633;0.68;28.47;31.07;26.92;78.84;7.06;45.1;0.75
2014;11;5;50.683;63.878;0.55;28.14;30.89;26.63;80.99;4.75;37.6;7.88
2014;11;6;54.785;63.317;0.6;27.9;30.06;26.63;83.72;4.53;35.2;4.55
2014;11;7;5.165;61.781;0.56;27.73;30.13;26.68;85.86;3.76;18.8;6.5
2014;11;8;59.326;62.863;0.65;27.81;30.22;26.31;84.37;4.09;17.0;4.39
2014;11;9;44.347;60.569;0.49;27.59;29.2;26.64;87.27;3.39;22.3;7.01
2014;11;10;33.758;59.597;0.37;27.12;28.28;26.4;89.6;4.01;5.8;11.59
2014;11;11;42.929;59.362;0.47;26.92;27.88;26.41;90.12;4.07;8.3;11.44
2014;11;12;42.828;61.114;0.47;27.82;30.07;26.52;84.09;4.13;21.9;3.64
2014;11;13;42.523;62.196;0.47;27.72;29.95;26.67;82.9;5.04;33.4;6.88
2014;11;14;52.471;61.853;0.58;27.88;30.97;26.26;80.07;4.38;45.0;4.01
2014;11;15;5.653;61.565;0.63;27.79;29.8;26.42;83.03;5.43;46.5;4.22
2014;11;16;4.811;58.836;0.54;27.79;29.65;26.76;84.3;4.9;53.6;3.47
2014;11;17;52.932;57.802;0.59;27.96;29.76;26.73;85.67;4.18;55.2;0.52
2014;11;18;52.615;60.571;0.59;28.38;31.06;27.06;82.89;5.32;48.7;0.88
2014;11;19;52.975;61.498;0.6;28.19;30.95;26.81;81.78;7.38;44.6;1.07
2014;11;20;48.029;61.658;0.54;28.12;31.02;26.54;80.43;6.4;45.5;0.61
2014;11;21;52.817;61.493;0.6;28.17;30.99;26.6;79.51;6.3;44.4;0.24
2014;11;22;55.298;60.986;0.63;28.05;30.65;26.52;81.09;6.31;44.7;0.47
2014;11;23;55.913;59.952;0.64;28.41;31.3;26.89;81.74;5.29;48.9;0.13
2014;11;24;57.578;59.926;0.66;28.56;31.57;26.94;83.01;5.81;51.7;0.11
2014;11;25;5.153;58.685;0.59;28.3;30.81;26.95;81.71;6.87;51.1;0.15
2014;11;26;4.47;59.707;0.51;28.16;31.07;26.55;80.2;5.46;49.5;0.04
2014;11;27;52.157;5.982;0.6;27.86;30.48;26.27;79.8;6.1;46.5;0.0
2014;11;28;58.637;59.798;0.67;27.69;30.26;26.33;80.3;7.46;40.5;0.0
2014;11;29;57.257;58.622;0.66;27.75;30.08;26.46;81.8;7.64;41.8;0.0
2014;11;30;56.371;58.786;0.65;28.14;30.8;26.76;82.02;7.64;44.4;0.01
2014;12;1;56.962;59.378;0.66;27.97;30.72;26.25;82.33;7.04;49.8;0.08
2014;12;2;51.434;57.622;0.6;27.22;28.59;26.3;84.98;6.51;49.7;0.27
2014;12;3;45.149;57.283;0.52;26.92;28.07;26.15;89.72;5.23;46.3;0.54
2014;12;4;2.749;55.198;0.32;26.92;28.19;26.32;89.7;6.19;40.5;0.86
2014;12;5;4.013;5.495;0.47;26.93;28.31;26.21;89.68;5.08;42.1;0.8
2014;12;6;37.265;56.563;0.43;26.99;29.28;26.1;86.05;5.99;41.2;1.21
2014;12;7;44.861;57.302;0.52;27.2;29.84;25.89;82.26;6.37;39.4;2.34
2014;12;8;53.076;57.158;0.62;27.05;29.13;25.81;82.97;7.02;38.1;3.42
2014;12;9;51.619;56.198;0.6;27.18;29.4;25.83;83.92;7.48;37.9;6.03
2014;12;10;37.714;56.486;0.44;26.89;28.56;26.01;87.52;5.76;43.7;19.05
2014;12;11;40.541;55.886;0.47;27.02;29.33;25.92;86.26;6.25;46.3;13.51
2014;12;12;51.624;55.162;0.6;27.08;29.0;26.01;84.59;5.34;50.1;2.62
2014;12;13;41.878;56.179;0.49;26.97;28.95;25.92;84.8;4.97;45.2;8.41
2014;12;14;29.126;56.448;0.34;26.34;27.9;25.36;86.68;2.05;352.4;9.34
2014;12;15;51.341;57.797;0.6;26.8;29.53;25.03;83.46;2.31;41.7;1.36
2014;12;16;51.535;57.218;0.61;27.13;29.95;25.45;82.08;4.6;30.7;0.7
2014;12;17;54.842;58.032;0.64;27.75;31.09;25.96;79.95;6.46;40.8;0.05
2014;12;18;5.245;56.724;0.62;27.86;30.92;26.09;79.89;6.8;46.9;0.09
2014;12;19;55.507;58.145;0.65;27.51;30.15;25.89;78.52;7.63;46.4;0.14
2014;12;20;54.497;58.884;0.64;27.52;30.6;25.61;77.64;6.27;42.2;0.01
2014;12;21;5.389;58.483;0.63;27.74;30.87;25.8;78.07;6.88;45.6;0.01
2014;12;22;5.526;59.021;0.65;27.85;31.11;25.58;78.28;6.4;50.0;0.0
2014;12;23;58.459;58.778;0.69;28.1;31.72;25.6;79.2;6.5;52.8;0.0
2014;12;24;58.685;59.062;0.69;28.16;31.71;26.16;81.24;6.04;49.2;0.0
2014;12;25;57.619;59.417;0.68;27.38;29.76;25.93;79.18;8.79;47.9;0.0
2014;12;26;59.834;60.401;0.7;27.66;31.06;25.91;77.15;7.92;47.7;0.0
2014;12;27;58.975;59.261;0.69;27.64;31.01;25.57;78.57;8.1;45.1;0.0
2014;12;28;58.812;59.414;0.69;27.56;30.74;25.74;78.91;7.91;44.7;0.0
2014;12;29;5.742;58.452;0.67;27.35;30.16;25.55;80.58;7.56;43.6;0.0
2014;12;30;57.276;5.833;0.67;27.81;31.11;25.69;79.08;7.81;46.9;0.0
2014;12;31;57.442;59.381;0.67;27.53;30.98;25.64;76.28;8.57;46.0;0.0
2015;1;1;60.192;60.852;0.7;27.3;30.76;24.71;74.47;8.15;49.7;0.0
2015;1;2;59.016;59.273;0.69;27.51;31.12;25.3;75.71;8.56;51.1;0.0
2015;1;3;6.024;60.326;0.7;27.5;31.18;25.25;72.84;9.93;54.0;0.0
2015;1;4;60.461;60.806;0.7;27.18;31.08;24.73;72.5;8.85;51.4;0.0
2015;1;5;61.272;61.529;0.71;26.84;30.29;24.91;75.94;9.6;47.6;0.0
2015;1;6;61.961;62.114;0.72;26.53;29.85;24.73;75.01;9.66;48.1;0.0
2015;1;7;6.143;61.507;0.71;26.15;29.48;24.14;76.95;8.7;46.7;0.0
2015;1;8;60.014;60.427;0.69;25.99;29.13;23.91;76.91;8.71;43.7;0.0
2015;1;9;59.431;59.837;0.68;26.13;29.45;23.85;77.9;7.88;42.3;0.0
2015;1;10;5.928;59.717;0.68;26.39;29.82;24.24;79.47;8.06;43.5;0.0
2015;1;11;57.694;58.673;0.66;26.66;30.56;24.43;80.33;7.5;42.8;0.0
2015;1;12;57.706;58.733;0.66;26.74;30.78;24.44;80.24;7.0;40.5;0.0
2015;1;13;57.799;59.306;0.66;26.96;30.98;24.3;79.81;6.81;41.6;0.0
2015;1;14;52.584;5.839;0.6;26.65;30.25;24.49;82.57;6.15;38.5;0.0
2015;1;15;52.975;58.714;0.6;26.49;29.44;24.61;83.89;6.6;36.3;0.0
2015;1;16;51.053;57.715;0.58;26.7;29.89;24.93;82.23;7.04;31.5;0.0
2015;1;17;4.915;57.432;0.56;26.55;29.01;25.29;81.93;7.99;27.5;0.0
2015;1;18;56.165;59.594;0.63;26.6;28.98;25.07;81.01;7.16;35.5;0.0
2015;1;19;50.669;60.386;0.57;26.78;29.8;25.21;78.05;7.82;39.5;0.0
2015;1;20;46.272;61.135;0.52;26.89;30.26;24.87;76.11;6.89;39.9;0.0
2015;1;21;43.111;59.551;0.48;26.86;30.13;24.97;76.76;7.17;38.7;0.02
2015;1;22;55.282;60.022;0.62;26.81;29.79;25.23;77.9;7.52;39.6;0.06
2015;1;23;56.282;6.12;0.63;26.84;30.12;25.04;76.81;6.93;40.3;0.05
2015;1;24;58.464;61.358;0.65;27.07;30.74;24.67;77.51;6.01;37.7;0.01
2015;1;25;59.335;62.402;0.66;26.93;30.23;24.78;77.31;7.01;37.7;0.01
2015;1;26;57.991;61.642;0.64;27.09;31.02;24.46;76.5;6.8;37.5;0.0
2015;1;27;55.301;61.344;0.61;26.83;29.77;25.06;77.46;7.78;29.7;0.0
2015;1;28;51.924;60.446;0.57;26.87;29.36;25.34;76.15;8.46;34.6;0.0
2015;1;29;5.987;62.246;0.66;27.06;30.08;25.43;71.02;8.59;39.9;0.0
2015;1;30;59.592;61.435;0.65;27.35;30.71;25.27;74.63;8.46;39.2;0.0
2015;1;31;53.011;59.294;0.58;27.09;30.04;25.42;76.58;8.08;36.5;0.13
2015;2;1;57.862;61.946;0.63;27.39;30.39;25.56;77.41;8.83;41.4;0.04
2015;2;2;5.935;62.921;0.64;27.71;31.57;25.19;76.34;7.0;40.1;0.04
2015;2;3;6.197;6.337;0.67;27.68;31.03;25.52;73.84;8.27;41.7;0.02
2015;2;4;62.866;63.422;0.68;27.93;31.48;25.59;73.51;8.33;43.2;0.02
2015;2;5;61.922;63.024;0.67;27.94;32.23;25.25;76.71;5.9;36.0;0.18
2015;2;6;53.424;60.653;0.57;27.13;30.15;25.47;78.45;7.79;31.4;0.56
2015;2;7;48.533;6.318;0.52;27.01;30.2;25.19;73.94;7.51;33.3;0.12
2015;2;8;4.872;62.083;0.52;27.23;30.25;25.39;75.24;6.21;34.6;0.32
2015;2;9;49.846;61.082;0.53;26.82;30.07;25.08;80.09;4.27;18.6;6.79
2015;2;10;50.064;61.613;0.53;26.49;29.85;24.58;78.54;3.47;352.6;2.42
2015;2;11;48.115;62.645;0.51;26.49;29.38;24.58;77.81;4.7;10.9;2.83
2015;2;12;5.718;62.182;0.6;27.03;29.86;25.37;76.26;7.12;25.4;0.11
2015;2;13;53.455;60.391;0.56;27.28;29.91;25.89;79.86;8.04;27.0;1.89
2015;2;14;54.816;62.095;0.57;27.3;29.47;25.92;83.06;8.33;31.5;10.03
2015;2;15;58.428;64.382;0.61;27.64;30.38;26.29;76.69;9.51;39.5;0.02
2015;2;16;65.947;68.076;0.69;27.88;31.47;25.55;71.28;8.8;44.4;0.0
2015;2;17;6.72;67.841;0.7;27.9;31.89;24.88;74.61;6.82;41.8;0.0
2015;2;18;62.462;66.648;0.65;28.11;32.33;25.46;76.27;5.65;37.9;0.0
2015;2;19;5.227;66.094;0.54;27.34;30.33;25.86;76.41;8.3;30.9;0.05
2015;2;20;54.643;67.757;0.56;26.98;29.59;25.52;73.4;7.78;35.8;0.02
2015;2;21;65.592;69.437;0.67;27.69;30.92;25.61;73.23;8.31;42.6;0.06
2015;2;22;64.956;68.873;0.67;28.11;31.97;25.69;70.99;8.86;44.8;0.01
2015;2;23;67.699;69.295;0.69;27.64;30.88;25.57;71.18;9.09;43.0;0.0
2015;2;24;64.006;68.314;0.65;27.63;30.8;25.64;71.91;8.41;39.0;0.0
2015;2;25;66.058;68.364;0.67;28.08;31.66;25.48;71.06;7.03;40.1;0.03
2015;2;26;63.866;67.519;0.65;28.27;32.22;25.39;72.14;6.52;43.6;0.06
2015;2;27;65.251;67.481;0.66;28.17;31.71;25.89;73.39;8.15;40.3;0.03
2015;2;28;61.704;67.733;0.62;28.37;31.78;26.11;73.7;9.28;43.9;0.23
2015;3;1;66.154;72.012;0.67;28.05;31.68;25.9;67.71;10.37;43.8;0.01
2015;3;2;63.079;69.523;0.63;27.3;30.32;25.57;71.08;10.08;43.9;0.0
2015;3;3;68.842;71.832;0.69;27.48;30.56;25.45;68.5;9.91;44.0;0.0
2015;3;4;71.287;72.487;0.71;27.79;31.55;25.41;69.65;9.31;44.7;0.0
2015;3;5;70.034;70.718;0.7;27.86;31.62;25.41;70.51;9.32;46.0;0.0
2015;3;6;68.328;70.037;0.68;27.55;30.86;25.49;69.65;9.95;44.6;0.0
2015;3;7;65.532;69.382;0.65;27.01;30.27;24.82;70.05;9.38;42.4;0.0
2015;3;8;66.838;68.424;0.66;27.14;30.73;24.85;68.28;9.94;45.2;0.0
2015;3;9;67.442;6.924;0.67;27.03;30.86;24.36;67.81;9.4;43.9;0.0
2015;3;10;68.818;69.629;0.68;27.41;32.01;24.31;70.73;8.08;41.7;0.0
2015;3;11;67.649;68.813;0.67;27.44;31.44;24.57;71.09;8.51;41.6;0.0
2015;3;12;67.241;68.378;0.66;27.24;31.18;24.74;70.36;8.82;39.6;0.0
2015;3;13;65.758;69.326;0.65;26.97;30.15;24.86;71.56;9.44;40.0;0.0
2015;3;14;6.655;6.869;0.65;27.2;30.69;24.97;70.11;8.38;41.4;0.0
2015;3;15;66.394;6.863;0.65;27.05;31.32;24.65;72.15;8.04;38.1;0.0
2015;3;16;59.198;6.695;0.58;26.43;29.28;24.81;75.8;8.72;35.7;0.0
2015;3;17;56.618;66.624;0.55;26.3;29.33;24.66;77.87;8.62;31.2;0.01
2015;3;18;62.472;67.862;0.61;26.43;29.6;24.59;75.55;7.81;29.7;0.0
2015;3;19;51.264;65.369;0.5;26.68;30.01;24.73;74.53;7.01;33.8;0.0
2015;3;20;4.429;65.674;0.43;26.47;29.49;24.76;77.35;7.89;35.1;0.0
2015;3;21;55.178;69.744;0.53;26.68;29.86;24.81;73.33;7.39;30.8;0.03
2015;3;22;66.252;72.677;0.64;26.45;29.46;24.45;73.02;7.35;31.4;0.01
2015;3;23;69.446;72.242;0.67;27.02;31.04;24.79;72.67;6.28;31.7;0.01
2015;3;24;67.334;7.229;0.65;27.31;31.27;25.13;74.74;6.98;28.6;0.03
2015;3;25;64.166;71.122;0.62;27.41;31.01;25.51;74.22;8.18;34.9;0.02
2015;3;26;66.185;7.009;0.64;27.69;31.42;25.43;73.83;7.04;31.6;0.09
2015;3;27;6.781;70.318;0.65;28.12;33.18;25.28;75.0;5.99;38.1;0.0
2015;3;28;56.066;66.823;0.54;27.69;31.58;25.59;78.15;7.45;35.4;0.0
2015;3;29;36.648;64.999;0.35;26.76;28.74;25.62;79.48;7.37;34.6;0.03
2015;3;30;4.385;67.632;0.42;26.97;29.83;25.32;78.64;7.39;36.8;0.01
2015;3;31;59.858;69.204;0.57;27.34;30.66;25.42;74.45;7.72;33.8;0.0
2015;4;1;64.056;69.029;0.61;27.89;31.93;25.74;72.71;8.0;36.5;0.02
2015;4;2;64.066;70.138;0.61;27.76;31.6;25.96;73.68;8.33;36.8;0.1
2015;4;3;5.647;69.586;0.54;27.59;30.41;26.03;74.71;8.28;37.4;0.11
2015;4;4;54.756;69.612;0.52;27.44;30.41;25.65;76.22;9.16;37.2;0.14
2015;4;5;65.894;72.888;0.63;27.58;31.09;25.58;71.45;9.37;36.9;0.02
2015;4;6;63.998;72.252;0.61;27.77;30.98;25.84;73.18;9.15;40.7;0.01
2015;4;7;58.654;71.407;0.56;27.79;30.54;25.97;73.22;8.41;43.7;0.01
2015;4;8;53.206;68.604;0.51;27.84;30.7;26.09;74.01;8.09;42.2;0.06
2015;4;9;53.957;6.78;0.51;28.16;31.49;26.03;73.69;7.45;43.3;0.09
2015;4;10;62.381;69.408;0.59;28.12;31.48;26.27;75.33;7.8;45.3;0.16
2015;4;11;46.243;66.413;0.44;28.11;31.48;26.08;76.79;6.14;43.4;0.35
2015;4;12;52.733;66.581;0.5;27.67;30.33;25.95;80.31;5.5;45.2;0.37
2015;4;13;49.049;67.049;0.47;27.72;30.48;25.79;79.42;5.21;42.5;0.42
2015;4;14;52.195;67.423;0.5;27.88;31.38;26.01;77.98;6.5;41.7;0.77
2015;4;15;57.775;69.055;0.55;28.06;31.67;25.79;76.34;6.6;41.8;1.87
2015;4;16;53.846;68.902;0.51;27.48;30.34;25.61;79.54;6.56;45.5;2.49
2015;4;17;48.818;67.327;0.46;27.72;31.63;25.69;78.5;6.01;42.4;3.05
2015;4;18;60.324;68.419;0.57;27.42;30.16;25.54;80.64;5.87;43.8;2.69
2015;4;19;53.122;69.005;0.5;27.47;30.45;25.64;82.79;5.71;38.7;3.59
2015;4;20;4.991;68.038;0.47;27.04;29.6;25.68;86.36;4.2;42.6;3.89
2015;4;21;40.214;68.878;0.38;27.36;29.91;25.87;83.44;5.14;39.6;0.18
2015;4;22;69.235;72.574;0.66;28.26;32.06;25.88;73.83;7.26;38.6;0.05
2015;4;23;68.412;72.638;0.65;28.0;31.91;26.14;73.12;7.96;37.8;0.0
2015;4;24;65.988;71.141;0.63;27.93;31.62;25.74;75.6;7.16;32.2;0.01
2015;4;25;56.856;65.717;0.54;27.91;31.65;25.95;79.63;6.65;33.3;0.6
2015;4;26;48.967;69.384;0.47;27.85;31.61;26.03;84.31;5.39;34.4;1.47
2015;4;27;6.72;71.429;0.64;29.01;32.98;26.48;79.66;3.51;34.9;0.3
2015;4;28;68.141;71.534;0.65;29.24;33.71;26.89;79.75;2.87;22.4;1.8
2015;4;29;61.214;70.685;0.58;29.47;34.04;26.97;77.04;2.64;353.3;0.28
2015;4;30;58.166;69.653;0.55;28.74;32.71;26.49;78.48;3.05;15.9;1.84
2015;5;1;57.583;6.737;0.55;28.56;31.77;26.34;78.81;3.96;25.9;5.81
2015;5;2;59.304;69.588;0.56;28.16;31.63;26.27;77.6;6.18;32.8;3.19
2015;5;3;63.624;68.854;0.61;28.54;32.33;26.37;75.62;6.69;37.4;1.26
2015;5;4;53.422;66.574;0.51;28.64;32.28;26.27;76.82;5.41;43.3;3.47
2015;5;5;63.324;66.948;0.6;28.51;31.69;26.38;79.33;5.12;50.1;6.71
2015;5;6;67.303;68.918;0.64;28.5;31.81;26.51;78.08;5.12;51.2;0.75
2015;5;7;61.735;67.351;0.59;28.54;32.09;26.43;79.4;5.11;46.6;2.02
2015;5;8;47.124;65.453;0.45;28.34;31.04;26.53;78.88;5.88;45.0;1.42
2015;5;9;59.568;67.178;0.57;28.78;31.96;26.66;76.24;5.69;47.7;1.41
2015;5;10;5.393;68.177;0.52;28.34;30.59;26.86;77.27;5.2;50.7;1.01
2015;5;11;58.361;68.875;0.56;28.51;31.13;26.74;76.81;6.68;46.2;0.16
2015;5;12;61.829;71.846;0.59;28.84;31.74;26.93;75.39;6.83;46.2;0.02
2015;5;13;63.958;69.182;0.61;29.0;32.54;26.63;73.31;7.15;45.1;0.1
2015;5;14;58.114;68.292;0.56;28.31;30.66;26.92;76.77;6.26;45.4;0.89
2015;5;15;32.988;63.938;0.32;27.75;29.94;26.27;79.56;6.06;51.1;0.68
2015;5;16;43.214;68.016;0.41;27.13;29.11;25.84;84.33;5.97;43.2;2.92
2015;5;17;40.303;67.171;0.39;27.44;29.81;25.78;81.37;5.72;44.5;0.64
2015;5;18;53.842;67.939;0.52;27.29;29.45;25.81;82.1;5.36;45.9;0.94
2015;5;19;46.447;68.964;0.45;27.29;29.79;25.8;83.77;6.01;43.2;1.25
2015;5;20;58.313;70.229;0.56;27.65;29.88;26.14;83.17;4.88;42.6;1.63
2015;5;21;3.715;69.262;0.36;27.29;29.31;26.14;86.38;5.62;42.4;2.13
2015;5;22;43.303;67.541;0.42;27.67;29.69;26.45;83.85;6.51;43.7;0.66
2015;5;23;63.581;69.574;0.61;28.27;31.1;26.25;78.71;7.17;45.1;0.36
2015;5;24;6.055;68.774;0.58;28.55;31.64;26.59;77.83;7.17;44.9;0.58
2015;5;25;45.266;67.142;0.44;28.01;30.36;26.3;77.75;6.29;41.8;1.0
2015;5;26;55.757;6.821;0.54;27.52;29.43;25.93;79.78;5.33;47.8;1.8
2015;5;27;60.427;68.326;0.58;27.84;30.79;25.97;77.08;6.58;38.8;1.59
2015;5;28;30.134;6.563;0.29;27.14;29.78;25.73;80.81;5.37;41.5;5.13
2015;5;29;40.644;6.631;0.39;26.77;28.31;25.8;87.77;5.56;36.9;7.61
2015;5;30;44.167;67.613;0.43;27.39;29.2;25.96;83.62;6.15;46.0;4.05
2015;5;31;57.586;69.322;0.56;27.83;30.19;26.26;83.88;4.47;48.2;0.99
2015;6;1;45.286;67.435;0.44;28.37;31.78;26.55;82.59;4.74;51.4;0.88
2015;6;2;57.542;70.154;0.56;28.53;31.15;26.76;83.02;3.09;58.1;1.58
2015;6;3;56.424;68.018;0.55;28.52;32.22;26.47;82.91;3.39;43.6;2.22
2015;6;4;54.542;68.738;0.53;28.68;31.54;26.88;83.41;3.62;38.8;2.22
2015;6;5;52.817;69.113;0.51;28.52;31.54;26.97;83.05;3.43;45.4;4.49
2015;6;6;5.363;69.338;0.52;28.05;30.37;26.71;85.43;2.55;40.2;7.6
2015;6;7;43.831;68.158;0.43;27.23;28.63;26.19;83.34;2.79;57.6;15.19
2015;6;8;44.894;67.992;0.44;27.88;30.38;26.37;85.43;2.4;27.6;9.27
2015;6;9;5.148;68.899;0.5;27.71;29.29;26.48;84.27;3.4;36.3;6.01
2015;6;10;54.643;6.971;0.53;28.17;31.34;26.07;79.79;4.27;50.1;5.08
2015;6;11;5.851;69.209;0.57;28.34;31.5;26.05;78.46;5.56;51.8;3.86
2015;6;12;60.722;69.662;0.59;28.86;32.42;26.4;80.14;5.08;48.6;2.47
2015;6;13;62.954;72.754;0.61;28.95;32.63;26.66;79.52;5.58;43.3;3.25
2015;6;14;59.844;69.314;0.58;28.45;31.74;26.53;80.97;5.85;50.3;4.65
2015;6;15;53.585;68.059;0.52;28.63;31.81;26.53;79.5;6.16;49.8;0.1
2015;6;16;64.706;70.289;0.63;28.78;32.41;26.63;77.94;7.06;46.2;0.05
2015;6;17;56.042;69.038;0.55;29.07;32.87;26.67;76.82;5.82;47.2;0.15
2015;6;18;66.358;6.983;0.65;28.37;31.1;26.49;80.49;6.58;48.1;0.09
2015;6;19;66.458;70.802;0.65;28.54;32.01;26.36;80.63;6.5;44.8;0.08
2015;6;20;60.269;68.902;0.59;28.4;32.27;26.39;79.24;6.42;43.3;0.01
2015;6;21;56.921;67.054;0.56;27.85;30.91;26.15;79.56;6.36;43.5;0.01
2015;6;22;53.846;68.338;0.53;27.61;29.83;26.18;81.68;6.03;46.7;0.01
2015;6;23;65.374;70.668;0.64;28.52;31.88;26.3;78.74;5.96;49.7;0.0
2015;6;24;7.002;72.115;0.68;29.42;33.75;26.75;74.89;6.75;51.3;0.0
2015;6;25;69.324;72.019;0.68;28.89;32.66;26.38;77.27;7.16;47.4;0.0
2015;6;26;68.124;7.091;0.66;28.61;32.1;26.27;76.07;7.19;46.9;0.0
2015;6;27;67.382;70.656;0.66;28.47;32.11;26.22;78.86;6.12;43.8;0.0
2015;6;28;54.994;68.666;0.54;28.04;30.51;26.7;81.57;5.39;53.2;0.02
2015;6;29;54.106;70.694;0.53;27.67;30.47;25.84;80.7;6.5;43.7;0.01
2015;6;30;56.107;70.507;0.55;28.24;32.08;25.86;74.01;7.53;45.3;0.01
2015;7;1;70.685;71.554;0.69;28.25;31.08;26.45;77.4;6.69;45.4;0.01
2015;7;2;69.106;7.151;0.67;28.41;32.1;25.94;76.93;6.61;45.6;0.0
2015;7;3;7.093;7.159;0.69;27.99;31.06;26.16;77.21;7.44;44.8;0.0
2015;7;4;6.972;71.779;0.68;28.48;31.97;26.11;76.43;6.82;44.3;0.06
2015;7;5;65.654;70.421;0.64;28.32;31.41;25.99;75.81;7.28;46.4;0.4
2015;7;6;56.666;69.804;0.55;28.03;31.93;25.58;77.68;6.88;47.8;2.63
2015;7;7;44.484;68.165;0.43;27.04;30.03;25.48;84.35;5.63;45.4;9.82
2015;7;8;53.513;68.472;0.52;27.8;31.14;25.65;80.32;5.96;44.9;1.43
2015;7;9;58.783;69.451;0.57;27.57;30.16;26.09;82.12;5.68;44.7;2.86
2015;7;10;58.692;6.841;0.57;27.72;30.85;25.88;80.98;5.95;43.5;6.41
2015;7;11;56.066;6.846;0.55;26.82;28.96;25.67;86.11;7.33;47.4;7.97
2015;7;12;55.867;69.986;0.54;27.4;29.73;25.61;82.22;6.86;46.5;3.76
2015;7;13;5.413;68.371;0.53;27.57;30.26;26.1;84.08;4.35;51.2;4.99
2015;7;14;57.622;68.628;0.56;27.62;29.81;26.0;83.11;5.28;41.7;4.66
2015;7;15;43.639;68.986;0.42;27.92;30.2;26.21;82.58;5.66;45.7;0.88
2015;7;16;50.983;68.695;0.5;27.91;30.43;26.37;81.67;5.6;48.7;1.0
2015;7;17;53.059;68.947;0.52;27.97;30.36;26.31;83.1;4.15;48.8;1.1
2015;7;18;33.586;66.866;0.33;27.7;29.48;26.39;84.57;4.11;50.3;1.8
2015;7;19;49.258;67.872;0.48;27.26;29.1;26.26;81.72;5.54;48.2;0.98
2015;7;20;51.838;67.068;0.5;27.74;31.25;25.88;79.81;5.89;43.5;2.49
2015;7;21;56.292;68.873;0.55;28.35;32.15;26.33;80.39;5.95;38.8;2.15
2015;7;22;5.701;7.003;0.55;28.3;31.19;26.57;82.92;3.91;45.5;3.74
2015;7;23;33.377;69.811;0.32;27.98;30.7;26.07;84.55;3.77;35.4;9.04
2015;7;24;65.273;71.218;0.63;28.26;30.74;26.47;82.53;5.51;51.6;1.86
2015;7;25;71.832;72.257;0.7;28.96;32.72;26.67;76.41;6.91;43.6;0.25
2015;7;26;71.273;72.341;0.69;29.06;32.91;26.23;76.55;6.46;43.7;0.15
2015;7;27;65.851;70.682;0.64;28.78;32.25;27.05;78.93;5.54;45.3;0.64
2015;7;28;6.774;71.021;0.66;28.91;32.8;26.27;75.3;6.19;43.1;0.76
2015;7;29;53.849;68.573;0.52;27.93;30.35;26.35;83.03;5.5;49.1;2.59
2015;7;30;6.151;68.642;0.59;27.7;29.76;26.22;80.62;6.04;44.2;0.28
2015;7;31;5.389;67.327;0.52;28.07;30.84;26.3;82.39;5.26;42.1;0.48
2015;8;1;62.386;69.646;0.6;28.16;31.04;26.4;83.54;4.88;40.3;0.5
2015;8;2;68.791;71.866;0.66;28.33;31.62;26.46;80.21;6.11;44.6;0.23
2015;8;3;70.762;71.957;0.68;28.67;32.31;26.7;76.71;6.75;40.2;0.19
2015;8;4;64.594;70.656;0.62;28.76;31.38;26.72;78.31;5.89;45.0;0.2
2015;8;5;66.005;71.738;0.64;29.13;32.86;26.79;77.44;6.87;42.8;0.16
2015;8;6;66.636;71.626;0.64;28.8;32.19;26.52;79.62;6.17;37.3;0.09
2015;8;7;6.251;70.195;0.6;28.89;32.66;26.71;79.92;5.78;41.3;0.18
2015;8;8;62.616;6.888;0.6;28.37;31.36;26.51;83.1;4.37;38.1;0.82
2015;8;9;39.154;68.174;0.38;28.03;30.6;26.71;82.44;4.07;57.5;2.73
2015;8;10;52.807;70.678;0.51;28.06;30.23;26.34;83.14;3.94;42.3;1.57
2015;8;11;59.592;69.979;0.57;28.42;30.69;26.97;81.05;4.9;45.3;1.05
2015;8;12;68.683;71.734;0.66;29.11;33.07;26.75;76.53;6.2;41.2;0.68
2015;8;13;52.958;71.107;0.51;28.86;31.74;27.16;80.53;4.57;40.7;2.01
2015;8;14;58.462;6.979;0.56;28.35;31.22;26.43;82.46;5.06;44.1;3.05
2015;8;15;53.834;68.542;0.52;28.1;30.32;26.68;83.36;4.78;43.0;2.19
2015;8;16;49.296;67.903;0.47;28.16;30.36;26.76;86.32;4.54;36.7;3.97
2015;8;17;54.588;6.948;0.53;28.13;30.78;26.69;84.51;5.17;40.2;3.21
2015;8;18;67.157;71.758;0.65;27.89;30.05;26.67;83.72;6.05;46.6;5.63
2015;8;19;69.684;72.077;0.67;28.36;31.04;26.52;81.81;5.25;44.4;1.5
2015;8;20;65.918;71.273;0.63;28.55;31.46;26.63;80.25;6.3;38.5;1.87
2015;8;21;50.273;69.206;0.48;28.16;30.76;26.61;84.19;4.72;47.7;6.28
2015;8;22;4.596;68.186;0.44;27.34;29.1;26.4;85.4;2.39;51.1;6.28
2015;8;23;55.387;69.864;0.53;28.11;30.97;26.75;82.4;5.66;42.1;7.08
2015;8;24;64.433;70.435;0.62;28.11;30.76;26.75;79.08;5.51;47.0;0.42
2015;8;25;43.058;70.603;0.42;28.2;30.66;26.72;83.59;3.96;40.2;1.47
2015;8;26;5.023;67.733;0.48;28.57;31.07;26.96;83.04;4.22;37.1;1.3
2015;8;27;53.381;69.226;0.51;28.86;32.39;26.91;78.67;5.71;37.5;0.47
2015;8;28;63.962;68.914;0.62;28.49;30.97;26.91;82.97;4.48;34.6;1.0
2015;8;29;69.161;71.738;0.67;29.5;33.48;27.47;81.44;3.16;32.4;1.11
2015;8;30;62.405;70.925;0.6;29.38;33.29;27.48;79.83;4.41;57.3;1.5
2015;8;31;59.405;70.738;0.57;29.39;33.46;26.91;79.01;3.35;39.9;2.39
2015;9;1;59.426;69.934;0.57;28.84;31.09;27.63;83.02;4.61;44.8;2.35
2015;9;2;66.538;70.272;0.64;29.12;32.45;27.35;81.16;4.22;48.6;4.86
2015;9;3;4.717;68.129;0.46;28.53;30.9;27.19;83.15;3.02;48.8;8.58
2015;9;4;6.121;69.422;0.59;28.93;31.88;27.31;83.79;4.35;44.6;5.93
2015;9;5;57.338;69.295;0.55;28.91;31.47;27.42;82.67;5.58;43.4;5.92
2015;9;6;53.873;6.708;0.52;29.04;31.89;27.55;80.27;6.89;40.3;4.98
2015;9;7;62.712;69.622;0.61;28.97;32.01;27.36;83.37;5.31;40.7;4.21
2015;9;8;68.597;71.479;0.67;28.95;31.47;27.35;82.72;6.32;42.6;2.6
2015;9;9;60.732;71.376;0.59;28.93;31.47;27.23;82.9;6.14;42.5;1.48
2015;9;10;49.716;70.474;0.48;28.12;29.39;26.96;85.51;3.29;60.1;14.74
2015;9;11;32.942;70.286;0.32;28.05;29.78;26.9;85.06;2.21;41.1;15.11
2015;9;12;67.409;70.519;0.66;28.51;31.06;26.76;82.77;3.44;35.7;1.28
2015;9;13;70.282;71.873;0.68;29.36;32.64;27.15;79.45;4.55;45.2;1.62
2015;9;14;6.659;70.066;0.65;28.89;31.44;27.07;82.14;5.69;47.4;3.92
2015;9;15;62.129;70.318;0.61;28.85;31.5;27.42;83.65;4.6;48.5;2.38
2015;9;16;61.805;68.698;0.6;28.91;31.42;27.51;84.54;4.63;41.1;8.29
2015;9;17;41.021;66.516;0.4;28.74;31.2;27.43;85.94;3.88;44.4;5.17
2015;9;18;35.102;66.737;0.34;28.7;31.12;27.43;83.99;2.97;48.3;7.06
2015;9;19;57.682;68.314;0.57;28.81;31.03;27.33;84.01;2.61;38.7;5.56
2015;9;20;5.173;6.876;0.51;27.97;29.51;26.95;86.85;3.47;52.2;12.1
2015;9;21;67.841;6.955;0.67;28.46;30.67;27.18;86.2;3.97;41.2;6.05
2015;9;22;63.382;6.954;0.62;28.97;31.78;27.37;85.06;2.29;47.0;7.23
2015;9;23;50.414;6.829;0.5;27.19;29.06;26.15;88.66;2.24;306.2;8.23
2015;9;24;44.047;6.875;0.43;27.89;30.64;26.35;86.42;2.31;23.9;10.18
2015;9;25;59.009;68.366;0.58;28.83;31.39;26.98;84.99;3.85;39.7;3.45
2015;9;26;59.686;68.453;0.59;28.9;31.04;27.35;84.51;3.53;42.4;6.67
2015;9;27;63.041;68.753;0.63;28.27;30.82;26.34;83.34;2.12;44.8;5.46
2015;9;28;65.266;69.305;0.65;29.25;32.02;27.67;82.93;4.29;38.5;0.91
2015;9;29;60.492;68.743;0.6;29.16;31.57;27.74;82.61;3.92;43.9;0.9
2015;9;30;53.597;67.934;0.53;28.58;30.83;27.52;84.33;4.11;32.9;2.07
2015;10;1;5.43;67.944;0.54;27.73;29.31;26.71;85.55;2.39;353.1;1.5
2015;10;2;46.858;65.858;0.47;27.62;29.9;26.17;82.38;2.72;260.4;1.7
2015;10;3;60.598;67.728;0.61;28.83;32.24;26.79;75.01;2.21;338.4;0.13
2015;10;4;54.331;67.709;0.55;28.94;31.88;27.19;81.19;4.54;23.4;2.34
2015;10;5;66.154;68.741;0.67;29.3;32.13;28.03;85.01;4.41;29.8;4.84
2015;10;6;62.393;6.798;0.63;29.35;32.22;27.94;84.9;3.85;44.4;5.92
2015;10;7;46.997;65.474;0.47;28.48;30.41;26.86;86.51;3.27;42.8;9.43
2015;10;8;54.593;66.007;0.55;28.52;30.91;27.47;84.97;5.08;45.5;6.97
2015;10;9;52.373;66.394;0.53;28.38;30.6;27.26;85.72;5.33;38.9;6.51
2015;10;10;48.444;64.649;0.49;28.12;29.71;27.09;87.17;3.92;48.4;11.3
2015;10;11;48.715;64.831;0.5;28.06;29.86;27.12;86.36;2.88;45.8;14.73
2015;10;12;39.185;64.646;0.4;28.1;30.34;26.72;82.75;2.95;21.0;3.03
2015;10;13;42.898;64.051;0.44;27.68;29.11;26.59;90.55;4.24;39.2;16.25
2015;10;14;31.073;64.805;0.32;27.44;28.51;26.21;87.48;3.32;74.9;8.44
2015;10;15;54.758;6.607;0.56;26.95;28.4;25.52;90.87;2.48;12.7;7.66
2015;10;16;49.649;6.487;0.51;28.47;31.44;26.89;82.79;3.51;51.8;3.88
2015;10;17;6.311;66.314;0.65;28.89;31.75;27.04;81.22;2.71;21.4;2.54
2015;10;18;60.852;65.412;0.63;28.8;31.43;27.01;82.22;2.75;26.4;1.27
2015;10;19;62.438;66.353;0.65;28.44;30.43;27.19;85.95;3.84;28.6;1.75
2015;10;20;62.808;65.894;0.65;28.85;31.35;27.57;84.53;3.55;38.8;1.24
2015;10;21;63.389;65.726;0.66;28.7;30.73;27.34;84.18;3.37;45.5;1.55
2015;10;22;59.239;6.491;0.62;28.78;30.66;27.52;83.46;2.94;33.3;1.12
2015;10;23;49.937;63.778;0.52;29.01;31.41;27.33;80.43;4.79;46.6;1.43
2015;10;24;36.806;65.138;0.39;28.49;29.9;27.46;83.35;2.42;67.1;2.22
2015;10;25;55.889;65.472;0.59;27.65;29.15;26.88;86.11;1.45;62.2;1.65
2015;10;26;36.115;64.392;0.38;27.95;29.81;26.74;78.37;1.24;29.0;0.79
2015;10;27;54.348;62.486;0.58;28.72;30.91;26.6;76.11;2.13;43.6;0.74
2015;10;28;57.967;62.815;0.62;29.07;32.13;27.32;78.59;3.89;46.0;0.93
2015;10;29;52.574;62.383;0.56;28.88;31.65;27.32;81.42;5.11;43.9;1.35
2015;10;30;50.035;63.641;0.53;28.8;31.52;27.52;81.01;4.58;44.9;1.78
2015;10;31;56.976;64.279;0.61;29.04;32.0;27.45;78.03;5.72;40.7;0.36
2015;11;1;39.283;6.305;0.42;28.42;30.6;27.2;80.72;2.77;49.9;2.46
2015;11;2;43.123;61.745;0.46;27.41;28.7;26.71;85.06;3.87;31.3;14.88
2015;11;3;49.003;62.441;0.53;27.39;29.84;26.16;81.17;3.02;17.2;7.82
2015;11;4;48.132;61.334;0.52;27.68;30.04;26.05;84.22;3.05;42.3;18.87
2015;11;5;42.362;6.103;0.46;28.13;30.18;26.9;85.67;3.67;51.7;16.53
2015;11;6;50.897;62.378;0.55;28.74;31.51;26.74;79.78;5.02;50.9;4.75
2015;11;7;57.998;64.481;0.63;28.42;31.44;26.72;77.99;5.25;47.1;0.42
2015;11;8;55.546;61.735;0.61;28.81;31.87;27.03;81.03;3.27;46.0;0.57
2015;11;9;50.621;61.092;0.56;28.23;29.97;27.17;85.96;3.36;61.9;1.04
2015;11;10;44.474;59.407;0.49;28.42;30.33;27.45;86.05;3.85;48.3;1.35
2015;11;11;39.362;59.878;0.43;27.7;28.85;27.12;86.26;4.23;57.6;1.32
2015;11;12;52.925;59.628;0.59;27.99;29.72;27.0;86.83;3.49;54.2;1.04
2015;11;13;50.244;58.906;0.56;28.09;29.97;27.16;85.7;5.82;47.0;0.9
2015;11;14;5.448;59.825;0.61;28.19;30.25;26.75;84.57;5.82;48.8;0.82
2015;11;15;51.295;58.435;0.57;27.93;29.74;26.63;86.39;6.07;48.0;2.4
2015;11;16;26.078;57.886;0.29;27.49;29.48;26.5;87.47;3.85;58.4;7.07
2015;11;17;25.555;56.698;0.29;26.51;27.4;25.44;85.67;2.84;81.9;30.5
2015;11;18;2.047;56.726;0.23;26.44;28.69;24.79;88.86;2.48;38.1;27.81
2015;11;19;32.196;57.077;0.36;27.38;28.95;26.05;84.32;2.87;55.1;6.24
2015;11;20;52.025;59.822;0.59;28.14;31.03;26.31;79.04;4.75;48.0;2.41
2015;11;21;58.442;62.282;0.66;27.8;30.81;25.8;80.15;5.73;48.7;0.11
2015;11;22;59.522;61.498;0.68;28.22;31.73;26.22;80.93;5.55;46.2;0.01
2015;11;23;57.646;59.525;0.66;27.97;30.41;26.53;83.2;6.81;38.5;0.02
2015;11;24;53.731;58.025;0.61;28.04;30.33;26.76;81.96;7.52;39.0;0.03
2015;11;25;5.449;5.917;0.62;28.1;30.59;26.71;80.81;7.11;43.7;0.05
2015;11;26;57.962;5.91;0.66;28.09;30.65;26.66;82.17;6.62;39.8;0.03
2015;11;27;56.424;58.291;0.65;28.21;31.73;26.14;81.45;5.86;39.6;0.06
2015;11;28;29.078;55.483;0.33;28.01;30.91;26.6;84.1;5.41;35.9;0.1
2015;11;29;54.478;57.984;0.63;27.82;30.58;26.03;83.4;4.94;38.0;0.08
2015;11;30;52.238;58.409;0.6;28.4;32.42;26.31;82.93;4.63;38.0;0.1
2015;12;1;50.249;56.352;0.58;28.18;30.24;26.95;85.37;4.39;55.9;0.2
2015;12;2;5.705;58.255;0.66;28.93;32.66;26.75;80.88;4.35;46.1;0.15
2015;12;3;5.346;56.374;0.62;28.56;31.62;26.9;84.69;2.97;70.5;0.3
2015;12;4;47.729;57.144;0.55;28.5;30.98;27.01;83.61;4.35;51.4;0.33
2015;12;5;51.569;56.933;0.6;28.16;30.47;26.72;82.85;6.42;45.9;0.13
2015;12;6;54.926;58.202;0.64;28.03;30.78;26.06;80.34;6.46;46.2;0.04
2015;12;7;56.705;58.699;0.66;28.15;31.71;26.17;79.42;5.51;44.6;0.05
2015;12;8;47.664;56.774;0.56;27.73;30.1;26.15;83.85;4.08;49.3;0.04
2015;12;9;53.261;56.832;0.62;28.38;31.79;26.3;81.94;3.75;36.3;0.04
2015;12;10;5.532;57.041;0.65;28.58;32.49;26.44;81.55;4.37;38.6;0.03
2015;12;11;54.156;57.473;0.63;28.63;32.43;26.61;81.45;5.6;39.3;0.16
2015;12;12;53.966;56.419;0.63;28.28;31.45;26.76;83.42;5.45;42.3;0.58
2015;12;13;46.963;54.919;0.55;27.71;29.84;26.44;85.05;4.92;47.7;1.6
2015;12;14;20.244;53.561;0.24;27.83;30.13;26.52;84.77;2.24;58.5;1.61
2015;12;15;38.114;55.572;0.45;28.1;31.02;26.49;81.98;2.07;34.6;2.25
2015;12;16;50.638;55.877;0.59;28.09;31.1;26.23;81.27;3.22;26.7;2.12
2015;12;17;54.499;56.498;0.64;28.77;32.38;26.5;80.11;4.79;41.2;0.01
2015;12;18;49.874;56.016;0.59;28.58;31.78;26.72;81.72;4.9;50.9;0.01
2015;12;19;52.457;55.651;0.62;28.6;31.51;27.05;80.39;6.74;46.5;0.01
2015;12;20;53.369;57.557;0.63;28.43;31.5;26.83;78.24;7.69;48.1;0.0
2015;12;21;5.676;58.214;0.67;27.98;30.86;26.15;79.21;6.27;51.9;0.0
2015;12;22;55.454;57.235;0.65;28.19;31.68;26.05;77.58;6.74;51.4;0.0
2015;12;23;52.582;5.795;0.62;28.28;32.38;25.84;76.88;6.09;50.8;0.0
2015;12;24;58.582;59.165;0.69;27.91;31.57;25.78;76.44;7.31;48.0;0.0
2015;12;25;59.146;59.436;0.69;27.8;31.8;24.95;74.18;7.99;52.0;0.0
2015;12;26;59.237;5.964;0.7;27.58;31.12;25.15;75.54;7.74;48.7;0.0
2015;12;27;59.105;59.371;0.69;27.56;31.72;24.99;75.95;6.95;45.9;0.0
2015;12;28;57.994;58.553;0.68;27.5;31.68;24.97;79.05;5.8;45.7;0.0
2015;12;29;57.926;58.248;0.68;27.61;31.21;25.35;78.58;6.09;48.3;0.0
2015;12;30;57.214;57.408;0.67;28.04;31.84;25.34;77.39;7.61;49.3;0.0
2015;12;31;56.474;57.874;0.66;27.8;31.18;25.36;75.5;8.08;47.8;0.07
2016;1;1;43.164;56.448;0.5;27.71;31.52;25.56;77.51;6.74;46.2;0.83
2016;1;2;46.404;56.798;0.54;27.12;30.77;25.01;81.09;5.55;43.5;1.15
2016;1;3;57.883;58.692;0.67;27.4;31.29;25.03;80.26;5.32;42.2;0.69
2016;1;4;53.102;57.454;0.62;27.64;32.18;25.08;80.34;4.91;41.1;0.28
2016;1;5;51.876;56.239;0.6;27.34;30.63;25.55;82.46;6.59;33.0;0.38
2016;1;6;51.898;55.889;0.6;27.34;30.3;25.71;80.5;7.12;34.0;0.03
2016;1;7;53.124;56.158;0.62;27.23;29.95;25.44;81.01;6.18;34.0;0.01
2016;1;8;55.526;57.862;0.64;27.41;30.32;25.76;78.78;6.85;35.3;0.0
2016;1;9;55.598;58.582;0.64;27.59;31.05;25.8;75.89;6.43;37.7;0.0
2016;1;10;53.311;58.476;0.61;27.11;30.13;25.47;77.16;6.27;36.4;0.06
2016;1;11;47.897;5.831;0.55;27.25;29.71;25.73;78.9;6.9;41.7;0.0
2016;1;12;55.498;5.947;0.64;27.54;31.18;25.78;76.88;5.89;40.5;0.0
2016;1;13;58.445;61.106;0.67;27.42;30.89;25.38;70.62;7.64;38.5;0.0
2016;1;14;58.646;59.897;0.67;27.46;31.47;24.8;73.49;6.57;44.2;0.0
2016;1;15;60.504;61.298;0.69;27.35;30.94;24.73;76.59;5.61;41.1;0.0
2016;1;16;5.933;60.758;0.67;27.3;31.16;24.61;76.71;6.43;39.0;0.0
2016;1;17;59.854;61.181;0.68;27.29;31.24;24.98;77.32;5.62;38.1;0.0
2016;1;18;55.608;60.679;0.63;27.01;30.24;25.45;78.37;7.35;32.0;0.0
2016;1;19;55.901;61.819;0.63;26.95;29.35;25.49;79.59;9.06;38.7;0.0
2016;1;20;56.544;62.621;0.64;27.32;30.47;25.63;74.61;8.27;36.9;0.0
2016;1;21;56.062;6.121;0.63;27.29;30.62;25.26;73.36;7.4;38.8;0.0
2016;1;22;59.676;6.083;0.67;27.66;31.77;24.93;75.61;5.46;36.0;0.0
2016;1;23;5.273;59.278;0.59;27.3;30.74;24.94;77.86;5.21;23.4;0.0
2016;1;24;55.075;59.546;0.61;27.04;29.4;25.69;77.07;7.15;19.4;0.0
2016;1;25;57.792;6.059;0.64;27.55;30.92;25.66;73.85;8.4;37.9;0.0
2016;1;26;60.974;62.378;0.68;27.88;31.56;24.9;70.41;7.34;46.0;0.0
2016;1;27;61.558;62.038;0.68;27.95;32.02;24.98;72.16;6.12;45.4;0.0
2016;1;28;54.862;6.011;0.6;28.18;32.94;25.16;74.96;4.54;39.5;0.0
2016;1;29;5.586;59.659;0.61;27.38;30.16;25.47;75.78;6.65;28.4;0.0
2016;1;30;52.723;61.762;0.58;27.65;30.66;25.82;72.63;8.1;35.9;0.0
2016;1;31;56.057;62.671;0.61;27.62;30.82;25.69;71.4;7.68;38.5;0.0
2016;2;1;62.105;62.906;0.68;27.85;31.54;25.34;71.44;6.53;39.7;0.0
2016;2;2;61.433;62.042;0.67;28.2;32.4;25.77;69.85;7.36;40.6;0.0
2016;2;3;62.042;6.27;0.67;27.92;31.37;25.55;71.28;7.52;37.9;0.0
2016;2;4;61.637;6.235;0.67;28.07;32.23;25.66;69.99;7.35;38.6;0.0
2016;2;5;62.218;64.154;0.67;27.33;30.27;25.74;71.84;8.42;35.5;0.0
2016;2;6;64.085;64.337;0.69;27.66;31.75;25.43;72.72;7.96;33.1;0.0
2016;2;7;57.516;61.087;0.62;27.69;31.31;25.62;78.62;6.75;29.6;0.0
2016;2;8;5.867;60.857;0.63;27.8;30.88;25.8;77.4;7.72;27.5;0.0
2016;2;9;58.834;6.126;0.63;27.87;31.27;26.01;75.86;8.41;30.8;0.0
2016;2;10;55.272;6.09;0.59;27.73;30.75;25.82;75.97;8.8;33.8;0.0
2016;2;11;59.587;63.972;0.63;28.29;31.66;26.6;67.54;10.03;41.8;0.0
2016;2;12;62.834;6.487;0.66;27.73;30.88;25.88;69.94;9.09;41.2;0.0
2016;2;13;60.799;62.369;0.64;27.49;30.93;25.16;74.18;8.02;39.4;0.0
2016;2;14;57.866;61.759;0.61;27.5;30.37;25.7;72.89;9.61;40.0;0.0
2016;2;15;61.397;62.174;0.64;27.82;31.51;25.78;71.85;8.2;39.5;0.0
2016;2;16;62.796;6.39;0.65;28.15;32.56;25.58;76.08;6.59;34.8;0.0
2016;2;17;51.286;6.114;0.53;27.91;31.55;25.89;78.61;8.03;33.3;0.0
2016;2;18;57.283;62.378;0.59;27.68;30.6;25.77;75.44;9.26;35.3;0.0
2016;2;19;64.337;65.311;0.67;27.74;31.11;25.96;72.47;10.04;37.5;0.0
2016;2;20;6.365;64.526;0.66;27.66;30.67;25.79;71.16;9.84;39.5;0.04
2016;2;21;60.454;63.415;0.62;27.84;31.62;25.81;72.39;8.12;37.7;0.01
2016;2;22;62.458;64.495;0.64;27.79;31.43;25.67;72.52;7.78;37.1;0.02
2016;2;23;59.618;6.39;0.61;27.97;31.9;25.62;74.13;6.9;38.5;0.01
2016;2;24;59.726;63.974;0.61;28.2;32.71;25.8;75.56;6.46;35.2;0.09
2016;2;25;43.416;61.862;0.44;27.75;31.11;26.01;77.43;8.45;32.4;0.0
2016;2;26;40.126;65.594;0.41;27.35;29.92;25.7;73.42;9.35;34.4;0.0
2016;2;27;65.741;6.852;0.67;27.63;31.07;25.76;71.75;8.93;35.1;0.0
2016;2;28;64.349;67.174;0.65;27.8;31.0;25.96;69.24;8.76;38.1;0.0
2016;2;29;57.806;64.207;0.58;27.82;30.94;25.77;73.93;8.08;35.6;0.0
2016;3;1;54.785;61.212;0.55;27.73;30.96;25.71;75.99;8.31;34.8;0.0
2016;3;2;61.565;6.57;0.62;27.8;31.09;25.86;74.01;8.79;33.0;0.0
2016;3;3;61.006;63.948;0.61;28.01;31.8;26.13;72.99;8.24;35.3;0.04
2016;3;4;56.928;63.593;0.57;27.96;31.76;26.07;73.83;6.91;30.5;0.0
2016;3;5;58.716;65.234;0.58;27.62;31.3;25.81;74.37;7.74;29.0;0.0
2016;3;6;59.726;65.794;0.59;27.41;30.78;25.52;76.01;6.55;21.7;0.0
2016;3;7;4.242;61.805;0.42;27.18;29.99;25.52;77.42;6.66;26.1;0.0
2016;3;8;62.921;66.065;0.62;28.01;31.97;25.83;73.24;7.96;38.3;0.01
2016;3;9;67.306;69.586;0.66;28.0;31.84;25.65;70.86;8.79;41.1;0.0
2016;3;10;66.979;67.783;0.66;27.84;31.04;25.83;72.99;9.64;44.5;0.0
2016;3;11;68.234;72.451;0.67;27.86;31.01;25.57;68.84;8.76;43.5;0.0
2016;3;12;70.142;70.831;0.69;27.44;30.81;25.32;68.52;7.61;37.5;0.0
2016;3;13;55.675;68.866;0.55;27.62;31.85;25.17;70.49;6.55;34.9;0.0
2016;3;14;58.668;63.665;0.57;27.5;31.62;25.23;75.2;6.73;30.9;0.0
2016;3;15;57.965;60.842;0.57;27.48;31.3;25.36;77.64;7.72;31.4;0.0
2016;3;16;55.848;59.062;0.54;27.65;31.53;25.54;77.8;8.29;32.3;0.0
2016;3;17;54.322;6.235;0.53;27.94;31.63;25.67;75.2;7.83;33.5;0.0
2016;3;18;50.388;61.613;0.49;28.02;31.46;26.35;75.33;7.03;39.0;0.0
2016;3;19;60.979;64.973;0.59;28.36;32.53;26.34;76.35;6.32;33.5;0.0
2016;3;20;5.401;63.516;0.52;28.12;32.22;25.98;78.35;7.14;32.8;0.0
2016;3;21;60.113;65.359;0.58;28.04;31.51;26.15;80.22;7.35;27.8;0.0
2016;3;22;60.982;65.074;0.59;28.49;31.74;26.54;73.91;10.39;36.7;0.0
2016;3;23;68.657;70.068;0.66;28.64;32.64;26.2;70.13;9.47;40.4;0.0
2016;3;24;67.337;67.898;0.65;28.82;32.9;26.47;70.59;7.93;40.8;0.0
2016;3;25;65.059;67.342;0.63;28.68;33.07;25.89;72.23;7.48;41.7;0.0
2016;3;26;66.082;66.648;0.64;28.95;33.52;25.92;69.58;7.97;40.1;0.0
2016;3;27;54.806;63.408;0.53;28.65;32.43;26.16;70.65;8.12;39.3;0.0
2016;3;28;59.806;62.489;0.57;28.45;32.91;26.15;71.89;7.36;37.9;0.0
2016;3;29;57.977;62.657;0.56;28.28;32.69;25.75;73.96;7.02;36.3;0.0
2016;3;30;53.731;57.312;0.52;28.1;31.72;25.64;75.83;6.93;34.4;0.0
2016;3;31;50.431;58.394;0.48;28.08;32.01;25.49;78.69;5.97;26.0;0.07
2016;4;1;46.445;55.783;0.44;28.34;32.36;25.93;79.51;5.47;31.2;3.13
2016;4;2;51.926;62.938;0.5;28.26;32.27;26.2;79.69;6.51;24.1;1.41
2016;4;3;56.249;69.559;0.54;28.2;31.6;25.92;74.47;7.69;29.6;0.27
2016;4;4;66.962;70.529;0.64;28.44;31.94;26.47;74.22;7.49;36.0;0.38
2016;4;5;4.681;67.342;0.45;28.26;31.41;26.45;73.81;7.99;32.7;0.48
2016;4;6;66.869;70.471;0.64;28.21;31.18;26.62;74.49;8.49;34.5;0.0
2016;4;7;59.393;69.204;0.57;28.44;31.48;26.75;74.6;8.32;34.0;0.0
2016;4;8;62.354;67.841;0.59;28.53;31.85;26.68;77.13;8.4;33.5;0.0
2016;4;9;62.902;68.621;0.6;28.55;31.55;26.87;74.85;9.8;35.4;0.0
2016;4;10;5.893;68.791;0.56;28.3;31.39;26.59;73.9;9.67;34.1;0.05
2016;4;11;67.073;72.038;0.64;28.11;30.77;26.28;74.21;8.85;34.1;3.04
2016;4;12;63.946;75.223;0.61;27.78;30.45;26.0;73.66;7.68;26.6;0.13
2016;4;13;53.256;70.397;0.51;27.8;31.25;25.77;72.89;6.03;23.7;0.02
2016;4;14;58.596;69.214;0.56;27.92;30.89;25.69;74.9;6.73;28.4;0.08
2016;4;15;66.185;69.139;0.63;28.55;32.46;26.41;73.4;6.86;33.4;0.05
2016;4;16;62.544;67.769;0.59;28.7;32.28;26.34;76.44;6.84;33.9;0.34
2016;4;17;47.366;61.042;0.45;28.6;32.52;26.65;79.8;7.18;28.3;0.71
2016;4;18;56.844;68.198;0.54;28.12;30.98;26.67;82.6;7.34;24.4;1.95
2016;4;19;47.098;68.899;0.45;27.6;29.11;26.74;84.31;7.32;30.5;1.09
2016;4;20;47.686;68.947;0.45;28.19;31.29;26.53;82.79;5.96;32.6;1.17
2016;4;21;4.783;71.155;0.45;28.01;29.96;26.58;85.16;5.99;34.4;0.87
2016;4;22;55.224;68.508;0.52;28.76;31.52;26.85;82.7;4.52;39.2;1.13
2016;4;23;4.315;67.301;0.41;28.59;31.24;26.91;83.33;3.84;40.2;1.73
2016;4;24;36.134;6.864;0.34;28.3;30.93;26.82;84.54;2.67;13.8;1.62
2016;4;25;42.643;69.053;0.41;27.95;30.47;26.42;84.33;3.65;25.2;1.38
2016;4;26;6.209;69.523;0.59;28.57;31.82;26.81;81.87;5.22;28.4;2.12
2016;4;27;48.504;68.959;0.46;28.71;31.92;26.74;80.4;4.85;29.5;3.17
2016;4;28;36.298;70.531;0.35;28.68;31.12;26.99;83.78;2.59;45.8;4.23
2016;4;29;62.388;70.176;0.59;28.38;31.02;26.77;83.77;2.01;29.8;3.23
2016;4;30;53.126;70.481;0.51;28.49;31.0;26.85;83.8;3.17;51.7;12.29
2016;5;1;53.059;70.229;0.51;28.28;30.54;26.83;84.4;2.17;44.7;37.87
2016;5;2;44.707;70.135;0.43;27.81;29.38;26.79;87.75;2.9;157.1;31.71
2016;5;3;62.167;71.076;0.59;28.31;31.64;26.29;79.88;2.06;324.2;6.38
2016;5;4;58.531;71.386;0.56;28.89;31.75;26.99;81.77;3.71;25.6;12.69
2016;5;5;6.211;71.832;0.59;29.21;32.25;27.57;81.92;2.98;10.1;15.03
2016;5;6;54.648;71.002;0.52;28.75;31.11;27.31;82.78;4.06;343.3;6.27
2016;5;7;54.283;71.549;0.52;29.12;32.33;27.42;76.74;3.33;328.5;2.15
2016;5;8;38.753;70.222;0.37;28.42;30.73;27.07;82.22;4.97;22.4;7.47
2016;5;9;4.319;7.038;0.41;29.0;31.46;27.25;82.61;4.23;39.7;20.41
2016;5;10;34.296;69.504;0.33;28.54;30.34;27.43;81.82;3.96;53.3;14.6
2016;5;11;60.329;71.731;0.58;28.61;30.77;27.25;78.69;5.23;49.3;0.0
2016;5;12;66.965;71.626;0.64;28.52;30.39;27.09;81.97;5.98;44.8;0.0
2016;5;13;64.807;7.098;0.62;28.43;30.31;27.18;84.62;5.44;39.6;0.0
2016;5;14;47.765;72.182;0.46;28.49;30.44;27.43;87.51;5.11;44.5;0.0
2016;5;15;59.218;70.442;0.57;28.89;31.58;27.23;85.68;4.03;45.8;0.42
2016;5;16;55.661;69.607;0.53;28.84;30.96;27.61;85.48;5.28;49.6;1.64
2016;5;17;56.402;70.555;0.54;28.93;31.94;27.29;82.81;6.32;44.3;1.03
2016;5;18;52.985;69.922;0.51;28.51;31.13;27.05;85.63;4.99;47.9;1.36
2016;5;19;67.747;70.908;0.65;28.73;31.16;27.21;84.13;4.84;46.5;1.61
2016;5;20;67.798;70.954;0.65;29.36;32.8;27.29;79.34;6.66;42.6;0.51
2016;5;21;68.326;71.244;0.66;29.25;32.35;27.29;80.39;5.83;42.0;0.05
2016;5;22;59.669;71.136;0.57;28.72;31.47;27.52;86.71;3.73;47.1;0.08
2016;5;23;53.018;70.922;0.51;29.2;32.7;27.28;82.67;3.68;57.4;0.11
2016;5;24;3.228;6.876;0.31;29.15;31.46;27.71;83.61;3.48;50.2;0.08
2016;5;25;37.598;66.679;0.36;28.64;30.74;27.58;87.13;3.06;66.5;6.54
2016;5;26;59.153;69.984;0.57;28.38;30.29;27.2;83.32;3.81;46.0;4.95
2016;5;27;35.914;70.109;0.35;28.02;29.68;26.89;84.94;3.03;50.7;5.46
2016;5;28;53.066;69.487;0.51;28.61;30.95;27.07;82.41;2.27;23.4;5.09
2016;5;29;3.119;70.654;0.3;27.93;30.21;26.61;83.76;2.23;29.7;9.72
2016;5;30;49.202;7.091;0.48;28.31;30.32;26.69;84.19;2.29;24.7;1.57
2016;5;31;35.086;7.031;0.34;28.55;30.88;27.15;83.08;2.65;33.0;3.71
2016;6;1;48.082;66.667;0.47;27.87;29.11;27.07;85.71;2.98;46.2;4.16
2016;6;2;52.162;68.993;0.51;27.77;28.86;27.18;88.73;4.47;48.3;8.28
2016;6;3;42.562;66.986;0.41;28.48;30.95;27.08;82.62;3.03;43.8;5.02
2016;6;4;64.049;6.93;0.62;28.75;30.49;27.61;84.21;3.42;57.7;2.17
2016;6;5;65.354;71.177;0.63;29.37;32.13;27.58;82.28;3.35;44.3;0.31
2016;6;6;61.054;70.721;0.59;29.29;31.91;27.57;81.47;4.87;42.0;0.47
2016;6;7;43.358;68.945;0.42;28.28;29.69;27.51;85.39;3.4;182.8;0.88
2016;6;8;60.653;68.772;0.59;28.36;30.21;27.15;83.72;2.27;16.2;0.82
2016;6;9;52.678;68.522;0.51;28.94;31.48;27.35;83.88;4.11;47.8;1.53
2016;6;10;40.618;70.085;0.39;28.93;31.25;27.72;83.28;4.31;50.3;3.49
2016;6;11;59.282;71.263;0.58;28.59;31.82;26.88;81.69;4.7;46.1;2.93
2016;6;12;64.202;71.522;0.62;28.79;31.44;27.15;81.35;4.97;45.6;2.08
2016;6;13;44.851;69.869;0.44;28.97;32.4;27.0;81.81;3.78;42.5;2.79
2016;6;14;38.448;67.426;0.37;26.93;28.24;25.97;88.32;2.51;55.9;22.92
2016;6;15;50.988;69.722;0.5;28.65;31.15;26.84;83.37;3.28;41.3;6.57
2016;6;16;67.111;71.921;0.65;29.18;32.45;27.28;80.07;5.46;49.3;3.41
2016;6;17;71.808;72.828;0.7;28.7;32.32;26.46;78.5;5.71;47.2;1.67
2016;6;18;6.461;70.838;0.63;28.59;31.28;27.1;82.49;5.12;46.1;5.24
2016;6;19;59.714;69.542;0.58;28.31;30.57;27.08;84.42;6.17;47.8;4.41
2016;6;20;30.821;66.847;0.3;28.03;29.64;26.91;85.51;3.45;51.0;5.65
2016;6;21;45.355;6.726;0.44;27.45;29.22;26.98;85.97;4.54;56.2;4.61
2016;6;22;62.213;69.595;0.61;28.47;31.92;26.5;82.83;4.73;48.9;3.72
2016;6;23;67.291;70.157;0.66;28.86;31.55;27.09;82.39;5.5;47.4;3.25
2016;6;24;4.777;69.715;0.47;28.51;31.08;27.13;83.97;5.25;48.5;5.85
2016;6;25;29.395;67.428;0.29;27.39;28.59;27.0;89.18;4.19;59.8;8.99
2016;6;26;60.386;69.168;0.59;28.1;30.71;26.53;83.24;4.99;57.5;3.73
2016;6;27;70.027;71.239;0.68;28.61;31.56;27.0;80.4;5.58;52.1;2.79
2016;6;28;69.024;71.196;0.67;28.73;31.84;26.65;81.99;5.08;48.5;2.93
2016;6;29;55.877;70.334;0.54;28.65;31.15;27.0;84.21;4.84;49.7;3.24
2016;6;30;57.298;69.079;0.56;28.54;30.83;27.28;85.31;5.66;52.0;3.92
2016;7;1;47.806;71.251;0.47;28.11;29.98;26.94;84.26;5.73;47.9;1.25
2016;7;2;35.374;69.554;0.34;27.72;29.73;26.52;85.94;4.72;50.4;4.42
2016;7;3;46.308;68.513;0.45;27.76;29.97;26.58;86.72;4.46;51.2;2.48
2016;7;4;5.988;71.933;0.58;28.3;31.35;26.16;80.08;7.2;44.8;0.08
2016;7;5;55.978;70.226;0.55;28.04;30.79;26.38;84.99;6.17;45.5;1.77
2016;7;6;53.981;68.683;0.53;28.01;29.97;26.56;85.8;5.24;52.2;1.52
2016;7;7;56.081;68.124;0.55;29.24;33.64;26.74;78.9;5.92;49.8;1.28
2016;7;8;63.086;71.028;0.61;28.74;31.95;26.91;81.79;6.25;47.0;1.06
2016;7;9;67.865;71.664;0.66;28.6;31.17;27.04;83.15;6.7;43.7;0.51
2016;7;10;54.235;70.272;0.53;28.7;31.63;26.86;78.62;5.39;53.3;0.14
2016;7;11;5.977;70.337;0.58;28.75;31.94;26.88;81.09;4.94;50.0;0.24
2016;7;12;57.684;70.642;0.56;28.4;30.66;26.85;82.89;6.14;50.7;0.21
2016;7;13;59.258;71.796;0.58;27.96;29.71;26.98;83.94;5.95;47.9;0.17
2016;7;14;51.338;68.842;0.5;27.95;29.92;26.68;83.48;5.46;45.1;5.93
2016;7;15;53.957;68.954;0.52;27.57;29.27;26.66;87.21;4.58;48.9;19.55
2016;7;16;46.109;68.654;0.45;27.97;30.86;26.51;84.35;5.59;43.7;13.23
2016;7;17;47.618;71.086;0.46;27.64;30.02;26.43;87.04;4.71;56.5;18.98
2016;7;18;31.872;69.938;0.31;27.76;29.69;26.36;85.98;4.54;46.8;11.83
2016;7;19;66.758;70.692;0.65;27.96;30.49;26.54;82.63;5.28;43.2;6.38
2016;7;20;64.462;70.874;0.63;28.12;30.7;26.77;84.01;4.94;47.5;2.78
2016;7;21;5.123;6.917;0.5;28.29;30.91;26.66;84.55;5.94;43.7;4.97
2016;7;22;5.209;68.129;0.51;28.11;29.89;27.19;86.13;3.99;55.5;6.65
2016;7;23;5.461;70.464;0.53;28.16;30.56;26.87;85.44;5.41;48.0;4.6
2016;7;24;64.694;71.304;0.63;28.2;31.18;26.41;80.06;6.38;41.1;0.7
2016;7;25;62.834;69.362;0.61;27.95;30.12;26.63;83.52;4.93;53.6;0.28
2016;7;26;65.066;71.743;0.63;28.4;30.79;26.89;81.67;5.98;45.5;0.15
2016;7;27;68.354;71.914;0.66;28.48;31.72;26.33;80.83;6.05;45.7;0.16
2016;7;28;6.883;71.086;0.67;28.45;31.93;25.28;79.71;4.98;64.4;0.4
2016;7;29;48.744;7.013;0.47;28.22;30.05;27.09;83.16;5.21;46.8;0.37
2016;7;30;4.337;68.227;0.42;27.77;29.21;26.8;85.82;5.73;45.5;1.12
2016;7;31;55.781;69.662;0.54;28.22;31.34;26.68;83.11;6.34;43.8;0.92
2016;8;1;58.418;70.037;0.56;28.32;31.96;26.62;83.87;4.52;43.2;2.41
2016;8;2;5.959;68.794;0.58;28.04;31.35;26.56;85.73;3.4;51.4;1.56
2016;8;3;43.656;69.629;0.42;27.43;30.35;25.63;86.25;2.94;63.1;4.96
2016;8;4;48.266;69.494;0.47;27.41;30.4;25.5;81.41;3.02;65.4;8.05
2016;8;5;63.684;72.355;0.61;28.31;31.52;26.55;82.77;4.34;54.8;4.8
2016;8;6;63.845;71.784;0.62;29.11;32.89;27.03;80.41;5.3;41.1;2.88
2016;8;7;5.903;71.484;0.57;28.67;31.1;27.16;83.74;4.78;34.5;5.69
2016;8;8;64.454;71.801;0.62;28.88;31.75;27.54;85.87;4.59;40.9;3.13
2016;8;9;65.762;71.429;0.63;28.69;30.75;27.38;85.37;5.88;51.9;1.75
2016;8;10;46.886;69.456;0.45;28.48;30.66;27.34;83.91;5.01;50.1;2.23
2016;8;11;53.434;70.627;0.51;28.17;30.79;26.92;83.66;4.18;55.1;2.18
2016;8;12;57.934;69.494;0.56;28.01;30.03;26.71;85.41;3.63;52.2;1.79
2016;8;13;65.904;70.992;0.64;28.11;30.67;26.97;85.84;4.41;45.2;1.81
2016;8;14;58.795;71.657;0.57;28.78;31.92;27.0;83.02;3.82;48.7;2.3
2016;8;15;66.653;72.329;0.64;28.61;31.59;26.89;82.5;4.27;53.4;2.44
2016;8;16;63.286;70.618;0.61;28.36;30.48;27.11;85.12;4.9;54.9;2.33
2016;8;17;68.758;71.846;0.66;28.75;32.03;26.92;80.86;7.0;44.3;1.48
2016;8;18;56.201;72.034;0.54;28.79;32.2;26.79;80.18;6.02;43.9;0.7
2016;8;19;62.786;70.534;0.6;28.47;31.41;26.85;81.81;5.4;50.6;0.42
2016;8;20;65.556;71.568;0.63;28.87;32.34;26.69;80.34;5.44;44.3;0.42
2016;8;21;69.348;72.156;0.67;29.03;32.29;27.02;81.27;5.3;48.0;0.25
2016;8;22;67.522;7.219;0.65;29.0;32.37;27.33;80.0;6.4;45.0;0.27
2016;8;23;61.075;71.743;0.59;28.74;32.27;27.16;81.45;6.44;41.8;0.92
2016;8;24;57.979;70.781;0.56;28.74;32.54;26.83;80.14;5.83;34.6;1.06
2016;8;25;51.794;68.362;0.5;27.27;28.46;26.31;87.13;4.57;36.4;6.89
2016;8;26;40.901;68.009;0.39;27.51;30.56;25.85;81.29;1.74;0.9;6.28
2016;8;27;60.806;71.412;0.59;27.21;29.2;25.57;81.29;2.27;241.1;9.86
2016;8;28;57.427;69.634;0.55;27.74;30.27;25.97;81.29;2.78;54.5;2.58
2016;8;29;59.568;71.323;0.57;28.95;32.72;26.77;81.15;2.93;30.2;6.4
2016;8;30;54.406;70.778;0.53;28.69;31.87;26.96;83.58;3.1;39.8;8.98
2016;8;31;61.289;70.795;0.59;27.6;30.14;26.49;84.66;2.85;352.7;27.26
2016;9;1;5.117;70.918;0.49;27.87;29.35;26.42;85.39;2.95;68.4;15.61
2016;9;2;4.349;69.926;0.42;27.47;29.72;26.21;84.86;2.94;25.0;27.64
2016;9;3;56.659;7.045;0.55;28.58;31.6;26.68;81.92;4.9;42.7;1.39
2016;9;4;57.984;70.505;0.56;28.3;30.15;26.9;83.95;6.18;48.8;1.02
2016;9;5;43.788;67.745;0.42;28.21;30.83;26.82;83.49;5.77;44.9;2.79
2016;9;6;62.561;69.883;0.61;28.53;30.97;26.8;84.13;3.85;43.1;3.17
2016;9;7;53.674;69.986;0.52;27.1;29.42;26.02;83.69;2.19;5.0;7.09
2016;9;8;68.059;70.625;0.66;28.53;31.2;26.26;80.52;2.32;56.1;2.64
2016;9;9;45.802;68.232;0.44;27.93;29.42;27.26;86.38;4.6;51.0;4.47
2016;9;10;36.053;69.691;0.35;27.59;29.71;26.63;87.14;3.72;57.4;8.3
2016;9;11;62.594;69.818;0.61;28.02;30.85;26.12;87.93;3.68;34.7;8.33
2016;9;12;20.016;69.425;0.19;28.17;29.96;27.01;85.63;3.12;49.3;4.74
2016;9;13;49.447;68.945;0.48;27.66;29.06;26.91;87.51;3.2;59.0;4.85
2016;9;14;49.826;68.717;0.49;28.39;30.69;27.15;84.38;4.76;46.7;4.0
2016;9;15;58.061;68.966;0.57;28.22;30.64;27.0;85.37;3.24;53.9;7.64
2016;9;16;67.546;71.633;0.66;27.87;30.15;25.49;85.78;3.31;31.2;5.07
2016;9;17;69.178;7.182;0.68;28.89;31.66;27.32;83.02;5.58;41.5;1.77
2016;9;18;64.543;70.128;0.63;28.55;30.72;27.47;85.57;4.52;46.1;4.97
2016;9;19;6.497;70.318;0.64;28.29;30.34;27.29;86.17;3.16;51.0;2.03
2016;9;20;58.817;68.669;0.58;28.36;31.18;27.05;85.04;2.8;63.1;1.16
2016;9;21;3.727;68.578;0.37;27.69;29.07;26.79;87.52;4.81;39.5;1.7
2016;9;22;48.353;68.914;0.48;27.75;29.25;26.99;86.61;3.44;41.6;1.44
2016;9;23;62.098;68.347;0.61;28.37;30.08;27.28;85.06;3.9;48.9;1.42
2016;9;24;58.037;68.496;0.57;28.84;31.14;27.34;84.32;3.91;48.5;1.31
2016;9;25;52.704;68.107;0.52;28.43;30.02;27.43;84.53;2.92;65.7;2.48
2016;9;26;64.867;69.917;0.64;28.53;30.28;27.13;82.98;3.92;53.9;1.76
2016;9;27;64.586;69.878;0.64;28.78;30.84;27.37;83.96;3.7;51.6;5.74
2016;9;28;62.726;70.421;0.62;28.73;30.8;27.51;84.49;5.97;42.4;13.92
2016;9;29;53.705;6.889;0.54;28.57;31.07;27.18;82.67;6.37;40.0;7.25
2016;9;30;53.724;69.053;0.54;28.02;29.82;27.16;85.67;5.36;16.7;11.83
2016;10;1;20.402;6.893;0.2;27.22;27.95;26.63;90.81;5.33;276.2;76.34
2016;10;2;15.379;68.794;0.15;26.55;27.1;26.01;89.02;7.28;227.7;68.34
2016;10;3;54.096;68.539;0.54;27.25;29.6;26.09;84.21;5.19;225.3;5.03
2016;10;4;52.526;68.359;0.53;27.84;30.81;25.85;82.9;3.54;238.5;1.49
2016;10;5;50.434;66.612;0.51;28.7;33.78;26.54;78.07;1.93;350.8;6.1
2016;10;6;55.404;66.106;0.56;27.79;29.26;26.87;88.17;3.77;26.4;8.98
2016;10;7;43.224;66.826;0.44;27.97;30.02;26.85;86.3;3.02;49.3;11.3
2016;10;8;46.303;66.782;0.47;27.59;29.33;26.58;86.15;3.0;18.2;9.93
2016;10;9;51.365;66.266;0.52;27.25;29.54;25.6;83.06;2.03;349.1;10.39
2016;10;10;46.651;6.599;0.48;26.42;29.47;25.24;87.38;2.3;329.9;8.53
2016;10;11;44.482;6.527;0.45;27.34;28.82;25.75;89.03;3.01;0.6;9.71
2016;10;12;2.148;65.534;0.22;27.87;30.51;26.69;85.84;2.81;345.9;17.5
2016;10;13;44.976;64.562;0.46;27.83;30.01;26.28;84.38;2.61;10.7;9.06
2016;10;14;49.992;64.469;0.51;28.32;30.0;27.28;87.14;4.68;47.9;9.23
2016;10;15;56.417;65.119;0.58;27.98;29.22;26.99;89.97;5.08;51.5;19.65
2016;10;16;25.303;64.291;0.26;27.97;29.97;26.43;86.46;1.99;182.7;14.62
2016;10;17;56.014;64.956;0.58;26.45;27.2;25.84;88.75;1.64;212.6;2.34
2016;10;18;34.109;64.214;0.35;27.21;28.55;26.16;83.63;1.75;252.5;1.35
2016;10;19;53.278;66.014;0.55;27.22;29.56;25.78;83.07;1.73;308.3;1.41
2016;10;20;51.269;65.455;0.53;28.0;30.52;26.34;82.59;2.85;358.6;0.93
2016;10;21;54.898;64.452;0.57;27.9;29.03;27.24;87.6;4.12;25.2;1.92
2016;10;22;49.822;63.494;0.52;28.44;30.17;27.51;87.32;5.16;30.0;3.21
2016;10;23;49.944;65.306;0.53;28.81;31.71;27.43;82.11;5.95;37.8;3.15
2016;10;24;50.453;65.486;0.53;28.4;30.49;27.29;83.83;5.93;41.2;3.94
2016;10;25;44.832;6.402;0.47;27.37;28.14;26.86;86.15;4.99;43.5;8.91
2016;10;26;37.742;63.667;0.4;27.23;28.52;25.6;85.32;2.93;354.7;6.72
2016;10;27;51.965;6.426;0.55;27.16;30.04;25.25;81.98;2.09;287.9;1.76
2016;10;28;48.053;64.382;0.51;27.37;29.64;25.92;80.56;1.76;320.8;0.39
2016;10;29;38.777;62.506;0.41;27.13;28.77;26.27;82.02;1.48;323.4;4.59
2016;10;30;50.342;62.755;0.54;27.79;29.94;26.13;83.91;1.95;5.0;14.13
2016;10;31;5.112;62.635;0.55;28.19;30.14;27.16;86.46;3.4;22.3;17.13
2016;11;1;36.216;63.763;0.39;27.88;29.23;27.01;84.52;3.11;357.1;11.67
2016;11;2;40.793;62.191;0.44;27.29;28.81;26.17;84.64;3.15;19.9;4.2
2016;11;3;51.977;63.134;0.56;27.84;29.58;26.55;84.66;4.08;31.3;9.52
2016;11;4;55.164;63.739;0.6;28.06;29.45;27.03;84.35;4.83;38.4;8.9
2016;11;5;36.497;61.058;0.4;27.71;29.02;27.07;88.5;3.18;26.6;9.62
2016;11;6;37.702;59.705;0.41;28.03;30.68;26.8;84.08;2.37;355.9;13.52
2016;11;7;15.823;5.735;0.17;28.13;30.33;26.58;81.65;1.59;303.8;20.13
2016;11;8;51.434;60.262;0.56;27.76;29.89;26.54;82.03;1.49;358.3;15.25
2016;11;9;51.504;61.054;0.57;28.3;30.87;26.75;84.94;4.37;35.2;14.73
2016;11;10;47.285;58.973;0.52;28.16;29.21;27.41;87.52;5.47;44.9;20.0
2016;11;11;35.621;60.991;0.39;28.35;30.08;27.43;86.62;4.66;44.8;11.78
2016;11;12;2.791;58.644;0.31;28.13;30.69;27.02;84.15;2.86;25.8;20.59
2016;11;13;46.433;59.026;0.52;28.3;30.42;26.94;83.91;2.22;31.6;17.01
2016;11;14;43.855;58.488;0.49;28.34;30.6;27.08;84.65;2.3;28.5;27.21
2016;11;15;37.493;61.421;0.42;27.56;28.74;26.5;86.25;3.28;25.8;44.32
2016;11;16;44.093;61.464;0.49;27.37;29.65;25.83;82.06;2.19;291.4;15.04
2016;11;17;46.339;60.427;0.52;27.0;28.92;25.67;83.3;2.54;9.6;2.3
2016;11;18;46.406;59.114;0.52;27.97;30.28;26.74;81.63;3.95;34.7;3.18
2016;11;19;28.447;56.568;0.32;27.62;29.84;26.27;83.35;2.4;285.5;10.13
2016;11;20;34.008;60.127;0.38;26.38;28.59;25.24;85.86;1.79;299.7;25.29
2016;11;21;51.338;60.002;0.58;26.53;27.92;25.28;86.86;3.39;227.9;8.43
2016;11;22;55.073;60.329;0.63;27.52;30.46;25.76;81.93;2.9;31.2;0.39
2016;11;23;51.334;58.769;0.59;28.14;31.12;26.27;81.19;3.04;49.2;0.26
2016;11;24;41.873;57.427;0.48;28.2;29.3;27.4;84.87;4.75;48.7;0.53
2016;11;25;27.139;57.187;0.31;27.95;29.21;27.04;85.22;2.91;86.5;0.46
2016;11;26;30.535;56.309;0.35;27.3;28.47;26.42;88.53;4.3;33.2;3.87
2016;11;27;36.516;58.344;0.42;27.64;30.34;26.17;83.87;2.66;350.5;3.58
2016;11;28;43.111;58.757;0.5;27.19;29.14;26.14;83.52;2.34;344.7;1.65
2016;11;29;47.398;59.326;0.55;27.78;29.91;26.53;84.49;5.34;35.6;6.92
2016;11;30;44.522;58.109;0.51;27.61;29.56;26.52;85.18;6.09;41.7;10.65
2016;12;1;54.478;5.917;0.63;27.99;30.34;26.68;80.61;5.45;34.7;1.05
2016;12;2;45.295;57.516;0.53;27.65;29.42;26.56;84.95;3.81;18.7;2.74
2016;12;3;42.768;56.556;0.5;27.78;30.27;26.47;86.3;2.03;19.1;6.74
2016;12;4;49.759;58.274;0.58;27.94;30.48;26.36;85.68;2.24;36.9;5.77
2016;12;5;54.823;59.645;0.64;28.36;31.17;26.81;82.05;5.81;46.7;1.01
2016;12;6;55.042;59.177;0.64;28.07;30.36;26.34;81.45;6.9;48.2;1.14
2016;12;7;53.246;57.648;0.62;28.29;30.76;26.79;83.44;6.73;49.4;2.54
2016;12;8;46.817;57.665;0.55;28.02;29.75;27.0;82.64;5.48;58.6;3.73
2016;12;9;43.044;56.971;0.5;27.39;28.33;26.7;88.87;6.88;50.0;7.6
2016;12;10;4.447;55.728;0.52;27.46;29.19;26.34;83.15;5.67;60.6;3.91
2016;12;11;44.376;56.064;0.52;27.5;28.85;26.55;86.72;6.76;56.8;2.73
2016;12;12;49.543;5.741;0.58;28.08;31.08;26.3;81.84;6.07;55.6;0.07
2016;12;13;49.714;57.528;0.58;28.07;30.21;26.61;84.02;6.03;49.9;0.05
2016;12;14;51.922;58.236;0.61;27.97;30.27;26.7;81.5;6.43;48.3;0.02
2016;12;15;52.682;59.887;0.62;27.72;30.05;26.16;82.9;6.93;46.4;0.0
2016;12;16;53.839;59.563;0.63;27.49;29.34;26.51;81.78;8.05;48.4;0.01
2016;12;17;53.686;59.484;0.63;27.52;30.02;25.89;81.34;7.31;50.4;0.0
2016;12;18;56.359;5.915;0.66;27.4;29.8;25.66;81.48;7.57;54.7;0.0
2016;12;19;58.997;61.442;0.69;26.88;29.15;25.47;80.7;9.1;49.7;0.01
2016;12;20;59.083;60.602;0.69;26.63;28.91;25.19;81.69;8.36;46.9;0.0
2016;12;21;56.707;60.204;0.67;26.43;28.94;24.87;81.92;5.84;40.6;0.02
2016;12;22;52.687;58.805;0.62;26.54;29.74;24.52;82.99;4.65;44.3;0.08
2016;12;23;54.046;57.358;0.64;26.84;30.03;25.08;84.32;6.04;40.9;0.12
2016;12;24;55.306;57.485;0.65;27.04;29.69;25.63;85.02;7.24;42.1;0.15
2016;12;25;52.058;56.561;0.61;26.91;28.99;25.79;85.03;7.51;46.1;0.08
2016;12;26;48.389;57.946;0.57;26.72;28.92;25.38;80.53;9.6;49.8;0.05
2016;12;27;50.172;60.204;0.59;26.63;29.23;25.13;80.24;7.77;50.5;0.01
2016;12;28;52.678;59.364;0.62;26.46;29.21;24.95;80.95;7.63;47.4;0.02
2016;12;29;59.126;60.202;0.69;26.49;29.15;24.8;83.23;7.34;41.8;0.01
2016;12;30;56.393;58.229;0.66;26.57;28.84;25.12;84.98;7.48;37.9;0.15
2016;12;31;53.234;58.817;0.62;26.71;28.97;25.45;84.53;8.1;44.2;0.1
2017;1;1;54.581;59.088;0.64;26.89;29.82;25.32;81.78;7.82;47.9;0.0
2017;1;2;60.312;61.361;0.7;26.42;29.41;24.64;81.28;7.4;49.0;0.0
2017;1;3;60.542;61.231;0.7;26.15;29.48;24.01;83.08;5.49;43.9;0.0
2017;1;4;58.906;60.574;0.68;26.17;29.54;24.35;83.53;5.55;41.3;0.0
2017;1;5;58.829;59.928;0.68;26.56;30.22;24.59;82.31;6.22;37.6;0.01
2017;1;6;46.274;57.098;0.54;26.69;29.87;24.85;85.35;6.2;41.7;0.34
2017;1;7;43.483;56.892;0.5;26.68;29.14;25.26;87.14;5.61;48.8;0.71
2017;1;8;39.497;54.552;0.46;25.84;26.37;25.41;89.14;7.9;43.3;0.48
2017;1;9;40.387;58.721;0.47;25.91;27.46;25.01;82.2;9.47;40.4;0.06
2017;1;10;52.464;60.898;0.6;26.3;28.59;25.06;76.94;10.03;44.7;0.01
2017;1;11;58.882;63.442;0.68;26.01;28.76;24.12;75.08;8.69;48.7;0.0
2017;1;12;58.594;61.358;0.67;26.15;28.77;24.43;78.56;9.0;47.2;0.0
2017;1;13;57.778;60.746;0.66;25.93;28.1;24.68;75.75;10.16;46.5;0.0
2017;1;14;59.074;61.889;0.67;25.7;28.12;24.18;74.93;9.42;46.3;0.0
2017;1;15;6.067;63.156;0.69;25.68;28.62;23.74;77.79;7.66;45.8;0.0
2017;1;16;61.099;62.964;0.69;25.59;28.22;23.43;79.86;7.48;45.8;0.0
2017;1;17;60.773;62.402;0.69;25.86;28.7;24.07;77.53;7.89;44.5;0.0
2017;1;18;61.711;63.338;0.7;25.74;28.65;23.93;79.43;7.55;43.0;0.0
2017;1;19;60.022;63.173;0.68;25.78;28.8;23.59;80.64;6.56;38.5;0.0
2017;1;20;5.735;61.807;0.64;26.11;29.77;23.98;79.04;6.35;37.8;0.0
2017;1;21;5.705;6.138;0.64;25.64;28.77;23.84;79.59;5.62;30.1;0.03
2017;1;22;55.565;61.627;0.62;25.38;28.64;23.5;81.04;3.93;23.2;0.05
2017;1;23;60.487;62.566;0.67;25.43;29.04;23.09;78.75;2.62;352.1;0.01
2017;1;24;61.404;63.185;0.68;25.42;28.97;22.72;77.16;2.83;2.5;0.01
2017;1;25;55.646;61.517;0.62;26.11;28.78;24.03;76.68;6.85;32.6;0.0
2017;1;26;59.974;62.102;0.66;27.58;31.37;25.36;75.55;7.37;45.3;0.0
2017;1;27;61.512;63.708;0.68;27.39;31.24;24.77;75.92;7.46;43.2;0.0
2017;1;28;6.253;63.787;0.69;26.99;30.14;24.5;75.14;7.38;42.5;0.0
2017;1;29;60.384;62.597;0.66;27.21;31.02;24.78;77.48;7.16;39.1;0.0
2017;1;30;58.918;61.234;0.64;27.21;30.53;25.28;79.36;7.95;35.1;0.01
2017;1;31;54.202;59.686;0.59;27.04;29.55;25.63;77.79;9.89;41.0;0.06
2017;2;1;60.583;64.106;0.66;26.69;28.98;25.27;78.3;9.45;40.7;0.01
2017;2;2;60.602;64.474;0.66;26.93;30.16;24.92;75.75;8.44;40.7;0.01
2017;2;3;62.489;63.919;0.68;26.85;29.94;24.55;80.47;6.88;37.6;0.01
2017;2;4;6.125;63.521;0.66;27.08;30.24;24.62;80.26;8.01;41.1;0.04
2017;2;5;63.888;64.553;0.69;27.31;30.67;25.07;77.9;8.41;40.1;0.0
2017;2;6;63.886;64.226;0.68;27.64;31.72;25.06;77.02;7.45;41.2;0.0
2017;2;7;63.446;64.678;0.68;27.3;30.74;25.08;78.58;7.4;41.0;0.0
2017;2;8;63.924;6.468;0.68;27.4;30.91;25.08;79.04;6.18;39.6;0.0
2017;2;9;53.928;62.645;0.57;27.25;30.88;24.99;79.74;6.78;39.0;0.0
2017;2;10;57.434;65.066;0.61;26.77;29.25;25.23;73.78;11.09;42.0;0.0
2017;2;11;66.864;67.745;0.71;26.54;29.44;24.63;72.95;10.35;46.0;0.0
2017;2;12;64.867;67.692;0.68;26.72;29.72;24.77;74.21;9.12;42.6;0.0
2017;2;13;61.087;66.336;0.64;26.52;30.34;24.07;75.47;6.45;41.2;0.0
2017;2;14;60.682;6.6;0.64;26.39;30.29;23.93;76.42;6.31;38.7;0.01
2017;2;15;60.617;6.607;0.63;26.73;31.01;24.0;76.14;5.44;33.5;0.02
2017;2;16;59.597;66.142;0.62;26.46;29.72;24.59;77.8;6.16;32.4;0.01
2017;2;17;63.994;67.908;0.66;26.35;29.49;24.75;77.78;6.46;28.5;0.0
2017;2;18;63.312;67.469;0.66;26.84;30.82;24.12;73.34;6.53;42.5;0.0
2017;2;19;66.288;67.567;0.68;26.99;30.99;24.08;69.89;6.79;39.1;0.0
2017;2;20;63.449;67.555;0.65;27.07;31.22;24.76;74.5;6.33;34.0;0.0
2017;2;21;64.186;68.738;0.66;26.27;29.11;24.59;75.54;5.98;20.6;0.0
2017;2;22;60.902;6.901;0.62;26.1;29.38;23.99;75.77;4.8;16.2;0.0
2017;2;23;6.787;70.111;0.69;26.12;29.85;23.59;73.44;2.91;353.1;0.0
2017;2;24;69.401;70.879;0.71;26.9;31.52;23.3;74.28;4.01;19.0;0.0
2017;2;25;66.526;6.793;0.68;27.63;31.69;25.3;75.42;6.01;28.8;0.0
2017;2;26;57.804;65.393;0.59;27.53;30.66;25.75;75.22;8.13;40.1;0.0
2017;2;27;55.135;67.502;0.56;27.48;30.47;25.49;72.47;8.93;40.1;0.0
2017;2;28;67.927;70.366;0.69;27.91;30.89;26.0;69.9;9.96;43.6;0.0
2017;3;1;67.766;70.843;0.68;27.72;30.92;25.66;71.66;9.17;42.7;0.0
2017;3;2;6.797;70.759;0.68;28.03;31.47;25.61;69.54;8.94;45.1;0.0
2017;3;3;63.262;70.051;0.63;27.93;31.24;25.8;70.53;9.82;46.3;0.02
2017;3;4;56.822;68.263;0.57;27.35;30.03;25.87;74.8;10.07;42.4;0.0
2017;3;5;6.341;69.466;0.63;27.37;30.07;25.68;74.73;10.54;42.9;0.02
2017;3;6;63.326;69.533;0.63;27.74;30.96;25.75;69.61;9.68;45.7;0.0
2017;3;7;51.355;69.096;0.51;27.67;30.94;25.82;71.91;9.14;43.3;0.0
2017;3;8;56.412;69.523;0.56;27.68;30.35;25.93;71.36;9.61;46.4;0.01
2017;3;9;63.468;70.466;0.63;27.29;30.35;25.61;70.86;9.67;43.8;0.0
2017;3;10;66.518;69.262;0.66;27.42;31.11;25.07;75.47;7.15;32.7;0.01
2017;3;11;59.083;67.022;0.58;27.2;30.91;25.29;79.96;7.15;31.7;0.14
2017;3;12;36.811;65.544;0.36;27.13;30.22;25.34;81.11;6.94;36.2;0.33
2017;3;13;6.119;68.014;0.6;27.15;29.21;25.63;81.27;6.23;42.1;0.35
2017;3;14;6.047;69.432;0.59;27.37;30.82;25.72;78.74;6.03;40.2;2.13
2017;3;15;48.262;69.713;0.47;27.42;30.91;25.14;72.92;8.61;33.9;0.0
2017;3;16;66.931;73.848;0.65;27.43;30.26;25.6;72.66;9.22;36.6;0.0
2017;3;17;68.724;73.255;0.67;27.92;31.46;25.66;70.72;8.95;38.4;0.0
2017;3;18;69.322;7.301;0.67;27.49;30.91;25.49;68.29;9.17;38.9;0.0
2017;3;19;61.546;7.277;0.6;27.18;30.45;25.33;70.93;7.32;33.2;0.01
2017;3;20;61.781;70.654;0.6;27.33;31.36;25.18;74.85;6.36;31.8;0.02
2017;3;21;61.966;71.472;0.6;27.17;30.04;25.31;74.86;7.42;30.0;0.04
2017;3;22;63.166;67.726;0.61;27.78;31.8;25.66;75.05;6.89;29.4;0.06
2017;3;23;28.238;6.39;0.27;26.65;28.7;25.51;77.21;7.45;31.5;0.57
2017;3;24;30.146;65.657;0.29;27.4;30.94;25.3;74.89;6.65;24.1;0.39
2017;3;25;55.246;69.247;0.53;27.47;30.65;25.33;77.02;5.11;28.6;1.15
2017;3;26;50.486;69.797;0.49;27.78;31.26;25.85;77.77;5.79;24.4;0.77
2017;3;27;54.362;69.727;0.52;27.44;30.37;25.59;78.14;5.85;24.4;0.97
2017;3;28;63.917;70.879;0.61;27.68;30.83;25.64;77.43;6.24;21.4;0.2
2017;3;29;52.214;68.551;0.5;27.72;30.77;25.97;76.99;6.92;26.4;1.8
2017;3;30;44.573;67.918;0.43;28.03;31.46;25.86;78.93;5.83;37.2;10.31
2017;3;31;47.638;68.491;0.46;27.81;30.97;25.99;82.0;5.86;43.9;16.99
2017;4;1;5.507;67.706;0.53;28.37;32.04;26.05;78.12;6.62;37.4;0.08
2017;4;2;66.158;70.944;0.63;28.78;32.85;26.57;78.29;6.81;39.7;0.05
2017;4;3;57.211;69.043;0.55;28.5;31.99;26.34;79.56;6.78;40.6;0.02
2017;4;4;6.799;7.001;0.65;28.5;32.3;26.06;78.08;6.34;41.9;0.0
2017;4;5;70.349;71.158;0.67;28.95;33.4;26.1;74.89;7.24;43.2;0.07
2017;4;6;69.617;70.898;0.66;28.83;32.43;26.58;74.87;6.72;41.5;0.94
2017;4;7;6.719;70.039;0.64;28.17;31.26;26.54;76.02;7.96;37.0;4.93
2017;4;8;49.704;68.294;0.47;27.72;30.45;26.1;74.71;8.97;32.2;0.62
2017;4;9;50.119;6.683;0.48;27.65;30.6;25.99;78.13;7.9;31.4;5.95
2017;4;10;60.341;70.354;0.57;27.58;30.43;25.79;76.24;8.35;32.6;12.07
2017;4;11;66.926;72.386;0.64;27.73;30.55;26.0;72.17;7.82;37.1;0.07
2017;4;12;61.452;70.375;0.58;28.02;31.38;26.05;73.65;7.71;36.5;0.42
2017;4;13;60.878;69.838;0.58;27.56;30.03;26.21;78.67;8.21;35.9;0.24
2017;4;14;51.281;70.123;0.49;27.75;30.58;26.27;80.99;8.12;32.0;1.66
2017;4;15;57.218;69.701;0.54;27.74;30.63;26.18;83.25;7.27;35.0;3.03
2017;4;16;6.354;71.539;0.6;28.16;31.34;26.4;81.89;6.92;39.8;0.98
2017;4;17;37.421;70.174;0.36;27.69;29.85;26.28;85.1;4.42;44.4;2.14
2017;4;18;58.642;70.022;0.56;27.98;30.82;26.26;83.95;4.1;36.8;2.76
2017;4;19;35.647;68.904;0.34;28.26;31.13;26.41;81.89;3.12;47.3;1.96
2017;4;20;22.651;71.628;0.22;27.61;29.61;26.31;82.16;2.63;30.0;3.29
2017;4;21;61.829;71.621;0.59;27.95;31.26;25.9;78.97;2.44;355.9;1.16
2017;4;22;69.199;73.637;0.66;28.42;32.13;26.13;78.21;3.06;14.4;0.35
2017;4;23;6.191;72.187;0.59;28.6;31.33;26.56;81.86;2.36;36.5;1.81
2017;4;24;45.833;71.614;0.44;28.39;31.34;26.46;83.07;2.73;6.4;0.52
2017;4;25;48.091;69.982;0.46;28.32;31.36;26.58;82.83;3.97;3.3;1.31
2017;4;26;53.486;69.862;0.51;28.35;30.81;26.56;83.82;3.39;33.0;3.05
2017;4;27;59.213;70.848;0.56;29.1;32.6;26.88;79.97;3.94;39.4;7.19
2017;4;28;6.72;70.858;0.64;29.28;33.19;27.05;77.16;6.23;40.9;0.88
2017;4;29;66.346;71.381;0.63;29.61;34.11;27.02;77.43;5.51;45.4;1.86
2017;4;30;55.673;69.137;0.53;29.12;32.89;26.94;79.14;5.18;40.5;3.9
2017;5;1;48.314;70.836;0.46;28.35;31.08;26.64;80.39;4.2;47.8;9.41
2017;5;2;59.302;70.608;0.57;28.68;32.7;26.34;79.64;3.82;40.4;6.23
2017;5;3;60.295;71.338;0.57;28.89;31.81;26.62;78.72;4.66;47.9;2.22
2017;5;4;60.396;71.726;0.58;28.63;32.14;26.35;81.22;4.71;38.5;2.76
2017;5;5;53.782;71.364;0.51;28.56;31.03;26.84;83.15;3.08;46.5;7.94
2017;5;6;33.432;70.358;0.32;27.42;28.43;26.44;87.57;2.87;265.3;15.04
2017;5;7;32.021;70.001;0.31;26.88;28.91;25.95;87.35;3.87;339.8;24.89
2017;5;8;4.597;70.836;0.44;27.68;29.77;26.36;84.72;4.36;42.0;3.93
2017;5;9;41.426;70.099;0.4;27.59;30.12;25.77;83.9;5.69;30.6;6.22
2017;5;10;49.126;71.287;0.47;28.2;31.13;26.68;82.01;4.7;39.2;6.87
2017;5;11;46.392;71.378;0.44;28.38;31.89;26.74;82.45;4.85;28.1;8.21
2017;5;12;38.242;72.079;0.37;28.13;30.97;26.36;79.52;3.75;16.3;3.86
2017;5;13;60.571;72.269;0.58;28.11;30.72;26.3;81.92;3.1;16.4;6.7
2017;5;14;59.506;71.014;0.57;28.8;31.97;26.92;82.29;3.33;32.2;7.28
2017;5;15;30.902;7.218;0.3;28.35;30.62;26.9;84.48;2.46;90.0;43.52
2017;5;16;5.255;7.027;0.5;27.39;28.64;26.56;89.58;2.74;229.9;98.56
2017;5;17;50.314;71.028;0.48;27.69;30.38;26.22;87.66;3.5;3.7;77.65
2017;5;18;51.886;71.052;0.5;28.04;29.89;26.7;88.61;5.56;41.8;104.86
2017;5;19;70.663;73.202;0.68;28.85;31.55;27.34;83.8;5.72;49.1;13.65
2017;5;20;50.491;6.972;0.49;28.05;29.54;27.14;86.31;6.63;49.0;15.45
2017;5;21;37.481;68.534;0.36;28.14;30.1;26.69;84.2;4.92;48.1;0.9
2017;5;22;58.606;69.451;0.56;27.68;28.73;26.9;88.64;5.12;50.0;0.69
2017;5;23;51.072;68.827;0.49;27.93;29.64;26.87;88.1;3.56;55.8;0.58
2017;5;24;61.925;70.478;0.6;28.53;31.06;26.99;86.96;3.38;48.2;0.78
2017;5;25;64.279;71.462;0.62;28.65;31.22;27.25;86.72;4.36;51.4;1.28
2017;5;26;52.951;70.829;0.51;28.25;31.07;27.0;85.91;5.15;49.3;1.84
2017;5;27;53.354;68.434;0.52;27.94;30.4;26.18;83.37;5.34;49.4;0.64
2017;5;28;66.775;70.459;0.65;27.8;30.19;26.35;83.65;5.31;50.6;1.2
2017;5;29;43.661;69.449;0.42;27.44;28.84;26.62;88.95;5.16;50.0;7.76
2017;5;30;55.123;70.452;0.53;27.85;29.06;26.99;87.98;3.26;52.7;3.76
2017;5;31;59.935;7.121;0.58;28.23;30.35;26.76;85.81;4.41;53.1;0.63
2017;6;1;57.929;69.602;0.56;28.44;31.16;26.7;83.35;4.26;48.7;0.49
2017;6;2;68.664;71.045;0.67;28.66;32.09;26.92;81.95;4.96;48.7;0.22
2017;6;3;65.974;72.408;0.64;28.86;32.32;26.52;81.66;5.49;43.6;0.13
2017;6;4;65.602;71.513;0.64;29.24;32.86;27.02;82.3;4.61;47.9;0.55
2017;6;5;44.772;70.068;0.43;28.76;31.61;27.29;84.95;3.49;49.6;2.01
2017;6;6;57.175;70.267;0.56;28.83;32.26;27.12;85.03;3.85;49.0;2.33
2017;6;7;42.696;68.602;0.41;28.36;30.46;27.2;86.38;3.13;57.7;2.23
2017;6;8;21.103;68.772;0.21;27.87;29.97;26.3;85.08;2.22;19.9;1.76
2017;6;9;41.683;70.046;0.41;27.22;28.78;26.06;86.66;2.61;6.5;3.69
2017;6;10;53.863;69.626;0.52;28.41;30.6;26.78;84.17;5.18;43.9;3.82
2017;6;11;56.981;70.822;0.55;28.72;31.76;27.15;82.83;6.75;43.9;2.19
2017;6;12;35.837;69.067;0.35;28.06;30.58;26.76;82.85;6.13;46.0;3.69
2017;6;13;41.189;67.956;0.4;26.62;27.1;26.08;88.18;4.08;63.6;24.83
2017;6;14;61.776;69.492;0.6;27.92;30.32;26.38;85.02;3.36;48.5;17.1
2017;6;15;31.817;68.784;0.31;28.26;30.62;26.71;85.21;3.81;42.0;23.45
2017;6;16;55.644;70.099;0.54;27.91;30.21;26.93;85.67;3.55;26.0;12.21
2017;6;17;4.361;6.917;0.42;27.89;29.6;26.92;86.31;3.36;48.9;15.02
2017;6;18;47.352;68.534;0.46;27.84;30.08;26.78;84.95;2.79;47.8;28.5
2017;6;19;5.934;70.397;0.58;27.78;30.1;26.51;85.93;2.96;71.9;18.27
2017;6;20;65.383;7.117;0.64;28.68;31.05;27.11;84.44;4.66;60.4;4.2
2017;6;21;4.289;69.662;0.42;27.5;28.97;26.59;85.33;3.37;63.5;3.85
2017;6;22;55.596;68.678;0.54;27.78;30.05;26.45;86.14;4.03;34.7;6.29
2017;6;23;6.0;69.984;0.59;28.36;31.61;26.75;81.62;6.71;42.8;2.16
2017;6;24;65.002;70.949;0.63;28.28;31.35;26.3;81.02;5.87;43.2;1.36
2017;6;25;49.397;68.335;0.48;28.13;30.53;26.72;85.77;4.3;50.6;32.33
2017;6;26;49.498;68.234;0.48;27.67;29.38;26.7;86.3;4.2;43.7;2.8
2017;6;27;58.615;68.935;0.57;27.8;29.94;26.68;85.81;4.12;45.3;4.45
2017;6;28;60.643;70.015;0.59;28.1;31.03;26.3;81.79;6.62;47.4;0.66
2017;6;29;6.27;70.289;0.61;27.91;30.17;26.51;84.12;6.77;46.7;1.24
2017;6;30;62.947;70.519;0.61;27.98;30.26;26.74;85.81;4.32;55.5;1.97
2017;7;1;69.002;71.254;0.67;28.2;30.84;26.69;86.04;5.14;49.1;1.42
2017;7;2;63.931;7.163;0.62;27.98;29.75;26.71;86.96;5.96;45.4;1.85
2017;7;3;49.406;68.822;0.48;27.36;28.82;26.68;88.71;3.85;58.1;2.72
2017;7;4;61.013;70.817;0.59;27.85;30.08;26.58;86.75;4.51;47.2;1.18
2017;7;5;61.778;70.558;0.6;28.08;30.77;26.28;85.18;5.38;41.6;1.12
2017;7;6;58.968;69.113;0.57;27.8;29.2;26.88;88.06;4.7;57.8;4.2
2017;7;7;64.531;70.915;0.63;28.19;31.12;26.65;83.52;5.64;47.3;1.39
2017;7;8;53.177;70.596;0.52;27.74;29.33;26.61;88.14;5.22;42.3;2.02
2017;7;9;51.444;69.859;0.5;27.88;29.76;26.78;87.95;5.14;46.1;2.48
2017;7;10;55.973;67.987;0.55;28.09;30.33;26.73;87.24;4.0;45.5;2.92
2017;7;11;38.942;69.458;0.38;27.7;29.79;26.53;87.93;2.98;36.4;6.2
2017;7;12;47.014;68.563;0.46;27.54;29.58;26.11;87.22;3.87;45.9;6.85
2017;7;13;64.634;71.645;0.63;27.89;30.05;26.45;86.26;4.89;45.2;2.07
2017;7;14;52.802;69.842;0.51;27.79;29.94;26.71;87.3;3.7;44.3;8.04
2017;7;15;48.446;6.972;0.47;27.08;28.28;26.38;89.44;3.63;45.9;35.85
2017;7;16;59.986;70.414;0.58;27.76;29.89;26.59;85.73;3.36;52.4;106.39
2017;7;17;50.539;68.798;0.49;28.01;29.79;26.89;86.63;4.81;52.4;22.83
2017;7;18;62.014;71.105;0.6;28.48;31.22;26.82;84.77;6.4;49.2;24.84
2017;7;19;45.403;68.887;0.44;28.15;30.28;27.1;87.52;4.47;53.5;38.36
2017;7;20;2.317;69.679;0.22;26.52;27.02;25.49;87.14;3.4;68.2;34.91
2017;7;21;69.396;7.123;0.67;27.74;30.26;26.3;84.45;5.77;45.6;9.21
2017;7;22;66.857;71.076;0.65;28.15;30.22;26.69;86.39;5.06;48.3;8.32
2017;7;23;5.509;69.504;0.53;28.34;30.7;27.22;87.43;3.73;49.5;11.99
2017;7;24;57.547;69.982;0.56;28.42;30.72;26.97;85.39;6.26;49.1;4.87
2017;7;25;54.982;7.039;0.53;28.37;30.38;27.01;86.58;5.25;54.5;2.04
2017;7;26;50.585;69.168;0.49;28.28;30.32;27.19;86.64;4.5;46.7;1.97
2017;7;27;57.547;69.785;0.56;27.83;29.35;26.78;88.81;3.96;54.8;1.76
2017;7;28;54.098;69.336;0.52;28.33;30.68;26.96;86.92;4.41;44.8;1.91
2017;7;29;42.595;69.516;0.41;28.43;30.57;27.14;87.0;3.71;53.0;3.44
2017;7;30;43.277;68.537;0.42;27.74;29.1;26.82;88.86;2.86;59.3;21.38
2017;7;31;42.358;69.943;0.41;26.74;27.15;26.18;91.14;3.52;306.4;108.04
2017;8;1;50.489;69.346;0.49;27.43;29.85;26.0;84.22;2.76;29.2;9.49
2017;8;2;61.435;7.265;0.59;28.1;30.47;26.62;83.64;6.59;44.2;1.98
2017;8;3;66.912;71.894;0.65;28.48;31.44;26.87;84.59;5.42;49.5;3.46
2017;8;4;54.989;69.329;0.53;28.21;30.63;27.0;86.49;4.68;49.2;5.44
2017;8;5;40.982;69.451;0.4;27.85;29.62;26.74;83.91;2.84;63.8;11.29
2017;8;6;64.097;71.594;0.62;28.27;31.39;26.73;84.27;4.07;56.1;2.77
2017;8;7;69.247;72.173;0.67;28.68;31.15;27.26;84.63;4.36;51.6;2.78
2017;8;8;62.782;71.333;0.61;28.53;30.28;27.3;86.86;3.24;57.0;3.26
2017;8;9;39.475;71.189;0.38;28.47;30.35;27.56;86.26;3.1;48.5;3.57
2017;8;10;5.556;69.545;0.54;27.92;29.49;26.96;87.4;5.27;48.0;4.36
2017;8;11;54.036;70.114;0.52;28.0;29.81;26.99;86.32;4.08;49.7;3.85
2017;8;12;45.845;71.822;0.44;28.07;30.17;26.97;84.89;3.06;42.4;3.96
2017;8;13;51.694;71.076;0.5;28.14;30.04;27.22;85.94;4.39;54.4;4.61
2017;8;14;66.055;72.742;0.64;28.47;31.48;26.59;81.6;5.92;45.1;1.89
2017;8;15;67.193;72.228;0.65;28.54;30.84;26.9;85.31;5.27;50.1;4.04
2017;8;16;44.405;70.987;0.43;27.9;29.58;27.05;87.97;6.13;50.6;4.06
2017;8;17;6.234;7.133;0.6;28.0;30.56;26.74;86.31;5.15;41.2;7.04
2017;8;18;58.399;71.002;0.56;28.12;29.77;27.03;88.67;2.95;45.1;7.57
2017;8;19;43.356;69.545;0.42;28.06;30.59;26.76;86.81;4.62;37.1;4.25
2017;8;20;54.528;68.966;0.53;27.32;29.48;26.29;81.14;2.19;40.5;43.24
2017;8;21;39.706;71.364;0.38;27.9;30.7;25.83;83.06;3.46;30.1;17.45
2017;8;22;61.162;71.016;0.59;28.24;31.12;26.68;85.88;4.15;45.7;6.23
2017;8;23;60.396;70.942;0.58;28.18;30.61;27.07;84.5;2.86;55.5;30.69
2017;8;24;45.302;6.912;0.44;28.38;30.68;27.05;85.02;2.66;53.2;34.69
2017;8;25;54.646;70.673;0.53;28.27;30.25;27.05;85.9;4.75;50.2;5.45
2017;8;26;60.912;71.309;0.59;28.28;30.38;27.15;85.76;6.11;46.8;2.2
2017;8;27;53.371;71.251;0.51;28.05;29.9;26.87;83.97;5.27;47.9;0.58
2017;8;28;38.208;70.536;0.37;28.51;30.94;26.67;82.88;3.27;50.1;11.09
2017;8;29;57.041;70.752;0.55;27.93;30.79;26.36;81.77;1.84;0.9;9.6
2017;8;30;35.088;71.714;0.34;28.31;29.98;27.01;85.52;3.44;46.2;12.57
2017;8;31;58.006;71.213;0.56;28.21;29.89;27.12;85.8;4.39;60.2;9.08
2017;9;1;66.833;71.978;0.65;28.92;31.51;27.53;84.56;4.58;52.9;6.05
2017;9;2;70.202;72.091;0.68;28.67;30.59;27.39;86.13;4.47;52.0;4.63
2017;9;3;6.167;7.103;0.6;28.61;30.17;27.51;85.65;3.48;52.3;1.06
2017;9;4;56.957;71.443;0.55;28.43;30.46;27.36;85.76;4.14;36.4;1.93
2017;9;5;58.574;7.08;0.57;28.34;30.11;27.41;86.05;4.87;38.6;1.47
2017;9;6;61.397;70.385;0.6;28.21;30.29;27.11;84.67;4.57;38.0;1.33
2017;9;7;51.197;68.947;0.5;28.28;31.5;26.33;80.92;2.92;28.9;12.57
2017;9;8;38.542;68.926;0.37;28.01;30.07;26.5;79.79;2.02;335.7;12.65
2017;9;9;42.521;68.446;0.41;26.61;27.49;25.92;85.53;1.6;271.2;9.18
2017;9;10;39.634;71.374;0.39;27.21;29.17;26.12;81.48;1.85;260.4;12.65
2017;9;11;58.042;70.946;0.56;27.96;30.62;26.49;82.23;2.93;25.7;2.97
2017;9;12;6.037;70.834;0.59;28.46;31.2;27.37;86.56;5.16;36.7;13.96
2017;9;13;37.685;70.608;0.37;28.67;30.81;27.53;85.83;3.36;43.7;2.41
2017;9;14;47.438;68.508;0.46;28.5;31.27;27.12;85.9;2.13;18.4;3.12
2017;9;15;65.302;70.829;0.64;28.06;30.03;26.77;86.1;2.12;14.1;11.33
2017;9;16;60.094;70.006;0.59;28.88;31.47;27.03;82.1;2.41;29.6;7.68
2017;9;17;32.666;70.265;0.32;28.43;29.5;27.53;85.85;3.12;70.8;4.54
2017;9;18;44.366;70.078;0.43;28.69;30.94;27.39;84.73;3.24;26.9;8.35
2017;9;19;5.922;69.979;0.58;28.71;30.68;27.69;83.41;4.16;44.4;3.94
2017;9;20;55.001;69.751;0.54;28.47;30.67;27.34;83.2;3.93;30.9;1.34
2017;9;21;54.922;67.514;0.54;28.72;31.9;26.96;80.18;2.89;16.7;2.42
2017;9;22;47.786;66.298;0.47;28.64;31.51;26.96;80.25;2.54;359.5;2.76
2017;9;23;42.204;6.714;0.42;27.98;29.53;26.84;83.21;2.61;32.1;42.9
2017;9;24;49.798;6.601;0.49;28.32;30.37;26.98;82.57;1.8;2.0;45.25
2017;9;25;4.77;68.544;0.47;28.07;29.11;26.96;87.49;2.24;320.6;96.38
2017;9;26;54.293;68.525;0.54;27.53;30.22;26.04;81.25;2.3;275.4;95.3
2017;9;27;5.796;69.091;0.58;27.99;30.53;25.89;84.36;2.1;348.1;11.36
2017;9;28;53.911;68.405;0.54;28.8;30.04;27.8;82.02;2.99;65.2;3.29
2017;9;29;30.744;68.933;0.31;28.19;30.07;27.08;83.86;2.19;21.0;6.05
2017;9;30;35.988;66.811;0.36;27.9;29.67;26.62;84.11;1.97;323.3;2.4
2017;10;1;33.017;67.882;0.33;27.07;28.12;26.09;80.75;1.29;234.7;6.03
2017;10;2;49.742;67.697;0.5;26.77;28.03;25.76;86.98;2.63;98.9;9.1
2017;10;3;49.507;67.874;0.5;28.02;29.85;26.37;83.52;3.96;42.4;4.45
2017;10;4;48.744;6.78;0.49;28.22;30.13;26.87;81.41;2.36;184.2;16.49
2017;10;5;41.407;68.525;0.42;26.9;27.83;26.2;87.84;3.27;221.6;12.26
2017;10;6;39.362;68.568;0.4;26.28;26.92;25.54;83.3;1.88;197.9;9.48
2017;10;7;66.907;68.885;0.68;27.98;31.14;25.55;80.9;3.61;41.1;0.51
2017;10;8;62.873;6.745;0.64;28.63;31.34;27.33;81.84;3.34;41.4;0.4
2017;10;9;45.204;67.306;0.46;28.14;30.0;27.04;84.03;3.92;33.4;1.09
2017;10;10;52.879;66.322;0.54;28.25;30.81;26.71;82.05;2.39;8.9;0.87
2017;10;11;44.856;64.474;0.46;27.78;29.24;26.95;86.27;2.76;26.8;1.0
2017;10;12;5.448;66.312;0.56;28.1;29.65;26.89;86.57;3.55;26.0;0.98
2017;10;13;60.838;66.965;0.62;28.83;30.73;27.85;84.62;4.15;49.7;0.16
2017;10;14;56.844;65.623;0.58;28.64;30.2;27.43;83.21;5.2;50.8;0.08
2017;10;15;4.757;65.251;0.49;28.62;30.72;27.18;83.65;4.45;52.9;0.08
2017;10;16;59.083;65.282;0.61;29.09;32.0;27.63;84.46;3.12;46.3;0.18
2017;10;17;6.229;66.794;0.64;29.09;30.91;27.95;86.97;2.45;50.8;1.41
2017;10;18;5.568;64.946;0.58;29.05;31.67;27.57;85.82;2.67;66.1;6.99
2017;10;19;55.178;6.36;0.57;28.74;30.84;27.75;86.12;2.94;54.0;5.0
2017;10;20;55.565;65.076;0.58;28.76;30.6;27.58;85.65;3.3;51.6;2.35
2017;10;21;51.348;6.504;0.54;28.82;31.15;27.48;84.39;4.95;54.8;2.02
2017;10;22;47.165;64.694;0.49;28.8;30.89;27.29;84.55;4.09;52.9;5.07
2017;10;23;41.465;63.612;0.44;28.71;31.19;27.32;82.83;3.57;57.6;3.38
2017;10;24;48.166;64.558;0.51;28.38;30.23;26.95;83.23;2.95;37.4;9.94
2017;10;25;47.434;6.371;0.5;28.41;30.88;26.57;78.66;1.75;356.3;3.28
2017;10;26;50.182;63.444;0.53;27.75;29.18;26.55;80.92;1.63;336.9;0.95
2017;10;27;53.803;64.418;0.57;27.85;29.8;26.6;85.19;3.34;14.4;7.32
2017;10;28;53.702;64.063;0.57;27.7;29.98;26.19;86.12;2.87;1.5;22.82
2017;10;29;34.706;65.038;0.37;26.87;29.04;25.76;85.08;1.69;259.4;9.66
2017;10;30;52.318;64.272;0.56;27.39;29.89;25.35;81.52;2.83;26.8;5.65
2017;10;31;52.891;63.967;0.57;28.35;31.28;26.81;80.95;4.99;36.6;3.16
2017;11;1;63.242;6.503;0.68;28.57;31.19;27.03;79.94;6.43;43.2;0.59
2017;11;2;57.917;64.877;0.63;28.48;30.88;27.1;79.55;7.29;42.5;0.01
2017;11;3;46.786;63.365;0.51;27.86;29.4;26.94;80.68;5.15;46.8;0.39
2017;11;4;49.834;6.293;0.54;27.71;29.39;26.59;81.68;3.58;28.9;0.52
2017;11;5;47.782;62.479;0.52;27.55;29.06;26.56;83.66;4.21;24.0;1.32
2017;11;6;4.903;62.263;0.54;27.36;28.48;26.61;84.88;2.98;60.9;1.16
2017;11;7;46.351;61.855;0.51;27.77;29.44;26.76;86.62;4.22;41.9;4.71
2017;11;8;37.195;60.535;0.41;27.68;29.94;26.78;86.01;3.99;38.8;5.68
2017;11;9;42.667;60.809;0.47;27.45;29.03;26.22;83.11;2.68;226.8;5.96
2017;11;10;4.512;61.123;0.5;27.53;30.18;25.8;80.59;1.59;328.6;14.14
2017;11;11;50.755;61.438;0.56;27.71;30.02;25.93;84.5;3.21;28.0;1.08
2017;11;12;54.096;60.912;0.6;28.32;30.48;27.1;85.08;4.25;49.0;2.08
2017;11;13;42.422;58.846;0.47;28.37;30.18;26.86;83.82;2.97;74.3;5.39
2017;11;14;15.792;60.293;0.18;26.86;27.7;26.21;90.21;3.77;237.8;7.86
2017;11;15;4.061;59.882;0.45;26.1;26.62;25.5;89.4;5.28;199.4;30.2
2017;11;16;52.903;61.169;0.59;26.75;29.48;25.1;85.13;4.31;215.2;9.79
2017;11;17;34.296;59.978;0.39;26.64;28.29;25.77;88.28;3.75;242.4;20.81
2017;11;18;38.628;60.749;0.43;26.77;28.43;25.73;85.14;2.86;294.9;7.06
2017;11;19;54.178;61.634;0.61;27.22;30.02;25.46;77.79;2.2;345.6;1.53
2017;11;20;55.296;61.452;0.63;27.17;29.99;25.32;80.5;2.6;349.7;0.5
2017;11;21;53.858;59.897;0.61;27.36;29.49;25.8;84.54;2.41;355.2;14.1
2017;11;22;41.388;58.793;0.47;27.86;30.14;26.39;84.7;3.32;2.9;1.17
2017;11;23;48.895;58.519;0.56;27.96;30.13;26.94;85.79;4.47;26.8;1.33
2017;11;24;4.632;58.073;0.53;28.11;30.1;26.67;83.06;4.33;47.7;1.0
2017;11;25;46.702;5.898;0.53;27.77;29.48;26.63;82.12;3.19;49.6;0.07
2017;11;26;55.097;59.026;0.63;27.96;29.4;26.95;86.45;5.29;44.1;2.36
2017;11;27;51.905;5.826;0.6;28.16;30.05;27.29;86.55;3.99;49.8;4.78
2017;11;28;41.863;5.905;0.48;28.58;31.12;27.06;82.66;4.83;49.4;0.73
2017;11;29;5.538;59.266;0.64;28.45;31.4;26.62;80.77;5.95;46.8;0.12
2017;11;30;50.726;58.133;0.59;28.33;30.96;26.99;81.32;6.16;41.1;1.01
2017;12;1;47.467;58.831;0.55;27.9;30.06;26.73;81.87;6.3;39.7;0.5
2017;12;2;51.396;59.899;0.6;27.72;29.91;26.64;80.16;6.39;40.7;0.0
2017;12;3;57.242;58.925;0.66;28.08;30.39;26.68;81.6;6.72;42.5;0.01
2017;12;4;52.262;5.861;0.61;28.08;30.11;26.85;82.62;7.33;45.5;0.02
2017;12;5;50.234;57.595;0.58;27.97;29.44;27.25;87.03;6.25;52.0;0.05
2017;12;6;5.16;58.675;0.6;28.38;31.78;26.5;83.42;5.63;53.0;0.86
2017;12;7;50.755;57.242;0.59;27.92;30.3;26.66;85.41;4.9;52.7;6.45
2017;12;8;34.459;56.004;0.4;27.6;29.62;26.33;85.11;3.68;65.3;10.62
2017;12;9;4.477;56.141;0.52;27.84;29.94;26.44;83.18;2.81;46.8;8.06
2017;12;10;49.973;57.187;0.59;27.61;29.68;26.5;85.68;5.32;31.1;2.48
2017;12;11;46.567;58.145;0.55;27.35;29.55;26.07;80.72;6.58;38.2;0.24
2017;12;12;5.245;59.717;0.62;27.11;30.24;25.18;78.65;4.5;35.6;0.1
2017;12;13;57.888;6.108;0.68;26.74;29.39;24.67;79.85;4.66;29.3;0.16
2017;12;14;59.755;60.334;0.7;27.69;30.88;25.76;77.18;5.64;47.3;0.05
2017;12;15;57.998;58.327;0.68;28.0;30.88;26.05;78.54;7.14;52.0;0.03
2017;12;16;59.798;6.018;0.7;27.71;30.36;25.68;76.63;8.14;53.7;0.0
2017;12;17;60.194;60.722;0.71;27.88;30.73;26.13;77.82;8.28;52.2;0.0
2017;12;18;60.394;60.864;0.71;27.61;30.24;25.86;77.6;8.86;52.6;0.0
2017;12;19;60.019;60.562;0.71;27.76;30.58;26.13;78.8;8.36;52.1;0.0
2017;12;20;58.186;60.478;0.68;27.44;29.62;25.91;79.33;7.97;49.8;0.0
2017;12;21;58.577;60.149;0.69;27.34;29.95;25.73;78.21;7.79;48.7;0.0
2017;12;22;59.441;59.923;0.7;27.31;29.91;25.63;81.26;7.71;48.3;0.0
2017;12;23;58.598;59.918;0.69;27.17;29.68;25.49;80.18;8.02;48.5;0.0
2017;12;24;57.442;59.928;0.68;27.13;29.52;25.56;80.26;8.56;47.5;0.0
2017;12;25;53.712;60.209;0.63;26.83;29.02;25.61;80.02;8.21;46.5;0.0
2017;12;26;55.116;60.091;0.65;26.68;28.97;25.35;79.35;8.59;44.7;0.06
2017;12;27;5.664;59.134;0.66;26.84;29.46;25.36;81.33;7.64;43.5;0.23
2017;12;28;5.489;5.898;0.64;26.86;29.53;25.36;82.96;6.45;40.4;0.87
2017;12;29;41.813;56.693;0.49;26.72;29.26;25.47;85.39;5.9;41.1;2.93
2017;12;30;49.025;56.993;0.57;26.6;29.23;25.33;84.8;6.03;41.0;1.35
2017;12;31;49.351;57.142;0.58;26.58;28.75;25.55;84.12;6.95;39.1;0.89
2018;1;1;46.534;56.863;0.54;26.53;28.28;25.78;87.18;5.81;42.7;0.5
2018;1;2;37.543;54.794;0.44;25.96;26.91;25.22;89.91;4.21;46.0;1.97
2018;1;3;39.545;5.623;0.46;26.38;28.05;25.16;87.47;3.44;77.1;0.83
2018;1;4;46.565;56.707;0.54;26.41;28.63;25.09;87.69;2.7;7.9;1.19
2018;1;5;52.169;56.741;0.61;26.77;28.61;25.65;87.8;4.46;35.4;0.62
2018;1;6;4.89;57.185;0.57;27.19;30.25;25.42;80.29;5.69;43.5;0.36
2018;1;7;49.459;58.133;0.57;27.19;30.16;25.26;79.64;6.04;41.0;0.12
2018;1;8;54.674;5.778;0.63;27.48;30.78;25.37;80.06;4.98;49.1;0.12
2018;1;9;49.104;57.146;0.57;27.5;30.68;25.45;78.36;5.64;47.9;0.16
2018;1;10;49.274;57.826;0.57;27.4;30.72;25.6;78.38;3.73;60.1;0.34
2018;1;11;4.65;57.768;0.53;27.54;31.1;25.38;78.56;4.02;41.1;0.37
2018;1;12;50.263;57.214;0.58;27.63;31.01;25.84;81.47;4.98;32.6;2.31
2018;1;13;44.676;55.934;0.51;27.18;29.27;25.99;82.91;6.13;39.2;2.0
2018;1;14;5.189;59.213;0.59;27.29;29.67;26.04;79.09;6.94;36.3;1.17
2018;1;15;57.754;60.523;0.66;27.47;30.38;25.35;76.72;6.77;45.0;0.02
2018;1;16;49.104;57.948;0.56;27.57;30.24;25.69;78.75;6.93;45.4;0.02
2018;1;17;53.681;58.505;0.61;27.24;29.31;25.85;81.65;7.31;43.8;0.05
2018;1;18;44.146;56.858;0.5;26.91;28.3;25.92;83.16;6.62;43.4;0.09
2018;1;19;50.942;58.855;0.57;26.93;28.45;25.95;82.06;6.93;48.0;0.09
2018;1;20;59.458;60.415;0.67;27.96;31.37;25.5;77.08;7.09;49.5;0.02
2018;1;21;57.979;61.555;0.65;27.72;30.85;25.43;77.82;6.87;49.0;0.1
2018;1;22;60.828;6.175;0.68;27.82;31.39;25.55;79.27;6.33;49.1;0.17
2018;1;23;5.298;60.876;0.59;27.18;29.13;26.01;81.98;6.69;48.6;0.11
2018;1;24;60.586;61.903;0.67;27.52;30.79;25.57;74.9;7.6;45.3;0.0
2018;1;25;61.337;62.405;0.68;27.37;30.31;25.35;76.77;8.2;45.9;0.01
2018;1;26;61.104;63.586;0.68;27.69;30.81;25.59;74.62;8.86;48.7;0.0
2018;1;27;62.863;63.958;0.69;27.37;30.25;25.35;72.9;9.02;48.2;0.0
2018;1;28;63.468;63.936;0.7;27.67;31.58;24.73;73.46;7.34;50.0;0.0
2018;1;29;62.134;63.538;0.68;27.47;31.23;24.9;76.38;7.15;46.0;0.0
2018;1;30;62.414;63.977;0.68;27.13;30.23;25.11;78.72;8.61;41.8;0.0
2018;1;31;63.418;6.414;0.69;27.25;30.35;25.31;77.16;9.62;43.1;0.0
2018;2;1;6.439;64.771;0.7;27.12;30.42;25.11;75.19;9.16;43.1;0.0
2018;2;2;63.475;6.485;0.69;26.78;30.3;24.85;73.8;8.9;40.8;0.0
2018;2;3;6.342;65.246;0.69;26.34;29.41;24.37;73.65;8.6;39.1;0.0
2018;2;4;65.748;66.547;0.71;26.61;30.04;24.51;73.61;7.98;40.9;0.0
2018;2;5;64.824;66.487;0.7;26.34;29.42;24.4;76.24;8.74;38.9;0.0
2018;2;6;66.166;67.642;0.71;26.78;30.4;24.38;74.84;8.43;42.1;0.0
2018;2;7;65.299;67.231;0.7;26.77;30.29;24.55;71.08;9.28;47.2;0.0
2018;2;8;66.706;67.615;0.71;26.45;30.03;23.9;74.46;8.7;45.5;0.0
2018;2;9;65.842;66.583;0.7;26.76;30.13;24.48;74.02;8.78;45.1;0.0
2018;2;10;6.439;65.407;0.68;26.96;30.57;24.26;73.8;7.63;46.5;0.0
2018;2;11;65.381;66.144;0.69;27.03;30.75;24.38;76.45;6.63;43.3;0.0
2018;2;12;65.498;66.187;0.69;26.81;30.06;24.51;73.47;8.46;47.2;0.0
2018;2;13;68.088;68.556;0.72;26.44;29.36;24.37;69.19;10.94;47.6;0.0
2018;2;14;68.194;68.861;0.71;26.37;29.79;24.11;71.14;9.94;44.6;0.0
2018;2;15;66.816;67.925;0.7;26.44;29.52;24.59;72.25;10.32;45.4;0.0
2018;2;16;65.827;67.152;0.69;26.45;30.06;24.21;73.24;9.1;44.6;0.0
2018;2;17;66.074;6.751;0.69;26.36;29.6;24.17;74.06;8.65;40.3;0.0
2018;2;18;67.318;68.455;0.7;26.35;29.61;24.25;73.81;8.73;40.9;0.0
2018;2;19;68.484;69.907;0.71;26.38;30.0;23.78;70.66;9.0;46.3;0.0
2018;2;20;7.019;70.656;0.72;26.37;30.31;23.67;70.6;9.48;47.7;0.0
2018;2;21;69.751;70.188;0.72;26.35;29.71;24.03;70.86;10.43;47.0;0.0
2018;2;22;69.566;7.051;0.71;26.24;29.98;23.78;71.44;9.43;45.9;0.0
2018;2;23;69.062;69.686;0.71;26.13;29.85;23.88;72.59;8.57;40.8;0.01
2018;2;24;68.806;70.735;0.7;25.94;29.41;23.66;75.35;7.16;38.4;0.0
2018;2;25;61.646;68.633;0.63;25.97;30.14;23.11;76.47;6.58;37.6;0.0
2018;2;26;64.078;6.882;0.65;26.11;30.24;23.53;76.54;6.95;36.4;0.0
2018;2;27;6.473;69.278;0.65;25.9;29.3;23.91;76.12;7.43;30.0;0.0
2018;2;28;68.537;70.392;0.69;25.84;28.98;23.78;75.42;6.86;32.7;0.0
2018;3;1;6.863;70.836;0.69;26.52;30.95;24.03;74.45;6.94;38.5;0.0
2018;3;2;68.657;70.212;0.69;26.57;30.33;24.3;73.94;7.5;33.9;0.0
2018;3;3;64.512;67.946;0.65;26.18;29.43;24.19;75.13;7.32;29.1;0.0
2018;3;4;51.593;67.932;0.52;25.66;28.11;24.31;76.45;6.58;15.9;0.0
2018;3;5;66.907;6.983;0.67;25.8;28.4;24.22;75.38;6.48;18.1;0.0
2018;3;6;57.682;68.083;0.57;26.09;28.41;24.47;76.32;7.78;29.0;0.0
2018;3;7;66.079;68.417;0.66;27.44;31.13;24.79;74.6;7.04;39.1;0.0
2018;3;8;59.059;6.6;0.59;27.23;29.99;25.56;80.65;7.15;42.3;0.42
2018;3;9;64.265;67.555;0.64;27.47;31.1;25.59;78.94;5.0;27.0;0.13
2018;3;10;67.865;6.929;0.67;28.05;32.83;25.07;76.12;5.85;42.6;0.0
2018;3;11;67.346;68.959;0.66;28.37;32.83;25.4;75.23;5.36;43.6;0.04
2018;3;12;66.638;69.086;0.66;28.69;34.22;25.61;74.51;4.24;36.1;0.18
2018;3;13;49.219;65.906;0.48;27.57;30.7;25.73;79.89;5.51;19.6;1.03
2018;3;14;5.988;66.665;0.59;27.71;31.08;25.74;77.97;6.11;27.3;1.06
2018;3;15;5.413;66.828;0.53;27.56;30.79;25.7;76.64;8.83;31.6;0.27
2018;3;16;62.882;66.377;0.61;27.96;31.22;26.11;74.92;7.54;40.2;2.76
2018;3;17;62.266;66.454;0.61;27.98;31.7;26.02;74.03;8.45;35.8;0.0
2018;3;18;56.563;67.366;0.55;27.73;30.62;25.97;75.39;7.63;37.5;0.0
2018;3;19;64.658;70.759;0.63;27.22;30.01;25.63;73.77;7.71;37.6;0.0
2018;3;20;68.256;70.718;0.66;27.8;31.75;25.0;70.24;6.53;39.3;0.0
2018;3;21;63.552;66.773;0.62;27.45;30.62;25.37;72.79;6.6;41.9;0.0
2018;3;22;59.837;6.361;0.58;27.65;30.92;25.78;78.25;8.26;35.5;0.06
2018;3;23;55.735;66.146;0.54;27.24;29.25;25.96;78.73;8.18;40.5;0.15
2018;3;24;60.254;7.248;0.58;27.74;31.3;25.69;69.98;9.41;38.9;0.0
2018;3;25;72.173;72.492;0.7;27.76;31.4;25.4;69.16;8.13;38.9;0.0
2018;3;26;69.986;71.549;0.67;27.58;31.12;25.0;72.1;8.42;39.8;0.01
2018;3;27;69.384;71.645;0.67;27.57;30.64;25.66;74.0;9.18;36.9;0.18
2018;3;28;71.059;72.797;0.68;27.41;30.52;25.42;73.26;9.78;40.8;0.05
2018;3;29;71.239;72.756;0.68;27.84;31.83;25.54;70.76;8.57;40.5;0.0
2018;3;30;67.054;7.189;0.64;27.33;30.78;25.34;73.9;8.82;37.6;0.03
2018;3;31;50.098;71.383;0.48;26.46;28.88;24.96;74.55;7.81;31.2;0.32
2018;4;1;4.951;70.344;0.47;26.24;28.69;24.73;76.11;7.41;28.4;0.04
2018;4;2;52.406;69.929;0.5;26.68;29.16;25.01;76.85;7.22;27.0;0.06
2018;4;3;52.488;70.939;0.5;27.04;29.96;25.15;78.33;7.19;27.7;0.09
2018;4;4;63.216;71.993;0.6;27.06;30.19;25.16;78.45;6.52;30.2;0.08
2018;4;5;47.357;6.954;0.45;27.01;30.05;25.11;77.29;6.69;26.7;0.06
2018;4;6;40.781;71.566;0.39;27.19;30.33;25.42;75.46;5.56;32.7;1.5
2018;4;7;48.041;70.176;0.46;27.34;30.56;25.2;74.81;4.78;44.1;0.85
2018;4;8;60.106;71.702;0.57;27.91;31.8;25.26;74.51;5.52;38.0;0.23
2018;4;9;58.538;70.997;0.56;28.06;31.81;25.46;74.15;6.66;42.1;0.06
2018;4;10;49.829;70.745;0.47;28.24;32.06;25.79;70.98;6.51;37.4;0.14
2018;4;11;40.841;70.786;0.39;27.64;30.78;25.55;77.06;6.16;40.7;2.27
2018;4;12;51.038;71.309;0.49;27.48;30.67;25.69;75.92;7.27;33.7;0.24
2018;4;13;66.341;74.009;0.63;27.91;31.16;25.74;72.98;7.27;34.0;0.0
2018;4;14;67.752;71.362;0.64;27.97;31.41;25.62;74.21;6.03;43.1;0.08
2018;4;15;61.925;69.547;0.59;28.46;32.42;25.52;74.57;5.95;37.7;0.19
2018;4;16;62.966;70.234;0.6;28.02;31.52;25.81;78.55;6.52;31.1;1.77
2018;4;17;65.352;71.378;0.62;27.74;30.7;25.93;77.84;9.08;32.2;0.5
2018;4;18;65.042;7.158;0.62;28.2;32.21;26.02;78.54;7.89;37.1;5.77
2018;4;19;58.522;70.354;0.56;27.93;30.92;25.99;80.75;5.78;45.9;7.44
2018;4;20;50.218;70.555;0.48;27.76;30.45;26.31;82.33;5.11;46.4;7.25
2018;4;21;64.726;71.971;0.62;27.17;29.23;26.18;86.27;5.97;42.8;12.71
2018;4;22;52.157;71.256;0.5;27.44;30.43;25.81;83.63;4.76;44.3;4.46
2018;4;23;60.665;71.923;0.58;27.46;30.06;25.78;83.49;5.1;43.9;5.33
2018;4;24;6.635;7.255;0.63;28.19;32.56;25.73;79.2;5.88;40.3;2.25
2018;4;25;62.981;71.786;0.6;27.61;30.5;25.99;83.52;5.48;38.5;5.18
2018;4;26;56.662;70.157;0.54;27.74;30.4;26.16;82.61;4.81;43.8;0.68
2018;4;27;27.197;6.797;0.26;27.64;30.58;25.92;83.1;3.46;36.4;1.37
2018;4;28;44.966;70.258;0.43;27.72;30.7;25.99;83.06;3.8;34.6;2.41
2018;4;29;60.578;69.583;0.58;27.86;31.19;26.05;80.97;6.51;37.1;0.86
2018;4;30;61.591;70.574;0.59;28.03;31.14;26.15;77.12;7.38;37.9;0.11
2018;5;1;58.034;69.312;0.55;28.09;31.15;26.34;79.67;8.05;38.4;0.82
2018;5;2;57.936;67.195;0.55;27.77;30.84;25.88;80.99;6.37;46.1;1.15
2018;5;3;55.056;68.851;0.52;27.76;30.96;26.03;83.91;5.51;37.4;7.03
2018;5;4;29.494;69.458;0.28;27.86;30.65;26.07;83.0;3.02;35.1;3.51
2018;5;5;36.386;71.378;0.35;27.12;28.9;26.1;84.88;1.97;147.4;24.89
2018;5;6;42.235;70.068;0.4;27.18;29.18;25.99;84.82;2.44;2.4;19.24
2018;5;7;40.214;70.003;0.38;27.74;30.71;25.98;82.95;2.45;2.5;22.95
2018;5;8;30.444;69.331;0.29;27.74;29.9;26.35;82.96;2.19;34.8;9.3
2018;5;9;5.339;69.034;0.51;27.89;30.47;26.34;82.42;3.34;38.7;13.46
2018;5;10;5.885;70.217;0.56;27.5;29.95;26.23;85.76;5.02;42.5;28.43
2018;5;11;57.276;71.426;0.55;28.08;31.36;26.45;81.42;5.79;45.5;1.4
2018;5;12;63.384;7.175;0.61;27.99;31.06;26.21;81.52;5.82;43.1;1.78
2018;5;13;4.62;71.093;0.44;27.62;30.48;26.05;81.94;5.16;49.8;1.51
2018;5;14;32.347;69.893;0.31;27.39;29.46;25.89;84.79;4.07;44.5;4.05
2018;5;15;57.034;70.428;0.55;27.42;29.25;26.0;84.71;4.04;55.8;3.6
2018;5;16;66.533;71.762;0.64;27.93;30.43;26.26;82.87;5.08;49.5;2.63
2018;5;17;49.193;70.915;0.47;27.84;30.11;26.33;83.28;4.61;52.5;2.77
2018;5;18;47.431;70.037;0.46;27.47;29.53;26.05;84.08;3.93;52.2;6.25
2018;5;19;22.296;69.809;0.21;26.97;28.51;25.9;84.72;3.32;59.3;6.65
2018;5;20;64.644;70.265;0.62;27.34;29.57;25.69;83.91;2.79;53.9;2.43
2018;5;21;42.806;68.952;0.41;27.43;28.95;26.08;83.1;2.48;51.6;8.03
2018;5;22;53.064;70.241;0.51;27.14;28.54;25.87;88.67;4.09;38.2;13.41
2018;5;23;57.504;70.008;0.55;27.83;30.08;26.3;85.74;4.12;52.1;4.22
2018;5;24;41.374;70.159;0.4;28.14;30.25;26.7;84.92;4.14;55.8;4.59
2018;5;25;62.549;7.043;0.6;28.19;30.53;26.71;84.54;3.6;54.8;4.94
2018;5;26;48.178;68.906;0.47;27.82;30.02;26.34;85.62;2.18;61.3;12.31
2018;5;27;50.086;69.598;0.48;27.75;30.35;26.02;85.37;3.07;34.5;22.92
2018;5;28;53.446;70.454;0.52;28.2;30.47;26.67;84.09;2.0;41.2;16.14
2018;5;29;66.264;70.997;0.64;28.56;31.01;26.9;83.94;3.75;43.9;3.31
2018;5;30;60.098;70.145;0.58;28.72;31.38;27.28;81.13;4.11;45.2;1.53
2018;5;31;69.091;71.047;0.67;28.65;32.35;26.61;79.61;6.02;45.0;0.92
2018;6;1;62.112;71.011;0.6;28.28;31.3;26.63;81.56;5.45;47.8;1.68
2018;6;2;63.182;70.534;0.61;27.86;29.78;26.61;85.58;5.02;48.8;2.54
2018;6;3;59.846;6.989;0.58;28.13;30.49;26.84;86.25;4.9;43.7;2.93
2018;6;4;61.447;69.331;0.6;28.16;30.42;26.81;85.3;4.61;46.0;5.27
2018;6;5;5.339;69.713;0.52;28.16;31.06;26.5;82.98;5.55;42.5;2.76
2018;6;6;60.235;70.536;0.58;27.91;30.21;26.78;86.45;4.59;45.9;1.78
2018;6;7;58.298;69.648;0.57;27.98;29.95;26.7;86.59;5.42;46.8;0.94
2018;6;8;57.828;68.597;0.56;28.28;30.7;26.55;83.08;6.2;51.8;3.53
2018;6;9;6.079;68.004;0.59;28.04;31.51;26.03;80.1;5.89;44.6;1.04
2018;6;10;47.414;68.825;0.46;27.62;29.82;26.31;85.1;5.28;44.7;1.64
2018;6;11;36.521;67.116;0.36;27.38;28.86;26.51;88.62;2.76;49.1;5.64
2018;6;12;60.727;69.984;0.59;27.27;28.89;26.27;88.58;3.51;55.9;7.96
2018;6;13;63.986;6.841;0.62;27.82;31.11;26.19;85.09;4.84;52.0;1.55
2018;6;14;49.195;67.253;0.48;28.03;30.83;25.93;84.86;4.11;64.1;12.48
2018;6;15;48.588;68.299;0.47;27.55;29.51;25.96;85.31;3.74;52.1;11.45
2018;6;16;66.636;70.397;0.65;28.11;31.12;26.19;83.02;4.55;45.3;1.84
2018;6;17;67.243;70.769;0.66;28.46;32.1;26.55;82.84;5.56;44.0;1.22
2018;6;18;49.049;69.439;0.48;27.59;29.32;26.13;87.58;3.02;50.8;6.37
2018;6;19;3.229;69.305;0.31;27.11;29.68;25.72;86.76;2.56;7.9;9.02
2018;6;20;49.526;68.962;0.48;26.71;28.91;25.57;85.83;2.51;29.2;10.4
2018;6;21;56.042;70.963;0.55;27.51;29.83;25.61;85.12;3.07;42.6;8.6
2018;6;22;5.904;70.678;0.58;27.68;29.68;26.44;86.32;4.73;48.6;7.44
2018;6;23;68.587;7.2;0.67;27.77;29.74;26.5;86.45;5.56;52.2;2.82
2018;6;24;46.858;68.266;0.46;27.86;30.26;26.15;84.1;4.19;57.6;4.7
2018;6;25;45.043;69.919;0.44;27.9;30.2;26.79;84.5;4.65;55.0;5.28
2018;6;26;60.178;69.511;0.59;27.73;29.85;26.54;86.06;4.52;53.8;8.26
2018;6;27;48.636;67.402;0.47;27.51;29.55;26.28;86.44;5.87;52.1;5.45
2018;6;28;55.754;66.458;0.54;27.14;29.21;26.02;87.02;5.37;47.0;4.43
2018;6;29;53.198;68.297;0.52;27.12;29.51;25.81;84.88;5.98;48.2;4.88
2018;6;30;61.459;69.478;0.6;27.16;29.36;25.66;86.06;5.55;46.5;10.68
2018;7;1;52.661;69.101;0.51;27.07;29.65;25.53;86.09;6.03;49.8;14.79
2018;7;2;62.844;70.728;0.61;26.98;29.62;25.6;87.15;4.89;44.8;31.49
2018;7;3;50.131;68.503;0.49;27.26;29.48;25.62;87.91;3.99;47.0;36.43
2018;7;4;68.129;71.066;0.66;27.71;30.85;25.95;85.9;5.36;50.9;8.89
2018;7;5;62.306;7.099;0.61;27.96;30.17;26.4;85.74;5.9;56.3;0.85
2018;7;6;64.447;70.913;0.63;27.68;30.19;25.98;81.94;6.68;46.1;0.27
2018;7;7;69.319;71.347;0.68;27.7;30.76;25.74;82.6;5.94;45.6;0.13
2018;7;8;6.865;71.772;0.67;27.54;30.14;25.83;85.05;5.91;46.1;0.17
2018;7;9;66.559;72.415;0.65;27.51;30.17;26.03;84.7;6.97;42.5;0.48
2018;7;10;5.737;70.142;0.56;27.52;30.28;26.26;87.04;4.64;45.7;2.19
2018;7;11;59.477;71.364;0.58;27.2;29.5;25.92;87.58;3.23;49.1;2.78
2018;7;12;70.548;71.808;0.69;27.75;30.43;26.22;85.42;6.32;50.6;0.96
2018;7;13;69.002;71.467;0.67;27.94;31.59;25.8;82.95;5.93;46.6;0.53
2018;7;14;61.001;70.481;0.59;27.17;28.88;26.1;88.55;5.21;48.0;1.88
2018;7;15;6.187;69.547;0.6;27.04;28.91;25.91;89.31;5.55;42.1;0.03
2018;7;16;59.933;71.434;0.58;27.24;29.63;25.72;87.02;6.02;43.1;0.12
2018;7;17;5.796;70.183;0.56;27.46;29.8;26.01;86.52;5.01;47.2;0.07
2018;7;18;6.605;71.822;0.64;27.33;29.45;25.98;85.83;6.9;46.3;0.01
2018;7;19;64.474;71.328;0.63;27.29;29.35;25.81;86.0;7.34;45.4;0.23
2018;7;20;62.662;70.579;0.61;27.34;30.24;26.06;87.28;4.76;44.9;1.5
2018;7;21;60.043;67.176;0.58;27.17;29.53;25.76;87.52;5.37;50.5;1.85
2018;7;22;56.976;67.651;0.55;26.9;29.16;25.88;88.78;5.33;37.8;1.63
2018;7;23;56.921;70.754;0.55;27.0;29.74;25.52;87.69;4.37;41.6;1.39
2018;7;24;58.951;68.722;0.57;27.35;29.98;25.98;86.51;4.14;42.4;1.56
2018;7;25;56.232;70.601;0.54;27.56;30.53;26.0;86.83;4.33;42.0;1.84
2018;7;26;5.183;7.153;0.5;27.13;28.57;26.19;89.11;4.22;48.7;1.09
2018;7;27;39.902;68.585;0.39;27.32;29.13;26.08;86.15;3.46;54.8;1.78
2018;7;28;46.363;69.547;0.45;27.75;29.88;26.23;86.4;3.56;46.8;3.4
2018;7;29;54.708;69.842;0.53;27.96;30.52;26.48;84.89;5.73;42.0;2.05
2018;7;30;44.969;70.294;0.43;27.42;28.95;26.45;87.59;5.28;51.8;9.75
2018;7;31;33.626;69.386;0.33;27.4;29.0;26.41;88.11;4.85;53.3;10.95
2018;8;1;55.901;70.166;0.54;27.07;28.96;26.44;87.54;3.96;61.9;12.79
2018;8;2;52.829;69.612;0.51;27.5;30.23;26.16;85.83;4.64;45.1;5.68
2018;8;3;5.909;72.041;0.57;27.58;29.91;25.9;86.45;4.99;42.2;15.87
2018;8;4;59.693;72.338;0.58;27.94;31.23;26.29;82.73;6.33;44.1;4.4
2018;8;5;56.856;7.087;0.55;27.96;30.87;26.12;82.55;5.23;52.3;5.82
2018;8;6;66.694;72.394;0.64;28.0;30.56;26.52;85.06;4.8;47.0;8.61
2018;8;7;6.942;72.271;0.67;28.21;31.43;26.44;83.82;4.82;52.0;4.09
2018;8;8;63.118;73.512;0.61;28.48;31.89;26.51;83.87;5.06;54.9;4.12
2018;8;9;66.842;71.609;0.64;28.09;31.07;26.51;83.63;6.38;45.3;0.46
2018;8;10;63.247;70.966;0.61;26.83;27.78;26.16;86.58;3.83;66.2;0.39
2018;8;11;70.541;73.435;0.68;27.68;30.08;26.03;86.29;4.89;41.9;0.32
2018;8;12;69.218;71.957;0.67;28.01;31.06;26.36;84.12;5.54;48.5;0.24
2018;8;13;61.862;71.314;0.6;27.54;29.87;26.2;84.77;6.1;44.7;0.14
2018;8;14;41.076;66.602;0.4;27.1;29.87;25.59;83.51;5.3;41.8;9.3
2018;8;15;31.318;70.279;0.3;26.5;27.3;25.5;86.19;4.71;18.7;6.25
2018;8;16;71.107;73.116;0.69;28.11;32.28;25.53;81.86;4.81;38.5;0.12
2018;8;17;7.032;7.331;0.68;28.3;32.31;25.96;81.39;5.72;42.5;0.11
2018;8;18;59.808;7.038;0.58;27.98;30.89;26.46;85.26;4.76;45.8;0.36
2018;8;19;59.758;70.342;0.58;27.82;31.1;26.21;84.91;3.97;52.0;0.26
2018;8;20;70.867;73.234;0.68;28.06;30.9;26.58;85.98;4.63;42.7;0.49
2018;8;21;60.859;7.241;0.59;28.58;32.59;26.59;82.17;5.27;44.3;0.2
2018;8;22;52.661;7.092;0.51;28.04;30.97;26.6;84.73;4.8;47.3;0.35
2018;8;23;56.064;70.894;0.54;27.81;30.01;26.51;86.45;3.83;51.6;4.55
2018;8;24;55.598;73.255;0.54;27.8;29.92;26.45;86.31;4.38;47.3;8.72
2018;8;25;65.645;70.339;0.63;27.74;29.52;26.64;87.77;5.6;44.6;4.24
2018;8;26;48.072;69.384;0.46;27.86;29.78;26.78;87.34;5.06;49.4;7.4
2018;8;27;60.497;70.975;0.58;26.96;27.45;26.48;89.78;3.63;55.6;7.45
2018;8;28;6.42;71.885;0.62;27.99;30.77;26.46;84.79;5.25;48.2;3.12
2018;8;29;5.603;70.466;0.54;27.79;29.88;26.37;84.4;5.26;44.3;1.99
2018;8;30;44.508;68.441;0.43;27.4;29.21;26.38;86.37;4.43;46.5;5.03
2018;8;31;6.479;70.577;0.63;27.86;29.95;26.59;86.21;3.15;41.5;4.34
2018;9;1;63.026;70.836;0.61;27.79;29.65;26.72;87.25;4.13;51.2;5.56
2018;9;2;62.698;71.794;0.61;28.07;30.5;26.59;84.78;5.37;49.3;2.34
2018;9;3;68.491;71.954;0.66;28.21;31.45;26.36;82.15;5.35;44.9;0.56
2018;9;4;39.012;6.911;0.38;27.79;29.66;26.63;85.79;3.49;50.4;5.47
2018;9;5;40.968;69.893;0.4;27.12;30.04;25.65;85.51;2.2;14.1;8.8
2018;9;6;54.079;7.061;0.52;26.74;28.05;25.99;88.46;2.63;22.1;14.19
2018;9;7;52.171;69.583;0.51;27.19;29.75;25.78;88.02;4.03;30.5;15.29
2018;9;8;57.545;69.982;0.56;27.46;29.35;26.39;85.84;2.83;26.7;10.99
2018;9;9;54.206;72.019;0.53;28.07;30.55;26.31;83.53;1.96;8.5;2.08
2018;9;10;67.373;72.007;0.65;28.56;31.48;26.84;83.63;3.83;34.1;2.61
2018;9;11;64.771;72.816;0.63;28.54;31.53;26.71;81.83;4.19;37.9;1.12
2018;9;12;59.222;71.678;0.58;28.43;31.3;26.77;81.5;5.26;37.8;1.14
2018;9;13;49.457;69.185;0.48;28.06;30.23;26.95;83.03;4.85;42.2;1.5
2018;9;14;51.415;70.817;0.5;28.1;30.84;26.72;82.94;3.97;30.7;1.16
2018;9;15;49.946;70.514;0.49;27.21;28.74;25.87;87.38;3.45;14.6;31.66
2018;9;16;41.623;7.109;0.41;27.3;29.63;25.71;82.39;2.2;7.6;16.88
2018;9;17;66.221;70.649;0.65;27.81;30.32;26.02;85.15;3.39;32.9;1.89
2018;9;18;58.315;71.254;0.57;28.47;31.56;26.88;84.69;3.62;54.5;1.69
2018;9;19;60.818;70.068;0.6;28.62;31.05;27.16;84.92;4.94;52.0;2.31
2018;9;20;6.149;70.603;0.6;28.52;30.89;27.17;85.73;4.31;48.8;1.52
2018;9;21;59.489;70.193;0.59;28.72;31.2;27.19;84.74;4.49;52.0;1.21
2018;9;22;42.319;68.566;0.42;27.92;29.21;27.14;86.18;3.89;62.0;7.38
2018;9;23;57.406;6.899;0.57;27.6;29.27;26.77;88.19;4.53;53.4;23.93
2018;9;24;48.487;6.744;0.48;27.92;29.84;26.59;86.71;3.56;49.1;11.3
2018;9;25;54.982;68.988;0.54;28.49;30.75;27.02;84.77;4.62;48.6;2.93
2018;9;26;49.704;68.345;0.49;28.08;29.69;26.92;85.37;4.95;49.2;1.51
2018;9;27;2.969;68.458;0.29;27.45;28.63;26.73;87.21;3.89;46.0;9.33
2018;9;28;48.514;67.414;0.48;27.45;28.84;26.66;87.11;4.74;46.3;16.61
2018;9;29;58.082;68.813;0.58;27.87;29.58;26.63;86.14;4.13;43.1;7.16
2018;9;30;58.896;69.043;0.59;27.81;29.81;26.72;85.86;3.51;44.4;6.87
2018;10;1;35.527;66.782;0.36;27.8;29.82;26.66;87.42;3.49;32.8;8.87
2018;10;2;46.697;67.286;0.47;27.89;30.12;26.3;82.34;3.08;44.5;38.14
2018;10;3;47.962;6.821;0.48;27.56;29.83;26.25;84.98;3.07;35.2;5.62
2018;10;4;37.286;68.976;0.37;27.66;30.15;26.2;81.56;3.4;20.2;5.56
2018;10;5;47.652;68.964;0.48;27.65;30.02;26.13;83.75;3.59;15.1;3.32
2018;10;6;42.084;68.304;0.42;27.36;28.64;26.46;87.18;3.68;13.1;6.85
2018;10;7;48.924;68.369;0.49;27.35;29.79;25.97;82.7;2.92;7.9;2.23
2018;10;8;5.239;67.421;0.53;27.93;30.3;26.38;82.57;2.01;349.1;7.35
2018;10;9;39.264;67.385;0.4;28.12;30.48;26.73;81.94;2.27;22.9;8.81
2018;10;10;46.195;66.996;0.47;27.02;28.5;26.07;86.86;2.42;353.7;6.58
2018;10;11;37.486;6.575;0.38;27.13;29.48;25.56;84.33;2.38;331.6;9.59
2018;10;12;4.697;66.314;0.48;26.16;27.72;24.99;85.68;2.24;238.1;18.5
2018;10;13;58.596;69.182;0.6;26.62;27.9;25.4;83.05;3.07;216.4;2.29
2018;10;14;51.322;67.937;0.53;27.01;29.07;25.76;78.75;2.13;21.9;0.76
2018;10;15;57.857;66.905;0.6;28.11;30.94;26.32;79.99;3.57;51.3;1.1
2018;10;16;56.933;67.176;0.59;28.18;30.06;27.0;83.2;3.56;58.0;1.54
2018;10;17;49.704;66.998;0.51;28.15;30.52;26.94;83.82;4.89;49.9;2.18
2018;10;18;53.237;67.258;0.55;28.17;30.81;26.94;84.02;4.87;41.5;13.06
2018;10;19;45.816;65.486;0.48;27.73;29.0;27.01;86.51;6.4;49.1;13.79
2018;10;20;50.695;66.862;0.53;27.98;30.73;26.61;82.11;6.13;45.4;11.16
2018;10;21;42.494;6.528;0.44;27.4;29.04;26.63;85.07;5.67;42.0;20.41
2018;10;22;51.178;64.464;0.54;27.45;29.08;26.62;85.34;5.42;42.7;9.51
2018;10;23;48.926;65.986;0.51;27.59;29.64;26.61;86.18;3.71;37.4;5.43
2018;10;24;52.008;65.659;0.55;27.89;29.74;26.74;85.72;3.13;44.7;5.19
2018;10;25;51.158;65.359;0.54;28.13;30.57;26.93;85.56;4.35;27.6;3.59
2018;10;26;45.502;63.766;0.48;27.5;28.54;26.92;88.59;5.26;37.0;7.59
2018;10;27;49.507;63.022;0.53;27.87;29.79;26.75;87.54;4.24;46.8;5.77
2018;10;28;51.439;63.458;0.55;27.79;29.1;27.03;88.75;6.47;37.5;7.31
2018;10;29;47.458;64.138;0.51;28.0;30.78;26.69;81.46;6.26;42.1;6.58
2018;10;30;43.157;63.598;0.46;27.96;30.79;26.58;81.69;5.62;42.7;0.27
2018;10;31;53.369;62.786;0.57;27.99;29.8;26.89;85.54;5.64;43.7;4.61
2018;11;1;53.676;62.803;0.58;27.83;29.34;26.85;89.22;4.32;50.2;8.12
2018;11;2;26.671;61.363;0.29;27.15;28.31;26.25;87.21;2.92;92.9;10.14
2018;11;3;40.896;6.347;0.44;27.66;30.11;26.17;80.4;4.35;48.6;5.7
2018;11;4;56.998;62.966;0.62;27.75;30.86;25.77;80.5;5.48;45.1;0.61
2018;11;5;53.834;63.809;0.59;27.4;29.98;26.17;83.01;4.73;34.3;5.22
2018;11;6;60.331;64.111;0.66;27.51;30.4;25.91;82.59;4.3;30.3;5.27
2018;11;7;61.666;63.926;0.67;27.64;30.26;26.08;83.33;5.05;35.0;2.87
2018;11;8;57.065;62.191;0.63;28.08;30.79;26.71;85.08;5.53;37.8;4.0
2018;11;9;5.185;61.726;0.57;28.04;30.21;26.93;86.94;4.39;43.2;7.05
2018;11;10;46.174;6.125;0.51;27.97;30.24;27.11;88.03;4.42;42.5;9.24
2018;11;11;59.225;62.806;0.65;28.21;30.73;26.87;84.21;6.81;40.5;0.93
2018;11;12;58.781;62.429;0.65;28.21;30.64;26.93;84.75;6.74;42.0;1.48
2018;11;13;51.456;61.385;0.57;28.03;30.16;26.95;87.19;5.89;47.3;4.67
2018;11;14;4.655;59.731;0.52;27.47;28.93;26.78;89.09;4.63;43.3;14.47
2018;11;15;52.322;60.653;0.58;27.45;29.08;26.54;89.8;3.89;26.6;6.43
2018;11;16;53.618;60.218;0.6;28.01;30.45;26.63;87.49;4.26;43.3;2.61
2018;11;17;56.803;6.029;0.64;27.97;29.99;26.96;86.66;6.52;41.3;0.02
2018;11;18;56.268;60.233;0.63;28.06;30.41;26.82;85.53;6.47;42.1;0.04
2018;11;19;50.839;60.247;0.57;27.86;30.49;26.73;84.64;6.34;41.8;0.05
2018;11;20;53.657;59.441;0.61;27.35;29.13;26.24;87.57;6.46;40.5;0.33
2018;11;21;47.726;58.901;0.54;27.5;29.5;26.56;86.82;6.67;43.3;0.42
2018;11;22;42.792;58.658;0.49;27.27;29.58;26.03;85.01;6.17;41.6;0.63
2018;11;23;57.329;61.008;0.65;27.67;31.07;25.99;81.7;5.53;43.7;0.11
2018;11;24;5.909;60.778;0.67;27.43;30.45;25.88;82.72;5.58;37.8;0.04
2018;11;25;58.301;60.307;0.67;27.49;30.05;25.92;83.21;6.48;41.6;0.04
2018;11;26;57.305;5.904;0.66;27.82;30.74;26.18;82.78;6.65;44.6;2.37
2018;11;27;36.079;57.842;0.41;27.57;30.35;26.29;85.43;4.55;50.5;24.76
2018;11;28;49.944;58.229;0.57;27.3;30.24;25.68;82.07;5.08;44.2;1.59
2018;11;29;5.345;58.476;0.62;27.18;29.54;26.04;82.89;6.37;42.5;3.25
2018;11;30;57.514;60.163;0.66;27.22;30.26;25.31;79.12;6.24;49.2;0.01
2018;12;1;60.391;61.361;0.7;27.37;30.76;25.08;79.76;5.48;49.8;0.04
2018;12;2;59.088;61.138;0.68;27.47;30.95;25.23;80.2;5.35;52.1;0.0
2018;12;3;60.017;61.363;0.7;27.3;30.69;25.3;79.28;5.84;52.2;0.0
2018;12;4;58.692;60.516;0.68;27.21;30.83;25.08;79.07;6.28;47.5;0.0
2018;12;5;58.594;6.029;0.68;26.9;29.51;25.24;80.17;6.76;43.1;0.0
2018;12;6;57.552;59.868;0.67;27.1;29.93;25.41;80.3;6.51;44.2;0.03
2018;12;7;59.758;60.634;0.7;26.91;29.39;24.96;78.23;7.41;48.7;0.0
2018;12;8;59.916;6.042;0.7;27.12;30.67;24.73;79.56;6.09;48.1;0.0
2018;12;9;59.474;60.211;0.7;27.17;30.77;24.95;81.63;5.76;43.9;0.0
2018;12;10;59.177;6.024;0.69;26.91;30.29;24.69;80.45;5.88;45.8;0.0
2018;12;11;5.683;59.155;0.67;26.79;29.59;24.98;82.1;6.34;40.6;0.0
2018;12;12;57.708;59.136;0.68;27.0;29.62;25.54;82.71;7.68;39.4;0.01
2018;12;13;57.646;58.327;0.68;27.25;30.32;25.28;83.08;5.99;42.1;0.05
2018;12;14;55.106;58.687;0.65;27.36;30.85;25.41;80.46;5.78;44.8;0.03
2018;12;15;55.706;58.898;0.65;27.23;30.77;25.16;79.89;5.96;44.6;0.0
2018;12;16;58.915;60.125;0.69;26.56;29.38;24.73;80.37;7.08;44.5;0.0
2018;12;17;58.699;60.206;0.69;26.52;29.72;24.29;81.72;6.63;41.8;0.0
2018;12;18;57.634;59.542;0.68;26.59;29.56;24.59;81.21;6.82;41.5;0.0
2018;12;19;56.995;58.339;0.67;26.61;30.14;24.5;80.5;6.15;43.1;0.0
2018;12;20;52.447;55.843;0.62;27.05;31.07;24.87;83.0;3.9;39.1;0.01
2018;12;21;46.003;55.877;0.54;26.69;29.0;25.32;86.99;4.76;31.5;0.05
2018;12;22;57.682;58.771;0.68;26.77;29.58;25.17;79.03;8.22;40.6;0.0
2018;12;23;59.971;60.221;0.71;26.8;30.05;24.9;79.02;8.22;48.0;0.0
2018;12;24;60.809;60.926;0.71;26.61;29.95;24.64;78.42;7.39;45.8;0.0
2018;12;25;6.018;60.655;0.71;26.3;29.56;24.24;77.85;7.92;43.0;0.0
2018;12;26;59.134;59.436;0.69;26.32;29.33;24.38;76.75;8.32;47.5;0.0
2018;12;27;60.228;60.629;0.71;26.44;30.71;23.67;76.38;7.11;49.6;0.0
2018;12;28;60.348;60.523;0.71;26.66;30.33;24.32;76.02;7.91;50.2;0.0
2018;12;29;60.094;60.154;0.7;26.69;30.93;24.24;74.47;7.99;50.1;0.0
2018;12;30;61.378;61.589;0.72;26.26;29.97;23.45;75.86;7.6;49.5;0.0
2018;12;31;60.643;6.071;0.71;26.19;29.84;23.52;77.01;7.9;45.9;0.0
2019;1;1;60.941;61.154;0.71;26.27;30.19;23.66;75.01;8.74;48.8;0.0
2019;1;2;61.102;61.169;0.71;26.33;30.02;24.13;73.85;8.87;49.4;0.0
2019;1;3;60.283;60.564;0.7;26.44;30.58;23.74;78.12;6.88;44.6;0.0
2019;1;4;60.005;60.082;0.7;26.57;31.2;23.8;79.35;5.53;43.0;0.0
2019;1;5;59.554;5.982;0.69;26.27;29.79;24.02;81.6;6.57;38.4;0.0
2019;1;6;55.831;58.433;0.65;26.14;29.23;24.54;81.48;7.65;33.7;0.0
2019;1;7;53.791;57.343;0.62;26.46;30.28;24.28;78.65;6.6;35.8;0.0
2019;1;8;51.511;57.826;0.6;26.24;29.45;24.27;79.48;7.08;37.4;0.0
2019;1;9;41.714;56.851;0.48;26.17;29.47;24.0;78.05;6.29;37.5;0.0
2019;1;10;51.977;59.722;0.6;25.68;28.28;24.22;79.61;6.15;23.9;0.05
2019;1;11;56.136;59.825;0.65;25.79;28.45;24.01;78.34;6.47;27.2;0.39
2019;1;12;57.062;59.218;0.65;26.62;30.0;24.74;76.7;7.38;38.3;0.08
2019;1;13;58.219;60.456;0.67;26.84;29.92;24.9;75.79;7.87;40.6;0.05
2019;1;14;60.708;61.282;0.69;26.88;30.07;24.87;73.7;7.81;39.6;0.02
2019;1;15;58.819;60.197;0.67;26.53;29.48;24.14;74.77;8.0;40.4;0.0
2019;1;16;59.393;60.334;0.68;26.46;29.5;24.72;75.34;8.35;36.4;0.0
2019;1;17;58.838;60.178;0.67;26.53;29.76;24.83;78.54;8.35;35.7;0.0
2019;1;18;58.937;60.178;0.67;26.47;29.38;24.58;79.59;8.08;37.1;0.0
2019;1;19;60.439;60.946;0.68;26.77;30.48;24.47;78.28;7.74;40.2;0.0
2019;1;20;60.725;61.462;0.68;26.68;30.75;24.22;77.7;6.88;36.1;0.0
2019;1;21;60.022;61.253;0.67;26.33;29.13;24.5;77.76;9.65;37.0;0.12
2019;1;22;61.126;6.143;0.68;26.58;29.87;24.51;75.63;9.78;42.6;0.39
2019;1;23;62.594;62.666;0.7;26.88;30.87;24.27;73.8;8.51;49.0;0.24
2019;1;24;62.376;62.472;0.69;26.9;31.25;24.05;76.7;6.24;39.7;0.09
2019;1;25;6.095;61.195;0.68;26.75;30.78;23.87;77.44;6.68;36.9;0.4
2019;1;26;59.484;61.603;0.66;26.57;30.72;24.01;76.96;6.92;38.9;0.0
2019;1;27;59.081;61.183;0.65;26.8;30.63;24.36;78.38;5.08;35.3;0.0
2019;1;28;5.237;60.065;0.58;26.84;30.64;24.58;78.94;5.47;29.3;0.0
2019;1;29;61.589;63.612;0.68;26.59;30.25;24.12;76.65;6.48;26.7;0.0
2019;1;30;59.177;62.534;0.65;26.5;29.66;24.81;76.17;8.2;34.0;0.0
2019;1;31;55.781;60.626;0.61;26.76;29.8;24.89;73.99;8.3;37.0;0.0
2019;2;1;58.541;62.357;0.64;27.05;30.67;24.63;73.77;7.09;35.0;0.0
2019;2;2;5.797;62.129;0.63;26.6;29.49;24.68;73.67;7.13;37.8;0.0
2019;2;3;62.578;63.482;0.68;26.71;30.19;24.57;72.63;7.68;37.0;0.0
2019;2;4;6.223;63.298;0.67;26.81;30.29;24.3;75.07;7.1;34.1;0.0
2019;2;5;60.463;63.096;0.65;26.74;29.95;24.94;75.64;8.15;34.0;0.0
2019;2;6;60.646;62.748;0.65;26.82;30.21;24.86;74.84;8.68;34.7;0.0
2019;2;7;61.927;63.065;0.66;26.95;30.08;25.12;76.67;9.21;36.8;0.0
2019;2;8;62.952;64.505;0.67;26.81;29.96;24.82;73.66;9.19;38.6;0.0
2019;2;9;62.858;64.925;0.67;26.52;29.25;24.74;72.46;9.91;38.8;0.0
2019;2;10;64.078;65.045;0.68;26.82;29.83;24.6;70.18;9.13;42.4;0.0
2019;2;11;63.458;64.577;0.67;27.1;31.19;24.3;70.99;7.39;40.3;0.0
2019;2;12;55.759;64.356;0.59;27.03;31.12;24.18;74.61;6.3;39.1;0.0
2019;2;13;6.006;62.851;0.63;27.12;31.62;24.45;77.86;4.46;34.0;0.0
2019;2;14;56.138;62.268;0.59;26.97;30.69;24.84;80.44;5.53;23.1;0.04
2019;2;15;53.033;61.685;0.55;26.52;29.64;24.87;82.61;6.15;18.7;0.25
2019;2;16;56.642;62.935;0.59;27.03;31.08;24.86;81.95;5.36;22.4;0.74
2019;2;17;63.005;6.426;0.65;27.77;32.05;25.46;78.99;6.66;34.8;1.66
2019;2;18;5.927;65.494;0.61;27.91;31.93;25.56;72.55;7.39;39.7;0.04
2019;2;19;61.344;63.317;0.63;27.63;30.94;25.61;72.16;8.32;40.6;0.02
2019;2;20;50.431;62.311;0.52;27.58;31.35;25.45;74.93;7.2;45.8;0.0
2019;2;21;64.075;6.551;0.66;27.54;31.25;24.95;74.15;7.05;41.6;0.0
2019;2;22;6.096;63.838;0.62;27.62;31.37;25.24;73.44;7.55;39.5;0.0
2019;2;23;53.695;6.246;0.55;27.83;31.49;25.68;72.7;7.08;40.7;0.0
2019;2;24;62.724;66.197;0.64;27.49;30.99;25.56;70.88;8.22;44.7;0.0
2019;2;25;68.405;69.091;0.7;26.98;30.48;24.51;70.1;9.66;44.6;0.0
2019;2;26;67.099;67.591;0.68;27.02;30.76;24.58;70.64;9.24;45.3;0.0
2019;2;27;65.254;66.302;0.66;26.7;30.84;23.97;72.95;7.38;40.5;0.0
2019;2;28;60.578;62.191;0.61;26.95;31.53;23.95;73.25;6.62;37.2;0.0
2019;3;1;58.493;61.954;0.59;26.81;31.08;24.23;77.26;5.74;37.7;0.0
2019;3;2;49.272;61.409;0.5;26.47;30.34;24.45;77.37;6.21;34.4;0.0
2019;3;3;56.782;6.222;0.57;26.93;31.12;24.76;75.26;6.65;36.8;0.0
2019;3;4;49.918;61.183;0.5;26.88;31.04;24.47;77.03;6.09;38.5;0.0
2019;3;5;58.488;63.984;0.58;26.76;30.38;24.5;77.8;7.59;32.7;0.0
2019;3;6;57.929;63.958;0.58;26.66;29.18;24.96;78.35;9.44;35.8;0.0
2019;3;7;62.172;65.527;0.62;26.72;29.61;24.86;75.53;9.98;36.8;0.0
2019;3;8;6.575;67.248;0.65;27.09;30.43;25.08;75.31;9.32;36.7;0.0
2019;3;9;6.757;68.191;0.67;27.17;30.83;24.99;76.78;8.51;36.0;0.0
2019;3;10;6.391;6.577;0.63;27.47;31.06;24.94;74.98;8.29;37.0;0.0
2019;3;11;64.056;66.931;0.63;27.21;30.29;25.48;73.02;9.29;38.4;0.0
2019;3;12;67.793;69.427;0.67;26.6;29.71;24.7;74.58;8.96;35.0;0.0
2019;3;13;70.284;7.135;0.69;26.36;29.65;24.11;75.5;8.68;34.2;0.0
2019;3;14;66.101;67.486;0.65;26.91;30.79;24.46;76.9;7.93;34.2;0.0
2019;3;15;61.529;65.772;0.6;26.84;30.54;24.79;78.92;8.24;35.7;0.0
2019;3;16;6.582;67.457;0.64;27.06;30.58;24.97;75.53;8.71;36.4;0.0
2019;3;17;66.247;68.549;0.65;27.08;30.78;24.7;74.56;8.57;36.1;0.0
2019;3;18;63.096;66.415;0.61;27.19;31.3;24.8;75.67;8.15;35.9;0.0
2019;3;19;56.779;61.709;0.55;27.5;31.9;25.04;74.83;6.48;33.1;0.0
2019;3;20;53.561;63.679;0.52;26.69;29.93;24.68;79.29;7.11;30.0;0.02
2019;3;21;63.439;67.308;0.61;26.6;30.08;24.68;76.94;7.98;26.2;0.0
2019;3;22;4.819;6.551;0.47;26.26;28.83;24.74;78.16;7.93;22.4;0.0
2019;3;23;60.982;65.174;0.59;27.32;31.06;25.08;76.99;7.16;31.0;0.0
2019;3;24;60.912;65.695;0.59;27.68;31.55;25.31;76.21;7.51;35.9;0.0
2019;3;25;65.098;67.766;0.63;27.49;31.25;25.1;74.82;7.41;32.8;0.0
2019;3;26;63.442;6.786;0.61;27.28;30.84;25.35;76.52;7.93;28.4;0.0
2019;3;27;58.589;63.017;0.56;27.04;30.25;25.42;76.46;8.61;26.8;0.0
2019;3;28;58.601;63.175;0.56;27.14;30.31;25.42;77.17;7.28;24.6;0.01
2019;3;29;37.308;59.129;0.36;27.08;29.92;25.8;79.86;7.08;21.7;0.01
2019;3;30;53.801;6.198;0.52;27.41;30.56;25.59;80.92;6.86;27.0;0.04
2019;3;31;56.321;63.886;0.54;27.84;31.2;25.88;81.07;6.95;31.4;0.03
2019;4;1;38.767;63.079;0.37;27.5;29.98;25.94;80.59;7.65;36.2;0.14
2019;4;2;4.571;69.804;0.44;27.79;30.82;25.86;72.65;7.81;34.8;0.0
2019;4;3;66.178;74.938;0.63;28.05;31.21;26.08;69.97;9.34;38.9;0.0
2019;4;4;71.779;74.494;0.69;28.04;31.38;25.87;71.1;8.44;39.0;0.0
2019;4;5;68.815;72.682;0.66;28.17;31.88;26.01;71.24;7.53;39.8;0.02
2019;4;6;6.564;71.467;0.63;28.12;32.4;25.43;71.05;6.92;39.6;0.0
2019;4;7;65.894;70.788;0.63;28.3;32.69;25.57;74.32;6.62;41.3;0.0
2019;4;8;61.762;68.119;0.59;28.04;32.08;25.7;74.81;6.43;42.6;0.0
2019;4;9;58.661;67.166;0.56;28.43;32.03;25.94;74.83;5.41;33.8;0.0
2019;4;10;53.148;65.892;0.51;28.05;31.37;25.91;77.26;4.59;17.9;0.07
2019;4;11;50.383;66.432;0.48;28.06;32.21;25.58;78.2;4.7;20.0;0.4
2019;4;12;58.958;63.806;0.56;28.36;32.2;26.13;76.15;6.94;35.6;0.12
2019;4;13;5.994;6.467;0.57;28.49;32.03;26.62;75.5;7.29;36.0;0.08
2019;4;14;57.266;65.112;0.54;28.63;32.14;26.68;76.86;5.91;40.3;0.17
2019;4;15;5.405;68.057;0.51;28.27;31.47;26.3;77.2;6.55;38.3;0.18
2019;4;16;6.295;69.377;0.6;27.83;30.29;26.29;77.25;8.88;36.7;0.68
2019;4;17;64.094;70.656;0.61;28.15;31.46;26.23;75.35;7.81;37.3;2.45
2019;4;18;47.532;69.526;0.45;27.88;31.41;25.85;77.14;6.74;42.5;10.74
2019;4;19;62.429;72.202;0.59;28.25;31.25;26.04;77.39;6.03;38.2;1.05
2019;4;20;45.211;69.446;0.43;28.35;31.79;26.12;78.44;5.51;41.6;4.45
2019;4;21;53.844;70.714;0.51;27.67;30.26;25.98;80.35;7.83;35.1;0.86
2019;4;22;37.123;71.136;0.35;27.32;29.52;25.93;80.42;6.37;36.5;3.13
2019;4;23;5.621;72.259;0.53;27.18;29.14;25.7;78.58;6.39;31.3;0.83
2019;4;24;61.654;73.061;0.59;27.8;31.62;25.43;75.29;6.0;28.0;0.01
2019;4;25;60.862;70.906;0.58;28.2;31.77;26.06;78.46;6.4;38.1;0.2
2019;4;26;54.818;71.275;0.52;28.32;31.48;26.21;81.32;5.41;36.0;1.19
2019;4;27;60.576;71.861;0.58;28.11;31.26;26.3;83.33;6.85;39.0;5.56
2019;4;28;67.166;72.413;0.64;28.66;32.77;26.18;80.33;6.17;41.3;13.83
2019;4;29;62.945;69.749;0.6;28.4;31.63;26.3;80.24;6.43;38.3;1.69
2019;4;30;67.766;71.554;0.65;28.88;32.93;26.46;77.2;6.2;38.7;0.81
2019;5;1;65.726;71.054;0.63;29.11;33.48;26.45;75.36;6.3;42.3;0.02
2019;5;2;70.332;72.698;0.67;28.49;31.93;26.29;78.02;6.23;41.0;0.01
2019;5;3;61.973;70.567;0.59;28.23;31.33;26.27;80.02;6.14;41.3;0.02
2019;5;4;44.628;67.464;0.43;28.07;31.11;26.42;81.7;5.5;41.5;0.04
2019;5;5;59.138;69.187;0.56;27.98;30.09;26.48;82.07;5.45;43.4;0.09
2019;5;6;65.714;70.728;0.63;28.4;31.89;26.32;81.17;5.94;42.2;0.53
2019;5;7;57.593;70.226;0.55;28.01;30.96;26.28;83.81;5.2;40.8;1.41
2019;5;8;38.059;70.829;0.36;27.52;29.75;26.13;85.94;5.38;39.3;2.56
2019;5;9;37.322;70.013;0.36;27.65;29.84;26.04;85.72;4.32;43.9;2.4
2019;5;10;34.507;71.357;0.33;27.39;29.56;26.02;86.37;2.44;50.2;3.19
2019;5;11;40.027;71.155;0.38;26.96;28.74;25.75;87.02;5.0;37.0;2.1
2019;5;12;55.435;7.061;0.53;28.16;31.07;26.24;82.58;4.05;47.2;0.79
2019;5;13;60.811;70.272;0.58;28.47;30.98;26.86;83.8;3.96;50.5;1.08
2019;5;14;56.412;70.603;0.54;29.51;33.85;27.27;78.98;3.31;49.8;1.09
2019;5;15;48.917;70.644;0.47;28.53;31.55;26.89;81.92;2.69;46.2;2.7
2019;5;16;65.282;72.043;0.63;29.16;32.67;27.0;79.18;3.97;36.5;3.59
2019;5;17;59.916;71.153;0.58;28.86;31.2;27.1;80.18;4.61;40.1;1.45
2019;5;18;39.835;69.821;0.38;28.43;30.83;26.73;80.66;4.88;51.4;2.13
2019;5;19;31.906;69.506;0.31;28.12;30.5;26.82;83.16;4.23;43.5;6.48
2019;5;20;63.449;70.428;0.61;28.28;30.84;26.64;81.87;3.65;39.3;6.95
2019;5;21;2.575;7.009;0.25;28.05;30.59;26.28;81.49;2.83;36.8;5.17
2019;5;22;65.386;69.835;0.63;28.21;30.85;26.5;83.68;3.11;30.6;3.44
2019;5;23;3.623;69.835;0.35;28.04;29.83;26.93;85.2;5.53;41.5;3.38
2019;5;24;52.308;71.119;0.5;28.09;30.64;26.66;84.18;4.12;36.1;6.93
2019;5;25;32.954;71.306;0.32;28.22;30.83;26.71;81.49;4.96;43.7;7.61
2019;5;26;3.437;70.205;0.33;27.55;29.08;26.89;88.18;5.05;39.1;11.2
2019;5;27;59.098;70.882;0.57;28.47;31.74;26.23;80.86;3.9;50.4;7.19
2019;5;28;25.776;71.664;0.25;27.42;28.98;26.51;85.78;3.62;34.3;5.81
2019;5;29;57.283;69.838;0.55;27.66;29.78;26.32;86.24;3.33;9.8;6.92
2019;5;30;45.055;6.905;0.44;27.5;29.26;26.75;87.47;3.99;2.9;13.85
2019;5;31;49.051;70.042;0.47;27.26;28.16;26.61;90.59;2.64;74.7;30.79
2019;6;1;5.1;71.429;0.49;27.81;30.53;26.32;81.88;2.59;64.4;10.79
2019;6;2;53.107;70.445;0.51;27.78;29.61;26.57;84.91;4.16;41.6;6.5
2019;6;3;68.566;71.378;0.66;28.65;31.68;27.11;83.05;4.28;42.3;7.75
2019;6;4;6.396;71.515;0.62;28.68;31.02;27.42;86.27;3.9;48.9;10.33
2019;6;5;5.773;7.069;0.56;28.98;31.04;27.64;84.86;3.3;59.1;2.56
2019;6;6;30.401;68.966;0.3;28.37;31.03;26.75;84.26;2.02;80.0;10.68
2019;6;7;27.677;70.615;0.27;28.36;30.68;26.61;82.53;1.58;1.3;2.16
2019;6;8;61.733;69.264;0.6;28.24;30.44;26.59;85.7;3.58;33.3;1.87
2019;6;9;63.734;70.411;0.62;28.55;30.81;27.4;85.97;3.78;54.2;2.41
2019;6;10;43.294;68.131;0.42;28.22;30.19;27.16;86.47;4.55;49.6;6.8
2019;6;11;50.446;68.695;0.49;28.39;30.9;27.01;85.18;4.26;48.5;6.97
2019;6;12;62.957;70.291;0.61;28.03;30.37;26.81;84.49;4.85;47.2;0.87
2019;6;13;67.642;71.126;0.66;28.52;31.9;26.51;82.18;5.53;43.0;1.1
2019;6;14;67.999;70.997;0.66;28.46;32.0;26.59;82.52;5.72;41.9;1.22
2019;6;15;66.312;71.731;0.65;28.35;30.66;26.76;83.79;6.07;39.8;0.0
2019;6;16;68.503;71.933;0.67;28.83;32.39;26.8;82.16;4.86;46.5;0.0
2019;6;17;69.595;71.779;0.68;28.73;32.12;26.58;82.71;5.18;49.6;0.21
2019;6;18;6.617;7.103;0.64;29.26;33.3;26.93;80.22;5.91;47.0;0.02
2019;6;19;5.586;69.406;0.54;28.68;30.84;27.34;84.43;5.26;54.4;0.05
2019;6;20;57.756;68.894;0.56;28.75;31.72;27.03;84.2;5.11;53.0;0.21
2019;6;21;54.134;6.851;0.53;28.07;29.64;27.19;86.02;3.4;51.4;0.31
2019;6;22;41.366;69.413;0.4;28.28;30.64;26.8;84.15;5.73;48.4;0.04
2019;6;23;54.017;68.398;0.53;28.07;30.67;26.54;84.03;5.26;48.3;0.04
2019;6;24;34.627;68.254;0.34;27.43;29.25;26.2;86.4;3.31;62.0;0.54
2019;6;25;5.07;69.355;0.49;27.88;30.33;26.32;85.37;4.11;45.8;1.91
2019;6;26;70.034;71.736;0.68;28.3;31.29;26.53;81.98;6.28;48.1;0.24
2019;6;27;57.547;7.116;0.56;28.1;31.15;26.09;79.22;6.37;45.7;0.09
2019;6;28;62.926;71.285;0.61;27.94;30.98;26.07;81.35;5.99;45.6;0.12
2019;6;29;54.686;69.914;0.53;27.93;30.88;26.01;84.33;4.65;47.1;1.54
2019;6;30;55.154;68.177;0.54;27.48;29.63;26.14;86.41;5.3;45.6;1.97
2019;7;1;49.334;68.642;0.48;27.33;29.45;26.1;86.93;5.52;44.9;1.55
2019;7;2;50.246;70.116;0.49;27.2;29.54;25.87;88.02;4.15;47.8;2.94
2019;7;3;6.75;71.806;0.66;27.6;30.99;25.64;82.99;5.29;43.6;0.41
2019;7;4;7.038;71.942;0.69;27.86;31.46;25.19;77.52;6.79;39.8;0.03
2019;7;5;68.755;72.245;0.67;28.22;32.14;25.6;80.6;5.39;42.8;0.72
2019;7;6;58.543;70.956;0.57;28.32;31.91;26.54;82.91;4.66;51.9;2.44
2019;7;7;64.531;71.174;0.63;28.22;31.45;26.64;82.56;5.32;45.7;2.14
2019;7;8;52.613;70.824;0.51;27.89;31.34;26.1;84.44;3.96;50.0;13.09
2019;7;9;37.066;68.071;0.36;27.46;29.44;25.8;85.65;2.62;47.0;7.86
2019;7;10;6.599;70.298;0.64;28.28;31.54;26.34;83.3;4.28;47.2;0.18
2019;7;11;61.565;70.594;0.6;28.3;31.5;26.27;79.99;6.39;46.3;0.03
2019;7;12;70.428;72.504;0.69;28.3;31.59;25.86;77.81;6.57;43.0;0.01
2019;7;13;66.936;70.646;0.65;28.56;31.72;26.19;79.54;6.37;45.1;0.18
2019;7;14;58.445;70.058;0.57;28.17;30.83;26.67;84.29;4.63;46.7;5.43
2019;7;15;6.395;7.151;0.62;28.2;31.76;26.36;82.81;4.69;44.7;16.05
2019;7;16;65.251;70.694;0.63;28.03;31.38;26.12;84.51;4.95;42.3;13.65
2019;7;17;68.112;7.206;0.66;28.15;30.91;26.52;82.04;6.58;49.6;10.96
2019;7;18;68.222;72.163;0.66;28.41;31.81;26.46;81.8;6.2;43.1;8.78
2019;7;19;48.864;71.004;0.47;28.08;30.56;26.75;87.04;4.74;48.8;11.48
2019;7;20;69.101;71.597;0.67;28.25;31.22;26.73;85.43;5.14;49.0;0.95
2019;7;21;71.424;72.905;0.69;28.42;31.84;26.46;80.98;6.15;41.4;0.14
2019;7;22;67.118;71.789;0.65;28.24;32.01;26.28;81.28;5.7;38.6;0.37
2019;7;23;37.807;68.645;0.37;27.44;29.97;26.24;87.35;3.23;59.7;2.25
2019;7;24;43.848;69.338;0.43;27.63;30.05;26.29;87.32;3.85;45.2;3.11
2019;7;25;44.868;70.699;0.43;27.51;29.36;26.46;86.48;6.81;46.1;2.71
2019;7;26;6.175;70.865;0.6;27.5;29.19;26.2;85.97;5.09;46.0;3.4
2019;7;27;64.409;71.002;0.62;27.71;29.58;26.42;86.1;5.44;52.7;2.5
2019;7;28;69.785;72.845;0.68;27.8;30.5;25.71;83.59;6.82;41.4;0.42
2019;7;29;64.207;7.159;0.62;27.85;30.55;26.01;83.34;6.09;33.9;0.91
2019;7;30;57.866;7.038;0.56;27.8;30.42;26.28;86.45;4.28;33.1;2.96
2019;7;31;60.406;71.419;0.58;27.94;30.67;26.04;86.26;3.49;31.2;1.27
2019;8;1;59.117;69.557;0.57;28.24;30.93;26.81;87.32;3.09;40.5;2.28
2019;8;2;63.341;70.769;0.61;28.36;31.62;26.61;83.7;4.18;39.4;1.03
2019;8;3;48.936;68.904;0.47;27.98;30.15;26.49;85.07;4.6;42.9;0.76
2019;8;4;53.294;68.434;0.51;28.24;30.73;26.8;86.4;3.84;50.9;4.34
2019;8;5;55.723;69.019;0.54;28.49;31.71;26.86;85.68;4.28;44.1;2.06
2019;8;6;50.275;69.826;0.49;28.6;31.6;26.94;84.34;2.68;40.2;7.44
2019;8;7;51.266;69.691;0.49;28.35;32.28;26.15;78.8;2.58;30.5;3.15
2019;8;8;62.215;71.069;0.6;28.81;31.89;26.79;81.68;2.93;36.6;2.42
2019;8;9;5.137;70.138;0.5;28.91;31.82;27.2;83.86;4.72;39.8;1.65
2019;8;10;66.763;7.097;0.64;29.44;33.03;27.5;82.14;4.97;45.1;1.56
2019;8;11;6.649;71.386;0.64;29.01;31.83;27.38;81.0;6.26;43.3;0.45
2019;8;12;61.615;70.848;0.59;28.86;31.68;27.23;83.4;5.42;41.8;0.73
2019;8;13;5.375;70.846;0.52;28.6;30.8;27.42;86.21;4.51;48.1;2.57
2019;8;14;35.818;68.594;0.35;28.38;30.57;27.33;85.46;4.61;56.8;4.78
2019;8;15;48.238;68.791;0.46;28.17;30.69;26.66;85.19;3.83;49.7;20.5
2019;8;16;32.417;68.086;0.31;27.45;30.21;26.17;89.21;4.04;51.9;45.31
2019;8;17;51.962;70.788;0.5;27.5;28.9;26.47;87.6;2.95;43.1;8.06
2019;8;18;61.838;71.976;0.6;27.94;30.1;26.48;86.94;5.41;46.7;9.47
2019;8;19;65.998;71.686;0.64;28.9;32.31;27.09;83.46;4.42;47.5;5.55
2019;8;20;68.933;72.751;0.66;28.83;32.19;27.01;83.97;3.85;45.2;4.44
2019;8;21;53.921;71.002;0.52;28.95;32.24;27.1;82.54;4.25;40.0;6.26
2019;8;22;65.935;7.194;0.64;28.98;32.91;27.0;80.93;5.73;38.2;2.04
2019;8;23;61.716;71.626;0.59;28.53;30.97;27.26;85.47;5.02;40.9;3.45
2019;8;24;50.969;69.907;0.49;28.82;31.96;27.12;84.75;4.04;46.8;2.54
2019;8;25;66.814;71.167;0.64;28.46;30.58;27.29;86.01;4.3;49.5;2.13
2019;8;26;60.653;70.186;0.58;28.62;31.18;26.97;83.9;5.11;46.3;1.79
2019;8;27;69.936;71.179;0.67;28.57;30.86;27.07;83.88;5.94;46.3;1.31
2019;8;28;52.346;70.416;0.51;28.21;30.94;26.79;84.16;5.81;47.4;1.07
2019;8;29;59.434;70.862;0.57;28.08;30.75;26.69;85.41;3.64;39.1;1.21
2019;8;30;68.779;7.195;0.66;28.43;30.97;26.94;85.13;3.17;22.2;0.66
2019;8;31;64.606;71.803;0.62;28.77;31.68;27.07;85.06;4.37;31.4;1.04
2019;9;1;54.569;69.626;0.53;28.61;30.61;27.18;86.33;3.41;46.7;1.63
2019;9;2;49.795;69.286;0.48;28.59;30.55;27.47;86.19;3.57;36.9;3.09
2019;9;3;65.683;70.829;0.64;28.24;29.2;27.51;86.6;2.72;56.1;2.57
2019;9;4;60.986;70.793;0.59;28.83;31.7;27.29;84.92;4.26;41.7;2.33
2019;9;5;54.283;69.254;0.53;28.64;31.26;27.26;85.44;4.87;46.9;2.89
2019;9;6;63.977;71.628;0.62;28.41;30.77;27.18;84.61;5.05;45.9;2.73
2019;9;7;66.218;7.231;0.64;28.27;30.19;27.17;86.91;3.87;33.0;3.09
2019;9;8;57.293;71.947;0.56;28.8;31.16;27.22;81.97;2.4;32.1;1.57
2019;9;9;65.753;7.098;0.64;29.27;32.3;27.52;82.23;4.16;38.7;1.99
2019;9;10;67.783;7.074;0.66;29.12;32.02;27.6;81.86;6.34;40.5;1.08
2019;9;11;65.386;7.073;0.64;28.96;31.39;27.65;84.48;5.5;38.4;0.91
2019;9;12;52.618;70.639;0.51;28.89;31.43;27.66;85.49;5.16;39.4;2.25
2019;9;13;5.557;69.026;0.54;28.51;30.42;26.71;86.8;2.59;39.4;8.38
2019;9;14;54.696;69.506;0.53;28.42;30.75;26.63;84.81;2.09;349.7;22.38
2019;9;15;53.736;69.646;0.52;29.1;31.68;27.54;84.68;3.33;35.6;5.03
2019;9;16;58.678;70.942;0.57;28.93;31.47;27.6;82.54;4.19;32.4;4.5
2019;9;17;46.956;70.932;0.46;28.82;31.48;27.46;80.61;4.36;23.8;2.5
2019;9;18;49.349;69.874;0.48;28.33;30.53;27.27;84.27;3.64;338.0;6.25
2019;9;19;24.096;70.246;0.24;27.78;29.91;26.52;80.38;3.2;255.4;9.99
2019;9;20;61.174;69.425;0.6;28.07;30.9;26.24;75.74;2.36;284.9;3.9
2019;9;21;16.855;69.542;0.17;28.07;30.74;26.57;78.9;1.89;334.7;2.74
2019;9;22;59.448;6.912;0.59;27.74;29.7;26.4;81.54;2.76;1.9;5.97
2019;9;23;48.259;6.906;0.48;27.85;29.95;26.65;83.4;2.9;352.5;4.11
2019;9;24;57.418;69.845;0.57;28.18;30.3;26.65;79.59;2.31;296.3;2.9
2019;9;25;5.623;69.869;0.56;28.11;30.74;26.52;81.0;2.42;267.0;7.07
2019;9;26;39.379;67.308;0.39;28.16;30.74;26.46;78.54;1.63;7.4;4.49
2019;9;27;58.786;68.263;0.58;28.76;31.6;26.75;80.93;3.55;29.6;5.15
2019;9;28;61.025;70.654;0.61;29.54;32.36;28.12;81.67;4.12;40.6;5.32
2019;9;29;55.022;70.097;0.55;29.28;32.12;27.94;79.45;6.61;37.0;3.86
2019;9;30;44.316;67.834;0.44;28.38;30.01;27.1;84.75;3.61;158.1;15.48
2019;10;1;57.893;67.913;0.58;27.97;30.46;26.64;82.12;2.39;258.7;12.33
2019;10;2;44.659;66.895;0.45;27.94;30.07;26.66;84.48;2.73;342.2;22.2
2019;10;3;50.878;69.329;0.51;28.23;29.77;27.23;85.55;3.84;16.2;16.4
2019;10;4;56.674;68.573;0.57;28.69;31.25;27.48;83.97;4.11;34.3;20.42
2019;10;5;59.352;69.624;0.6;28.69;30.52;27.4;83.45;3.15;53.7;15.54
2019;10;6;50.234;6.881;0.51;28.5;30.59;26.92;82.29;2.74;26.9;15.38
2019;10;7;57.007;68.453;0.58;28.39;29.47;27.52;83.93;3.25;68.2;15.82
2019;10;8;53.196;67.034;0.54;28.7;30.61;27.64;84.82;4.14;49.9;10.08
2019;10;9;50.081;67.382;0.51;28.27;29.71;27.21;85.27;2.96;52.2;13.6
2019;10;10;42.756;66.816;0.43;28.28;30.35;27.09;81.66;2.86;42.0;11.46
2019;10;11;28.692;65.964;0.29;27.41;29.58;26.42;85.88;2.85;18.1;12.67
2019;10;12;41.849;64.097;0.43;27.54;29.65;26.06;83.22;2.09;343.8;14.83
2019;10;13;49.373;64.831;0.51;28.02;30.43;26.21;82.56;2.24;26.1;3.45
2019;10;14;39.588;66.562;0.41;28.08;29.8;27.22;83.92;3.76;31.6;1.82
2019;10;15;57.655;67.015;0.59;28.6;30.88;27.42;82.3;4.56;45.0;0.51
2019;10;16;45.276;66.583;0.47;28.22;29.88;27.32;84.73;4.01;45.9;1.49
2019;10;17;53.698;65.698;0.56;28.21;29.68;27.35;84.47;3.52;50.1;3.62
2019;10;18;53.285;66.137;0.55;28.89;31.64;27.36;81.44;3.89;40.9;5.88
2019;10;19;40.433;65.513;0.42;27.45;28.72;26.76;86.11;3.25;32.5;14.21
2019;10;20;53.926;64.968;0.56;28.01;30.43;26.28;78.94;2.21;3.2;4.11
2019;10;21;37.502;65.741;0.39;27.95;29.52;27.19;85.14;3.48;12.7;8.36
2019;10;22;46.721;65.124;0.49;27.62;29.07;26.85;83.77;3.89;14.5;8.1
2019;10;23;55.078;65.635;0.58;27.61;29.08;26.81;83.8;3.07;54.6;4.29
2019;10;24;42.629;64.236;0.45;27.84;29.17;26.65;83.14;2.47;38.7;11.04
2019;10;25;46.987;6.347;0.5;27.44;29.62;25.89;86.01;3.29;31.6;5.7
2019;10;26;48.948;64.008;0.52;28.85;31.58;27.04;80.85;3.04;43.2;3.7
2019;10;27;50.621;64.663;0.54;28.58;30.45;27.52;85.04;5.8;44.1;3.92
2019;10;28;53.659;6.385;0.57;28.27;30.29;27.16;84.44;4.83;54.4;6.31
2019;10;29;41.702;6.341;0.44;28.29;29.79;27.12;85.67;4.7;50.3;6.23
2019;10;30;48.552;63.283;0.52;28.13;29.7;27.16;85.47;4.31;57.5;5.85
2019;10;31;52.771;63.624;0.57;28.26;30.23;27.12;85.66;4.28;45.7;3.23
2019;11;1;52.032;6.287;0.56;28.1;29.43;27.39;85.88;5.47;34.8;2.65
2019;11;2;4.021;63.046;0.43;28.18;29.68;27.36;84.88;4.98;37.6;0.22
2019;11;3;5.105;62.834;0.55;28.1;29.99;27.06;82.96;5.83;37.9;0.17
2019;11;4;48.996;6.228;0.53;27.94;29.26;27.09;87.36;5.52;44.3;0.36
2019;11;5;46.229;61.541;0.5;28.07;29.45;27.3;87.26;5.0;49.3;0.49
2019;11;6;49.166;62.263;0.54;27.83;28.99;26.96;89.27;5.71;45.6;2.09
2019;11;7;51.391;61.678;0.56;28.34;30.64;26.95;87.28;5.26;48.4;3.85
2019;11;8;52.944;61.781;0.58;27.93;29.88;26.65;87.85;5.32;45.2;1.43
2019;11;9;4.471;59.393;0.49;27.96;29.99;26.96;88.1;5.43;44.3;6.17
2019;11;10;45.818;60.319;0.5;28.04;30.55;26.98;88.91;4.68;35.3;24.0
2019;11;11;4.776;60.672;0.53;27.71;29.27;26.93;88.57;4.26;39.1;3.8
2019;11;12;47.177;60.552;0.52;27.53;29.24;26.56;86.69;4.76;36.1;4.44
2019;11;13;41.208;58.824;0.46;27.88;30.27;26.39;85.68;3.28;33.4;8.51
2019;11;14;47.693;60.418;0.53;27.7;30.09;26.72;87.16;4.17;33.3;16.2
2019;11;15;48.538;60.451;0.54;27.83;30.27;26.63;84.23;5.17;36.5;3.11
2019;11;16;48.086;6.059;0.54;27.82;30.35;26.61;81.57;4.77;29.6;1.09
2019;11;17;52.934;6.197;0.59;27.69;30.13;26.35;82.67;4.24;20.0;1.0
2019;11;18;45.341;61.634;0.51;27.3;29.32;25.75;80.22;4.2;22.1;0.31
2019;11;19;52.274;61.951;0.59;27.44;29.71;26.06;79.95;4.47;20.4;0.29
2019;11;20;51.389;6.155;0.58;27.71;30.4;26.0;80.47;4.48;19.2;0.05
2019;11;21;53.498;60.446;0.61;27.94;30.17;26.76;81.37;5.44;25.2;0.23
2019;11;22;54.456;60.998;0.62;28.03;30.33;26.58;80.17;4.92;37.3;0.4
2019;11;23;52.018;60.564;0.59;28.03;30.65;26.64;80.42;4.19;39.4;0.61
2019;11;24;59.921;61.349;0.68;28.05;30.83;26.7;81.29;4.99;40.9;0.24
2019;11;25;58.867;59.746;0.67;28.7;32.08;26.8;80.65;5.21;40.8;0.79
2019;11;26;56.858;5.941;0.65;29.02;31.88;27.47;84.39;6.31;44.8;0.63
2019;11;27;59.239;6.013;0.68;28.7;30.97;27.39;85.75;6.72;48.7;0.01
2019;11;28;51.314;58.459;0.59;28.18;29.65;27.29;86.95;6.85;42.3;0.02
2019;11;29;3.72;59.424;0.43;27.69;29.68;26.63;83.91;5.92;40.2;0.0
2019;11;30;4.626;59.434;0.53;27.63;29.78;26.45;81.09;5.88;32.8;0.0
2019;12;1;5.867;60.091;0.68;28.03;31.45;26.18;79.63;5.37;39.8;0.0
2019;12;2;58.565;59.314;0.68;28.18;31.12;26.33;84.26;5.32;34.7;0.05
2019;12;3;5.298;58.594;0.61;27.92;29.73;26.81;87.74;5.0;29.5;0.08
2019;12;4;4.609;57.922;0.54;28.25;30.68;26.85;86.14;4.59;35.9;0.08
2019;12;5;53.717;58.241;0.62;28.19;30.76;26.72;83.57;5.47;42.5;0.03
2019;12;6;54.379;58.202;0.63;28.12;30.38;26.73;84.16;6.5;41.4;1.28
2019;12;7;51.175;58.092;0.6;27.76;30.35;26.54;83.53;5.87;43.0;2.53
2019;12;8;52.704;59.246;0.62;27.16;29.16;26.01;82.09;6.06;42.9;0.3
2019;12;9;57.482;6.012;0.67;27.81;30.68;26.13;79.33;6.91;45.5;0.07
2019;12;10;57.288;60.151;0.67;27.81;30.88;25.93;79.5;6.34;45.6;0.26
2019;12;11;51.046;58.466;0.6;27.5;29.77;25.73;79.54;7.13;46.7;0.51
2019;12;12;53.633;59.153;0.63;27.35;29.74;25.77;79.82;7.23;42.4;0.04
2019;12;13;56.618;59.386;0.66;27.59;30.8;25.95;80.75;4.89;41.6;0.05
2019;12;14;54.739;58.507;0.64;27.52;30.51;25.75;83.23;3.49;28.5;0.05
2019;12;15;50.801;57.425;0.6;27.75;30.17;26.36;84.13;5.5;34.5;0.23
2019;12;16;55.606;57.096;0.65;28.11;31.02;26.58;82.03;6.2;44.1;0.32
2019;12;17;5.353;57.523;0.63;28.17;31.45;26.41;81.47;5.77;45.5;0.11
2019;12;18;41.395;54.739;0.49;27.69;29.96;26.37;86.45;3.77;45.2;0.75
2019;12;19;52.498;56.256;0.62;27.61;29.23;26.54;86.87;5.08;47.0;0.61
2019;12;20;53.287;56.693;0.63;27.76;29.78;26.47;85.76;5.93;45.2;0.26
2019;12;21;49.399;55.442;0.58;27.99;30.19;26.43;83.11;7.23;46.2;0.16
2019;12;22;49.538;56.854;0.58;27.7;29.38;26.62;84.85;5.64;45.8;0.02
2019;12;23;48.845;5.605;0.57;28.08;31.15;26.59;85.69;4.48;44.6;0.03
2019;12;24;53.434;5.741;0.63;28.24;30.95;26.86;85.26;3.2;43.2;0.02
2019;12;25;35.988;55.524;0.42;27.57;29.3;26.76;88.29;4.07;16.2;0.04
2019;12;26;47.165;5.575;0.55;27.69;29.33;26.65;86.36;5.53;22.0;0.04
2019;12;27;48.221;5.544;0.57;27.74;29.11;27.08;87.46;6.37;36.1;0.18
2019;12;28;51.886;56.467;0.61;27.79;29.62;26.87;85.37;6.72;40.1;0.06
2019;12;29;51.965;56.774;0.61;27.9;29.97;26.63;83.11;6.82;41.7;0.0
2019;12;30;51.005;57.197;0.6;28.16;31.21;26.58;77.83;6.82;40.3;0.0
2019;12;31;39.511;58.054;0.46;27.89;30.96;26.44;78.42;6.64;37.5;0.03
2020;1;1;51.185;5.755;0.6;27.89;31.0;26.2;75.23;6.9;39.0;0.0
2020;1;2;55.903;58.776;0.65;27.87;31.13;25.75;75.09;6.91;41.9;0.0
2020;1;3;57.058;59.412;0.66;28.06;31.57;25.27;74.65;6.09;45.9;0.02
2020;1;4;59.854;60.622;0.7;27.88;31.19;25.62;76.09;6.14;41.6;0.0
2020;1;5;58.001;60.173;0.67;27.55;30.03;26.02;76.04;7.97;36.0;0.01
2020;1;6;56.717;60.079;0.66;27.32;29.56;26.17;76.99;7.24;32.7;0.0
2020;1;7;58.507;61.049;0.68;27.7;30.65;25.83;76.74;6.92;37.2;0.0
2020;1;8;60.067;60.698;0.69;28.23;31.5;26.22;76.39;7.69;41.8;0.0
2020;1;9;61.495;62.306;0.71;28.0;30.96;25.92;70.37;9.26;49.5;0.0
2020;1;10;60.672;61.073;0.7;27.75;30.87;25.55;71.57;9.77;52.1;0.0
2020;1;11;61.174;61.334;0.7;27.89;31.56;25.56;71.67;8.76;53.5;0.0
2020;1;12;61.726;61.848;0.71;27.38;30.84;24.78;72.46;8.38;48.7;0.0
2020;1;13;62.268;62.582;0.71;27.08;30.88;24.47;74.48;8.63;46.2;0.0
2020;1;14;61.874;62.014;0.71;26.68;29.91;24.66;73.62;9.12;43.5;0.0
2020;1;15;58.397;60.113;0.67;26.9;30.72;24.72;76.62;7.41;39.6;0.0
2020;1;16;59.302;59.801;0.67;27.19;30.97;24.43;78.59;7.19;44.8;0.0
2020;1;17;60.065;60.216;0.68;27.31;30.68;25.17;76.03;9.29;45.9;0.0
2020;1;18;59.623;59.962;0.67;27.28;30.52;25.18;74.9;9.28;45.1;0.0
2020;1;19;59.398;59.959;0.67;27.39;31.63;24.98;73.13;7.45;43.5;0.0
2020;1;20;56.405;5.981;0.64;26.92;31.16;24.62;79.16;5.91;31.0;0.02
2020;1;21;45.079;57.307;0.51;26.58;30.44;24.62;84.31;4.8;28.0;0.31
2020;1;22;43.567;57.936;0.49;26.25;28.98;24.62;85.32;3.26;354.4;0.6
2020;1;23;52.826;60.648;0.59;26.19;29.1;24.17;82.94;3.52;4.4;0.32
2020;1;24;47.086;59.436;0.52;26.5;28.96;24.86;82.08;5.59;9.9;0.21
2020;1;25;53.069;61.711;0.59;27.03;29.75;25.56;79.49;6.33;22.7;0.06
2020;1;26;55.757;6.185;0.62;26.99;29.18;25.76;77.75;6.79;25.8;0.07
2020;1;27;54.996;61.961;0.61;27.11;30.33;25.39;78.81;5.14;19.8;0.25
2020;1;28;55.874;62.611;0.62;27.21;29.9;25.47;77.76;4.75;18.9;0.01
2020;1;29;57.346;63.038;0.63;27.56;30.32;26.06;77.44;5.89;25.3;0.04
2020;1;30;59.429;63.576;0.65;28.42;32.65;26.25;72.33;5.83;37.7;0.01
2020;1;31;60.962;62.225;0.67;28.5;32.19;26.39;73.64;7.48;40.1;0.02
2020;2;1;59.741;61.344;0.65;28.45;31.94;25.99;77.59;6.51;40.0;0.06
2020;2;2;53.443;58.752;0.58;27.84;30.2;26.27;77.99;8.05;38.6;0.04
2020;2;3;58.486;6.048;0.63;28.17;31.15;26.24;73.83;9.03;41.6;0.01
2020;2;4;62.647;63.715;0.68;28.19;31.98;25.63;71.5;7.66;43.7;0.0
2020;2;5;63.533;6.499;0.68;27.75;31.38;25.1;71.79;7.17;41.8;0.0
2020;2;6;65.237;65.506;0.7;27.88;32.2;24.79;73.98;5.31;47.3;0.0
2020;2;7;65.102;65.441;0.7;28.12;33.33;25.01;73.76;5.46;44.9;0.0
2020;2;8;64.538;65.218;0.69;27.77;32.04;24.89;71.85;7.84;36.8;0.0
2020;2;9;65.738;6.685;0.7;27.76;31.27;25.35;71.69;8.83;43.5;0.0
2020;2;10;65.294;6.613;0.69;28.0;31.36;25.43;70.82;9.3;46.3;0.0
2020;2;11;65.616;65.789;0.69;28.35;32.82;25.37;67.58;8.29;46.5;0.0
2020;2;12;6.455;65.002;0.68;28.02;32.25;24.85;69.96;7.98;43.4;0.0
2020;2;13;64.606;64.848;0.68;28.16;32.46;25.21;70.64;7.73;41.0;0.0
2020;2;14;64.118;64.846;0.67;27.94;31.6;25.53;73.18;8.27;41.4;0.0
2020;2;15;65.731;65.914;0.69;27.93;31.47;25.64;72.67;7.78;38.1;0.0
2020;2;16;65.854;6.647;0.69;27.95;31.43;25.86;72.12;8.54;39.6;0.0
2020;2;17;65.784;66.684;0.68;28.12;32.1;25.64;71.15;8.49;38.9;0.0
2020;2;18;66.694;6.69;0.69;28.24;32.32;25.51;70.42;9.49;44.2;0.0
2020;2;19;65.825;66.086;0.68;27.86;31.24;25.66;73.13;9.34;42.4;0.0
2020;2;20;65.746;66.912;0.68;27.7;31.67;25.42;73.37;8.69;36.8;0.0
2020;2;21;60.984;6.618;0.63;26.74;29.6;24.99;77.92;7.9;27.8;0.0
2020;2;22;54.048;66.238;0.55;26.47;29.41;24.86;79.26;7.3;22.4;0.0
2020;2;23;60.607;66.499;0.62;26.39;29.22;24.62;76.51;6.83;26.4;0.0
2020;2;24;64.118;6.677;0.65;26.45;29.53;24.49;76.6;7.23;30.8;0.0
2020;2;25;63.365;66.391;0.65;27.44;32.14;24.41;76.34;6.02;36.8;0.03
2020;2;26;59.674;6.78;0.61;27.52;31.25;25.08;78.02;6.27;27.1;0.06
2020;2;27;63.245;69.168;0.64;27.43;30.69;25.44;77.66;7.22;31.5;0.06
2020;2;28;68.875;70.274;0.7;27.58;31.3;25.07;74.37;8.2;34.8;0.0
2020;2;29;66.775;69.062;0.67;27.27;30.16;25.48;73.01;9.38;33.4;0.01
2020;3;1;67.474;69.137;0.68;27.53;30.94;25.36;72.64;8.61;36.3;0.01
2020;3;2;67.853;68.537;0.68;27.56;31.09;25.3;72.33;7.85;36.8;0.0
2020;3;3;68.846;69.607;0.69;27.39;30.88;25.06;73.05;7.52;37.6;0.0
2020;3;4;68.294;68.825;0.68;27.82;32.01;24.88;70.97;7.34;39.2;0.0
2020;3;5;6.649;67.214;0.66;27.7;31.56;24.98;73.34;7.29;41.2;0.0
2020;3;6;65.614;65.962;0.65;27.51;31.54;24.72;76.17;7.02;33.3;0.0
2020;3;7;53.167;63.708;0.53;27.08;30.2;25.26;75.54;8.41;30.9;0.0
2020;3;8;63.938;66.312;0.63;27.05;29.75;25.37;75.32;9.78;34.9;0.0
2020;3;9;67.776;68.587;0.67;27.75;30.93;25.47;71.18;9.43;38.6;0.0
2020;3;10;59.695;66.115;0.59;27.67;30.85;25.74;71.66;8.15;36.9;0.0
2020;3;11;55.114;6.425;0.54;27.3;30.43;25.42;77.18;8.07;30.9;0.0
2020;3;12;61.246;65.911;0.6;27.09;30.33;25.14;77.14;7.79;27.7;0.0
2020;3;13;5.999;66.396;0.59;27.13;30.29;25.28;75.54;8.23;29.8;0.0
2020;3;14;70.958;72.209;0.69;27.27;30.7;25.11;74.64;8.44;34.3;0.0
2020;3;15;7.308;73.855;0.71;27.34;31.18;25.12;75.25;8.28;33.7;0.0
2020;3;16;72.463;73.603;0.71;27.34;30.59;25.27;74.54;8.68;36.3;0.0
2020;3;17;72.331;73.742;0.7;27.21;30.6;25.19;73.42;8.65;36.4;0.0
2020;3;18;71.887;74.318;0.7;27.3;30.39;25.22;73.07;8.6;37.7;0.0
2020;3;19;71.635;72.641;0.7;27.76;31.13;25.44;71.07;8.68;37.8;0.0
2020;3;20;65.674;70.661;0.64;27.55;30.61;25.53;72.03;8.21;37.1;0.0
2020;3;21;70.526;73.958;0.68;27.38;30.8;25.06;72.62;8.13;38.3;0.0
2020;3;22;71.798;72.595;0.69;27.39;30.71;25.17;73.21;8.3;36.2;0.0
2020;3;23;67.411;68.738;0.65;27.81;31.76;25.25;73.2;7.16;36.3;0.0
2020;3;24;63.134;65.225;0.61;27.74;32.0;25.13;74.3;7.3;35.7;0.0
2020;3;25;65.678;6.719;0.63;27.45;30.99;25.35;75.93;7.31;33.3;0.0
2020;3;26;68.858;71.563;0.66;27.61;31.51;25.41;74.22;7.66;31.7;0.0
2020;3;27;72.816;75.334;0.7;27.62;31.3;25.25;72.67;7.94;34.6;0.0
2020;3;28;74.254;75.019;0.71;27.7;31.19;25.41;70.14;8.78;39.7;0.0
2020;3;29;70.927;71.909;0.68;28.12;31.6;25.27;70.48;8.23;40.3;0.0
2020;3;30;67.087;68.062;0.64;28.12;31.51;25.61;70.76;7.91;39.0;0.0
2020;3;31;57.286;66.499;0.55;27.68;31.24;25.52;72.95;7.02;32.9;0.0
2020;4;1;41.738;61.824;0.4;27.53;31.13;25.22;75.61;5.34;24.7;0.01
2020;4;2;4.963;62.585;0.47;27.1;29.77;25.6;78.35;6.57;21.1;0.0
2020;4;3;54.394;6.119;0.52;27.03;29.6;25.57;80.05;7.08;25.6;0.01
2020;4;4;56.489;63.898;0.54;27.59;30.56;25.83;80.23;7.7;25.7;0.01
2020;4;5;6.077;67.639;0.58;28.27;31.6;26.26;80.27;7.74;32.2;0.03
2020;4;6;59.762;69.854;0.57;28.75;32.37;26.56;77.51;6.56;38.9;0.02
2020;4;7;56.957;67.402;0.54;28.01;30.66;26.49;82.23;6.91;34.9;0.02
2020;4;8;67.366;69.794;0.64;28.25;31.51;26.17;79.5;7.47;31.3;0.0
2020;4;9;60.307;68.105;0.57;28.33;32.28;26.18;78.74;6.78;29.5;0.03
2020;4;10;59.717;69.509;0.57;28.36;32.1;26.35;79.09;7.05;30.7;0.05
2020;4;11;55.195;66.324;0.53;28.48;32.23;26.54;79.55;7.71;38.5;0.02
2020;4;12;56.482;69.139;0.54;28.94;32.94;26.11;70.38;7.91;37.4;0.0
2020;4;13;6.143;68.638;0.58;28.84;33.45;26.04;70.04;6.98;42.9;0.01
2020;4;14;66.185;71.837;0.63;28.43;31.95;26.23;70.31;7.21;36.8;0.0
2020;4;15;69.187;74.926;0.66;28.36;32.27;25.62;71.28;6.87;40.8;0.0
2020;4;16;7.123;73.834;0.68;28.36;32.41;25.63;71.32;7.21;39.3;0.01
2020;4;17;6.677;69.742;0.63;28.32;32.0;26.29;71.55;8.2;38.5;0.0
2020;4;18;63.974;67.822;0.61;28.51;31.74;26.32;72.12;7.73;34.2;0.03
2020;4;19;45.686;6.252;0.43;28.22;31.46;26.41;75.12;6.36;39.0;0.19
2020;4;20;55.934;67.243;0.53;28.6;32.52;26.3;76.17;4.97;38.9;0.52
2020;4;21;59.054;69.816;0.56;28.8;33.17;26.32;73.22;5.62;31.6;0.32
2020;4;22;62.498;70.925;0.59;28.02;30.35;26.3;77.52;6.66;28.9;0.49
2020;4;23;58.027;67.968;0.55;28.69;32.2;26.66;75.84;6.58;41.7;1.47
2020;4;24;62.268;71.602;0.59;28.98;31.98;26.34;74.87;6.83;41.6;0.26
2020;4;25;68.611;73.966;0.65;29.14;32.52;27.27;71.65;7.3;42.2;0.05
2020;4;26;69.252;71.333;0.66;29.24;32.83;26.54;70.54;7.29;41.5;0.01
2020;4;27;67.872;7.068;0.65;28.81;32.3;26.61;72.42;7.14;39.4;0.01
2020;4;28;61.152;68.851;0.58;28.51;31.26;26.69;72.61;8.2;38.9;0.02
2020;4;29;52.291;6.763;0.5;28.56;31.43;26.9;73.33;7.63;39.7;0.1
2020;4;30;61.015;68.059;0.58;28.94;32.89;26.7;73.32;6.49;34.2;0.01
2020;5;1;56.508;66.962;0.54;28.9;32.33;27.0;75.81;7.36;35.1;0.01
2020;5;2;59.633;67.248;0.57;29.09;32.23;27.25;73.8;8.81;36.7;0.05
2020;5;3;48.254;62.746;0.46;28.74;31.72;27.17;76.77;8.04;37.8;0.06
2020;5;4;4.23;65.755;0.4;28.56;31.43;27.02;80.03;6.8;34.0;0.13
2020;5;5;54.876;68.789;0.52;28.55;30.85;27.08;79.96;6.67;35.8;0.25
2020;5;6;4.603;67.433;0.44;28.75;31.64;26.99;79.08;5.84;37.0;1.81
2020;5;7;54.655;68.983;0.52;28.21;30.2;26.95;84.32;5.23;39.8;1.65
2020;5;8;59.004;67.814;0.56;29.04;32.35;27.13;80.81;6.13;38.5;7.32
2020;5;9;64.258;69.259;0.61;29.64;34.23;27.06;78.9;5.23;39.3;0.94
2020;5;10;66.934;69.262;0.64;29.76;33.47;27.8;75.27;5.84;38.0;0.05
2020;5;11;57.727;68.515;0.55;29.1;32.31;27.36;77.3;6.66;32.6;0.0
2020;5;12;48.619;66.658;0.47;28.96;32.27;26.98;75.87;7.26;32.5;0.0
2020;5;13;5.184;6.851;0.5;29.2;32.53;27.29;74.22;7.54;34.7;0.01
2020;5;14;5.855;69.281;0.56;29.18;32.72;27.3;76.68;6.16;38.4;0.02
2020;5;15;66.691;70.433;0.64;29.7;33.38;27.08;76.22;4.95;40.6;0.07
2020;5;16;63.058;71.186;0.61;29.44;32.53;27.48;77.44;4.97;47.4;0.88
2020;5;17;50.611;68.758;0.49;29.66;33.13;27.53;78.09;5.01;41.4;0.8
2020;5;18;6.233;69.456;0.6;29.31;32.47;27.29;79.64;4.4;41.6;1.31
2020;5;19;3.773;6.671;0.36;29.11;31.88;27.4;77.65;3.68;43.7;0.64
2020;5;20;62.834;68.916;0.6;29.35;32.43;27.41;76.81;4.74;36.9;0.23
2020;5;21;66.924;70.022;0.64;29.22;32.08;27.5;78.38;5.27;35.0;0.23
2020;5;22;5.123;67.409;0.49;29.67;32.67;27.69;78.47;4.77;45.3;0.72
2020;5;23;67.702;70.726;0.65;29.41;31.65;27.99;80.9;3.92;41.3;0.63
2020;5;24;61.752;70.025;0.6;29.85;32.41;28.02;78.48;3.48;41.0;0.42
2020;5;25;56.902;67.428;0.55;29.66;31.84;28.05;78.79;3.55;46.6;0.62
2020;5;26;58.178;67.675;0.56;30.01;32.59;27.98;78.56;3.68;39.9;1.48
2020;5;27;49.435;69.468;0.48;28.93;30.62;27.49;81.99;3.64;41.0;1.99
2020;5;28;41.986;68.498;0.41;28.23;30.06;26.77;84.51;3.37;13.9;2.66
2020;5;29;39.708;69.098;0.38;28.53;31.35;26.93;81.16;2.36;78.1;1.51
2020;5;30;3.247;69.982;0.31;28.07;29.83;26.64;81.53;2.45;353.1;2.45
2020;5;31;44.695;69.756;0.43;27.47;29.32;26.19;84.01;1.76;341.8;5.65
2020;6;1;57.355;70.704;0.56;28.78;31.72;26.81;81.39;3.8;38.5;3.51
2020;6;2;54.934;70.411;0.53;29.24;32.46;27.41;78.24;5.38;47.1;2.82
2020;6;3;62.844;71.381;0.61;29.25;32.92;27.25;73.89;5.76;35.9;1.66
2020;6;4;63.569;70.135;0.62;29.67;33.54;27.31;76.5;4.63;43.3;1.67
2020;6;5;62.578;69.876;0.61;29.9;33.58;27.72;76.94;4.81;45.7;0.25
2020;6;6;49.771;71.141;0.48;29.58;33.0;27.51;78.45;4.39;46.3;0.13
2020;6;7;62.962;71.028;0.61;29.58;32.52;27.6;78.84;4.83;47.6;0.14
2020;6;8;67.752;71.551;0.66;29.37;32.08;27.67;80.05;4.84;39.1;0.14
2020;6;9;59.878;70.846;0.58;29.05;31.1;27.68;81.03;4.65;47.4;0.26
2020;6;10;36.048;70.258;0.35;28.14;29.94;26.39;80.43;2.56;46.7;0.62
2020;6;11;61.382;70.118;0.6;28.41;31.55;25.89;75.42;2.82;17.4;0.59
2020;6;12;54.835;70.776;0.53;29.02;31.89;27.16;75.39;3.18;51.4;0.23
2020;6;13;61.668;70.644;0.6;29.22;32.52;26.87;75.38;4.1;34.4;0.49
2020;6;14;64.608;69.862;0.63;29.61;32.7;27.63;76.97;4.89;38.1;0.48
2020;6;15;48.204;70.313;0.47;28.75;31.09;26.67;79.46;4.18;73.2;1.83
2020;6;16;53.105;69.403;0.52;28.01;29.28;26.04;88.13;4.76;32.0;2.58
2020;6;17;55.538;71.141;0.54;29.63;33.09;27.61;75.18;6.0;40.7;0.27
2020;6;18;6.391;70.591;0.62;30.15;34.03;27.62;71.6;6.84;40.2;0.34
2020;6;19;50.974;70.308;0.5;28.75;30.95;27.4;81.53;5.26;49.6;2.08
2020;6;20;51.514;67.759;0.5;28.78;31.41;27.29;83.4;5.42;45.9;5.87
2020;6;21;50.054;6.827;0.49;28.9;31.24;27.18;82.84;5.35;48.8;5.09
2020;6;22;51.002;63.814;0.5;29.23;32.19;27.06;80.1;5.93;49.2;2.17
2020;6;23;61.966;67.339;0.6;28.82;31.0;27.34;82.45;5.55;51.4;4.68
2020;6;24;61.608;65.726;0.6;28.61;31.37;26.53;78.5;6.09;43.4;0.18
2020;6;25;6.689;6.888;0.65;28.87;32.34;26.09;75.77;6.59;41.5;0.03
2020;6;26;52.848;67.819;0.52;28.62;31.69;26.66;80.2;6.4;47.1;1.55
2020;6;27;47.731;67.687;0.47;28.88;32.37;26.72;79.61;6.2;42.9;0.56
2020;6;28;38.383;68.131;0.37;28.45;31.49;26.64;81.57;5.5;46.7;1.08
2020;6;29;65.515;69.926;0.64;28.19;30.76;26.6;83.24;4.85;45.8;0.71
2020;6;30;64.154;69.317;0.63;28.42;31.04;26.55;79.16;5.77;39.0;2.26
2020;7;1;51.094;69.307;0.5;28.36;31.39;26.73;80.15;6.32;42.0;2.12
2020;7;2;43.675;68.429;0.43;28.57;31.98;26.77;81.38;3.98;42.3;9.5
2020;7;3;6.011;69.871;0.59;28.66;31.17;27.09;83.24;4.42;47.2;6.68
2020;7;4;4.992;70.476;0.49;28.52;31.11;27.06;84.17;4.35;42.1;5.19
2020;7;5;52.577;69.046;0.51;28.71;31.92;26.93;80.02;5.93;43.9;1.01
2020;7;6;5.437;69.314;0.53;29.36;32.83;26.74;72.7;6.75;41.1;0.53
2020;7;7;55.193;69.022;0.54;29.16;32.18;26.93;78.33;6.29;46.2;3.69
2020;7;8;44.347;68.892;0.43;28.4;30.76;26.67;81.26;4.75;48.0;5.55
2020;7;9;63.466;71.986;0.62;28.77;32.48;26.69;78.63;4.21;46.3;2.79
2020;7;10;65.194;70.231;0.63;29.23;32.14;26.87;75.59;6.3;44.6;0.61
2020;7;11;32.338;68.052;0.31;28.22;30.42;26.98;80.85;5.06;49.5;3.39
2020;7;12;4.879;66.905;0.47;28.64;31.48;26.84;81.18;6.25;41.8;3.33
2020;7;13;67.747;70.932;0.66;29.27;32.22;27.21;78.81;4.97;44.2;1.27
2020;7;14;51.838;69.746;0.5;28.65;31.04;27.05;80.83;5.07;50.3;1.41
2020;7;15;6.732;69.122;0.65;28.89;32.12;26.86;77.97;6.15;42.9;0.2
2020;7;16;5.827;7.05;0.57;28.91;31.87;26.87;75.02;6.57;38.6;0.31
2020;7;17;58.966;69.612;0.57;28.84;31.57;27.06;79.29;5.59;50.5;0.86
2020;7;18;63.782;69.878;0.62;29.03;32.47;26.88;79.57;5.72;43.6;0.89
2020;7;19;61.963;70.414;0.6;28.85;31.68;27.14;80.89;5.38;45.2;0.99
2020;7;20;51.646;70.289;0.5;28.65;31.06;27.18;83.34;4.05;48.2;2.3
2020;7;21;35.534;70.855;0.34;28.41;30.82;27.14;84.21;3.38;42.6;5.79
2020;7;22;46.843;69.463;0.45;28.35;30.64;26.77;83.22;4.61;46.3;2.85
2020;7;23;5.46;72.089;0.53;28.48;31.04;27.0;80.36;5.03;43.7;1.92
2020;7;24;46.267;69.631;0.45;28.23;30.97;26.44;79.83;4.69;49.6;17.02
2020;7;25;33.883;69.826;0.33;27.91;29.4;26.56;85.7;3.72;49.8;19.53
2020;7;26;59.026;71.258;0.57;27.91;29.87;26.56;83.64;3.32;54.7;7.43
2020;7;27;62.491;70.284;0.6;28.18;30.96;26.88;83.99;4.25;58.6;10.7
2020;7;28;64.147;71.398;0.62;28.47;30.98;27.06;81.65;5.76;47.5;3.99
2020;7;29;65.076;7.177;0.63;28.96;31.84;27.03;81.51;6.0;42.4;2.53
2020;7;30;64.658;70.985;0.63;29.37;33.06;27.22;77.5;4.98;30.8;0.43
2020;7;31;54.158;7.069;0.52;29.13;32.77;27.23;79.74;3.43;24.3;0.41
2020;8;1;65.201;72.622;0.63;29.06;32.24;26.85;79.43;2.62;23.7;0.76
2020;8;2;60.358;71.801;0.58;29.26;31.77;27.79;81.9;3.94;38.3;0.75
2020;8;3;5.605;71.225;0.54;28.87;31.16;27.55;84.29;3.79;41.2;0.94
2020;8;4;60.526;70.181;0.58;28.8;32.39;27.15;77.73;2.9;53.4;1.5
2020;8;5;52.202;68.592;0.5;28.52;31.88;26.23;80.36;3.19;52.2;1.01
2020;8;6;36.197;67.764;0.35;29.05;32.07;27.11;78.52;5.1;50.3;1.1
2020;8;7;4.763;67.246;0.46;28.75;30.77;27.28;83.0;5.26;50.7;1.74
2020;8;8;62.297;70.183;0.6;29.59;32.58;27.62;80.02;4.98;45.3;1.66
2020;8;9;48.077;70.114;0.46;29.11;31.71;27.49;83.12;6.06;49.3;3.33
2020;8;10;55.111;69.974;0.53;28.94;31.78;27.67;83.5;6.39;46.8;4.21
2020;8;11;59.837;70.188;0.58;29.08;31.94;27.26;79.06;6.92;45.5;0.84
2020;8;12;51.794;70.735;0.5;28.78;31.65;27.2;81.77;6.7;48.7;2.66
2020;8;13;65.971;7.165;0.64;29.25;32.8;26.98;80.01;6.36;44.0;3.67
2020;8;14;54.252;70.277;0.52;28.54;30.59;27.46;83.91;4.38;52.1;6.3
2020;8;15;55.008;70.531;0.53;28.39;30.96;26.92;82.35;3.24;46.4;3.88
2020;8;16;57.953;70.834;0.56;28.33;30.9;26.84;84.46;4.18;35.8;9.81
2020;8;17;49.138;70.882;0.47;28.49;31.48;27.03;83.27;4.97;38.4;6.81
2020;8;18;55.416;71.376;0.53;28.76;31.95;27.01;82.03;4.99;33.5;5.04
2020;8;19;40.582;70.111;0.39;28.66;31.68;26.86;81.83;3.36;25.5;4.04
2020;8;20;49.586;70.934;0.48;26.98;27.86;26.29;88.38;3.1;310.0;7.11
2020;8;21;59.455;72.326;0.57;28.33;30.56;26.66;82.1;1.7;62.0;4.18
2020;8;22;38.522;72.598;0.37;27.51;28.88;26.81;85.87;2.67;348.2;45.97
2020;8;23;55.332;72.295;0.53;28.46;31.77;26.36;76.34;2.04;7.7;1.73
2020;8;24;46.762;70.738;0.45;27.58;29.56;26.68;82.99;2.76;44.8;2.34
2020;8;25;39.214;70.474;0.38;28.21;30.26;27.06;83.47;3.48;49.2;2.0
2020;8;26;35.066;71.386;0.34;27.46;28.96;26.46;84.94;2.39;296.0;3.53
2020;8;27;5.785;7.309;0.56;28.77;31.59;26.3;82.4;4.12;27.0;1.79
2020;8;28;6.3;71.722;0.61;28.96;30.99;27.66;83.56;5.95;49.3;3.04
2020;8;29;56.419;71.772;0.54;28.84;31.49;27.4;81.33;6.71;46.0;5.43
2020;8;30;53.808;7.109;0.52;28.94;32.53;27.04;77.89;5.06;43.5;3.52
2020;8;31;61.236;70.015;0.59;28.56;31.47;27.06;80.67;4.31;28.7;1.8
2020;9;1;5.832;70.334;0.56;28.24;31.39;26.58;80.75;2.56;355.6;2.31
2020;9;2;40.872;71.023;0.4;27.7;29.46;26.55;84.14;2.52;357.3;5.14
2020;9;3;59.954;7.164;0.58;27.71;30.04;25.94;79.01;2.59;15.3;8.18
2020;9;4;4.8;70.181;0.46;28.3;31.23;26.25;79.81;2.63;14.7;1.23
2020;9;5;63.833;71.779;0.62;28.95;31.66;27.31;82.16;3.34;35.1;1.42
2020;9;6;48.631;71.066;0.47;29.04;30.99;27.87;83.44;5.51;30.3;1.5
2020;9;7;46.183;70.817;0.45;28.38;30.58;26.55;83.36;4.01;358.5;5.78
2020;9;8;49.541;70.433;0.48;27.52;29.13;26.51;82.89;1.74;284.0;2.07
2020;9;9;54.096;70.927;0.53;27.87;30.14;26.45;81.13;2.37;19.8;5.16
2020;9;10;6.463;72.014;0.63;28.96;32.52;27.33;79.82;3.48;40.5;1.33
2020;9;11;56.873;70.658;0.55;29.17;31.78;27.82;80.77;3.73;45.9;1.65
2020;9;12;47.678;69.986;0.46;28.79;30.97;27.48;81.17;2.81;45.4;2.37
2020;9;13;38.287;68.057;0.37;28.68;30.78;27.32;84.09;3.22;32.1;1.66
2020;9;14;60.929;70.392;0.59;29.11;31.5;27.67;82.74;3.13;33.4;0.72
2020;9;15;44.702;70.848;0.44;29.43;31.91;27.99;81.28;4.27;33.9;0.81
2020;9;16;4.099;70.637;0.4;28.87;30.89;27.69;81.87;3.72;47.1;0.57
2020;9;17;58.992;70.723;0.58;28.67;31.04;27.57;77.28;1.89;37.8;0.66
2020;9;18;45.886;69.206;0.45;28.49;30.77;27.19;80.36;1.48;21.2;1.5
2020;9;19;57.898;68.969;0.57;28.05;30.06;26.79;82.99;3.1;33.7;1.11
2020;9;20;51.703;6.846;0.51;28.9;32.34;26.56;79.22;3.39;27.2;3.04
2020;9;21;55.778;69.622;0.55;28.68;30.71;27.42;82.09;3.61;46.3;1.73
2020;9;22;63.331;70.822;0.62;28.62;31.42;27.27;79.83;2.56;15.8;1.53
2020;9;23;60.312;70.661;0.6;29.2;32.0;27.52;79.34;2.52;22.2;2.13
2020;9;24;24.125;69.734;0.24;28.23;30.91;27.12;83.07;2.68;42.3;3.01
2020;9;25;52.966;69.857;0.52;28.59;30.69;27.49;82.5;2.84;29.2;2.96
2020;9;26;50.705;7.055;0.5;28.81;30.97;27.56;81.14;4.14;40.0;1.86
2020;9;27;42.598;69.617;0.42;28.7;31.43;27.27;79.66;3.5;39.0;0.74
2020;9;28;59.436;70.726;0.59;28.81;31.09;27.32;80.64;4.48;42.3;1.02
2020;9;29;68.124;70.814;0.68;29.31;32.9;27.12;76.73;3.48;47.7;0.28
2020;9;30;49.476;70.051;0.49;28.69;32.03;26.6;78.79;2.45;29.1;0.65
2020;10;1;48.785;68.246;0.49;28.41;30.5;26.81;82.6;2.37;23.4;0.81
2020;10;2;48.122;68.405;0.48;28.45;30.18;27.16;81.25;2.54;17.9;0.28
2020;10;3;33.828;67.277;0.34;27.77;29.18;26.9;82.23;1.54;344.2;0.02
2020;10;4;41.218;67.426;0.41;27.55;29.52;26.35;81.4;2.11;336.8;0.05
2020;10;5;53.971;68.016;0.54;27.11;28.9;26.08;82.24;2.29;293.6;0.05
2020;10;6;51.936;67.685;0.52;28.38;31.84;25.91;74.08;1.99;357.6;0.0
2020;10;7;4.933;68.364;0.5;28.35;30.4;27.14;82.18;2.88;36.4;0.03
2020;10;8;48.269;66.821;0.49;28.04;30.43;26.94;80.22;2.96;4.5;0.03
2020;10;9;57.473;68.201;0.58;28.47;31.45;26.58;73.5;2.6;44.0;0.02
2020;10;10;56.736;68.693;0.58;29.53;32.32;27.49;77.39;5.51;46.0;0.02
2020;10;11;6.295;6.912;0.64;29.61;32.83;27.82;77.42;4.93;44.2;0.67
2020;10;12;51.497;67.639;0.53;29.18;32.21;27.73;80.5;4.1;41.9;0.12
2020;10;13;33.509;65.645;0.34;28.58;30.35;26.79;82.92;3.4;44.3;0.01
2020;10;14;35.208;66.698;0.36;27.93;30.46;26.48;81.61;2.23;30.0;0.01
2020;10;15;61.579;6.72;0.63;28.6;31.16;26.35;81.93;3.75;30.7;0.0
2020;10;16;62.669;66.922;0.65;29.42;32.51;27.6;78.68;4.72;44.1;0.0
2020;10;17;53.618;65.832;0.56;29.23;31.3;28.09;81.49;4.48;43.2;0.06
2020;10;18;53.784;65.138;0.56;28.58;31.6;27.05;83.29;2.58;43.5;0.4
2020;10;19;54.566;66.062;0.57;28.42;31.19;26.87;79.77;2.92;235.9;0.02
2020;10;20;45.818;6.618;0.48;28.12;31.01;26.49;76.82;2.08;282.8;0.04
2020;10;21;55.294;65.882;0.58;28.7;31.46;26.74;75.22;2.63;358.9;0.02
2020;10;22;5.495;65.134;0.58;28.44;30.08;27.16;78.77;3.26;26.8;0.03
2020;10;23;4.973;65.143;0.52;28.91;30.53;27.82;82.52;4.26;32.7;0.03
2020;10;24;36.989;62.904;0.39;28.03;29.39;26.92;85.9;2.65;56.2;3.63
2020;10;25;43.044;64.838;0.46;27.88;30.34;26.36;81.42;2.12;5.0;1.74
2020;10;26;5.279;65.119;0.56;29.1;31.77;26.98;79.82;3.7;27.9;0.02
2020;10;27;56.969;6.619;0.61;29.61;33.26;27.57;75.47;5.84;43.8;0.0
2020;10;28;5.609;65.208;0.6;29.55;33.1;27.84;76.88;4.45;37.2;1.23
2020;10;29;41.551;63.809;0.44;28.73;31.7;26.95;77.84;2.73;39.2;0.38
2020;10;30;52.814;63.862;0.57;28.45;31.41;26.4;78.16;1.9;322.7;0.01
2020;10;31;3.949;62.926;0.42;27.85;30.22;26.22;81.24;2.79;293.7;0.02
2020;11;1;30.115;62.635;0.32;27.59;30.17;25.65;79.42;2.34;234.0;0.04
2020;11;2;53.818;6.294;0.58;28.83;32.38;26.35;74.45;2.42;214.0;0.05
2020;11;3;55.966;6.294;0.61;28.77;31.09;27.45;75.01;2.15;357.5;0.0
2020;11;4;53.724;63.564;0.58;28.86;31.41;27.28;76.88;4.46;24.4;0.0
2020;11;5;36.504;62.146;0.4;28.03;29.77;26.46;79.32;2.31;40.7;0.08
2020;11;6;34.742;62.604;0.38;27.57;29.46;26.34;81.44;2.5;261.2;0.19
2020;11;7;49.826;62.448;0.55;28.21;31.16;26.51;77.42;2.79;279.6;0.0
2020;11;8;44.616;62.006;0.49;28.25;31.52;25.97;76.82;2.28;293.2;0.0
2020;11;9;47.863;61.594;0.53;28.57;31.7;26.81;72.76;2.17;350.4;0.0
2020;11;10;4.691;62.112;0.52;27.52;29.63;25.7;78.87;2.25;359.7;0.32
2020;11;11;43.531;61.817;0.48;27.78;29.75;26.74;82.7;2.73;348.9;0.1
2020;11;12;46.517;6.071;0.52;27.9;30.02;26.4;78.87;2.13;325.3;0.01
2020;11;13;2.509;59.035;0.28;28.15;30.67;26.31;76.23;3.96;250.9;0.05
2020;11;14;0.8206;60.888;0.09;27.39;28.8;26.5;82.33;6.14;192.4;0.05
2020;11;15;40.978;61.534;0.46;27.39;28.97;26.08;76.89;3.76;170.7;0.03
2020;11;16;50.722;59.582;0.57;28.14;31.02;26.22;75.18;1.86;355.4;0.02
2020;11;17;41.926;58.447;0.47;27.42;29.06;26.43;80.71;2.53;356.8;0.01
2020;11;18;45.118;5.963;0.51;27.36;29.71;25.79;79.5;2.46;335.8;0.01
2020;11;19;4.907;60.876;0.55;27.86;30.68;25.91;78.84;2.46;357.0;0.01
2020;11;20;4.705;59.436;0.53;28.7;31.41;26.94;78.15;4.72;44.0;0.0
2020;11;21;3.613;58.954;0.41;28.24;30.04;26.99;79.76;3.12;50.6;0.01
2020;11;22;49.159;59.688;0.56;28.16;30.38;26.72;80.95;2.23;33.5;0.01
2020;11;23;52.073;59.837;0.59;28.86;31.61;27.11;81.04;4.46;31.2;0.04
2020;11;24;47.537;58.582;0.54;29.01;31.02;27.98;79.78;6.38;38.9;0.01
2020;11;25;46.363;58.622;0.53;29.16;31.54;27.82;76.34;6.72;39.9;0.01
2020;11;26;48.758;6.053;0.56;29.03;31.55;27.62;74.74;6.82;42.1;0.01
2020;11;27;49.306;59.599;0.57;28.97;31.86;27.31;74.4;6.62;40.6;0.01
2020;11;28;40.877;58.308;0.47;28.18;30.08;26.99;80.27;5.69;39.2;0.03
2020;11;29;49.123;58.198;0.57;28.37;30.08;27.16;80.62;5.57;45.7;0.02
2020;11;30;48.384;57.761;0.56;28.29;29.32;27.59;82.2;4.99;44.5;0.05
2020;12;1;34.231;56.957;0.4;28.31;29.98;27.34;81.82;5.0;40.4;0.05
2020;12;2;42.026;57.449;0.49;28.54;30.52;27.34;81.58;5.36;41.8;0.07
2020;12;3;46.411;59.086;0.54;28.65;31.42;27.07;74.06;6.71;46.7;0.0
2020;12;4;54.118;60.754;0.63;28.27;31.05;26.18;71.62;6.47;44.9;0.0
2020;12;5;57.494;61.121;0.67;28.55;31.81;25.97;74.36;6.05;40.5;0.0
2020;12;6;53.712;5.983;0.63;28.84;32.16;26.98;76.17;6.15;36.9;0.0
2020;12;7;53.458;58.586;0.62;28.79;31.41;27.37;77.57;6.2;34.0;0.0
2020;12;8;41.614;58.344;0.49;28.55;30.85;27.58;79.4;5.76;28.2;0.0
2020;12;9;52.159;57.919;0.61;28.27;29.47;27.56;79.11;7.05;30.4;0.01
2020;12;10;55.505;59.424;0.65;28.45;30.97;27.05;75.74;7.42;36.2;0.0
2020;12;11;57.811;60.041;0.68;28.36;31.43;26.61;68.79;7.03;38.9;0.0
2020;12;12;59.698;6.066;0.7;28.34;31.62;26.0;72.75;6.6;37.7;0.0
2020;12;13;60.079;60.641;0.71;28.38;31.67;26.35;74.52;6.58;38.8;0.0
2020;12;14;6.029;60.797;0.71;28.38;32.02;25.99;75.15;5.61;39.0;0.0
2020;12;15;56.935;5.875;0.67;28.5;32.02;26.37;75.54;6.47;38.0;0.01
2020;12;16;56.251;58.147;0.66;28.35;31.62;26.6;75.43;6.19;42.5;0.01
2020;12;17;57.648;59.045;0.68;28.27;31.15;26.46;75.61;6.91;37.5;0.0
2020;12;18;56.866;59.244;0.67;28.3;31.21;26.33;75.55;7.42;37.8;0.0
2020;12;19;57.281;59.479;0.67;28.34;31.1;26.69;73.49;7.95;41.7;0.66
2020;12;20;59.184;60.458;0.7;27.95;31.03;25.82;75.53;6.64;37.3;0.11
2020;12;21;58.039;59.633;0.68;28.06;31.4;25.95;77.58;6.57;36.7;0.17
2020;12;22;57.254;58.709;0.67;28.0;31.28;26.0;79.49;7.14;36.6;0.79
2020;12;23;57.619;59.311;0.68;27.84;30.74;26.02;78.16;7.77;38.9;0.38
2020;12;24;58.171;60.103;0.68;28.06;31.34;26.0;75.51;6.65;37.6;0.1
2020;12;25;55.258;58.814;0.65;27.7;30.57;26.19;78.43;7.09;31.5;0.23
2020;12;26;55.618;59.354;0.65;27.54;30.37;26.07;76.92;6.02;25.9;1.51
2020;12;27;56.654;5.963;0.66;27.28;30.45;25.32;78.06;4.92;24.8;4.03
2020;12;28;54.977;58.853;0.64;27.16;30.69;25.32;80.68;4.67;35.7;19.19
2020;12;29;55.562;59.076;0.65;27.12;30.57;25.62;78.9;5.63;42.9;11.83
2020;12;30;56.162;59.902;0.66;27.41;30.74;25.33;75.3;6.54;43.6;0.98
2020;12;31;59.112;60.463;0.69;27.32;30.7;25.06;76.19;6.85;46.0;0.52
2021;1;1;59.702;60.706;0.7;27.29;29.99;25.17;79.54;6.57;43.5;5.14
2021;1;2;59.527;60.403;0.69;27.4;30.4;25.0;78.69;6.83;47.7;3.79
2021;1;3;57.031;60.005;0.66;27.03;29.62;25.07;74.83;7.02;41.4;2.07
2021;1;4;58.814;61.073;0.68;27.18;30.91;24.44;71.25;6.0;41.6;1.24
2021;1;5;59.981;62.088;0.7;26.77;30.3;24.41;77.18;5.78;39.8;0.97
2021;1;6;58.752;61.164;0.68;27.04;30.83;24.49;77.16;5.21;38.3;0.1
2021;1;7;5.383;58.258;0.62;27.24;31.11;24.63;79.44;5.31;34.9;0.5
2021;1;8;49.721;56.328;0.57;27.12;29.29;25.75;83.37;6.71;36.6;1.96
2021;1;9;4.278;56.436;0.49;26.78;28.57;25.69;86.94;5.2;44.8;1.81
2021;1;10;51.391;58.399;0.59;26.99;29.25;25.59;83.14;6.53;42.4;3.34
2021;1;11;50.974;58.807;0.59;27.42;30.34;25.49;79.59;7.17;46.3;3.97
2021;1;12;53.465;59.602;0.61;27.07;29.75;25.29;77.59;6.99;43.3;1.13
2021;1;13;57.521;61.781;0.66;26.92;30.4;24.42;78.3;5.85;39.3;0.12
2021;1;14;57.338;6.119;0.65;26.99;30.83;24.63;77.35;4.98;37.6;0.21
2021;1;15;5.789;6.084;0.66;27.34;30.86;25.38;78.8;5.5;37.4;0.74
2021;1;16;57.418;61.567;0.65;27.22;31.01;24.76;78.61;5.08;38.3;5.07
2021;1;17;61.378;62.422;0.69;27.03;30.89;24.55;77.08;6.29;39.2;1.21
2021;1;18;60.797;62.928;0.69;26.7;29.65;24.54;77.81;7.11;40.2;1.79
2021;1;19;62.962;6.353;0.71;26.99;30.02;24.38;77.75;7.39;44.0;0.64
2021;1;20;60.898;62.357;0.68;26.9;29.85;24.8;78.36;8.08;41.7;0.9
2021;1;21;61.356;62.671;0.69;27.03;30.04;25.18;74.84;7.72;38.5;0.0
2021;1;22;6.131;62.839;0.69;26.82;30.14;24.21;77.05;6.45;36.8;0.0
2021;1;23;60.758;6.318;0.68;26.44;29.76;24.1;80.97;5.98;36.0;0.02
2021;1;24;61.068;61.769;0.68;26.68;29.34;24.14;79.68;7.31;37.4;0.01
2021;1;25;55.872;62.926;0.62;26.66;29.79;24.26;74.9;7.41;41.2;0.11
2021;1;26;61.999;64.051;0.69;26.44;30.22;23.69;78.18;6.65;43.1;1.45
2021;1;27;57.581;6.301;0.63;26.0;29.12;23.95;81.17;6.19;42.1;1.37
2021;1;28;59.554;62.225;0.65;26.38;29.58;23.96;79.31;7.26;35.8;1.65
2021;1;29;60.422;64.714;0.66;26.34;28.94;24.52;74.85;8.58;36.0;0.05
2021;1;30;65.971;66.139;0.72;26.21;29.22;23.48;74.48;7.72;40.8;0.37
2021;1;31;6.569;65.911;0.72;26.6;31.07;23.31;76.2;6.34;44.9;1.32
2021;2;1;62.806;63.403;0.68;26.57;29.7;23.87;81.19;4.72;38.3;4.3
2021;2;2;58.958;62.251;0.64;26.26;30.02;24.31;84.6;4.79;29.5;5.51
2021;2;3;62.614;64.128;0.68;26.43;29.31;24.54;82.22;7.39;27.4;1.54
2021;2;4;6.137;6.348;0.66;27.05;30.77;24.54;81.21;6.4;33.5;0.49
2021;2;5;60.355;62.959;0.65;27.29;30.7;24.89;81.18;5.92;33.2;0.0
2021;2;6;56.772;64.169;0.61;27.24;30.49;24.85;78.06;5.99;37.8;0.0
2021;2;7;63.881;6.563;0.68;27.45;31.11;24.68;74.74;6.53;38.7;0.01
2021;2;8;64.366;65.825;0.69;27.51;31.44;25.03;74.47;7.2;38.6;0.03
2021;2;9;63.936;65.743;0.68;27.41;30.86;24.94;73.93;6.86;37.5;0.02
2021;2;10;62.011;65.899;0.66;27.19;29.88;25.44;76.32;6.71;40.2;4.78
2021;2;11;66.082;67.063;0.7;27.22;30.88;24.85;74.52;6.74;42.4;0.61
2021;2;12;63.905;66.533;0.67;27.38;31.28;24.3;73.24;5.8;43.2;0.51
2021;2;13;58.824;63.996;0.62;27.64;31.69;24.86;76.43;4.2;46.1;8.62
2021;2;14;5.616;63.175;0.59;27.51;31.05;25.64;82.0;4.6;39.7;25.8
2021;2;15;59.472;65.179;0.62;27.2;29.88;25.39;80.9;5.36;38.4;1.09
2021;2;16;58.834;65.638;0.61;27.37;31.04;24.99;77.4;6.59;40.1;0.33
2021;2;17;58.181;65.542;0.6;26.91;29.45;25.04;74.79;7.62;42.5;4.08
2021;2;18;65.054;67.495;0.67;27.27;30.75;24.78;76.33;6.43;43.6;1.47
2021;2;19;64.366;68.695;0.66;27.43;31.49;24.87;72.26;6.34;40.6;0.52
2021;2;20;6.078;6.666;0.63;27.21;31.27;24.74;75.38;6.49;41.5;2.67
2021;2;21;62.244;65.995;0.64;26.95;29.68;24.73;75.48;7.61;38.4;5.04
2021;2;22;66.036;68.508;0.68;27.12;30.07;25.06;73.61;7.67;39.2;0.36
2021;2;23;64.126;68.335;0.65;27.12;30.77;24.56;77.09;6.47;36.7;0.31
2021;2;24;66.806;67.627;0.68;27.18;30.29;24.52;77.72;8.09;39.4;0.87
2021;2;25;64.678;67.272;0.66;27.18;30.13;24.95;78.63;8.75;39.4;0.43
2021;2;26;65.515;68.626;0.66;27.3;30.24;25.03;76.35;8.48;39.1;0.59
2021;2;27;67.932;69.996;0.69;26.87;29.71;24.67;73.18;8.67;42.2;0.29
2021;2;28;69.091;71.441;0.7;26.74;29.91;23.88;72.26;8.58;44.2;0.1
2021;3;1;7.069;72.252;0.71;26.28;29.35;23.41;73.06;7.8;41.7;0.12
2021;3;2;73.363;73.752;0.74;25.77;29.26;22.9;74.15;7.3;40.0;0.47
2021;3;3;73.193;73.694;0.73;25.95;29.4;22.88;75.72;6.21;32.1;0.32
2021;3;4;69.218;70.872;0.69;25.83;29.76;23.05;78.83;6.07;30.4;0.59
2021;3;5;67.162;6.906;0.67;26.35;29.65;23.8;77.07;6.72;24.7;1.09
2021;3;6;63.218;67.702;0.63;26.96;30.77;24.84;81.25;6.59;28.1;4.68
2021;3;7;58.886;67.464;0.58;27.03;29.82;25.25;82.15;7.46;29.3;0.05
2021;3;8;51.607;66.617;0.51;26.9;29.45;25.51;80.74;8.53;37.6;0.09
2021;3;9;50.609;68.952;0.5;27.01;30.24;25.08;75.84;8.68;38.1;0.04
2021;3;10;67.008;69.994;0.66;26.64;29.22;24.7;72.91;8.08;34.6;0.0
2021;3;11;60.473;6.959;0.6;26.81;30.29;24.6;75.33;6.95;36.4;0.01
2021;3;12;66.374;7.11;0.65;26.47;29.49;24.02;76.05;6.37;34.2;0.01
2021;3;13;65.904;70.577;0.65;26.79;30.09;24.59;74.99;7.04;32.4;0.0
2021;3;14;6.505;6.991;0.64;26.91;30.02;24.53;74.79;7.08;34.0;0.02
2021;3;15;64.891;70.022;0.63;26.85;30.27;24.75;76.56;7.64;35.3;0.05
2021;3;16;52.435;68.834;0.51;26.58;28.62;24.78;80.59;6.92;41.8;0.41
2021;3;17;56.575;68.263;0.55;26.76;29.24;24.94;80.42;6.37;37.2;0.02
2021;3;18;56.458;69.754;0.55;26.83;29.93;24.75;78.06;6.63;38.7;0.0
2021;3;19;5.97;70.534;0.58;27.19;30.5;24.83;73.96;7.04;35.3;0.0
2021;3;20;62.762;71.429;0.61;27.13;30.44;24.63;75.56;7.12;35.5;0.0
2021;3;21;70.157;72.283;0.68;27.28;30.46;24.74;74.11;6.91;34.4;0.0
2021;3;22;56.256;68.105;0.54;27.5;31.45;24.95;73.46;5.6;34.2;0.04
2021;3;23;45.398;64.759;0.44;26.96;29.88;25.35;79.53;4.78;38.9;1.58
2021;3;24;6.366;69.881;0.61;27.24;30.98;24.49;78.86;6.1;32.8;0.32
2021;3;25;63.353;7.008;0.61;27.68;31.16;25.22;75.2;6.89;38.0;0.58
2021;3;26;71.345;73.505;0.69;27.67;30.62;25.06;72.1;8.05;39.2;0.05
2021;3;27;6.864;74.206;0.66;27.5;30.6;25.35;72.12;8.23;41.1;0.19
2021;3;28;66.965;72.545;0.64;27.71;30.84;25.38;71.76;7.94;41.2;0.07
2021;3;29;67.858;72.886;0.65;27.76;30.79;25.41;75.51;8.09;42.7;0.8
2021;3;30;68.402;7.201;0.66;27.6;30.8;25.81;79.96;7.5;44.7;2.76
2021;3;31;64.082;71.213;0.61;27.83;31.13;25.84;77.5;8.15;45.2;0.99
2021;4;1;56.143;70.673;0.54;27.41;30.3;25.76;78.19;8.42;44.1;0.05
2021;4;2;5.393;70.092;0.52;27.61;30.56;25.6;77.0;8.03;36.3;0.0
2021;4;3;45.907;70.742;0.44;26.74;28.43;25.72;81.23;8.74;34.5;0.0
2021;4;4;64.202;7.099;0.61;27.32;29.52;25.72;74.82;8.9;36.8;0.0
2021;4;5;57.907;69.696;0.55;27.23;29.84;25.73;76.96;8.71;37.4;0.01
2021;4;6;49.267;68.424;0.47;26.47;27.82;25.49;83.75;7.33;41.0;0.15
2021;4;7;29.899;70.224;0.29;26.39;28.14;25.43;85.85;6.28;40.7;0.09
2021;4;8;50.546;70.241;0.48;26.83;29.46;25.17;83.38;5.64;38.7;0.03
2021;4;9;34.106;6.846;0.32;27.05;29.46;25.23;82.35;4.88;40.5;0.04
2021;4;10;34.301;68.501;0.33;27.73;31.56;25.33;80.22;5.49;39.2;0.12
2021;4;11;64.133;70.279;0.61;27.71;31.11;25.56;80.02;5.34;42.5;0.03
2021;4;12;59.076;70.104;0.56;28.25;32.79;25.75;78.82;4.46;40.0;0.1
2021;4;13;61.469;70.944;0.58;27.99;31.54;25.92;81.54;6.15;37.0;0.35
2021;4;14;44.078;6.881;0.42;27.56;29.48;26.33;84.07;7.56;37.2;0.45
2021;4;15;47.947;70.102;0.46;27.37;28.86;26.32;85.88;6.57;39.0;4.03
2021;4;16;44.666;70.798;0.42;27.36;29.56;26.2;86.35;5.29;41.1;7.64
2021;4;17;56.237;6.901;0.53;27.36;29.29;26.14;86.11;4.43;44.7;6.81
2021;4;18;4.068;6.894;0.39;27.39;29.61;26.14;86.8;3.74;43.1;6.1
2021;4;19;65.124;70.534;0.62;28.07;31.69;25.84;80.26;4.18;42.4;3.52
2021;4;20;69.406;71.657;0.66;28.49;32.52;25.72;75.58;5.99;40.5;0.7
2021;4;21;68.515;72.173;0.65;27.83;31.5;26.11;75.62;7.03;45.5;0.0
2021;4;22;69.125;72.235;0.66;27.97;32.13;25.82;74.59;7.65;38.2;0.0
2021;4;23;69.614;72.804;0.66;27.89;31.46;26.07;74.77;7.89;34.8;0.0
2021;4;24;62.875;71.143;0.6;28.04;31.65;25.97;77.02;7.09;36.3;0.0
2021;4;25;59.232;69.854;0.56;27.99;31.69;25.8;77.21;7.06;37.9;0.0
2021;4;26;56.316;6.96;0.54;27.56;30.3;26.1;77.01;7.79;32.3;0.01
2021;4;27;58.975;6.847;0.56;27.29;29.69;25.95;75.82;8.54;31.7;0.01
2021;4;28;41.081;71.998;0.39;27.27;29.84;25.64;75.58;7.19;36.4;0.01
2021;4;29;66.002;73.126;0.63;27.19;30.15;25.22;75.5;5.96;30.3;0.02
2021;4;30;53.534;72.744;0.51;27.91;31.77;25.33;75.05;4.96;33.8;0.02
2021;5;1;57.559;72.684;0.55;28.1;31.6;25.87;74.75;4.93;30.6;0.0
2021;5;2;54.972;71.134;0.52;28.19;31.74;26.04;76.95;5.56;31.7;0.0
2021;5;3;49.152;69.096;0.47;28.0;30.41;26.36;76.46;4.97;49.1;0.02
2021;5;4;36.343;69.233;0.35;27.4;29.84;26.11;79.99;4.43;49.8;0.02
2021;5;5;59.995;70.459;0.57;27.92;30.96;26.16;78.01;5.05;38.0;0.01
2021;5;6;52.678;7.104;0.5;28.31;31.28;26.64;75.86;6.32;38.1;0.01
2021;5;7;52.606;72.029;0.5;28.18;30.78;26.84;75.88;6.45;39.9;0.03
2021;5;8;56.527;71.642;0.54;28.46;31.48;26.61;75.87;7.23;40.7;0.03
2021;5;9;45.986;70.205;0.44;28.56;31.2;27.0;77.06;8.27;45.2;0.02
2021;5;10;41.722;70.594;0.4;28.78;31.31;27.05;75.54;6.15;53.8;0.01
2021;5;11;63.101;71.825;0.6;28.99;32.13;26.94;74.65;6.69;44.5;0.0
2021;5;12;55.721;71.098;0.53;28.84;32.14;26.93;75.79;7.38;40.7;0.0
2021;5;13;64.279;71.758;0.62;28.96;32.5;26.64;74.57;6.89;42.1;0.0
2021;5;14;64.351;72.823;0.62;28.87;32.38;26.33;73.77;8.02;37.8;0.0
2021;5;15;69.242;72.545;0.66;28.73;31.9;26.61;74.57;8.27;33.9;0.0
2021;5;16;61.558;70.553;0.59;28.63;31.63;27.12;76.09;7.46;34.6;0.0
2021;5;17;4.733;69.701;0.45;28.19;30.27;26.88;78.8;6.4;36.4;0.0
2021;5;18;41.184;69.122;0.4;28.8;31.87;26.69;77.62;5.0;41.1;0.0
2021;5;19;61.373;70.666;0.59;29.01;32.87;26.63;78.82;5.01;37.4;0.0
2021;5;20;64.495;70.788;0.62;28.82;31.83;27.06;80.17;5.36;38.2;0.0
2021;5;21;61.778;71.141;0.59;29.06;32.51;27.16;76.85;6.82;38.8;0.01
2021;5;22;54.046;68.069;0.52;28.82;30.76;27.52;78.82;6.77;41.2;0.02
2021;5;23;50.635;68.146;0.49;28.43;30.83;27.2;82.27;6.79;43.2;0.02
2021;5;24;55.855;68.635;0.54;28.93;31.88;27.37;79.98;6.44;41.4;0.02
2021;5;25;46.426;69.427;0.45;28.81;31.11;27.09;78.72;7.08;41.8;0.07
2021;5;26;64.831;71.352;0.63;29.04;32.38;27.13;73.52;7.13;40.4;0.03
2021;5;27;59.153;69.379;0.57;28.5;32.12;26.33;77.2;6.64;40.9;0.06
2021;5;28;46.013;68.369;0.44;28.29;30.99;26.77;78.6;6.95;36.1;0.14
2021;5;29;45.163;69.823;0.44;28.68;32.24;26.57;74.47;6.81;31.9;0.02
2021;5;30;56.167;69.797;0.54;28.46;31.41;26.86;74.18;6.47;42.4;0.0
2021;5;31;66.242;71.318;0.64;28.69;31.76;26.99;74.34;7.0;39.1;0.0
2021;6;1;30.094;6.817;0.29;28.43;30.2;27.33;80.33;5.95;44.1;0.02
2021;6;2;40.591;69.554;0.39;28.25;29.95;26.89;80.02;5.1;44.7;0.02
2021;6;3;5.951;69.715;0.58;28.34;30.36;26.96;79.16;5.59;37.2;0.02
2021;6;4;5.903;69.905;0.57;28.73;31.12;27.14;76.87;5.99;41.1;0.01
2021;6;5;59.009;69.012;0.57;28.73;31.37;26.99;80.34;4.88;45.9;0.02
2021;6;6;42.281;6.871;0.41;28.7;30.77;27.32;79.1;5.68;44.6;0.02
2021;6;7;16.682;68.614;0.16;28.6;30.51;27.36;78.08;4.81;54.1;0.05
2021;6;8;40.831;67.495;0.4;28.26;29.97;26.86;79.0;4.42;39.1;0.04
2021;6;9;24.113;69.744;0.23;28.08;30.16;26.7;80.18;3.68;44.7;0.04
2021;6;10;59.966;69.012;0.58;28.56;31.3;26.84;79.4;4.31;40.7;0.01
2021;6;11;63.314;69.574;0.62;29.0;32.04;26.99;77.35;4.6;42.0;0.01
2021;6;12;38.851;68.755;0.38;29.28;32.0;27.4;76.29;4.91;47.4;0.01
2021;6;13;53.345;68.218;0.52;29.26;32.35;27.32;77.52;3.61;47.1;0.01
2021;6;14;44.105;69.586;0.43;29.27;32.7;27.27;77.6;3.26;35.7;0.01
2021;6;15;52.279;6.967;0.51;29.55;32.51;27.38;75.37;5.13;43.4;0.01
2021;6;16;64.135;69.569;0.62;29.54;32.41;27.57;75.82;5.5;45.8;0.03
2021;6;17;65.633;69.742;0.64;29.78;32.83;27.87;75.31;6.45;46.1;0.04
2021;6;18;37.207;67.841;0.36;29.86;33.15;27.8;74.29;4.91;42.9;0.01
2021;6;19;59.873;70.296;0.58;29.74;33.17;27.48;76.13;5.38;34.8;0.01
2021;6;20;59.676;70.106;0.58;29.84;33.23;27.88;74.95;6.66;42.5;0.01
2021;6;21;49.774;68.786;0.49;28.92;30.7;27.74;79.47;4.21;38.0;0.02
2021;6;22;46.584;68.443;0.45;29.13;32.39;27.51;75.67;4.99;49.3;0.01
2021;6;23;54.391;68.275;0.53;28.72;31.02;27.41;76.3;5.87;41.3;0.0
2021;6;24;35.671;6.889;0.35;28.37;30.8;26.93;78.7;5.58;41.0;0.01
2021;6;25;60.847;70.538;0.59;27.89;28.88;27.04;79.44;4.18;60.5;0.01
2021;6;26;51.919;69.905;0.51;28.49;30.81;27.02;78.35;4.09;42.3;0.0
2021;6;27;61.822;71.599;0.6;28.97;31.44;27.25;77.28;4.97;34.8;0.0
2021;6;28;61.315;70.961;0.6;29.46;32.24;27.59;75.49;5.51;45.2;0.0
2021;6;29;69.166;71.806;0.67;29.74;33.12;27.6;74.72;6.85;42.8;0.6
2021;6;30;62.436;7.099;0.61;29.85;34.17;27.27;72.44;6.93;46.6;1.58
2021;7;1;5.575;70.558;0.54;28.74;32.06;26.82;79.16;3.55;38.3;4.89
2021;7;2;62.244;7.044;0.61;28.35;31.12;26.61;81.47;2.68;30.2;3.78
2021;7;3;40.742;6.943;0.4;27.99;30.35;26.31;82.19;2.58;11.5;6.55
2021;7;4;58.992;70.378;0.57;28.06;31.32;25.9;78.74;1.81;0.3;2.6
2021;7;5;64.397;71.107;0.63;29.03;32.67;25.92;78.86;3.6;33.0;0.92
2021;7;6;68.076;71.472;0.66;29.59;33.15;27.33;75.79;6.34;44.4;0.58
2021;7;7;67.044;70.594;0.65;29.6;33.29;27.06;75.02;6.95;42.7;0.65
2021;7;8;56.966;69.384;0.55;29.76;33.4;27.2;72.77;8.27;47.4;0.69
2021;7;9;50.448;68.028;0.49;28.92;31.04;27.19;76.54;7.88;49.3;1.36
2021;7;10;31.099;6.822;0.3;27.69;28.91;26.76;84.95;5.15;51.1;1.14
2021;7;11;42.074;67.685;0.41;28.31;31.24;26.42;81.04;5.5;45.5;0.28
2021;7;12;68.964;70.514;0.67;29.04;32.43;26.74;77.75;6.11;41.2;0.24
2021;7;13;63.137;70.466;0.61;28.57;30.74;26.89;79.55;5.59;45.3;0.31
2021;7;14;54.984;69.859;0.53;28.25;31.31;26.34;79.8;6.56;41.7;0.32
2021;7;15;55.584;70.579;0.54;28.15;30.51;26.25;79.6;6.45;39.3;0.99
2021;7;16;55.978;68.974;0.54;28.52;31.42;26.64;78.93;6.32;42.4;1.75
2021;7;17;52.205;71.491;0.51;28.62;31.84;26.69;79.07;6.44;41.3;1.51
2021;7;18;68.098;72.254;0.66;28.69;32.24;26.11;74.41;7.83;41.2;0.3
2021;7;19;69.086;72.014;0.67;29.37;33.24;26.5;75.74;5.28;48.3;0.43
2021;7;20;69.528;72.804;0.67;29.61;33.49;27.12;74.18;7.02;44.2;0.7
2021;7;21;65.844;69.629;0.64;29.76;33.24;26.86;70.93;7.6;48.2;0.15
2021;7;22;65.887;70.296;0.64;29.19;32.71;26.87;74.09;7.67;42.9;0.45
2021;7;23;62.897;69.089;0.61;29.34;33.1;26.88;75.6;6.73;37.4;0.29
2021;7;24;44.506;69.605;0.43;28.01;30.77;26.37;84.79;3.16;36.1;1.85
2021;7;25;32.664;71.038;0.32;27.26;29.01;26.23;83.07;2.83;251.0;1.12
2021;7;26;53.774;70.068;0.52;27.67;30.45;25.81;76.31;3.1;355.2;0.26
2021;7;27;54.367;7.157;0.53;28.26;30.46;26.49;81.93;4.77;39.3;0.43
2021;7;28;67.361;7.105;0.65;29.31;32.72;27.19;74.35;6.67;45.9;0.2
2021;7;29;6.527;71.371;0.63;29.85;33.77;27.27;72.88;6.28;43.4;0.25
2021;7;30;61.846;70.721;0.6;29.89;34.21;27.13;75.52;5.23;42.0;0.49
2021;7;31;6.755;71.263;0.65;29.89;33.65;27.71;73.99;6.89;44.0;0.14
2021;8;1;66.718;71.393;0.64;30.22;34.62;27.53;72.4;5.13;45.3;0.16
2021;8;2;36.408;69.936;0.35;28.63;31.17;27.22;81.59;3.58;50.4;1.25
2021;8;3;49.884;69.221;0.48;28.98;31.94;26.77;77.62;3.05;46.0;0.28
2021;8;4;58.541;70.884;0.57;28.04;29.07;27.13;79.01;3.34;62.4;0.29
2021;8;5;69.166;7.205;0.67;30.0;33.76;27.58;73.85;5.6;41.3;0.22
2021;8;6;64.157;71.746;0.62;29.93;33.54;27.63;72.92;5.46;42.9;0.13
2021;8;7;46.673;70.829;0.45;29.0;31.64;27.32;77.4;4.6;47.9;0.35
2021;8;8;5.964;71.467;0.58;29.52;32.99;27.25;71.95;6.74;38.6;0.11
2021;8;9;71.172;7.38;0.69;29.62;33.12;27.33;72.54;6.08;38.5;0.0
2021;8;10;59.266;69.821;0.57;29.48;33.55;27.6;75.41;6.6;44.3;0.02
2021;8;11;49.716;69.893;0.48;28.83;31.16;27.45;78.58;4.91;45.0;0.01
2021;8;12;66.542;71.794;0.64;28.57;30.75;26.97;80.02;3.24;40.9;0.01
2021;8;13;51.557;71.832;0.5;29.53;33.2;27.55;76.52;4.24;42.6;0.29
2021;8;14;51.408;7.123;0.5;29.81;33.6;27.49;70.27;5.76;41.9;0.67
2021;8;15;54.456;7.069;0.52;28.47;30.18;26.85;78.64;2.9;24.4;0.52
2021;8;16;48.329;71.714;0.47;27.32;29.35;26.21;80.01;2.71;339.6;1.04
2021;8;17;54.072;71.642;0.52;28.11;31.02;26.38;79.27;2.19;346.8;3.85
2021;8;18;60.156;71.928;0.58;28.94;31.74;26.5;81.44;4.8;42.9;5.17
2021;8;19;53.292;71.371;0.51;28.96;30.92;27.62;82.73;4.38;63.7;4.8
2021;8;20;57.007;72.523;0.55;28.09;30.03;26.78;82.29;2.21;68.8;3.08
2021;8;21;64.841;73.222;0.62;28.4;30.76;26.59;80.16;3.09;31.6;1.7
2021;8;22;56.774;70.493;0.55;29.1;31.67;27.55;81.0;5.26;48.8;3.35
2021;8;23;58.934;70.685;0.57;29.19;31.91;27.48;81.16;5.57;52.2;3.99
2021;8;24;42.348;69.238;0.41;28.85;32.02;26.9;77.72;4.42;46.5;2.66
2021;8;25;43.843;72.324;0.42;28.39;31.6;26.66;77.66;2.69;296.3;1.69
2021;8;26;52.202;69.144;0.5;27.52;29.43;26.8;81.42;1.61;1.3;3.21
2021;8;27;59.206;70.896;0.57;27.69;29.23;26.04;85.39;3.38;11.6;1.46
2021;8;28;60.122;71.386;0.58;29.42;33.02;27.1;77.16;6.03;46.5;2.14
2021;8;29;66.403;70.567;0.64;29.36;32.08;27.38;79.76;5.77;52.0;1.26
2021;8;30;28.188;69.132;0.27;28.24;30.35;27.19;83.88;4.36;54.0;1.85
2021;8;31;3.221;70.308;0.31;27.49;29.47;26.51;82.05;4.13;149.5;2.24
2021;9;1;53.986;71.405;0.52;27.56;29.07;26.18;80.65;2.91;26.1;0.39
2021;9;2;63.348;71.587;0.61;29.47;32.92;27.12;77.64;4.82;45.7;0.5
2021;9;3;62.335;71.609;0.6;29.87;33.28;27.8;77.94;6.31;41.5;1.36
2021;9;4;52.027;70.879;0.5;29.71;33.07;27.57;76.04;6.42;40.8;0.77
2021;9;5;2.939;71.052;0.28;28.44;30.49;27.41;83.55;4.72;52.4;3.76
2021;9;6;60.178;71.712;0.58;27.97;30.0;26.68;86.76;3.18;25.7;1.96
2021;9;7;51.698;70.776;0.5;27.56;29.82;26.62;83.7;3.4;269.8;1.74
2021;9;8;53.887;70.646;0.52;27.45;29.14;26.13;82.35;3.0;7.2;2.18
2021;9;9;62.534;70.651;0.61;29.0;30.87;27.56;83.44;4.85;51.7;1.84
2021;9;10;64.466;70.433;0.63;29.69;32.96;27.85;78.61;6.13;44.1;1.27
2021;9;11;39.828;68.206;0.39;28.75;30.75;27.62;83.08;4.75;57.3;7.22
2021;9;12;47.194;67.498;0.46;28.61;30.72;27.22;81.12;4.31;48.7;1.15
2021;9;13;51.005;69.329;0.5;28.83;31.03;27.5;80.48;2.81;51.1;0.85
2021;9;14;57.607;70.272;0.56;29.01;31.52;27.42;78.06;4.35;33.2;0.61
2021;9;15;55.464;71.714;0.54;29.07;31.47;27.71;78.87;4.19;34.5;0.85
2021;9;16;53.402;7.032;0.52;29.51;32.75;27.84;78.84;3.74;47.1;0.71
2021;9;17;65.966;70.258;0.65;29.87;32.7;27.85;78.47;6.09;46.0;0.93
2021;9;18;67.961;70.711;0.67;29.77;32.89;28.07;77.02;6.47;37.4;1.55
2021;9;19;55.303;70.092;0.54;29.02;31.45;27.55;75.35;4.34;49.3;0.55
2021;9;20;58.577;7.015;0.58;29.4;32.61;27.25;74.45;4.19;43.0;0.55
2021;9;21;44.179;6.793;0.43;29.01;31.61;27.54;78.64;4.66;38.5;0.68
2021;9;22;33.703;68.894;0.33;28.78;30.45;27.86;86.26;5.36;23.2;2.1
2021;9;23;58.879;6.959;0.58;28.99;31.21;27.7;82.87;3.34;16.3;1.08
2021;9;24;48.626;69.288;0.48;28.06;29.64;26.89;82.55;2.54;25.0;0.87
2021;9;25;62.424;69.043;0.62;29.42;32.66;27.64;80.21;4.56;46.7;0.61
2021;9;26;66.202;70.795;0.66;29.49;31.73;27.89;79.23;4.85;41.2;0.82
2021;9;27;66.761;70.387;0.66;29.65;32.69;28.17;78.5;5.43;45.1;0.69
2021;9;28;4.722;69.322;0.47;29.41;31.78;27.89;80.02;4.67;41.7;1.21
2021;9;29;45.535;6.852;0.45;28.62;30.83;27.29;81.5;3.97;21.0;1.23
2021;9;30;5.802;69.634;0.58;28.56;31.09;27.13;78.52;3.47;46.1;1.06
2021;10;1;54.965;68.904;0.55;28.39;30.57;26.89;78.84;4.56;37.6;1.15
2021;10;2;65.952;6.845;0.66;29.25;31.76;27.7;75.67;4.74;53.5;0.98
2021;10;3;52.188;67.507;0.52;29.07;31.71;27.46;76.62;3.63;46.2;3.57
2021;10;4;51.737;67.486;0.52;28.99;31.14;27.52;81.05;2.79;42.4;3.57
2021;10;5;57.175;66.475;0.58;29.37;32.03;27.74;82.49;4.29;48.9;4.65
2021;10;6;4.739;67.594;0.48;29.18;31.62;27.82;82.75;4.45;50.7;4.06
2021;10;7;54.751;6.78;0.55;29.82;32.88;27.78;77.36;6.47;45.7;2.48
2021;10;8;5.879;68.522;0.6;29.73;33.1;27.65;75.71;5.54;43.7;2.52
2021;10;9;50.443;67.771;0.51;29.26;32.16;27.45;78.35;4.14;40.9;4.6
2021;10;10;49.526;66.686;0.5;28.82;30.87;27.62;80.43;4.03;45.5;4.71
2021;10;11;4.391;65.839;0.45;28.41;30.31;27.26;81.73;3.37;34.3;5.53
2021;10;12;54.144;66.682;0.55;28.31;30.07;27.39;83.86;3.94;35.8;5.62
2021;10;13;34.584;65.897;0.35;27.83;29.13;27.16;86.72;3.6;5.9;3.18
2021;10;14;56.527;6.539;0.58;28.72;31.11;26.95;78.83;2.34;24.9;1.3
2021;10;15;55.378;65.822;0.57;28.93;32.32;26.96;81.19;3.18;23.7;1.98
2021;10;16;3.935;65.918;0.41;28.77;31.26;27.33;79.95;3.81;27.5;1.97
2021;10;17;50.803;66.874;0.53;27.72;29.6;26.44;83.29;2.1;352.2;2.96
2021;10;18;59.412;66.134;0.62;27.37;29.33;25.68;85.81;3.15;12.9;2.27
2021;10;19;59.172;6.629;0.62;29.05;31.29;27.66;81.1;4.32;40.4;2.85
2021;10;20;50.422;66.062;0.53;29.77;33.43;27.79;75.35;6.16;38.0;0.74
2021;10;21;59.246;6.582;0.62;29.79;32.94;27.89;74.97;6.07;38.6;0.83
2021;10;22;60.084;6.635;0.63;29.34;32.57;27.23;75.58;3.51;48.5;0.82
2021;10;23;54.919;65.395;0.58;29.31;32.51;27.45;78.33;3.24;35.4;1.68
2021;10;24;5.376;64.867;0.57;28.31;29.92;27.48;84.97;4.26;30.8;1.53
2021;10;25;5.597;64.786;0.59;29.5;32.82;27.33;75.02;6.58;42.7;0.34
2021;10;26;59.662;65.282;0.63;29.52;32.8;27.59;76.49;6.68;38.7;0.85
2021;10;27;50.208;63.326;0.53;29.18;31.84;27.48;80.39;4.18;52.3;2.51
2021;10;28;47.794;6.283;0.51;28.41;30.45;27.29;80.99;2.76;290.4;1.67
2021;10;29;28.027;62.222;0.3;28.52;30.75;27.07;78.56;2.17;278.7;1.55
2021;10;30;41.947;63.473;0.45;27.92;29.67;26.73;79.3;2.59;250.5;4.32
2021;10;31;47.537;63.206;0.51;26.94;28.24;26.02;83.95;2.13;76.2;38.79
2021;11;1;39.125;63.454;0.42;27.04;28.89;25.61;81.23;3.02;75.9;1.24
2021;11;2;53.122;64.711;0.57;27.85;29.55;26.68;77.89;3.5;58.4;0.41
2021;11;3;52.322;63.192;0.57;28.25;31.41;26.44;77.11;2.78;32.0;2.21
2021;11;4;49.805;6.187;0.54;28.35;31.45;26.29;79.43;2.61;17.0;4.31
2021;11;5;5.879;63.298;0.64;28.93;32.32;26.74;78.98;4.42;35.0;2.06
2021;11;6;61.409;63.835;0.67;29.49;33.58;27.08;76.33;5.03;39.9;0.38
2021;11;7;55.879;6.21;0.61;28.81;30.85;27.6;80.35;5.73;40.3;0.06
2021;11;8;42.065;60.257;0.46;28.55;30.49;27.39;78.63;5.85;41.8;0.03
2021;11;9;52.037;61.896;0.57;28.33;30.2;27.28;76.16;7.1;38.6;0.02
2021;11;10;57.062;62.731;0.63;28.66;31.78;26.62;74.1;6.29;40.4;0.0
2021;11;11;55.817;63.446;0.62;28.78;32.17;26.43;74.19;6.45;40.7;0.09
2021;11;12;6.173;6.3;0.68;28.76;32.14;26.2;74.67;6.77;41.9;0.21
2021;11;13;62.345;63.007;0.69;28.83;32.35;26.26;74.68;7.05;42.4;0.75
2021;11;14;56.446;6.12;0.63;28.51;31.31;26.7;77.29;6.56;39.2;1.44
2021;11;15;55.946;60.994;0.63;28.55;31.58;26.81;77.37;7.07;42.6;1.42
2021;11;16;58.152;61.954;0.65;28.63;31.53;26.86;74.95;7.07;43.3;0.1
2021;11;17;57.526;62.225;0.65;28.55;31.8;26.45;75.35;7.07;44.6;0.0
2021;11;18;60.991;62.491;0.69;28.66;31.93;26.49;75.86;6.61;39.3;0.0
2021;11;19;5.833;6.131;0.66;28.61;31.57;26.89;75.14;7.21;40.7;0.0
2021;11;20;55.157;5.987;0.62;28.79;32.26;26.87;76.73;6.5;38.6;0.0
2021;11;21;51.797;59.215;0.59;28.47;31.65;26.85;77.1;6.62;41.2;0.28
2021;11;22;42.578;58.426;0.48;27.77;30.07;26.48;82.19;4.4;39.0;5.42
2021;11;23;33.564;57.576;0.38;27.58;29.74;26.38;82.52;3.57;25.6;1.33
2021;11;24;36.394;57.398;0.42;27.73;29.93;26.29;81.25;4.48;38.9;1.75
2021;11;25;50.558;58.644;0.58;27.95;30.54;26.46;79.3;6.32;39.5;2.22
2021;11;26;28.025;57.398;0.32;27.7;30.4;26.44;81.25;5.53;40.0;4.56
2021;11;27;49.702;58.306;0.57;27.64;29.8;26.37;82.93;5.31;39.2;4.49
2021;11;28;52.872;58.747;0.61;28.22;30.65;26.72;79.36;6.63;41.0;1.58
2021;11;29;58.049;5.952;0.67;28.42;30.85;26.61;79.92;6.49;40.0;1.12
2021;11;30;4.266;57.766;0.49;27.88;29.83;26.82;82.81;6.4;41.7;3.63
2021;12;1;44.215;5.945;0.51;27.93;30.15;26.52;78.61;6.12;42.9;1.24
2021;12;2;57.026;59.558;0.66;28.5;31.84;26.43;78.3;6.3;40.2;0.33
2021;12;3;5.683;59.071;0.66;28.68;31.58;26.65;75.61;7.46;44.5;0.14
2021;12;4;43.891;59.352;0.51;28.27;30.73;26.84;78.63;7.48;43.2;0.06
2021;12;5;49.474;58.997;0.58;28.27;31.1;26.1;78.35;6.74;42.7;0.02
2021;12;6;56.213;59.119;0.66;28.26;31.22;25.97;77.95;6.85;44.0;0.01
2021;12;7;58.231;59.273;0.68;28.38;31.66;25.98;75.46;7.77;46.3;0.0
2021;12;8;57.787;59.498;0.68;28.09;31.19;26.07;75.03;7.15;41.4;0.0
2021;12;9;56.006;59.172;0.66;27.88;30.82;25.99;76.04;7.9;41.8;0.0
2021;12;10;57.526;6.035;0.67;27.93;30.99;25.87;74.11;7.81;42.6;0.0
2021;12;11;55.027;60.326;0.64;27.72;30.74;25.9;74.65;7.99;42.9;0.0
2021;12;12;49.639;58.742;0.58;27.53;30.56;25.79;77.83;6.51;37.3;0.01
2021;12;13;57.048;59.914;0.67;27.71;30.96;25.67;75.86;6.61;41.1;0.01
2021;12;14;56.287;5.879;0.66;27.89;31.14;25.87;77.13;6.83;39.9;0.02
2021;12;15;53.671;58.826;0.63;27.55;29.52;26.23;79.25;6.6;39.1;0.02
2021;12;16;54.758;58.104;0.64;27.66;30.01;25.78;78.61;6.56;45.3;0.03
2021;12;17;49.116;57.655;0.58;27.86;30.93;26.06;75.95;7.26;46.5;0.04
2021;12;18;4.595;57.173;0.54;27.65;30.64;26.15;79.34;6.1;48.8;0.07
2021;12;19;55.318;57.845;0.65;27.58;30.53;25.85;79.17;5.96;44.0;0.01
2021;12;20;52.596;58.339;0.62;27.2;29.62;25.58;79.52;6.02;38.0;0.01
2021;12;21;43.615;57.108;0.51;27.33;30.46;25.5;80.5;3.86;41.0;0.37
2021;12;22;43.097;57.125;0.51;26.99;29.61;25.67;84.08;3.79;25.2;3.85
2021;12;23;49.471;57.206;0.58;27.02;29.39;25.58;85.23;5.06;12.5;4.5
2021;12;24;5.004;57.341;0.59;27.62;29.95;26.28;81.49;7.19;28.3;2.99
2021;12;25;54.418;57.914;0.64;28.01;30.92;26.22;78.7;6.81;36.4;1.56
2021;12;26;56.734;58.342;0.67;28.1;30.96;26.33;79.21;7.7;38.1;1.74
2021;12;27;54.761;5.885;0.64;28.07;30.94;26.47;76.17;7.88;39.2;0.01
2021;12;28;55.385;58.627;0.65;27.87;30.84;26.18;71.62;6.69;40.7;0.0
2021;12;29;55.385;58.406;0.65;27.83;30.95;25.54;76.53;5.98;41.1;0.04
2021;12;30;5.37;5.718;0.63;27.67;30.97;25.46;77.31;6.87;41.9;0.04
2021;12;31;58.661;59.933;0.69;27.28;30.16;25.12;75.18;7.68;38.5;0.0
2022;1;1;58.661;59.455;0.68;27.69;31.16;25.01;74.39;6.66;39.2;0.0
2022;1;2;58.409;59.765;0.68;27.66;31.69;24.83;75.76;6.16;42.5;0.0
2022;1;3;5.79;6.025;0.67;27.32;30.68;24.82;74.97;7.08;43.7;0.0
2022;1;4;59.635;60.545;0.69;27.33;30.8;25.23;71.9;8.06;38.7;0.0
2022;1;5;60.084;61.344;0.7;27.06;30.19;25.16;71.17;8.18;39.0;0.0
2022;1;6;59.554;61.049;0.69;27.03;30.72;24.11;72.52;6.81;40.7;0.0
2022;1;7;58.061;60.053;0.67;26.94;30.33;24.57;74.01;6.25;39.6;0.0
2022;1;8;51.034;59.146;0.59;27.31;30.73;25.12;71.81;7.67;42.2;0.01
2022;1;9;59.794;61.054;0.69;27.39;30.57;25.06;70.19;7.91;42.6;0.0
2022;1;10;51.924;60.281;0.6;26.76;29.37;25.4;74.45;6.87;40.4;0.18
2022;1;11;43.262;59.506;0.5;26.55;28.84;25.03;77.65;6.77;38.3;0.38
2022;1;12;59.609;61.771;0.68;26.85;30.06;24.9;73.07;6.81;34.3;0.01
2022;1;13;57.048;6.073;0.65;26.48;29.65;24.78;74.1;5.56;20.1;0.04
2022;1;14;55.958;61.421;0.64;26.39;29.31;24.61;74.13;6.22;23.1;0.03
2022;1;15;55.687;60.617;0.63;27.03;30.56;25.0;74.07;6.51;32.9;0.06
2022;1;16;51.792;59.028;0.59;27.33;31.23;24.71;74.43;6.04;35.8;0.04
2022;1;17;54.542;57.996;0.62;27.35;30.31;25.39;79.13;6.86;31.5;0.41
2022;1;18;53.945;59.688;0.61;27.65;30.6;26.07;75.12;8.48;34.2;0.11
2022;1;19;60.449;61.493;0.68;27.82;30.9;25.57;72.54;7.71;39.3;0.0
2022;1;20;60.768;61.034;0.68;28.04;31.8;25.12;75.18;7.08;42.0;0.05
2022;1;21;58.219;60.821;0.65;28.05;30.5;26.08;72.29;7.44;44.5;0.0
2022;1;22;58.066;61.349;0.65;27.81;30.98;25.8;72.33;7.41;36.6;0.0
2022;1;23;52.733;59.791;0.59;27.27;30.41;25.34;73.34;7.86;35.5;0.02
2022;1;24;59.268;6.186;0.66;27.43;31.04;25.45;71.02;7.63;36.1;0.01
2022;1;25;59.887;61.783;0.66;27.48;30.96;25.47;72.49;7.72;36.7;0.01
2022;1;26;54.134;59.518;0.6;27.47;30.89;25.3;74.34;6.92;37.8;0.0
2022;1;27;60.286;62.453;0.67;27.55;30.75;25.77;72.57;8.07;37.2;0.0
2022;1;28;61.762;63.326;0.68;27.35;30.92;25.32;74.33;6.44;31.8;0.0
2022;1;29;55.296;62.921;0.61;26.62;28.75;25.26;73.52;6.4;20.3;0.0
2022;1;30;5.79;63.641;0.63;26.63;29.3;24.9;72.33;7.34;28.7;0.0
2022;1;31;59.887;64.634;0.65;27.01;30.48;25.04;72.91;6.69;31.9;0.0
2022;2;1;63.341;64.922;0.69;27.43;31.25;25.02;72.33;6.47;35.9;0.0
2022;2;2;62.398;63.619;0.68;27.77;31.91;24.97;74.6;6.48;40.5;0.0
2022;2;3;62.892;63.576;0.68;27.76;31.9;24.98;74.78;7.16;38.5;0.0
2022;2;4;61.702;64.063;0.67;27.76;31.29;25.86;74.35;7.88;36.1;0.0
2022;2;5;61.764;65.554;0.66;27.35;30.66;25.4;73.14;7.99;36.3;0.03
2022;2;6;64.476;66.343;0.69;27.46;31.15;25.14;71.32;6.74;33.0;0.01
2022;2;7;55.718;6.24;0.6;27.67;31.29;25.65;73.95;6.45;33.8;0.07
2022;2;8;52.769;61.433;0.56;27.51;30.71;25.81;79.43;6.14;27.5;0.45
2022;2;9;47.736;6.037;0.51;27.63;30.69;25.79;78.79;5.84;32.9;0.38
2022;2;10;55.498;63.905;0.59;28.03;31.27;25.63;74.97;6.71;35.3;0.07
2022;2;11;62.441;65.731;0.66;28.11;31.54;25.92;69.41;8.33;38.8;0.0
2022;2;12;6.157;65.515;0.65;28.05;31.39;25.75;71.76;7.87;43.5;0.01
2022;2;13;63.547;65.515;0.67;28.1;31.92;25.69;71.89;7.47;40.9;0.01
2022;2;14;58.157;63.024;0.61;27.67;30.35;25.98;73.38;8.68;38.9;0.05
2022;2;15;56.042;65.009;0.58;27.92;30.63;26.11;68.62;9.26;41.9;0.0
2022;2;16;63.466;65.297;0.66;28.07;31.35;25.97;68.98;8.81;43.2;0.0
2022;2;17;64.457;64.846;0.67;28.06;31.59;24.93;70.61;7.9;43.4;0.0
2022;2;18;65.304;66.583;0.68;27.61;31.01;25.44;70.64;8.68;39.2;0.0
2022;2;19;61.166;67.692;0.63;27.34;30.68;25.01;72.03;8.12;36.7;0.0
2022;2;20;68.254;69.458;0.7;27.51;30.96;25.58;68.72;9.02;40.6;0.0
2022;2;21;67.934;70.402;0.7;27.62;31.01;25.27;67.86;8.62;42.3;0.0
2022;2;22;68.606;69.895;0.7;27.59;31.16;25.13;68.98;8.9;41.4;0.0
2022;2;23;6.563;67.644;0.67;27.35;30.53;25.25;70.82;8.38;38.3;0.0
2022;2;24;66.259;6.797;0.67;27.33;30.6;25.31;70.7;8.89;39.8;0.0
2022;2;25;68.366;69.238;0.69;27.17;30.21;25.4;69.47;8.73;38.0;0.0
2022;2;26;66.178;68.738;0.67;27.14;30.73;25.0;71.95;8.11;35.5;0.0
2022;2;27;6.017;6.581;0.61;27.34;30.78;25.36;74.19;7.62;32.1;0.01
2022;2;28;48.638;63.576;0.49;26.99;29.25;25.48;80.63;6.14;28.8;0.68
2022;3;1;50.717;6.414;0.51;27.73;30.81;25.79;79.47;5.84;32.0;0.45
2022;3;2;52.514;66.382;0.53;27.62;30.89;25.73;80.5;7.33;35.3;1.25
2022;3;3;59.405;69.216;0.59;27.67;30.78;25.46;76.73;7.97;34.4;0.25
2022;3;4;63.984;70.442;0.64;27.65;30.76;25.79;73.52;8.53;31.4;0.02
2022;3;5;60.917;6.954;0.61;27.58;30.57;25.84;76.57;8.69;34.6;0.1
2022;3;6;6.018;69.797;0.6;27.7;30.17;25.89;73.2;7.91;36.5;0.16
2022;3;7;59.165;71.261;0.59;27.63;30.79;25.54;71.1;8.16;39.4;1.6
2022;3;8;66.367;7.145;0.66;27.6;30.98;25.36;71.28;7.05;45.1;5.09
2022;3;9;67.584;70.406;0.67;27.29;30.44;25.36;75.56;6.5;38.7;8.9
2022;3;10;57.269;68.678;0.56;27.45;31.39;25.38;77.89;6.35;39.1;21.03
2022;3;11;55.982;69.043;0.55;27.47;30.5;25.36;80.96;5.52;37.8;9.44
2022;3;12;61.709;68.287;0.61;27.77;30.91;25.93;80.81;4.57;36.7;3.27
2022;3;13;47.465;67.356;0.47;27.38;29.93;25.79;80.19;6.61;36.9;2.27
2022;3;14;66.871;71.522;0.65;27.5;30.7;25.67;75.18;7.63;42.1;0.05
2022;3;15;60.679;71.714;0.59;27.44;30.36;25.15;75.48;7.78;42.7;0.75
2022;3;16;66.478;70.217;0.65;27.42;30.91;25.01;76.98;6.81;38.8;0.02
2022;3;17;50.381;67.135;0.49;27.35;30.11;25.51;78.7;6.65;41.7;0.0
2022;3;18;67.109;70.046;0.65;27.73;31.26;25.5;73.91;7.34;40.8;0.0
2022;3;19;64.085;69.739;0.62;27.46;30.61;24.88;75.55;7.86;41.9;0.0
2022;3;20;54.262;65.578;0.53;27.67;30.73;25.48;76.19;7.63;38.5;0.0
2022;3;21;63.466;68.186;0.61;27.48;30.29;25.76;76.5;8.82;39.4;0.0
2022;3;22;70.406;71.131;0.68;27.64;31.36;25.38;72.85;7.97;41.3;0.0
2022;3;23;72.454;73.058;0.7;28.14;31.94;25.02;71.38;7.02;42.0;0.0
2022;3;24;70.682;71.364;0.68;27.76;31.07;25.63;72.96;7.81;39.9;0.0
2022;3;25;67.104;68.772;0.65;27.38;30.77;24.97;76.09;7.06;33.5;0.0
2022;3;26;49.068;62.484;0.47;26.98;29.46;25.47;81.57;7.34;29.9;0.02
2022;3;27;4.975;66.283;0.48;27.35;30.83;25.45;80.05;8.03;31.9;0.19
2022;3;28;43.469;68.551;0.42;26.61;28.21;25.61;82.18;10.17;40.4;2.76
2022;3;29;48.384;67.414;0.46;27.51;30.73;25.66;77.21;9.48;42.7;0.09
2022;3;30;53.933;68.599;0.52;27.37;30.28;25.65;78.1;7.09;44.7;0.54
2022;3;31;5.507;6.901;0.53;27.26;29.82;25.81;76.63;6.66;41.0;0.71
2022;4;1;47.458;6.695;0.45;27.8;31.49;25.51;76.96;6.53;44.6;1.81
2022;4;2;52.726;67.135;0.5;27.79;31.29;25.65;77.88;7.08;39.7;2.37
2022;4;3;50.206;66.802;0.48;27.2;30.01;25.76;82.69;6.93;37.0;10.19
2022;4;4;44.102;67.512;0.42;26.74;28.78;25.49;86.91;5.2;38.1;22.67
2022;4;5;54.917;67.637;0.52;26.93;28.89;25.62;85.33;5.74;40.8;4.36
2022;4;6;55.793;6.925;0.53;27.16;29.45;25.98;83.75;5.95;44.1;1.7
2022;4;7;4.499;68.081;0.43;27.48;31.0;25.56;82.03;6.09;44.8;5.71
2022;4;8;42.127;68.477;0.4;27.67;30.61;25.96;83.05;6.71;38.6;9.28
2022;4;9;58.884;68.261;0.56;27.76;30.9;25.92;77.78;8.17;35.0;0.1
2022;4;10;60.739;69.929;0.58;27.75;31.19;25.71;74.91;8.69;37.8;0.02
2022;4;11;62.837;6.985;0.6;27.87;30.87;25.89;75.03;8.79;39.0;0.88
2022;4;12;66.622;70.776;0.63;27.97;31.21;26.11;77.72;8.86;43.7;1.17
2022;4;13;6.449;71.014;0.61;28.37;32.79;25.77;75.42;7.85;44.2;0.65
2022;4;14;58.762;69.506;0.56;28.13;31.99;25.84;75.99;6.68;42.4;0.37
2022;4;15;65.304;6.864;0.62;28.0;31.83;25.41;78.15;7.08;37.6;0.22
2022;4;16;51.886;68.218;0.49;28.5;32.75;25.72;78.27;5.09;34.6;0.55
2022;4;17;56.213;70.702;0.53;28.34;31.78;25.93;80.82;2.87;24.0;4.1
2022;4;18;51.905;72.384;0.49;28.25;31.21;26.1;82.63;3.04;344.8;2.31
2022;4;19;4.555;72.406;0.43;27.76;29.56;26.48;83.32;3.21;221.6;3.53
2022;4;20;44.191;71.616;0.42;27.49;28.94;26.3;82.11;2.04;222.4;9.44
2022;4;21;51.955;73.114;0.49;27.37;29.36;25.83;81.24;2.09;247.0;21.93
2022;4;22;40.702;71.729;0.39;27.32;29.79;25.67;79.81;2.29;354.0;10.9
2022;4;23;51.881;72.547;0.49;27.35;30.05;25.16;79.21;4.04;28.7;2.56
2022;4;24;56.796;72.672;0.54;28.38;31.81;26.17;75.71;6.06;45.3;2.61
2022;4;25;40.039;69.926;0.38;27.6;29.37;26.45;82.53;4.55;53.0;10.54
2022;4;26;46.356;69.502;0.44;27.99;30.41;26.38;80.98;6.17;42.6;1.92
2022;4;27;50.654;69.679;0.48;27.72;29.63;26.44;79.43;6.68;46.1;1.32
2022;4;28;40.942;68.268;0.39;27.49;29.33;26.52;80.24;6.76;43.6;1.02
2022;4;29;49.337;69.504;0.47;27.49;29.38;26.04;85.23;5.43;39.9;2.85
2022;4;30;53.114;68.131;0.51;27.88;30.21;26.56;86.49;4.22;44.5;7.56
2022;5;1;45.696;71.642;0.44;27.89;30.4;26.27;86.0;2.34;26.7;6.42
2022;5;2;61.987;71.964;0.59;28.47;31.42;26.13;82.55;3.07;48.8;2.97
2022;5;3;6.588;72.062;0.63;28.39;31.07;26.77;82.35;5.61;43.2;0.87
2022;5;4;64.322;71.551;0.61;28.46;31.45;26.26;81.2;5.52;45.4;0.46
2022;5;5;47.206;70.865;0.45;28.12;30.55;26.92;84.22;5.0;46.9;2.39
2022;5;6;29.076;7.207;0.28;27.73;29.3;26.44;84.16;3.07;48.7;4.15
2022;5;7;55.123;71.578;0.53;28.23;31.57;26.23;80.92;3.97;32.0;1.33
2022;5;8;67.234;72.442;0.64;28.49;31.58;26.77;82.49;4.18;39.3;2.75
2022;5;9;52.214;71.803;0.5;28.33;30.14;27.09;85.57;4.67;33.4;3.23
2022;5;10;31.807;71.016;0.3;27.85;29.3;27.2;88.29;2.68;46.8;4.19
2022;5;11;39.079;70.154;0.37;28.0;29.94;26.63;84.47;2.44;85.7;1.58
2022;5;12;58.051;72.571;0.56;28.36;30.68;27.13;81.98;2.75;43.3;0.29
2022;5;13;41.642;71.112;0.4;28.43;31.14;27.0;83.04;4.74;38.2;1.55
2022;5;14;48.355;69.773;0.46;27.94;29.58;26.97;85.93;5.09;40.2;1.01
2022;5;15;46.279;69.806;0.44;28.09;29.8;26.81;84.64;4.0;50.6;0.32
2022;5;16;4.873;69.062;0.47;28.72;31.78;26.95;81.45;5.31;42.2;0.45
2022;5;17;29.633;68.388;0.28;28.4;31.05;27.01;86.05;3.21;47.3;1.5
2022;5;18;41.755;68.767;0.4;28.29;30.45;26.97;85.05;4.12;37.7;1.25
2022;5;19;45.665;67.934;0.44;28.52;30.86;27.04;83.38;3.02;43.3;0.96
2022;5;20;5.562;7.151;0.53;28.69;31.35;26.95;81.74;3.38;54.5;0.44
2022;5;21;6.75;72.163;0.65;29.47;33.69;26.63;75.85;5.82;43.8;0.64
2022;5;22;70.289;71.191;0.68;29.21;33.44;26.67;76.3;6.22;49.3;0.22
2022;5;23;65.033;69.703;0.63;29.03;32.68;26.54;76.39;4.9;49.3;1.07
2022;5;24;45.089;68.628;0.43;28.56;31.2;26.93;81.4;4.63;44.8;3.12
2022;5;25;44.962;68.446;0.43;28.25;30.33;26.7;83.36;3.43;49.4;3.91
2022;5;26;51.432;68.369;0.5;28.28;30.21;26.88;85.15;4.07;48.2;21.91
2022;5;27;65.249;70.248;0.63;28.47;30.57;27.2;82.95;3.23;50.8;12.04
2022;5;28;63.814;71.112;0.62;28.62;30.81;27.14;81.42;4.32;56.1;8.6
2022;5;29;67.634;72.257;0.65;28.62;31.89;26.5;80.39;4.92;49.4;4.38
2022;5;30;60.958;7.164;0.59;28.47;31.66;26.66;80.89;4.53;51.6;2.45
2022;5;31;57.547;71.386;0.56;28.82;32.13;26.42;78.33;4.84;44.6;1.17
2022;6;1;58.987;71.362;0.57;28.4;31.16;26.82;81.18;3.31;50.5;2.52
2022;6;2;5.759;70.699;0.56;28.82;32.09;26.5;80.21;2.85;26.7;5.04
2022;6;3;50.107;6.984;0.49;28.03;30.69;26.22;80.01;2.54;333.7;3.42
2022;6;4;40.644;70.973;0.39;27.19;29.12;25.79;82.55;2.31;359.6;1.57
2022;6;5;51.456;70.188;0.5;28.91;32.49;26.43;77.16;2.38;13.2;1.67
2022;6;6;56.359;70.946;0.55;28.8;31.1;27.37;81.76;3.03;36.0;3.67
2022;6;7;45.977;71.062;0.45;28.35;30.66;27.1;83.26;3.29;33.2;7.2
2022;6;8;57.514;69.967;0.56;28.16;29.99;27.09;81.5;3.11;46.6;3.25
2022;6;9;40.207;6.979;0.39;28.45;30.67;27.13;80.99;4.9;51.5;7.01
2022;6;10;51.432;68.683;0.5;28.08;29.86;26.6;81.65;3.51;57.7;7.67
2022;6;11;3.733;6.929;0.36;28.32;30.23;26.86;82.94;4.37;53.0;5.48
2022;6;12;36.962;69.454;0.36;27.91;29.65;26.78;85.3;4.06;41.4;11.14
2022;6;13;65.285;70.932;0.63;28.65;30.95;27.1;82.19;4.98;50.4;6.58
2022;6;14;3.361;7.08;0.33;27.51;28.62;26.89;86.61;4.24;59.7;3.95
2022;6;15;51.226;69.456;0.5;27.98;29.78;26.63;82.97;3.19;45.0;6.74
2022;6;16;49.973;69.835;0.49;28.03;29.6;26.93;85.55;3.06;40.4;5.54
2022;6;17;39.631;69.581;0.39;28.21;29.59;26.96;84.75;3.88;49.1;3.72
2022;6;18;42.638;69.077;0.42;27.97;29.99;26.42;84.22;2.09;106.9;4.05
2022;6;19;25.567;69.103;0.25;27.98;30.01;26.36;85.03;2.5;35.4;8.26
2022;6;20;61.039;68.551;0.59;27.49;29.9;25.91;84.67;5.07;39.6;11.75
2022;6;21;47.131;68.938;0.46;27.75;29.16;26.75;84.82;5.04;44.4;19.26
2022;6;22;56.503;69.492;0.55;27.86;29.56;26.6;85.13;4.45;49.9;3.88
2022;6;23;5.585;6.889;0.54;28.49;31.47;26.74;84.31;3.95;43.6;4.08
2022;6;24;37.092;68.047;0.36;27.72;29.03;26.84;87.4;5.03;49.1;8.3
2022;6;25;43.606;67.375;0.43;27.89;29.66;26.66;85.11;3.39;47.1;29.64
2022;6;26;43.843;68.532;0.43;27.6;29.56;26.73;84.28;3.36;54.8;11.84
2022;6;27;41.616;69.494;0.41;28.06;30.17;26.68;82.96;3.23;42.3;40.37
2022;6;28;56.822;69.989;0.55;28.14;31.25;26.45;82.04;4.56;41.2;20.39
2022;6;29;54.458;68.573;0.53;28.29;31.23;26.81;82.24;6.69;49.9;6.2
2022;6;30;48.581;70.042;0.47;28.04;30.24;26.55;83.15;4.24;46.2;3.36
2022;7;1;52.582;69.401;0.51;27.45;29.35;26.29;87.89;3.93;53.0;9.09
2022;7;2;55.524;70.145;0.54;27.78;29.48;26.81;87.52;5.02;50.0;9.41
2022;7;3;64.241;69.926;0.63;28.33;30.59;26.75;86.87;3.31;44.7;7.58
2022;7;4;51.158;68.242;0.5;27.79;30.5;26.7;89.27;4.9;55.2;29.67
2022;7;5;42.965;69.034;0.42;27.43;28.6;26.7;88.4;5.24;57.0;2.48
2022;7;6;59.405;70.205;0.58;27.83;29.98;26.39;85.3;4.65;47.2;0.89
2022;7;7;59.014;70.728;0.57;28.0;29.75;26.86;87.26;5.27;46.9;1.02
2022;7;8;50.544;69.307;0.49;28.04;30.11;26.74;84.69;5.66;51.9;0.78
2022;7;9;60.912;69.384;0.59;28.04;30.77;26.64;85.33;5.33;48.1;1.87
2022;7;10;44.402;69.895;0.43;27.92;30.84;26.39;87.12;4.03;51.2;12.47
2022;7;11;40.531;69.096;0.39;27.85;30.27;26.58;87.63;4.6;50.2;6.2
2022;7;12;53.203;69.406;0.52;27.76;29.87;26.56;87.49;4.75;52.6;10.26
2022;7;13;57.454;70.831;0.56;28.0;30.08;26.56;83.66;4.63;51.1;11.88
2022;7;14;57.828;7.009;0.56;28.14;31.39;26.43;82.8;5.58;46.9;1.65
2022;7;15;6.528;71.813;0.63;27.93;31.51;25.98;79.43;6.28;42.2;0.0
2022;7;16;6.407;70.954;0.62;28.06;31.38;26.06;82.14;6.15;41.7;0.03
2022;7;17;51.264;69.874;0.5;27.79;30.15;26.48;86.41;5.22;44.5;0.22
2022;7;18;48.197;70.462;0.47;27.5;29.8;26.38;87.89;4.58;44.4;0.83
2022;7;19;58.675;69.732;0.57;27.9;30.37;26.33;85.03;6.16;44.1;0.61
2022;7;20;54.542;69.598;0.53;27.67;29.93;26.36;84.8;5.61;50.9;5.59
2022;7;21;50.141;69.619;0.49;27.75;31.04;26.25;86.47;4.27;44.1;31.81
2022;7;22;44.798;6.947;0.43;27.44;29.72;26.12;87.3;3.84;44.2;17.39
2022;7;23;53.981;70.858;0.52;28.04;31.4;26.58;83.45;5.99;44.1;3.83
2022;7;24;60.811;70.166;0.59;27.96;31.31;25.99;80.82;4.88;45.2;3.77
2022;7;25;47.345;67.894;0.46;27.48;29.26;25.86;84.75;4.04;57.6;4.28
2022;7;26;4.59;6.929;0.44;28.18;31.07;26.32;81.81;4.59;44.8;4.74
2022;7;27;51.924;69.677;0.5;27.79;29.89;26.73;87.23;4.99;45.5;25.24
2022;7;28;28.442;70.829;0.28;27.08;28.52;26.18;88.74;3.26;56.0;20.4
2022;7;29;64.534;71.722;0.62;27.91;30.23;26.53;84.71;4.76;49.9;5.87
2022;7;30;68.686;72.919;0.66;28.29;30.82;26.83;83.54;6.43;48.5;0.32
2022;7;31;6.42;71.066;0.62;28.48;31.22;26.49;81.33;6.32;51.6;1.0
2022;8;1;38.455;68.707;0.37;27.89;30.5;26.2;82.07;6.9;52.6;1.72
2022;8;2;34.853;69.511;0.34;27.27;29.5;26.01;85.61;4.28;54.9;4.24
2022;8;3;38.249;69.343;0.37;27.43;28.84;26.63;88.41;4.59;49.0;3.56
2022;8;4;55.286;69.542;0.53;27.51;29.19;26.55;87.8;5.02;53.3;1.73
2022;8;5;41.064;69.802;0.4;27.36;28.72;26.71;88.91;4.78;48.0;3.72
2022;8;6;43.615;69.559;0.42;27.42;29.58;26.29;87.12;4.44;54.9;3.48
2022;8;7;55.541;70.474;0.54;27.58;29.13;26.43;87.63;4.57;50.2;7.6
2022;8;8;64.865;72.137;0.63;28.25;31.12;26.54;84.08;4.24;44.9;1.55
2022;8;9;66.461;7.217;0.64;28.35;30.84;26.83;86.0;4.7;49.6;3.22
2022;8;10;46.222;70.118;0.45;27.95;29.36;27.01;88.48;4.21;51.8;5.89
2022;8;11;5.465;70.262;0.53;27.82;29.91;26.44;86.93;2.41;53.0;12.66
2022;8;12;49.541;69.732;0.48;27.77;31.3;25.11;82.32;2.04;7.2;16.1
2022;8;13;4.698;70.248;0.45;27.45;29.72;24.82;84.26;2.63;23.8;10.78
2022;8;14;4.325;7.063;0.42;27.85;29.67;26.66;85.78;3.65;51.9;33.84
2022;8;15;53.611;71.402;0.52;27.49;29.54;25.77;86.65;2.74;24.5;14.37
2022;8;16;51.432;7.231;0.5;27.21;29.52;25.03;83.32;1.57;6.1;12.66
2022;8;17;69.154;73.015;0.67;29.0;32.57;26.95;81.77;4.29;44.0;4.4
2022;8;18;67.927;72.782;0.65;28.6;31.59;27.07;80.48;6.3;42.4;2.0
2022;8;19;71.921;73.865;0.69;28.56;32.2;26.12;80.34;5.89;42.7;0.15
2022;8;20;53.302;70.426;0.51;28.12;30.24;26.74;85.63;4.74;40.6;1.91
2022;8;21;47.162;7.015;0.45;27.8;31.03;25.79;76.37;2.52;22.4;8.21
2022;8;22;33.406;70.116;0.32;27.45;29.43;25.93;85.05;2.04;327.2;2.76
2022;8;23;60.425;71.345;0.58;28.0;31.25;25.74;79.37;2.41;30.9;2.59
2022;8;24;65.959;71.323;0.64;27.93;30.74;25.82;82.8;3.41;34.8;4.23
2022;8;25;48.727;7.195;0.47;28.1;29.89;27.26;86.54;4.35;40.1;11.36
2022;8;26;38.122;70.754;0.37;28.5;31.51;26.97;82.87;4.73;39.1;7.54
2022;8;27;54.907;7.105;0.53;28.16;30.02;26.87;82.76;3.17;32.3;5.51
2022;8;28;57.187;71.374;0.55;27.88;30.75;26.65;82.28;2.73;64.7;18.16
2022;8;29;42.509;6.942;0.41;26.57;27.1;25.99;90.07;2.66;21.7;48.41
2022;8;30;61.656;7.043;0.6;28.07;30.49;26.56;85.14;4.28;43.9;21.38
2022;8;31;47.642;70.056;0.46;28.62;31.43;27.11;83.96;4.66;48.6;15.36
2022;9;1;45.504;70.061;0.44;28.29;29.82;27.12;85.5;3.56;60.3;15.99
2022;9;2;60.022;70.922;0.58;28.49;31.49;26.64;78.19;4.71;48.0;1.97
2022;9;3;59.947;70.382;0.58;28.47;31.67;26.69;81.8;4.86;45.6;18.59
2022;9;4;51.641;69.382;0.5;28.28;30.7;26.84;84.06;3.17;51.9;21.51
2022;9;5;50.098;70.226;0.48;27.71;29.53;26.59;87.78;2.73;26.4;28.09
2022;9;6;59.587;70.166;0.58;28.24;30.86;26.61;82.89;2.67;26.9;6.47
2022;9;7;4.787;69.151;0.46;28.28;30.77;26.93;84.4;2.22;13.9;24.25
2022;9;8;45.662;69.893;0.44;28.05;30.48;26.17;82.46;1.91;265.4;7.79
2022;9;9;62.431;7.079;0.61;27.51;29.63;25.71;80.45;1.95;36.0;6.9
2022;9;10;60.713;70.961;0.59;28.86;31.31;27.18;84.42;4.12;44.7;6.83
2022;9;11;50.647;69.876;0.49;27.86;28.98;27.37;86.97;4.1;70.6;6.73
2022;9;12;30.089;68.345;0.29;28.81;30.95;27.46;82.86;2.58;44.4;5.71
2022;9;13;51.991;70.702;0.51;28.02;29.27;27.11;83.43;2.8;79.4;8.33
2022;9;14;48.893;70.594;0.48;28.24;30.2;26.99;82.47;3.11;53.3;9.32
2022;9;15;5.172;70.164;0.5;28.47;30.98;27.22;83.21;4.0;51.5;5.77
2022;9;16;52.438;70.301;0.51;28.44;30.19;27.18;82.22;2.82;48.3;11.12
2022;9;17;47.362;68.304;0.46;28.05;29.99;26.71;83.05;1.67;8.3;8.07
2022;9;18;35.568;6.618;0.35;27.64;29.75;26.42;82.97;2.38;320.1;8.38
2022;9;19;35.299;67.939;0.35;27.09;28.95;26.0;85.35;2.96;260.7;20.95
2022;9;20;4.841;69.787;0.48;27.64;30.44;25.64;78.62;2.41;251.6;12.4
2022;9;21;54.576;70.085;0.54;28.25;31.61;25.78;73.68;1.41;12.7;12.15
2022;9;22;37.474;68.621;0.37;27.52;29.42;25.84;80.23;1.63;355.4;16.57
2022;9;23;3.751;68.918;0.37;27.62;30.27;26.07;80.31;2.39;19.4;4.04
2022;9;24;50.498;68.983;0.5;27.78;30.03;26.37;79.67;2.46;315.0;3.22
2022;9;25;45.876;68.033;0.45;27.63;30.57;25.47;79.2;2.38;84.1;4.09
2022;9;26;53.167;6.851;0.53;28.59;31.03;26.75;82.6;2.42;26.0;5.39
2022;9;27;47.038;68.345;0.47;28.42;30.13;27.53;84.89;2.84;29.3;8.78
2022;9;28;47.441;69.302;0.47;28.54;31.08;27.12;82.2;2.42;1.8;8.76
2022;9;29;43.044;69.197;0.43;28.08;30.21;26.51;84.13;2.56;307.1;6.79
2022;9;30;48.007;69.132;0.48;27.84;30.28;25.87;77.72;1.62;253.0;5.31
2022;10;1;45.902;69.569;0.46;27.16;28.98;25.59;77.07;1.69;204.0;7.03
2022;10;2;58.589;67.598;0.59;27.71;29.57;26.11;79.43;2.76;41.2;1.71
2022;10;3;63.413;6.918;0.64;28.98;31.86;27.4;82.77;3.17;36.7;4.26
2022;10;4;58.562;6.845;0.59;29.28;31.98;27.92;82.63;5.31;39.6;2.58
2022;10;5;3.78;68.652;0.38;28.54;30.64;27.27;83.02;3.99;41.6;4.86
2022;10;6;41.258;68.887;0.42;27.79;29.78;26.82;85.64;3.23;32.1;6.91
2022;10;7;1.95;68.362;0.2;26.35;27.42;24.75;89.59;4.29;216.0;6.18
2022;10;8;43.241;6.607;0.44;27.36;30.44;25.24;81.98;3.06;132.8;5.62
2022;10;9;45.962;66.319;0.47;27.09;28.32;26.02;89.16;4.27;19.8;10.94
2022;10;10;52.668;66.986;0.54;28.11;30.49;26.89;81.02;3.22;51.2;2.59
2022;10;11;55.968;67.022;0.57;28.64;31.45;26.97;82.26;3.8;56.1;3.18
2022;10;12;47.374;66.156;0.48;28.42;31.0;27.27;85.29;4.08;55.8;10.09
2022;10;13;42.934;65.798;0.44;27.75;30.18;25.99;84.31;2.35;26.3;11.98
2022;10;14;44.501;64.963;0.46;27.53;29.94;25.74;82.0;1.84;6.4;14.99
2022;10;15;54.329;65.784;0.56;28.34;30.29;26.93;82.92;3.46;41.9;5.52
2022;10;16;46.438;65.592;0.48;28.86;31.41;27.42;82.93;4.57;42.6;10.91
2022;10;17;38.287;65.974;0.4;28.42;30.35;27.13;85.0;2.89;41.1;10.66
2022;10;18;52.769;66.029;0.55;28.47;30.49;27.18;84.18;3.71;32.9;2.22
2022;10;19;50.894;65.916;0.53;28.55;30.94;27.41;84.08;4.54;26.6;1.54
2022;10;20;48.307;65.854;0.5;28.84;31.05;27.59;82.09;4.23;38.6;2.47
2022;10;21;42.427;6.469;0.44;28.46;30.85;27.23;83.88;3.68;27.3;2.7
2022;10;22;48.622;65.364;0.51;28.53;30.7;27.43;84.0;4.05;38.8;1.85
2022;10;23;45.346;65.407;0.48;28.08;29.96;27.24;85.06;3.34;40.8;3.49
2022;10;24;3.943;63.804;0.42;28.51;30.96;27.05;84.63;3.09;44.3;8.41
2022;10;25;39.751;6.395;0.42;27.62;29.83;26.78;82.66;2.32;16.1;4.62
2022;10;26;51.002;64.555;0.54;27.91;29.99;26.82;83.93;4.59;19.1;1.88
2022;10;27;54.182;66.382;0.57;27.83;30.05;26.65;80.5;4.84;17.0;0.57
2022;10;28;57.182;67.589;0.61;27.8;30.38;26.28;78.57;3.92;12.5;0.01
2022;10;29;58.385;67.327;0.62;27.36;30.25;25.65;76.29;2.61;320.2;0.01
2022;10;30;59.467;66.319;0.64;27.23;30.22;24.87;77.95;3.78;229.9;0.05
2022;10;31;55.867;64.507;0.6;27.51;31.0;25.3;79.07;2.91;210.7;0.12
2022;11;1;59.376;62.918;0.64;27.97;29.71;26.18;85.79;4.22;29.7;1.75
2022;11;2;49.738;61.229;0.54;28.73;30.87;27.46;86.81;4.84;57.0;7.45
2022;11;3;36.482;60.905;0.39;27.6;28.53;26.4;89.67;3.1;61.8;8.2
2022;11;4;37.858;61.334;0.41;27.38;28.63;26.45;87.96;3.32;201.4;3.59
2022;11;5;0.9062;62.827;0.1;26.63;27.33;25.61;89.84;5.16;213.4;6.05
2022;11;6;0.8496;63.274;0.09;26.2;27.64;25.24;89.69;4.54;196.5;22.8
2022;11;7;18.274;62.472;0.2;26.01;26.73;25.32;90.64;3.68;210.8;50.7
2022;11;8;40.795;62.532;0.45;27.33;29.68;25.72;81.73;2.89;255.3;5.2
2022;11;9;39.202;61.771;0.43;26.6;27.65;25.77;88.74;3.66;226.7;62.49
2022;11;10;52.025;61.625;0.57;27.59;30.46;25.67;76.14;2.12;259.9;2.23
2022;11;11;47.546;60.797;0.53;27.24;28.96;25.72;86.37;3.48;27.0;3.5
2022;11;12;40.762;6.066;0.45;27.6;29.44;26.77;86.08;4.6;40.4;8.64
2022;11;13;39.144;59.616;0.43;27.1;29.53;26.11;89.06;2.29;29.1;13.96
2022;11;14;43.843;59.474;0.49;27.24;28.99;25.86;86.74;2.63;52.4;3.11
2022;11;15;54.067;59.825;0.6;28.18;30.22;26.97;85.31;5.29;46.7;4.28
2022;11;16;48.833;58.889;0.55;28.11;29.82;27.36;88.96;5.04;49.2;15.61
2022;11;17;46.946;58.668;0.53;28.05;29.44;27.16;87.5;5.29;51.4;2.05
2022;11;18;35.491;59.263;0.4;27.15;27.9;26.44;87.89;3.29;75.8;3.39
2022;11;19;49.685;58.404;0.56;28.18;30.25;26.77;84.52;5.43;54.5;1.15
2022;11;20;54.384;59.592;0.61;28.28;30.43;26.94;84.33;6.85;50.4;0.78
2022;11;21;44.364;5.958;0.5;27.97;29.88;27.05;83.03;6.56;48.1;1.12
2022;11;22;44.342;61.334;0.5;27.65;29.91;25.96;82.1;5.87;46.2;0.05
2022;11;23;42.737;60.504;0.49;27.81;30.75;26.14;82.31;4.69;49.6;0.4
2022;11;24;50.095;59.782;0.57;27.75;30.65;26.0;81.59;4.1;43.2;0.16
2022;11;25;50.062;5.898;0.57;27.89;30.53;26.62;82.78;3.32;50.9;0.17
2022;11;26;48.662;57.838;0.56;28.25;30.41;26.79;83.12;4.52;45.2;3.97
2022;11;27;43.284;58.272;0.5;27.39;28.45;26.46;86.33;4.97;49.2;24.36
2022;11;28;46.159;59.424;0.53;26.95;28.36;26.25;85.01;5.44;43.7;4.4
2022;11;29;43.474;57.794;0.5;26.84;28.11;26.05;85.16;5.23;49.9;15.91
2022;11;30;50.714;59.779;0.59;27.01;29.39;25.44;81.28;6.29;45.4;1.45
2022;12;1;56.777;61.224;0.66;27.01;29.21;25.62;78.61;7.18;49.6;0.14
2022;12;2;57.048;60.612;0.66;27.08;29.17;25.41;79.75;6.89;50.4;0.0
2022;12;3;57.473;60.077;0.67;27.28;29.86;25.29;80.29;6.32;46.7;0.01
2022;12;4;54.643;59.681;0.63;27.33;29.83;26.06;80.64;6.21;42.2;0.02
2022;12;5;53.832;59.731;0.63;26.93;29.16;25.72;79.38;6.17;40.0;0.04
2022;12;6;58.673;60.533;0.68;26.58;28.97;25.28;75.49;6.69;47.2;0.0
2022;12;7;59.676;61.118;0.7;26.54;28.99;24.93;79.14;6.07;46.5;0.0
2022;12;8;56.038;60.156;0.65;26.56;29.12;24.92;79.2;6.11;46.9;0.0
2022;12;9;5.82;59.143;0.68;26.7;29.57;25.14;79.21;6.04;47.6;0.01
2022;12;10;56.837;58.238;0.67;26.72;29.2;25.25;78.77;6.52;40.6;0.0
2022;12;11;53.657;57.314;0.63;26.87;29.72;25.12;80.44;6.28;44.2;0.22
2022;12;12;54.883;57.084;0.64;27.04;29.93;25.41;79.85;5.35;41.9;0.96
2022;12;13;52.454;56.981;0.62;26.79;29.38;25.15;81.99;6.12;44.9;1.46
2022;12;14;4.679;56.138;0.55;27.01;29.55;25.06;83.78;6.13;47.9;3.8
2022;12;15;53.568;56.436;0.63;27.0;28.93;25.86;88.32;5.87;49.0;8.01
2022;12;16;5.489;57.386;0.65;27.26;30.46;25.54;83.33;6.13;50.4;2.09
2022;12;17;54.113;57.019;0.64;26.85;29.12;25.36;82.9;7.64;49.1;0.7
2022;12;18;54.396;57.979;0.64;26.71;29.56;24.85;81.5;6.75;46.9;0.17
2022;12;19;56.791;57.804;0.67;26.9;29.56;25.29;82.85;7.05;49.5;0.43
2022;12;20;57.523;58.901;0.68;26.69;29.63;24.72;81.68;6.66;49.3;0.01
2022;12;21;57.962;58.634;0.68;26.92;29.86;25.12;83.82;6.68;47.0;0.22
2022;12;22;5.717;58.236;0.67;26.73;29.31;24.95;84.1;5.85;46.6;0.0
2022;12;23;58.133;58.817;0.68;26.56;29.33;24.62;83.41;6.32;46.9;0.0
2022;12;24;6.061;60.979;0.71;26.42;29.23;24.66;80.39;7.94;49.5;0.0
2022;12;25;59.419;60.492;0.7;26.12;29.1;23.65;82.23;6.75;48.5;0.0
2022;12;26;56.364;58.558;0.66;26.52;30.26;24.03;82.02;5.51;47.4;0.01
2022;12;27;55.438;57.367;0.65;26.66;30.21;24.58;83.28;4.99;44.2;0.01
2022;12;28;55.697;57.139;0.65;26.89;30.35;24.65;83.2;5.78;40.3;0.04
2022;12;29;57.353;58.558;0.67;26.99;30.2;25.32;81.64;6.86;42.7;0.01
2022;12;30;5.861;59.623;0.69;26.83;30.07;24.76;81.85;5.69;46.4;0.0
2022;12;31;55.426;58.675;0.65;26.99;30.58;24.68;83.32;5.68;43.6;0.03
2023;1;1;53.352;57.598;0.62;26.9;29.86;25.2;82.86;6.79;42.7;0.14
2023;1;2;52.483;58.579;0.61;26.24;28.58;25.04;82.64;6.03;46.5;0.03
2023;1;3;5.627;60.602;0.65;26.52;29.99;24.2;80.79;6.01;45.1;0.02
2023;1;4;56.642;60.065;0.66;26.62;29.42;25.05;79.39;6.8;45.6;0.03
2023;1;5;59.234;60.562;0.69;26.63;29.56;24.91;80.13;6.03;42.3;0.02
2023;1;6;56.088;58.514;0.65;26.9;30.71;24.6;82.39;5.04;43.3;0.06
2023;1;7;56.354;58.003;0.65;27.03;30.64;24.89;82.99;5.63;41.2;0.07
2023;1;8;46.663;56.926;0.54;26.67;29.34;25.22;83.96;6.72;39.3;0.06
2023;1;9;52.836;5.76;0.61;26.83;29.7;25.08;83.58;5.37;33.7;0.15
2023;1;10;45.346;57.005;0.52;26.71;29.37;25.31;83.38;5.85;31.0;1.58
2023;1;11;44.462;56.722;0.51;26.73;29.45;25.18;81.58;6.6;35.6;2.51
2023;1;12;49.814;56.971;0.57;26.95;29.79;25.22;81.98;6.8;40.9;3.4
2023;1;13;53.923;57.235;0.62;26.76;29.29;25.59;83.34;6.09;32.9;2.76
2023;1;14;53.388;57.852;0.61;26.47;28.75;25.33;82.9;6.86;26.1;0.22
2023;1;15;52.147;59.218;0.59;26.74;29.04;25.49;79.94;7.33;30.9;0.14
2023;1;16;58.046;60.384;0.66;26.76;29.91;25.04;77.12;7.07;37.4;0.0
2023;1;17;57.802;59.441;0.66;27.01;30.46;24.58;78.89;5.89;37.8;0.0
2023;1;18;5.706;59.551;0.65;27.08;30.95;24.66;78.78;5.55;41.7;0.0
2023;1;19;58.008;60.715;0.65;26.76;30.31;24.21;79.62;6.06;47.2;0.0
2023;1;20;60.977;62.585;0.69;26.52;29.25;24.55;77.38;7.7;47.3;0.0
2023;1;21;60.554;6.229;0.68;26.86;30.16;24.56;78.1;7.62;48.0;0.0
2023;1;22;59.772;61.303;0.67;26.95;30.76;24.49;78.05;6.58;48.6;0.0
2023;1;23;54.542;59.064;0.61;27.22;30.9;24.74;79.65;5.75;47.3;0.0
2023;1;24;51.295;57.866;0.57;27.24;30.48;25.26;79.73;6.81;46.2;0.0
2023;1;25;60.869;61.627;0.68;27.25;31.46;25.04;76.64;7.05;49.7;0.0
2023;1;26;61.927;63.403;0.69;26.65;30.1;24.41;78.29;7.78;49.2;0.0
2023;1;27;63.298;64.164;0.7;26.37;29.33;24.21;75.18;8.98;45.9;0.0
2023;1;28;63.967;64.992;0.7;26.28;29.29;24.22;73.33;9.43;46.5;0.0
2023;1;29;64.925;64.992;0.71;26.41;29.81;24.08;75.34;8.33;45.4;0.0
2023;1;30;64.049;65.054;0.7;26.18;29.44;23.78;77.82;7.11;40.3;0.0
2023;1;31;6.499;66.336;0.71;25.99;29.03;23.38;76.46;7.77;45.0;0.0
2023;2;1;66.886;67.687;0.73;26.05;29.24;23.82;75.71;8.95;44.9;0.0
2023;2;2;6.589;66.439;0.71;26.42;29.8;24.07;73.91;8.43;48.1;0.0
2023;2;3;63.214;64.661;0.68;26.16;29.97;23.53;75.14;6.91;41.5;0.0
2023;2;4;61.133;63.307;0.66;26.0;29.02;23.45;79.73;6.95;35.8;0.0
2023;2;5;5.731;6.275;0.62;26.77;30.49;23.94;78.62;7.08;43.8;0.0
2023;2;6;6.199;63.679;0.66;26.99;30.27;24.72;79.07;7.25;42.2;0.0
2023;2;7;62.417;63.298;0.67;26.79;30.14;24.75;77.22;8.77;41.9;0.0
2023;2;8;62.844;64.339;0.67;27.0;30.87;24.57;74.0;8.5;43.7;0.0
2023;2;9;63.226;64.812;0.67;26.68;29.93;24.4;77.14;7.76;43.5;0.0
2023;2;10;63.499;65.021;0.67;27.23;31.06;24.63;74.88;7.55;42.9;0.0
2023;2;11;63.458;64.913;0.67;26.85;30.43;24.65;77.77;7.51;41.4;0.0
2023;2;12;62.059;63.888;0.65;26.89;30.45;24.52;77.33;7.71;39.3;0.0
2023;2;13;61.644;64.097;0.65;26.65;29.75;25.01;77.88;8.82;36.1;0.0
2023;2;14;60.254;64.586;0.63;26.63;29.92;24.64;79.34;8.79;35.9;0.01
2023;2;15;62.959;65.426;0.66;26.96;30.0;24.93;77.37;9.18;40.2;0.24
2023;2;16;61.454;66.391;0.64;27.19;30.14;25.04;74.73;8.66;41.2;0.93
2023;2;17;66.084;68.558;0.69;27.03;30.4;24.94;69.76;8.26;42.9;0.1
2023;2;18;67.102;7.001;0.69;26.54;29.61;24.36;73.91;9.25;43.4;0.02
2023;2;19;71.158;71.436;0.73;26.26;29.81;23.91;71.88;8.46;40.3;0.0
2023;2;20;70.138;70.337;0.72;26.22;29.91;23.03;73.69;8.26;42.8;0.0
2023;2;21;70.682;70.927;0.73;26.0;29.6;23.45;71.3;7.48;40.5;0.0
2023;2;22;68.143;6.965;0.7;26.4;30.4;23.21;72.57;6.59;42.7;0.0
2023;2;23;67.949;68.738;0.69;25.74;27.78;24.26;78.7;7.55;43.8;0.0
2023;2;24;68.347;69.761;0.7;26.37;29.76;24.02;72.93;8.74;43.0;0.0
2023;2;25;67.735;69.662;0.69;26.42;29.94;24.02;73.5;8.78;41.6;0.0
2023;2;26;68.839;69.466;0.7;26.27;29.62;23.76;75.15;7.37;37.5;0.0
2023;2;27;66.895;6.834;0.68;26.41;30.2;23.69;75.24;7.16;35.1;0.0
2023;2;28;64.457;67.058;0.65;26.82;31.33;24.04;75.57;6.87;36.7;0.0
2023;3;1;6.384;65.892;0.64;26.78;30.93;23.88;77.27;7.36;37.1;0.0
2023;3;2;67.927;6.828;0.68;26.97;30.82;24.26;75.75;7.69;37.1;0.0
2023;3;3;66.005;67.586;0.66;26.99;30.78;24.41;77.77;7.23;38.9;0.0
2023;3;4;62.858;65.789;0.63;27.34;31.55;24.5;75.96;6.13;37.6;0.0
2023;3;5;57.084;64.438;0.57;26.79;29.67;24.57;78.34;7.49;36.6;0.0
2023;3;6;59.875;67.195;0.6;27.05;30.28;25.24;77.15;7.98;36.0;0.0
2023;3;7;57.593;68.436;0.57;26.64;29.86;24.9;75.65;7.62;33.2;0.44
2023;3;8;5.039;65.441;0.5;26.31;29.35;24.51;77.89;7.37;26.3;0.76
2023;3;9;49.322;68.947;0.49;26.46;28.67;25.1;77.65;7.03;21.5;2.18
2023;3;10;5.833;68.306;0.58;26.8;30.09;25.05;72.6;7.25;33.3;0.6
2023;3;11;55.606;65.573;0.55;27.48;31.39;24.82;74.68;4.59;38.4;1.04
2023;3;12;5.855;66.319;0.58;27.51;31.93;24.97;76.41;4.1;40.1;0.3
2023;3;13;4.968;66.221;0.49;27.34;31.08;24.83;78.68;4.55;39.1;0.35
2023;3;14;4.416;66.648;0.43;27.11;30.23;25.42;80.88;5.07;35.1;0.3
2023;3;15;53.088;67.104;0.52;27.47;31.06;24.77;76.48;3.99;36.0;1.22
2023;3;16;52.198;68.978;0.51;27.16;30.05;25.85;76.39;6.22;26.6;0.13
2023;3;17;57.751;67.526;0.56;27.73;31.41;25.72;75.18;6.74;40.0;0.03
2023;3;18;55.049;69.391;0.54;27.71;31.03;25.24;74.12;6.16;46.0;0.04
2023;3;19;65.597;70.766;0.64;28.17;32.02;25.66;71.4;6.24;46.7;0.01
2023;3;20;64.375;72.646;0.62;28.09;32.23;25.35;71.64;6.55;42.5;0.0
2023;3;21;68.201;72.727;0.66;28.14;31.47;25.9;69.88;9.07;41.9;0.02
2023;3;22;70.469;72.379;0.68;27.66;30.66;25.38;67.74;10.06;44.1;0.14
2023;3;23;66.782;70.615;0.65;27.93;31.51;25.74;69.22;8.49;42.0;0.01
2023;3;24;70.145;73.438;0.68;27.95;31.58;25.75;70.97;7.78;40.0;0.01
2023;3;25;71.909;74.268;0.69;27.56;31.52;24.83;74.33;6.8;39.7;0.0
2023;3;26;71.952;73.342;0.69;28.07;32.22;25.0;72.14;6.83;41.3;0.1
2023;3;27;6.485;69.202;0.62;27.44;30.48;25.6;73.74;7.54;42.5;0.0
2023;3;28;69.418;71.206;0.67;27.57;30.81;25.87;72.1;7.35;42.0;0.0
2023;3;29;68.052;72.494;0.65;27.49;30.99;24.7;73.84;7.88;37.0;0.0
2023;3;30;71.146;72.977;0.68;27.59;30.81;25.84;71.16;8.64;37.7;0.0
2023;3;31;64.913;70.858;0.62;28.02;31.48;25.75;69.34;9.0;39.8;0.0
2023;4;1;6.39;70.128;0.61;27.87;31.18;25.52;71.29;8.5;41.7;0.0
2023;4;2;69.722;72.072;0.67;27.91;31.6;25.38;72.56;8.56;40.1;0.0
2023;4;3;71.035;7.308;0.68;28.14;32.05;25.9;72.17;8.86;39.8;0.0
2023;4;4;69.432;72.782;0.66;28.19;31.85;26.12;72.44;8.01;38.5;0.0
2023;4;5;63.725;70.382;0.61;27.77;30.84;25.96;73.32;8.43;40.6;0.0
2023;4;6;52.406;70.025;0.5;27.87;31.46;25.7;69.97;7.97;39.5;0.01
2023;4;7;5.239;70.102;0.5;27.33;30.71;25.64;75.86;6.64;32.3;0.44
2023;4;8;64.572;70.428;0.61;27.18;30.27;25.54;78.51;5.95;37.1;0.17
2023;4;9;67.584;72.084;0.64;28.0;32.3;24.98;76.4;6.24;34.9;0.09
2023;4;10;63.941;6.971;0.61;27.91;31.49;25.75;79.74;6.55;31.3;0.61
2023;4;11;39.962;65.268;0.38;27.38;29.93;25.63;83.29;6.46;38.3;4.7
2023;4;12;53.222;65.916;0.51;27.19;29.35;25.65;83.47;6.12;37.8;2.25
2023;4;13;66.514;70.358;0.63;27.52;30.38;25.77;78.89;6.4;37.3;0.15
2023;4;14;70.726;73.231;0.67;27.96;31.58;25.7;73.85;7.71;36.8;0.01
2023;4;15;64.704;70.783;0.61;27.54;30.04;26.04;76.24;7.06;37.9;0.02
2023;4;16;40.622;67.466;0.39;27.79;31.84;25.64;78.29;6.15;33.8;1.29
2023;4;17;47.225;66.898;0.45;27.58;30.85;25.57;77.51;6.04;35.9;1.54
2023;4;18;51.996;68.906;0.49;27.31;29.8;25.94;77.27;6.52;32.2;0.2
2023;4;19;6.211;72.245;0.59;27.96;31.82;25.56;73.11;7.33;35.6;0.08
2023;4;20;64.951;70.634;0.62;28.36;31.99;26.09;73.02;7.14;33.4;0.16
2023;4;21;45.744;67.358;0.43;27.52;30.64;25.72;80.38;6.59;21.8;12.66
2023;4;22;54.624;7.188;0.52;27.3;30.26;25.02;78.16;4.5;9.6;3.71
2023;4;23;60.074;72.322;0.57;27.45;30.66;25.37;75.75;4.35;14.9;0.21
2023;4;24;58.596;7.291;0.56;27.68;30.59;25.61;73.33;4.3;14.3;1.4
2023;4;25;70.202;7.331;0.67;28.0;30.92;25.52;74.66;4.97;26.1;1.42
2023;4;26;65.477;73.202;0.62;28.65;32.35;26.17;74.29;5.4;27.9;0.2
2023;4;27;61.726;72.326;0.59;28.87;32.6;26.47;74.91;5.38;36.6;0.14
2023;4;28;46.219;69.816;0.44;28.43;31.08;26.76;79.95;5.17;42.5;0.51
2023;4;29;51.854;68.741;0.49;27.57;28.64;26.86;88.14;4.21;41.1;3.05
2023;4;30;20.177;68.719;0.19;27.55;29.04;26.82;89.53;3.82;46.9;19.22
2023;5;1;57.706;71.465;0.55;27.72;29.47;26.91;89.98;4.18;35.7;74.06
2023;5;2;67.706;73.714;0.64;28.57;31.34;26.98;84.41;5.94;38.5;11.61
2023;5;3;71.798;74.465;0.68;29.12;32.99;26.87;80.24;5.3;40.6;3.67
2023;5;4;55.886;72.696;0.53;29.09;32.74;26.7;79.74;6.17;39.8;1.89
2023;5;5;63.862;72.046;0.61;28.72;31.99;26.93;79.37;8.08;37.3;1.05
2023;5;6;60.538;71.734;0.58;28.83;32.82;26.83;77.62;7.46;39.5;0.07
2023;5;7;59.626;70.109;0.57;28.63;32.78;26.36;77.63;7.15;36.3;0.03
2023;5;8;65.282;70.438;0.62;28.94;32.84;26.68;79.34;6.57;33.7;0.11
2023;5;9;59.138;68.568;0.57;27.98;29.88;27.06;87.25;4.4;44.8;1.26
2023;5;10;42.701;69.874;0.41;27.9;30.09;26.64;86.82;4.16;54.6;3.26
2023;5;11;56.546;6.888;0.54;28.54;31.75;26.72;83.73;4.81;40.6;0.76
2023;5;12;67.061;72.751;0.64;28.71;32.33;26.45;79.12;6.12;37.7;0.6
2023;5;13;63.305;70.778;0.61;28.89;32.43;26.79;80.73;6.07;34.8;0.34
2023;5;14;55.831;68.441;0.53;28.12;30.08;27.42;84.97;3.34;68.4;1.11
2023;5;15;46.706;67.886;0.45;28.32;30.47;26.73;85.72;2.88;65.5;1.3
2023;5;16;30.228;68.345;0.29;27.82;30.09;26.46;84.14;2.42;17.6;2.96
2023;5;17;57.473;70.769;0.55;29.03;33.06;26.19;80.76;4.15;33.5;1.68
2023;5;18;62.638;71.251;0.6;29.24;32.39;27.56;81.85;4.98;37.8;1.34
2023;5;19;56.741;70.392;0.54;29.04;32.08;27.47;80.48;7.06;37.4;0.6
2023;5;20;43.776;68.983;0.42;28.74;31.83;27.1;82.4;6.38;33.1;2.98
2023;5;21;38.042;6.671;0.37;28.44;31.38;26.86;83.35;6.33;24.9;14.56
2023;5;22;59.098;69.893;0.57;28.67;32.08;26.88;82.39;4.47;19.3;16.56
2023;5;23;60.113;71.213;0.58;28.6;31.81;26.69;81.41;4.22;23.5;7.39
2023;5;24;55.954;71.191;0.54;28.45;31.2;26.86;80.93;4.36;17.3;11.67
2023;5;25;30.269;69.062;0.29;28.15;30.68;26.88;84.58;3.1;27.9;12.92
2023;5;26;53.321;7.008;0.51;28.63;31.39;26.99;81.35;1.49;351.2;5.96
2023;5;27;58.306;70.373;0.56;27.82;29.57;26.77;86.28;2.77;31.6;5.96
2023;5;28;53.045;7.086;0.51;28.71;31.62;26.97;84.46;3.65;35.5;4.87
2023;5;29;48.749;71.724;0.47;28.67;30.79;27.6;86.01;4.34;33.4;6.71
2023;5;30;5.07;69.574;0.49;28.71;30.79;27.21;84.46;3.45;45.4;2.65
2023;5;31;4.607;6.906;0.45;28.63;30.65;27.47;85.45;2.41;31.6;3.45
2023;6;1;35.729;69.562;0.35;28.46;29.75;27.24;85.08;3.49;81.3;3.79
2023;6;2;53.882;6.852;0.52;28.41;30.05;27.25;86.2;2.31;259.5;6.03
2023;6;3;60.005;7.087;0.58;29.09;32.23;27.27;79.8;1.65;346.4;0.95
2023;6;4;27.938;71.345;0.27;29.69;32.91;27.51;77.76;2.21;14.3;4.16
2023;6;5;53.131;68.208;0.52;28.09;29.35;26.92;83.25;2.38;27.0;14.81
2023;6;6;53.472;68.278;0.52;28.56;30.09;27.55;83.75;2.84;52.2;8.58
2023;6;7;55.644;6.935;0.54;29.5;32.21;28.03;83.13;2.35;47.7;8.54
2023;6;8;2.46;69.984;0.24;29.27;32.12;26.5;84.36;2.03;350.9;20.52
2023;6;9;56.338;7.026;0.55;28.5;31.27;26.57;83.14;2.43;269.8;16.27
2023;6;10;4.699;68.957;0.46;28.53;30.07;27.48;85.86;2.48;4.3;19.46
2023;6;11;6.546;70.889;0.64;29.06;30.66;28.22;84.91;3.82;51.3;11.69
2023;6;12;58.673;70.963;0.57;29.0;30.6;27.9;86.03;5.04;54.0;7.07
2023;6;13;62.179;7.015;0.6;29.48;31.87;27.86;83.75;5.74;50.6;7.17
2023;6;14;6.174;70.783;0.6;29.47;31.57;27.83;85.95;4.12;46.9;9.25
2023;6;15;47.412;69.019;0.46;29.32;32.44;26.7;82.77;4.21;67.9;1.49
2023;6;16;5.208;69.034;0.51;29.12;31.25;27.48;84.95;3.76;56.2;2.78
2023;6;17;45.115;68.693;0.44;28.83;30.98;27.68;84.5;4.08;55.4;4.25
2023;6;18;56.902;69.775;0.55;29.2;32.1;27.25;83.16;5.19;48.9;1.57
2023;6;19;63.962;71.138;0.62;29.32;31.77;27.91;83.85;5.6;46.7;0.75
2023;6;20;66.833;71.554;0.65;29.43;32.45;27.77;82.28;5.44;48.7;0.53
2023;6;21;66.314;70.399;0.65;29.47;32.51;27.7;82.05;4.95;48.1;0.5
2023;6;22;5.796;69.648;0.56;29.23;31.44;27.89;85.69;3.74;49.0;0.92
2023;6;23;46.692;69.058;0.45;28.71;30.76;27.66;86.3;5.4;47.9;1.48
2023;6;24;5.73;71.174;0.56;28.78;31.98;27.36;82.68;4.88;36.0;0.28
2023;6;25;5.004;6.977;0.49;28.07;30.18;27.14;86.95;3.29;56.6;1.83
2023;6;26;31.483;68.834;0.31;27.47;28.58;26.7;87.71;2.71;27.1;1.62
2023;6;27;59.518;69.859;0.58;28.7;31.36;27.03;84.3;4.54;42.4;0.72
2023;6;28;58.644;69.391;0.57;28.88;30.97;27.51;83.16;5.0;43.1;0.34
2023;6;29;6.599;69.646;0.64;28.87;30.13;27.84;87.72;4.69;47.7;2.13
2023;6;30;59.534;70.752;0.58;29.27;32.04;27.52;83.07;4.12;66.3;4.22
2023;7;1;55.236;69.761;0.54;29.1;31.69;26.94;86.13;4.05;42.2;33.44
2023;7;2;43.284;6.953;0.42;28.48;31.04;26.5;85.58;2.07;41.0;49.83
2023;7;3;49.349;69.917;0.48;28.73;30.02;27.75;87.22;2.37;32.2;13.5
2023;7;4;58.354;7.02;0.57;29.26;31.84;27.25;82.57;4.66;49.9;5.19
2023;7;5;5.957;68.993;0.58;29.13;30.77;27.95;85.54;4.16;58.6;1.93
2023;7;6;36.204;6.894;0.35;28.38;29.78;27.37;85.4;4.43;50.2;1.72
2023;7;7;42.058;67.186;0.41;28.6;30.39;27.34;84.24;4.32;54.5;3.89
2023;7;8;56.628;69.053;0.55;28.62;30.52;27.22;83.31;4.28;53.8;0.81
2023;7;9;63.994;70.565;0.62;28.53;29.89;27.62;84.79;4.5;51.3;1.46
2023;7;10;62.942;70.248;0.61;29.1;31.6;27.65;84.08;5.65;52.4;1.55
2023;7;11;58.003;69.638;0.56;28.47;29.85;27.25;87.28;5.11;49.2;2.49
2023;7;12;58.277;71.086;0.57;28.75;30.62;27.26;85.65;4.92;38.8;10.85
2023;7;13;66.727;71.429;0.65;28.82;31.02;27.56;85.54;5.41;48.9;0.95
2023;7;14;56.424;69.857;0.55;28.55;30.11;27.23;86.21;5.7;47.5;0.69
2023;7;15;55.346;70.687;0.54;28.34;29.87;27.17;86.84;5.97;53.9;1.05
2023;7;16;44.342;70.663;0.43;28.05;29.55;27.15;88.27;6.31;49.2;8.31
2023;7;17;6.241;6.991;0.61;28.4;30.44;27.12;87.69;5.51;50.2;7.72
2023;7;18;54.322;6.901;0.53;28.06;29.97;27.0;87.59;4.55;46.6;0.87
2023;7;19;7.128;71.904;0.69;28.78;31.92;26.86;85.43;5.31;41.3;0.31
2023;7;20;7.067;72.046;0.69;29.01;32.36;27.14;83.94;5.1;48.5;0.02
2023;7;21;68.942;71.808;0.67;28.95;32.21;27.07;83.43;3.97;53.6;0.03
2023;7;22;57.838;68.885;0.56;28.39;30.77;26.7;85.61;4.61;51.1;0.07
2023;7;23;48.211;67.212;0.47;28.33;30.34;26.97;87.89;4.95;44.6;0.07
2023;7;24;62.923;69.406;0.61;28.29;30.15;27.2;86.99;6.24;45.6;0.21
2023;7;25;5.153;69.619;0.5;28.29;31.02;26.7;85.13;6.54;42.4;4.28
2023;7;26;43.498;69.281;0.42;27.79;29.21;26.87;88.9;4.06;34.9;2.39
2023;7;27;62.378;71.402;0.6;28.53;32.02;26.53;84.42;3.32;49.1;2.56
2023;7;28;60.178;69.842;0.58;28.4;31.22;26.82;87.69;4.84;43.5;3.46
2023;7;29;65.633;71.155;0.63;28.66;31.26;27.32;87.15;5.12;47.8;2.05
2023;7;30;51.823;70.332;0.5;28.69;31.64;27.15;86.9;5.2;43.0;3.54
2023;7;31;54.041;69.775;0.52;28.52;32.15;27.16;83.53;3.27;55.1;3.62
2023;8;1;65.575;71.201;0.63;28.95;32.6;26.84;82.82;3.32;28.4;5.58
2023;8;2;66.377;71.273;0.64;29.23;32.3;27.74;84.17;3.03;33.5;6.58
2023;8;3;64.879;71.479;0.63;29.35;32.5;27.78;83.51;5.51;38.0;2.13
2023;8;4;66.864;71.369;0.65;29.24;31.56;28.06;82.56;6.21;44.5;0.21
2023;8;5;66.295;72.408;0.64;29.49;32.89;27.75;82.16;5.85;40.2;0.27
2023;8;6;67.903;72.031;0.65;29.2;31.86;27.76;84.92;5.6;41.2;0.35
2023;8;7;52.536;69.989;0.51;28.69;30.01;27.9;87.76;4.75;47.8;0.38
2023;8;8;66.578;7.141;0.64;28.58;30.77;27.69;87.27;3.64;43.1;2.22
2023;8;9;58.075;71.059;0.56;29.33;32.4;27.62;85.01;3.79;38.9;13.69
2023;8;10;4.579;69.962;0.44;29.01;31.93;27.36;86.6;3.87;37.7;12.25
2023;8;11;64.747;71.868;0.62;29.27;32.67;27.07;84.3;3.99;63.8;10.76
2023;8;12;65.251;72.139;0.63;29.27;31.49;28.18;85.2;4.78;48.1;11.16
2023;8;13;63.432;71.006;0.61;29.0;30.78;27.88;84.29;5.47;48.7;4.55
2023;8;14;5.922;70.954;0.57;28.64;30.6;27.73;86.7;4.05;44.3;8.73
2023;8;15;53.189;7.026;0.51;28.53;30.69;27.29;85.67;5.1;47.1;4.18
2023;8;16;58.207;70.176;0.56;28.16;29.55;27.19;86.99;5.19;49.5;8.26
2023;8;17;55.992;70.963;0.54;28.31;30.31;27.4;85.43;3.69;54.5;3.66
2023;8;18;59.633;71.496;0.57;28.68;31.04;27.1;82.98;4.17;39.4;2.37
2023;8;19;5.341;70.498;0.51;29.2;32.1;27.61;84.3;5.09;36.7;5.67
2023;8;20;41.602;69.924;0.4;29.27;32.34;27.75;84.44;5.39;42.5;10.99
2023;8;21;38.846;7.087;0.37;28.55;30.64;27.19;86.33;2.56;338.1;7.87
2023;8;22;39.288;69.614;0.38;27.71;28.91;26.9;87.42;3.75;225.7;19.14
2023;8;23;57.408;7.019;0.55;28.51;31.88;26.42;80.54;3.29;215.8;28.37
2023;8;24;55.414;70.296;0.53;27.23;30.05;26.15;83.42;2.07;15.5;4.61
2023;8;25;60.048;71.436;0.58;28.34;30.72;26.47;82.99;3.54;26.0;5.99
2023;8;26;60.749;71.486;0.59;28.88;31.3;27.53;83.14;3.24;41.3;10.08
2023;8;27;68.527;72.809;0.66;29.31;32.75;27.55;79.73;2.9;45.1;7.22
2023;8;28;63.173;72.017;0.61;29.77;32.77;27.1;84.16;2.35;32.9;8.42
2023;8;29;65.203;72.046;0.63;29.37;32.91;26.49;81.12;2.61;23.0;0.85
2023;8;30;64.346;71.261;0.62;30.22;33.38;28.41;82.76;4.93;46.3;0.81
2023;8;31;65.316;71.071;0.63;30.05;33.05;28.19;81.68;4.64;52.3;1.43
2023;9;1;64.498;71.645;0.62;29.85;32.16;28.46;83.02;5.76;46.3;1.12
2023;9;2;42.094;7.116;0.41;29.3;31.23;28.32;85.48;5.36;41.8;1.43
2023;9;3;49.858;71.419;0.48;29.16;30.93;27.96;82.79;2.4;61.1;2.07
2023;9;4;55.375;70.082;0.54;28.76;30.47;27.55;83.85;1.77;59.9;2.1
2023;9;5;62.621;70.963;0.61;29.64;31.94;28.06;83.58;3.85;43.5;1.46
2023;9;6;67.174;72.341;0.65;29.58;32.22;28.18;83.82;5.1;42.2;1.4
2023;9;7;53.028;71.088;0.51;29.4;31.17;28.29;85.66;4.34;48.2;2.21
2023;9;8;62.287;69.804;0.6;28.96;30.4;28.09;85.95;5.18;47.5;4.93
2023;9;9;5.401;69.221;0.52;28.96;31.6;27.63;83.4;5.7;46.5;4.14
2023;9;10;46.838;68.683;0.45;28.6;31.26;27.2;84.06;4.2;46.0;7.51
2023;9;11;61.445;70.003;0.6;29.51;32.72;27.62;82.05;3.9;36.3;4.18
2023;9;12;54.977;70.267;0.53;29.07;31.23;27.99;83.85;5.04;36.9;3.73
2023;9;13;51.862;7.087;0.5;28.85;30.97;27.6;83.32;4.6;33.0;4.66
2023;9;14;58.771;70.574;0.57;29.33;31.1;28.26;85.46;4.07;35.6;7.09
2023;9;15;4.974;69.984;0.49;29.27;30.76;28.25;85.13;3.32;47.7;6.79
2023;9;16;58.195;67.193;0.57;29.53;32.36;27.9;83.07;3.63;42.6;5.28
2023;9;17;46.834;67.255;0.46;29.18;31.48;28.09;82.1;4.9;43.4;1.63
2023;9;18;46.027;67.985;0.45;29.38;31.41;28.1;83.9;4.22;47.8;3.32
2023;9;19;5.952;69.002;0.58;29.74;31.69;28.11;83.14;3.1;50.8;1.99
2023;9;20;62.016;6.905;0.61;29.72;32.24;28.55;82.71;4.35;46.5;1.63
2023;9;21;64.656;70.322;0.64;29.41;31.91;28.02;82.25;4.51;41.5;1.16
2023;9;22;64.574;70.454;0.64;29.71;32.32;28.22;83.14;5.05;39.5;0.95
2023;9;23;47.398;68.791;0.47;29.49;31.59;28.55;84.86;4.17;48.3;1.52
2023;9;24;53.364;68.894;0.53;28.92;30.11;28.15;87.11;3.41;53.4;2.97
2023;9;25;5.61;69.454;0.55;29.98;33.2;27.83;82.32;2.71;44.2;3.47
2023;9;26;55.913;69.055;0.55;29.8;32.23;27.91;84.67;3.35;42.5;7.0
2023;9;27;58.834;70.826;0.58;30.22;33.93;28.35;79.47;4.85;34.6;1.69
2023;9;28;63.946;71.179;0.63;29.87;32.99;28.08;78.86;4.87;37.5;1.47
2023;9;29;60.046;68.813;0.6;29.83;32.09;28.31;80.99;4.07;48.8;1.71
2023;9;30;57.859;68.076;0.58;29.54;31.02;28.69;85.78;4.98;39.4;3.78
2023;10;1;46.603;67.565;0.47;29.89;31.79;28.64;84.48;3.85;42.7;4.06
2023;10;2;48.482;67.682;0.48;29.46;31.72;28.17;82.53;4.08;25.2;3.09
2023;10;3;44.482;67.378;0.45;29.14;31.46;27.5;83.03;2.59;340.4;102.12
2023;10;4;29.926;6.768;0.3;28.87;30.92;27.12;78.94;1.92;310.6;67.02
2023;10;5;43.723;67.934;0.44;29.09;31.21;28.0;79.81;1.58;317.4;69.92
2023;10;6;50.129;67.356;0.51;29.1;31.05;27.63;80.75;2.11;10.7;76.73
2023;10;7;55.066;6.744;0.56;28.5;29.84;27.13;87.17;3.41;31.2;35.99
2023;10;8;35.693;67.438;0.36;28.88;30.65;28.03;86.77;2.53;21.7;15.46
2023;10;9;60.504;67.363;0.61;29.14;30.41;28.3;82.92;1.68;296.8;18.8
2023;10;10;54.612;6.594;0.56;29.48;31.59;27.54;87.27;3.29;26.5;26.06
2023;10;11;5.735;6.665;0.58;29.83;32.71;28.3;83.0;4.87;45.9;12.34
2023;10;12;51.996;6.738;0.53;29.98;32.01;28.49;82.27;2.36;48.6;17.93
2023;10;13;61.224;67.332;0.63;30.05;33.08;28.4;82.46;3.06;37.9;4.67
2023;10;14;46.176;67.471;0.47;29.53;31.66;28.06;82.12;2.24;39.2;19.79
2023;10;15;52.354;67.733;0.54;29.44;32.48;27.36;79.56;1.69;290.1;49.28
2023;10;16;40.637;65.551;0.42;29.19;30.89;27.91;80.02;1.3;288.6;10.16
2023;10;17;53.186;65.074;0.55;28.57;29.94;27.42;82.6;2.59;10.8;2.77
2023;10;18;59.242;66.396;0.61;29.63;31.63;28.28;82.86;4.51;50.8;0.62
2023;10;19;61.104;66.523;0.63;29.59;31.75;28.43;84.01;4.56;44.5;0.7
2023;10;20;52.416;65.167;0.55;29.13;30.7;27.75;84.12;3.13;338.3;0.91
2023;10;21;47.995;62.918;0.5;28.24;30.48;26.77;83.58;2.05;239.4;1.82
2023;10;22;51.178;61.975;0.54;28.66;31.55;26.88;79.1;2.18;6.0;1.29
2023;10;23;52.932;63.451;0.56;29.28;32.42;27.19;80.21;3.67;38.1;7.2
2023;10;24;49.202;6.469;0.52;29.01;30.99;27.82;84.57;3.77;35.0;9.78
2023;10;25;37.565;6.467;0.4;28.91;30.98;27.68;84.13;2.54;20.9;22.81
2023;10;26;36.876;63.905;0.39;27.91;29.1;26.89;85.21;2.01;328.8;23.58
2023;10;27;34.445;63.883;0.36;27.38;28.81;26.44;82.82;2.81;338.0;18.08
2023;10;28;39.024;6.432;0.41;27.24;29.42;25.86;81.49;3.2;238.5;18.28
2023;10;29;48.262;63.331;0.51;27.67;29.75;26.04;85.12;3.73;212.4;16.86
2023;10;30;51.005;63.365;0.54;27.89;30.13;26.78;85.02;2.56;225.6;13.56
2023;10;31;47.045;63.014;0.5;28.41;31.22;26.59;82.21;2.03;334.1;4.58
2023;11;1;34.133;61.248;0.37;27.73;28.91;27.06;85.77;2.62;11.3;8.71
2023;11;2;42.235;63.372;0.45;28.21;30.39;26.84;79.25;1.28;325.7;60.34
2023;11;3;53.249;6.33;0.57;27.23;29.16;25.95;82.88;1.83;214.7;7.11
2023;11;4;5.639;63.562;0.61;28.76;30.85;26.86;79.39;2.45;349.6;1.65
2023;11;5;50.482;62.105;0.55;29.18;31.28;27.69;85.02;3.03;30.6;4.9
2023;11;6;4.254;61.608;0.46;28.7;30.57;27.78;84.52;2.74;33.1;5.96
2023;11;7;47.345;60.485;0.52;28.6;30.02;27.9;86.84;3.86;25.8;5.14
2023;11;8;56.926;61.874;0.62;28.94;31.1;27.59;86.24;4.25;35.7;3.65
2023;11;9;57.922;61.848;0.64;30.01;33.01;28.33;83.51;4.41;49.0;3.62
2023;11;10;45.031;60.271;0.5;29.62;31.63;28.58;85.54;5.03;56.0;8.27
2023;11;11;4.668;58.934;0.52;29.09;30.67;27.89;86.48;5.03;53.5;3.8
2023;11;12;37.802;59.239;0.42;28.96;30.34;27.99;87.62;5.47;51.2;1.49
2023;11;13;47.244;59.959;0.52;29.2;31.12;27.88;86.18;3.92;56.2;2.02
2023;11;14;51.761;5.976;0.58;29.21;31.07;27.92;86.28;5.0;50.3;1.58
2023;11;15;30.571;59.592;0.34;29.01;30.59;27.94;86.38;3.51;56.6;1.48
2023;11;16;40.409;60.036;0.45;28.55;30.22;27.53;82.9;1.65;0.8;1.81
2023;11;17;47.335;59.179;0.53;28.92;31.21;27.54;80.56;2.2;275.0;3.29
2023;11;18;37.298;59.741;0.42;27.92;29.69;26.83;87.52;4.4;198.6;12.29
2023;11;19;19.752;61.241;0.22;27.96;29.15;26.9;85.87;4.51;238.4;3.9
2023;11;20;48.869;60.012;0.55;28.1;30.57;26.38;82.87;2.63;266.3;2.08
2023;11;21;48.425;60.725;0.55;28.39;31.31;26.9;77.02;1.67;333.8;2.12
2023;11;22;4.453;59.494;0.51;28.42;30.36;26.6;79.2;1.8;318.9;6.49
2023;11;23;51.329;59.551;0.58;28.73;30.41;27.49;82.63;3.45;24.3;0.96
2023;11;24;55.303;59.834;0.63;29.4;31.62;27.9;83.16;6.32;42.5;0.44
2023;11;25;46.212;57.967;0.53;28.73;30.01;27.65;85.91;4.46;55.9;1.84
2023;11;26;4.903;57.857;0.56;28.85;30.56;27.58;83.4;5.85;52.0;0.58
2023;11;27;58.615;59.366;0.67;29.15;31.54;27.77;82.6;7.5;47.6;0.01
2023;11;28;59.561;59.837;0.68;28.99;31.54;27.59;83.27;6.98;47.3;0.02
2023;11;29;53.225;59.244;0.61;28.93;31.71;27.53;84.36;6.34;43.1;0.03
2023;11;30;50.784;59.467;0.59;28.37;30.51;27.05;81.4;7.28;44.2;0.01
2023;12;1;60.859;61.349;0.7;28.16;30.92;26.25;80.28;6.81;50.4;0.0
2023;12;2;59.717;60.329;0.69;28.21;31.38;25.87;81.73;6.62;51.8;0.0
2023;12;3;58.718;5.929;0.68;28.25;31.37;26.25;81.48;6.8;47.7;0.0
2023;12;4;5.977;60.067;0.69;28.13;30.95;26.49;83.17;6.5;45.0;0.0
2023;12;5;58.632;59.558;0.68;27.97;30.6;26.31;84.18;7.09;42.9;0.0
2023;12;6;57.734;59.561;0.67;27.7;30.34;26.26;85.24;6.66;40.4;0.0
2023;12;7;51.569;57.271;0.6;27.87;30.28;26.44;85.4;7.19;42.7;0.01
2023;12;8;56.587;57.641;0.66;27.94;30.4;26.45;84.26;7.23;46.9;0.0
2023;12;9;57.146;57.516;0.67;27.88;30.22;26.31;86.4;6.72;41.6;0.0
2023;12;10;53.748;56.501;0.63;28.13;30.81;26.58;85.35;6.19;48.4;0.38
2023;12;11;53.491;56.623;0.63;27.73;29.86;26.5;86.97;6.42;45.8;0.03
2023;12;12;55.406;5.759;0.65;27.76;30.06;26.33;85.52;7.72;44.5;0.0
2023;12;13;53.381;56.758;0.63;27.37;29.57;26.25;84.97;8.07;44.7;0.0
2023;12;14;52.162;56.683;0.61;26.95;28.36;26.17;87.61;7.43;38.9;0.0
2023;12;15;49.332;55.087;0.58;27.42;30.11;26.25;86.16;6.38;38.6;0.0
2023;12;16;4.793;55.301;0.56;27.81;30.61;26.19;86.05;3.83;44.1;0.06
2023;12;17;47.834;56.832;0.56;27.67;30.63;26.12;87.37;2.12;37.2;0.08
2023;12;18;48.535;56.738;0.57;27.82;31.09;26.12;86.33;2.37;4.8;0.07
2023;12;19;48.979;55.963;0.58;27.41;29.83;26.02;86.22;3.3;4.2;0.19
2023;12;20;45.602;5.658;0.54;27.83;30.36;26.26;84.54;5.16;29.9;0.15
2023;12;21;51.192;56.779;0.6;28.22;31.12;26.77;81.76;6.58;44.9;0.06
2023;12;22;50.098;56.386;0.59;28.42;31.54;26.52;80.72;6.64;42.5;0.01
2023;12;23;5.046;55.325;0.59;28.25;30.91;26.74;84.33;6.54;38.8;0.0
2023;12;24;48.535;55.099;0.57;28.41;31.93;26.9;84.48;6.35;39.5;0.01
2023;12;25;50.515;5.443;0.59;28.31;30.63;27.2;84.99;7.19;39.0;0.01
2023;12;26;46.219;54.341;0.54;28.54;31.88;26.77;83.43;5.7;36.9;0.08
2023;12;27;45.216;54.422;0.53;27.79;29.58;26.79;85.08;6.32;38.2;0.78
2023;12;28;48.547;5.617;0.57;27.96;30.71;26.71;83.27;4.95;35.2;0.48
2023;12;29;39.922;55.486;0.47;27.83;30.37;26.42;82.51;5.52;31.5;0.51
2023;12;30;50.455;56.796;0.59;27.71;29.32;26.67;83.09;5.89;37.9;0.31
2023;12;31;45.734;57.245;0.53;28.27;30.76;26.9;79.77;6.94;38.1;0.09
2024;1;1;54.677;58.807;0.64;28.11;30.69;26.55;77.87;7.58;41.2;0.0
2024;1;2;52.824;57.314;0.62;28.06;30.44;26.5;78.58;6.82;38.3;0.0
2024;1;3;54.394;58.577;0.63;28.32;31.41;26.36;78.89;6.11;35.9;0.0
2024;1;4;54.907;57.646;0.64;28.61;32.09;26.48;79.95;5.72;37.7;0.0
2024;1;5;54.079;56.369;0.63;28.51;31.34;26.88;78.72;7.41;42.0;0.0
2024;1;6;56.825;59.023;0.66;28.36;31.7;26.3;77.44;6.51;46.6;0.0
2024;1;7;5.843;59.405;0.68;28.41;31.74;26.19;77.52;7.5;44.2;0.0
2024;1;8;58.399;59.443;0.67;28.6;31.34;26.47;76.79;8.0;47.2;0.0
2024;1;9;59.424;59.539;0.69;28.8;33.17;26.18;75.78;5.75;47.8;0.0
2024;1;10;5.837;59.011;0.67;28.61;32.8;26.42;78.71;4.32;39.1;0.0
2024;1;11;57.077;58.841;0.66;28.33;31.91;26.1;79.77;6.61;39.3;0.0
2024;1;12;54.034;58.838;0.62;28.04;31.63;25.79;78.66;5.75;42.5;0.0
2024;1;13;55.877;59.333;0.64;28.24;31.74;25.98;78.59;5.96;37.5;0.0
2024;1;14;5.749;59.674;0.66;28.34;31.63;26.31;79.68;6.49;42.3;0.0
2024;1;15;59.722;6.043;0.68;28.53;32.21;25.99;78.65;6.97;46.7;0.0
2024;1;16;58.082;59.923;0.66;28.79;32.63;26.13;78.78;6.34;48.6;0.0
2024;1;17;59.016;59.767;0.67;28.58;31.56;26.51;80.33;7.27;40.6;0.0
2024;1;18;60.437;60.653;0.68;28.28;31.65;26.17;76.28;6.97;42.0;0.0
2024;1;19;59.959;60.622;0.68;28.31;32.47;25.88;78.81;5.68;40.7;0.0
2024;1;20;6.054;60.934;0.68;28.18;32.05;25.62;78.77;7.11;36.8;0.0
2024;1;21;59.455;59.863;0.67;28.01;31.23;25.63;78.42;7.52;38.1;0.0
2024;1;22;61.075;61.327;0.68;28.06;31.46;25.38;73.99;8.52;46.3;0.0
2024;1;23;61.942;62.057;0.69;28.06;32.33;25.43;74.5;7.3;46.3;0.0
2024;1;24;62.635;62.808;0.7;27.92;32.01;25.56;77.62;7.7;46.4;0.0
2024;1;25;62.681;63.125;0.7;27.48;31.34;24.78;77.47;7.9;44.2;0.0
2024;1;26;62.441;62.825;0.69;27.49;31.37;24.95;76.5;7.55;45.1;0.0
2024;1;27;62.441;62.904;0.69;27.2;30.85;24.88;79.59;5.95;41.2;0.0
2024;1;28;59.796;62.842;0.66;27.1;30.54;24.59;79.51;6.61;35.2;0.0
2024;1;29;60.602;62.412;0.67;27.12;30.49;25.28;79.7;6.85;31.6;0.0
2024;1;30;58.087;59.808;0.64;27.24;30.63;25.36;78.96;7.46;30.5;0.05
2024;1;31;54.442;58.037;0.59;27.15;29.83;25.62;80.68;7.91;29.6;0.36
2024;2;1;49.123;56.801;0.53;27.15;29.54;25.8;80.83;7.52;27.2;0.16
2024;2;2;38.398;53.203;0.42;27.08;29.08;25.98;82.67;6.28;20.8;1.58
2024;2;3;50.638;56.695;0.55;27.57;30.22;25.87;82.54;4.45;14.6;1.47
2024;2;4;54.161;60.792;0.58;28.03;31.56;25.76;79.38;2.96;13.6;1.21
2024;2;5;48.322;60.914;0.52;28.55;32.21;26.11;77.19;2.36;259.0;0.62
2024;2;6;45.924;63.245;0.49;28.4;31.71;26.48;78.23;3.87;293.5;1.38
2024;2;7;22.632;62.472;0.24;26.8;28.98;25.44;77.1;5.15;360.0;1.98
2024;2;8;51.982;64.342;0.55;27.03;29.38;25.46;72.92;6.23;19.4;0.12
2024;2;9;63.605;6.487;0.68;28.16;31.4;25.86;69.28;8.35;39.8;0.0
2024;2;10;64.344;64.949;0.68;28.57;31.5;26.29;74.83;7.51;44.4;0.0
2024;2;11;63.998;64.982;0.68;28.92;32.48;26.27;76.2;6.87;44.4;0.0
2024;2;12;65.107;65.983;0.69;28.76;32.77;26.14;75.07;6.12;41.3;0.0
2024;2;13;63.331;65.923;0.67;28.59;32.78;25.92;77.45;5.95;38.0;0.0
2024;2;14;63.888;65.515;0.67;28.51;31.71;26.29;76.84;7.99;40.5;0.0
2024;2;15;62.748;63.948;0.66;28.82;32.62;26.52;78.23;8.55;41.3;0.0
2024;2;16;61.973;63.166;0.65;29.17;33.63;26.77;74.34;7.77;38.9;0.0
2024;2;17;62.604;64.104;0.65;29.28;33.49;26.79;74.56;6.75;37.5;0.0
2024;2;18;61.728;65.556;0.64;29.7;35.36;26.6;75.47;4.63;30.8;0.01
2024;2;19;54.682;64.666;0.56;28.45;31.33;26.67;78.57;7.57;28.9;0.03
2024;2;20;53.964;64.145;0.56;28.37;31.25;26.57;74.29;9.02;32.0;0.0
2024;2;21;49.217;64.639;0.51;28.08;30.07;26.8;73.93;8.18;24.0;0.0
2024;2;22;5.899;68.482;0.6;27.7;30.22;26.23;72.98;5.9;16.4;0.03
2024;2;23;59.743;6.84;0.61;27.99;31.09;26.18;73.02;6.47;29.6;0.02
2024;2;24;61.174;68.482;0.62;28.87;32.61;26.61;70.0;6.39;31.9;0.0
2024;2;25;63.317;68.009;0.64;28.6;31.72;26.77;70.9;7.73;30.8;0.0
2024;2;26;57.907;67.452;0.59;28.76;31.81;27.3;70.63;7.95;35.9;0.0
2024;2;27;64.843;67.759;0.66;28.74;32.27;26.67;70.44;8.2;40.7;0.0
2024;2;28;69.569;70.685;0.7;28.81;32.29;26.42;68.15;8.78;42.6;0.0
2024;2;29;66.874;70.615;0.67;28.73;32.26;26.28;67.92;9.01;44.2;0.0
2024;3;1;65.686;69.662;0.66;28.75;32.21;25.66;68.73;8.49;44.8;0.0
2024;3;2;64.814;69.168;0.65;28.55;31.83;26.28;70.09;6.99;39.2;0.03
2024;3;3;64.939;69.084;0.65;28.36;31.98;26.26;72.37;7.06;37.9;0.03
2024;3;4;66.427;69.406;0.66;28.62;32.95;26.05;71.94;6.71;39.7;0.03
2024;3;5;66.139;6.863;0.66;28.62;32.48;26.14;72.66;6.87;35.6;0.01
2024;3;6;65.426;66.919;0.65;28.91;33.49;25.97;72.78;6.21;34.2;0.02
2024;3;7;6.078;63.689;0.6;28.9;33.39;26.17;76.43;6.13;31.5;0.0
2024;3;8;57.406;61.358;0.57;29.1;32.94;26.8;78.13;6.73;34.6;0.0
2024;3;9;57.518;63.605;0.57;29.24;33.21;26.9;77.66;6.94;35.0;0.0
2024;3;10;58.685;65.393;0.58;29.28;33.36;26.97;78.45;6.39;34.6;0.0
2024;3;11;59.299;63.761;0.58;29.03;31.7;27.45;76.34;9.65;37.9;0.0
2024;3;12;64.058;66.226;0.63;29.34;32.87;27.31;71.77;9.6;39.5;0.0
2024;3;13;60.226;63.989;0.59;29.61;33.14;27.47;72.14;8.36;40.6;0.0
2024;3;14;59.376;63.425;0.58;28.87;31.44;27.34;75.28;7.5;40.2;0.0
2024;3;15;65.186;6.618;0.64;29.35;33.57;27.03;71.39;7.65;36.8;0.0
2024;3;16;62.878;6.619;0.61;28.92;32.65;26.41;73.04;7.21;37.4;0.0
2024;3;17;63.646;66.878;0.62;28.96;32.92;26.93;74.5;7.12;36.1;0.0
2024;3;18;62.215;64.572;0.6;29.62;34.24;26.92;76.66;5.54;37.8;0.14
2024;3;19;52.548;62.482;0.51;29.0;31.73;27.02;80.05;4.37;37.0;0.49
2024;3;20;43.361;62.105;0.42;28.98;32.63;27.11;81.02;5.88;28.8;0.61
2024;3;21;47.414;68.328;0.46;29.04;31.98;26.8;75.12;8.35;32.7;0.09
2024;3;22;64.829;70.358;0.63;29.46;33.66;26.99;70.43;7.36;38.7;0.0
2024;3;23;53.278;65.066;0.51;29.75;34.5;27.2;69.81;5.28;37.4;0.0
2024;3;24;52.954;6.498;0.51;28.92;32.66;26.76;76.67;2.78;346.3;0.04
2024;3;25;61.531;67.735;0.59;28.68;32.38;26.53;76.87;4.31;11.3;0.04
2024;3;26;66.828;70.942;0.64;28.46;32.08;26.24;73.86;4.29;9.4;0.02
2024;3;27;59.983;69.206;0.58;28.5;31.7;26.33;72.05;4.34;12.1;0.0
2024;3;28;64.025;69.031;0.61;28.05;31.31;25.9;74.8;4.25;9.8;0.0
2024;3;29;67.529;71.124;0.65;27.99;30.79;26.14;72.36;7.17;23.6;0.0
2024;3;30;67.966;71.654;0.65;28.72;31.91;26.6;70.36;7.67;35.3;0.0
2024;3;31;68.674;71.549;0.66;29.16;32.59;27.16;69.04;7.99;34.8;0.0
2024;4;1;66.504;70.102;0.64;29.01;31.93;27.12;69.81;7.72;38.0;0.0
2024;4;2;59.962;67.277;0.57;29.01;32.78;26.59;72.45;6.89;39.2;0.01
2024;4;3;50.714;64.586;0.48;29.17;33.28;26.78;74.06;4.62;40.7;0.08
2024;4;4;43.538;64.978;0.42;28.4;30.55;27.15;82.82;3.51;37.3;5.46
2024;4;5;55.481;68.222;0.53;28.66;31.18;27.18;84.06;4.71;36.5;3.16
2024;4;6;63.478;6.971;0.6;29.41;33.1;27.0;79.07;6.29;31.0;0.46
2024;4;7;65.486;70.022;0.62;29.5;33.19;27.52;78.71;6.89;38.0;0.48
2024;4;8;59.309;68.045;0.56;29.72;33.48;27.65;74.89;7.61;36.2;0.4
2024;4;9;5.891;68.484;0.56;29.95;34.25;27.52;72.02;7.58;41.2;0.15
2024;4;10;62.928;70.858;0.6;29.96;33.98;27.79;69.68;7.53;40.4;0.01
2024;4;11;66.696;71.186;0.63;29.66;33.08;26.82;71.75;6.86;39.5;0.03
2024;4;12;68.534;70.181;0.65;29.37;32.52;27.68;71.46;9.11;36.9;0.06
2024;4;13;70.265;71.242;0.67;29.08;32.43;26.78;71.59;9.11;36.6;0.0
2024;4;14;6.635;71.246;0.63;29.1;32.69;26.62;71.77;8.5;36.3;0.0
2024;4;15;65.434;71.122;0.62;28.88;32.38;26.81;75.64;7.62;29.5;0.28
2024;4;16;6.132;69.305;0.58;28.65;32.24;26.56;78.52;6.9;27.3;1.42
2024;4;17;55.982;65.438;0.53;28.28;30.94;26.57;82.14;7.27;23.2;2.83
2024;4;18;50.784;63.977;0.48;28.55;31.48;26.86;81.92;7.8;25.8;4.92
2024;4;19;50.839;6.852;0.48;28.18;30.97;26.71;84.23;6.97;27.9;17.1
2024;4;20;5.965;70.673;0.57;28.25;31.28;26.5;82.02;6.68;32.1;5.84
2024;4;21;42.617;69.682;0.4;28.72;32.25;26.76;81.04;5.56;35.2;1.35
2024;4;22;46.056;67.728;0.44;28.01;30.9;26.58;84.69;4.85;36.9;8.52
2024;4;23;51.895;69.206;0.49;27.93;29.88;26.54;84.35;6.44;33.4;11.35
2024;4;24;56.078;69.646;0.53;28.23;30.57;26.8;82.46;6.62;39.1;3.35
2024;4;25;45.794;68.873;0.44;27.99;29.92;26.97;85.03;6.51;38.1;3.13
2024;4;26;21.725;68.222;0.21;27.6;29.43;26.65;86.25;4.91;46.4;3.21
2024;4;27;44.971;6.931;0.43;28.41;31.02;26.8;82.21;5.41;41.7;1.49
2024;4;28;46.742;70.944;0.44;28.54;32.08;26.65;78.76;4.88;41.2;2.18
2024;4;29;55.462;71.246;0.53;29.08;33.08;26.5;76.81;4.48;43.2;1.12
2024;4;30;63.835;72.192;0.61;29.25;32.85;27.12;76.85;6.11;35.2;0.51
2024;5;1;60.173;71.357;0.57;29.49;33.26;27.17;78.68;4.96;33.7;1.76
2024;5;2;51.437;68.986;0.49;29.18;32.87;27.23;80.05;4.07;20.9;1.26
2024;5;3;47.654;71.338;0.45;28.73;31.59;26.93;83.72;3.45;354.3;3.02
2024;5;4;34.646;70.296;0.33;28.91;32.05;26.99;81.33;3.14;352.2;4.11
2024;5;5;55.673;69.012;0.53;29.24;32.54;26.93;81.74;3.11;24.0;3.46
2024;5;6;46.282;69.401;0.44;29.72;32.56;27.75;81.13;4.12;49.1;2.03
2024;5;7;40.896;69.454;0.39;29.75;32.18;28.13;82.34;3.99;43.2;1.74
2024;5;8;44.105;67.622;0.42;29.22;31.7;27.93;84.24;4.06;35.6;2.55
2024;5;9;33.545;66.518;0.32;29.35;32.4;27.58;84.09;3.15;38.4;3.84
2024;5;10;59.952;69.926;0.57;29.29;32.12;27.57;83.65;4.16;34.2;1.35
2024;5;11;61.637;71.179;0.59;29.53;32.0;27.98;82.94;3.77;36.8;3.11
2024;5;12;5.569;69.545;0.53;29.95;33.11;28.12;80.68;5.38;37.2;3.46
2024;5;13;60.538;70.399;0.58;29.75;32.37;28.19;81.67;6.46;42.9;1.47
2024;5;14;6.041;68.354;0.58;30.16;33.11;28.04;79.05;6.19;42.5;0.65
2024;5;15;43.596;68.906;0.42;29.73;32.43;28.14;81.65;3.35;44.5;1.47
2024;5;16;62.429;68.086;0.6;30.08;33.53;28.31;78.52;5.55;44.6;0.26
2024;5;17;59.309;68.002;0.57;30.38;33.92;28.06;78.58;5.11;48.7;0.81
2024;5;18;62.928;69.523;0.6;30.19;33.34;28.32;80.09;5.04;44.2;0.35
2024;5;19;61.656;69.221;0.59;30.31;33.55;28.28;80.07;5.61;46.7;0.17
2024;5;20;58.272;69.475;0.56;30.25;33.66;28.15;79.77;4.48;46.4;6.81
2024;5;21;23.642;69.845;0.23;29.31;31.36;27.96;83.51;3.01;72.2;16.18
2024;5;22;19.915;67.862;0.19;27.41;28.36;26.6;87.39;5.06;22.9;59.26
2024;5;23;51.926;70.752;0.5;28.88;31.73;27.06;82.37;4.04;34.3;24.39
2024;5;24;35.158;6.631;0.34;28.65;30.65;27.65;87.22;4.03;22.1;21.68
2024;5;25;40.601;69.826;0.39;28.76;30.51;27.64;85.29;4.42;45.0;10.85
2024;5;26;58.003;69.446;0.56;28.98;31.06;27.72;85.29;5.6;41.0;11.88
2024;5;27;37.066;6.732;0.36;28.87;30.86;27.82;85.24;4.34;49.2;16.15
2024;5;28;43.812;69.386;0.42;27.98;28.7;27.16;90.97;4.29;40.4;229.62
2024;5;29;42.055;69.713;0.41;29.1;32.48;27.63;85.78;5.11;46.1;28.29
2024;5;30;40.586;70.051;0.39;29.15;31.4;27.64;85.74;3.75;49.4;14.35
2024;5;31;5.525;69.214;0.53;29.26;31.47;27.89;85.13;3.76;48.9;4.62
2024;6;1;64.812;69.744;0.63;29.54;32.37;28.13;86.46;4.52;47.2;3.14
2024;6;2;55.555;68.213;0.54;29.59;31.82;28.18;85.62;3.53;51.3;3.62
2024;6;3;50.273;68.779;0.49;29.63;31.79;28.02;82.2;2.01;53.0;4.19
2024;6;4;40.836;69.127;0.4;29.11;31.25;27.61;80.96;1.03;319.8;8.52
2024;6;5;42.053;68.746;0.41;29.02;31.97;27.44;79.29;1.45;0.8;3.13
2024;6;6;36.442;6.859;0.35;28.86;30.68;27.55;83.49;2.55;31.2;5.57
2024;6;7;54.581;67.291;0.53;28.07;30.05;26.98;86.0;2.09;7.9;11.9
2024;6;8;57.386;68.309;0.56;29.74;32.97;27.63;82.24;2.29;32.2;3.65
2024;6;9;48.888;69.722;0.47;29.12;30.87;28.23;86.33;2.66;34.8;31.88
2024;6;10;44.198;69.262;0.43;29.31;31.21;28.16;83.73;2.94;47.8;9.36
2024;6;11;45.946;68.501;0.45;29.23;32.43;27.79;82.08;2.76;42.5;2.31
2024;6;12;41.374;67.769;0.4;29.25;31.01;27.91;82.81;2.22;41.0;2.73
2024;6;13;48.845;68.676;0.47;29.21;31.16;28.04;83.71;3.0;49.0;1.94
2024;6;14;46.025;69.386;0.45;29.44;32.49;27.92;81.34;3.45;51.6;1.4
2024;6;15;20.436;68.808;0.2;28.74;30.21;27.52;86.67;2.29;318.7;10.05
2024;6;16;43.126;67.908;0.42;27.24;27.96;26.68;88.79;2.54;325.8;14.33
2024;6;17;58.279;69.626;0.57;29.14;31.92;26.69;83.06;2.75;36.1;4.18
2024;6;18;52.702;68.856;0.51;29.21;31.95;27.92;84.55;4.57;40.8;2.05
2024;6;19;36.562;68.333;0.36;28.69;31.48;26.9;80.92;2.59;29.0;3.6
2024;6;20;44.861;68.347;0.44;28.63;30.83;26.86;82.33;3.63;48.6;7.01
2024;6;21;52.747;68.738;0.51;28.72;30.67;27.35;83.87;4.42;53.1;3.24
2024;6;22;46.202;69.362;0.45;28.96;31.77;27.63;83.7;4.29;49.2;3.02
2024;6;23;55.226;68.376;0.54;29.28;32.26;27.54;80.72;4.07;52.3;9.9
2024;6;24;50.659;67.603;0.49;28.98;31.73;27.61;82.87;3.23;52.0;8.5
2024;6;25;42.787;68.042;0.42;29.11;32.0;27.7;83.33;4.19;47.7;2.68
2024;6;26;32.854;69.192;0.32;28.47;30.58;26.97;82.23;2.36;73.1;3.47
2024;6;27;46.675;68.849;0.45;27.69;29.75;26.62;84.75;2.15;154.8;3.81
2024;6;28;54.324;69.569;0.53;27.95;30.4;26.31;84.67;2.89;11.5;1.54
2024;6;29;60.326;70.716;0.59;29.18;32.43;27.18;78.46;4.38;45.3;0.31
2024;6;30;6.27;70.788;0.61;28.86;31.15;27.35;81.83;5.83;52.1;1.66
2024;7;1;53.527;70.471;0.52;29.26;32.01;27.52;82.3;5.1;53.6;4.82
2024;7;2;38.244;68.741;0.37;29.01;31.51;27.53;83.7;3.64;46.8;8.66
2024;7;3;54.144;6.936;0.53;28.72;31.89;26.8;79.31;2.16;60.2;6.96
2024;7;4;5.118;67.289;0.5;28.48;30.78;27.0;83.75;2.46;14.3;9.35
2024;7;5;19.478;68.424;0.19;27.38;29.22;26.09;86.37;2.19;237.2;14.55
2024;7;6;6.061;69.698;0.59;27.67;29.63;26.29;82.71;1.97;45.6;7.99
2024;7;7;63.475;69.893;0.62;29.33;32.1;27.52;82.52;4.96;51.9;4.83
2024;7;8;58.318;69.108;0.57;29.23;31.62;27.61;84.28;5.64;54.5;5.9
2024;7;9;59.429;69.343;0.58;29.22;31.88;27.77;84.7;5.17;51.4;3.94
2024;7;10;58.742;68.309;0.57;29.04;31.35;27.73;85.64;4.75;53.2;0.2
2024;7;11;56.323;6.883;0.55;28.58;30.95;27.15;86.3;5.17;46.1;0.12
2024;7;12;57.778;68.436;0.56;28.9;31.53;27.28;84.92;5.82;47.1;0.11
2024;7;13;58.092;68.791;0.56;28.76;30.97;27.41;86.28;5.31;52.6;0.19
2024;7;14;53.004;69.559;0.51;28.9;31.74;27.29;83.76;5.94;49.5;0.29
2024;7;15;67.622;7.11;0.66;28.79;31.57;27.01;83.73;5.92;47.2;0.52
2024;7;16;6.593;7.069;0.64;28.7;31.69;27.01;85.37;5.57;45.4;0.54
2024;7;17;5.425;69.871;0.53;28.25;30.33;27.15;89.19;3.83;50.8;3.38
2024;7;18;4.71;6.787;0.46;28.08;30.4;26.89;86.57;2.9;66.8;3.17
2024;7;19;37.332;67.505;0.36;28.33;31.13;26.68;85.54;2.11;33.4;4.92
2024;7;20;51.785;68.546;0.5;28.69;31.3;26.99;85.17;4.16;43.9;10.81
2024;7;21;63.262;70.445;0.61;29.3;32.2;27.45;83.46;5.8;50.7;0.87
2024;7;22;62.074;69.562;0.6;28.76;31.18;27.4;85.52;6.89;47.8;1.52
2024;7;23;54.271;68.196;0.53;28.63;31.0;27.44;87.77;5.24;50.6;9.69
2024;7;24;59.503;6.905;0.58;28.6;30.3;27.46;89.11;5.18;48.9;4.49
2024;7;25;49.632;69.566;0.48;28.52;30.42;27.52;88.61;4.83;51.2;6.14
2024;7;26;53.669;70.248;0.52;28.56;31.14;26.9;84.99;4.83;54.2;2.55
2024;7;27;47.705;70.085;0.46;28.7;31.33;27.01;85.65;4.36;56.3;3.92
2024;7;28;59.316;69.794;0.57;28.88;31.37;27.28;83.73;5.88;49.2;1.94
2024;7;29;68.002;7.021;0.66;28.82;31.15;27.04;83.61;6.42;49.0;1.81
2024;7;30;58.097;69.557;0.56;28.65;30.52;27.42;86.46;4.97;51.0;7.39
2024;7;31;64.776;71.554;0.63;28.96;31.92;27.57;84.6;4.08;50.1;6.15
2024;8;1;58.726;71.606;0.57;28.73;31.35;27.17;81.58;3.3;48.2;10.23
2024;8;2;66.367;71.297;0.64;28.44;31.66;25.93;79.77;2.31;12.6;9.46
2024;8;3;54.982;7.002;0.53;28.9;31.43;27.02;81.95;2.59;30.5;12.92
2024;8;4;53.042;69.766;0.51;29.19;32.06;27.76;82.49;5.48;47.3;5.54
2024;8;5;5.303;69.341;0.51;28.97;31.49;27.49;83.48;5.84;50.6;10.47
2024;8;6;36.643;69.696;0.35;28.53;31.42;26.82;83.39;3.64;36.5;5.58
2024;8;7;32.234;70.726;0.31;27.46;29.17;25.97;83.86;1.51;275.0;47.81
2024;8;8;5.665;69.398;0.55;28.27;30.67;26.52;84.33;3.49;28.3;5.54
2024;8;9;55.447;72.077;0.53;29.05;32.1;27.26;80.07;6.24;43.6;0.36
2024;8;10;55.258;71.378;0.53;29.03;32.18;27.51;81.54;5.06;42.0;0.88
2024;8;11;57.924;7.092;0.56;28.49;30.67;26.98;82.92;2.53;35.0;2.68
2024;8;12;63.329;7.224;0.61;28.73;31.11;26.92;83.36;3.7;45.8;1.84
2024;8;13;57.778;70.994;0.56;29.12;32.2;27.28;80.74;4.36;44.4;0.87
2024;8;14;60.134;71.755;0.58;28.73;31.35;27.46;83.68;3.35;41.1;0.64
2024;8;15;60.636;70.622;0.58;29.16;32.1;27.51;81.64;3.05;25.2;0.39
2024;8;16;60.067;70.675;0.58;29.46;32.57;27.71;81.88;4.16;39.2;0.36
2024;8;17;5.509;7.153;0.53;29.42;32.62;27.78;79.93;3.52;47.2;0.4
2024;8;18;61.862;71.354;0.6;29.12;31.43;27.68;82.52;3.73;34.3;1.72
2024;8;19;67.262;71.755;0.65;29.59;32.74;27.76;81.64;4.71;47.5;6.02
2024;8;20;60.614;70.997;0.58;29.32;31.73;27.86;83.0;5.34;46.0;7.62
2024;8;21;5.616;70.229;0.54;28.82;30.59;27.74;85.25;5.95;45.5;10.14
2024;8;22;4.861;67.788;0.47;28.55;30.46;27.42;85.04;4.35;47.4;4.81
2024;8;23;51.595;68.383;0.5;28.82;31.18;27.31;83.12;2.98;33.4;14.85
2024;8;24;39.878;68.258;0.38;28.95;31.07;27.65;84.94;4.19;41.1;12.95
2024;8;25;43.733;68.755;0.42;28.71;30.3;27.58;84.86;3.08;59.6;14.35
2024;8;26;18.298;65.052;0.18;27.34;28.66;26.12;84.38;1.24;12.2;10.57
2024;8;27;58.385;70.166;0.56;27.86;30.01;25.95;84.38;3.42;37.1;4.2
2024;8;28;52.735;71.642;0.51;29.39;32.73;27.3;81.3;5.32;45.4;1.85
2024;8;29;6.523;70.745;0.63;29.64;32.14;28.01;83.23;6.65;45.8;0.24
2024;8;30;52.205;70.082;0.5;29.23;31.47;27.96;84.19;3.12;57.9;0.57
2024;8;31;56.906;69.554;0.55;28.85;30.87;27.35;82.57;2.47;27.7;0.46
2024;9;1;56.983;69.444;0.55;28.61;31.05;26.81;78.86;1.75;168.1;0.64
2024;9;2;59.885;70.646;0.58;28.15;30.45;26.58;83.86;2.83;29.7;1.32
2024;9;3;55.978;69.463;0.54;28.71;31.08;27.34;84.26;2.85;38.2;15.41
2024;9;4;56.921;68.566;0.55;28.6;31.34;26.95;83.12;3.4;45.7;3.89
2024;9;5;58.687;67.397;0.57;29.03;30.58;27.94;86.63;3.28;54.3;11.99
2024;9;6;43.382;66.778;0.42;29.64;32.03;28.0;83.84;2.44;50.0;11.43
2024;9;7;50.834;69.557;0.49;28.97;30.84;27.63;83.86;2.76;39.1;4.51
2024;9;8;5.118;67.783;0.5;29.17;31.03;27.98;85.39;3.75;35.8;1.61
2024;9;9;62.122;68.957;0.6;29.41;31.12;28.43;85.47;4.67;43.3;1.56
2024;9;10;53.321;68.546;0.52;29.68;32.15;28.51;83.48;3.6;44.2;1.22
2024;9;11;57.682;68.448;0.56;29.47;31.88;28.26;83.88;3.39;35.9;0.83
2024;9;12;35.309;66.329;0.34;29.22;31.4;27.73;84.59;3.16;33.4;2.16
2024;9;13;49.126;68.534;0.48;28.94;31.39;27.38;83.88;2.45;29.5;5.46
2024;9;14;63.619;69.372;0.62;29.5;32.17;27.67;83.41;3.48;26.4;4.04
2024;9;15;66.948;71.143;0.65;30.08;33.38;28.43;82.43;4.43;41.9;2.55
2024;9;16;61.944;70.632;0.61;30.22;32.96;28.79;83.64;3.55;48.7;4.32
2024;9;17;40.094;68.362;0.39;29.34;31.64;28.43;84.16;3.47;59.3;3.71
2024;9;18;62.618;69.852;0.61;29.86;32.54;28.69;83.55;4.34;43.6;3.46
2024;9;19;60.655;70.296;0.59;29.98;32.69;28.29;81.9;2.91;43.0;3.35
2024;9;20;44.652;68.309;0.44;29.05;31.15;27.47;81.28;2.07;279.0;6.99
2024;9;21;44.066;68.071;0.43;28.44;31.35;26.53;81.26;2.13;345.6;6.21
2024;9;22;13.757;69.002;0.14;27.65;29.05;26.81;86.01;2.21;349.4;9.5
2024;9;23;58.985;69.734;0.58;28.78;31.36;26.9;79.99;2.32;34.3;5.86
2024;9;24;57.811;69.718;0.57;29.17;31.38;27.79;80.91;1.83;20.3;6.21
2024;9;25;37.181;66.617;0.37;28.33;30.38;27.02;84.24;2.43;33.9;2.98
2024;9;26;4.937;69.209;0.49;28.36;31.0;27.01;81.98;2.56;6.5;4.74
2024;9;27;57.274;70.706;0.57;28.5;30.91;26.65;82.46;2.91;33.1;3.49
2024;9;28;39.228;67.262;0.39;28.7;30.94;26.84;84.5;2.79;31.0;3.99
2024;9;29;28.937;69.377;0.29;26.28;26.77;25.61;88.27;2.89;235.1;13.0
2024;9;30;4.039;6.863;0.4;27.72;31.57;24.83;75.35;2.12;27.6;0.99
2024;10;1;56.244;6.895;0.56;28.47;32.02;26.17;77.94;2.3;341.9;2.1
2024;10;2;54.238;6.894;0.54;28.05;30.02;26.53;78.3;2.16;328.9;1.06
2024;10;3;54.658;68.695;0.55;28.93;31.32;27.17;81.66;3.46;19.0;2.33
2024;10;4;5.603;68.431;0.56;28.88;30.54;27.86;83.68;5.39;31.0;2.14
2024;10;5;56.172;68.282;0.57;28.34;30.15;27.26;83.32;2.9;314.5;3.47
2024;10;6;46.829;67.639;0.47;29.42;32.41;27.3;78.6;1.57;348.5;4.45
2024;10;7;48.506;67.051;0.49;28.47;30.65;27.08;79.64;0.99;297.2;5.15
2024;10;8;48.338;66.509;0.49;29.02;31.14;26.66;72.9;1.41;217.6;4.77
2024;10;9;52.747;67.342;0.54;29.1;32.26;26.8;74.8;2.03;255.9;1.27
2024;10;10;38.688;67.382;0.39;28.24;29.85;27.09;85.43;2.32;352.1;3.6
2024;10;11;51.358;6.673;0.52;28.36;30.47;26.97;82.85;2.19;10.4;3.55
2024;10;12;54.806;66.362;0.56;29.44;31.7;27.95;82.37;4.07;46.1;2.79
2024;10;13;53.441;65.155;0.55;29.35;31.17;28.39;86.37;4.96;50.4;5.11
2024;10;14;49.118;65.052;0.5;29.44;31.8;27.99;81.82;3.4;46.0;3.31
2024;10;15;27.002;6.565;0.28;28.08;29.2;26.9;83.96;3.18;42.6;2.54
2024;10;16;35.402;65.042;0.37;28.02;29.99;26.5;84.89;2.55;21.2;2.32
2024;10;17;5.701;65.762;0.59;29.18;31.78;27.63;82.81;3.11;41.2;4.09
2024;10;18;57.821;65.878;0.6;29.52;31.65;28.39;84.16;4.52;44.4;6.12
2024;10;19;48.221;65.208;0.5;29.22;31.25;28.16;83.47;4.11;48.2;8.13
2024;10;20;4.523;65.309;0.47;28.79;30.52;27.76;85.14;3.35;37.6;7.01
2024;10;21;4.729;64.039;0.49;28.27;29.55;27.38;83.48;1.84;351.0;1.01
2024;10;22;43.733;64.349;0.46;28.86;32.63;27.02;79.49;1.6;328.2;9.21
2024;10;23;53.407;64.097;0.56;28.57;30.92;27.09;83.15;2.77;11.2;5.11
2024;10;24;52.939;63.679;0.56;28.97;30.84;27.86;84.42;3.3;45.7;14.28
2024;10;25;57.504;65.062;0.61;29.61;31.99;28.28;84.86;5.7;49.2;5.37
2024;10;26;57.545;64.046;0.61;29.43;31.12;28.23;85.43;6.16;46.6;4.91
2024;10;27;57.449;6.336;0.61;29.82;32.82;28.2;82.08;6.42;47.8;1.59
2024;10;28;41.028;63.158;0.44;28.8;30.29;27.97;86.36;5.2;46.3;2.3
2024;10;29;53.741;62.467;0.57;28.39;28.96;27.75;89.93;4.49;51.2;7.45
2024;10;30;50.561;6.221;0.54;29.42;31.67;28.13;84.67;4.0;51.3;7.71
2024;10;31;42.744;6.216;0.46;27.92;29.32;26.42;84.28;2.85;12.5;6.82
2024;11;1;21.466;63.835;0.23;26.88;29.02;25.62;82.29;1.28;316.6;9.16
2024;11;2;33.127;63.382;0.36;26.34;27.36;25.52;87.46;3.37;183.6;16.38
2024;11;3;21.605;62.623;0.23;26.33;27.55;25.5;91.06;4.89;181.1;21.69
2024;11;4;34.716;62.657;0.38;27.14;29.39;25.67;86.47;4.33;192.3;15.88
2024;11;5;4.927;62.717;0.54;27.97;31.29;26.22;82.87;2.81;30.5;2.02
2024;11;6;48.305;62.839;0.53;28.26;29.9;27.41;86.01;4.09;23.5;2.09
2024;11;7;39.372;61.764;0.43;28.51;29.89;27.57;83.21;4.14;39.7;9.78
2024;11;8;37.298;61.152;0.41;28.28;30.78;26.87;83.71;2.07;35.3;14.57
2024;11;9;42.619;61.301;0.47;26.8;28.37;25.84;87.12;2.95;213.8;33.37
2024;11;10;48.331;61.994;0.53;27.27;30.14;25.33;84.02;3.58;230.3;1.73
2024;11;11;41.887;61.373;0.46;26.75;28.19;25.82;86.37;3.06;211.3;5.07
2024;11;12;46.937;6.067;0.52;27.17;29.77;25.34;81.48;3.07;233.3;1.66
2024;11;13;48.386;61.438;0.54;27.51;30.11;25.79;81.64;3.04;246.4;0.55
2024;11;14;43.877;60.026;0.49;27.43;29.6;26.05;82.77;2.69;240.5;1.86
2024;11;15;53.191;60.288;0.59;27.43;29.63;25.95;80.99;2.62;263.1;0.54
2024;11;16;44.556;59.671;0.5;27.84;30.32;26.49;76.36;2.6;317.3;0.91
2024;11;17;41.722;59.294;0.47;27.58;29.09;26.53;86.09;3.71;11.1;5.97
2024;11;18;51.634;61.217;0.58;28.72;32.0;27.0;80.11;3.56;35.3;1.59
2024;11;19;53.578;60.943;0.6;29.01;32.42;27.08;79.74;3.23;44.1;3.4
2024;11;20;43.937;59.234;0.5;28.02;30.35;26.7;86.8;2.57;34.4;5.61
2024;11;21;44.966;58.992;0.51;28.04;30.56;26.6;80.99;1.72;355.0;4.96
2024;11;22;3.684;57.418;0.42;27.72;30.12;26.24;83.74;2.51;7.9;11.19
2024;11;23;43.126;57.874;0.49;27.32;28.61;26.26;86.0;2.75;23.9;7.49
2024;11;24;50.784;58.102;0.58;28.36;30.5;26.89;85.77;3.71;39.6;8.24
2024;11;25;47.834;58.373;0.55;28.47;30.19;27.59;86.34;3.3;42.1;4.25
2024;11;26;3.613;5.749;0.41;28.28;30.66;27.02;86.39;2.05;34.6;10.35
2024;11;27;39.211;58.313;0.45;27.94;30.56;26.81;85.27;3.68;37.1;10.31
2024;11;28;47.002;58.195;0.54;27.95;30.13;26.76;84.67;2.9;357.3;4.04
2024;11;29;43.697;57.818;0.5;28.14;29.63;26.91;87.5;2.96;26.0;7.8
2024;11;30;49.838;58.152;0.58;28.81;30.9;27.7;85.23;3.79;50.9;7.06
2024;12;1;56.105;58.934;0.65;29.08;31.11;27.99;85.68;5.95;45.8;7.52
2024;12;2;42.756;57.598;0.5;28.36;29.67;27.57;86.75;6.68;40.5;21.18
2024;12;3;49.008;57.161;0.57;28.38;30.63;27.35;83.07;6.86;44.2;7.61
2024;12;4;54.115;59.414;0.63;28.58;30.69;27.3;78.91;7.48;49.2;0.13
2024;12;5;58.006;59.482;0.67;28.58;30.95;26.93;80.02;7.14;49.9;0.75
2024;12;6;56.294;60.269;0.66;28.01;30.18;26.34;76.53;7.1;53.2;0.1
2024;12;7;57.883;61.231;0.68;27.88;30.37;26.1;78.03;6.99;52.9;0.0
2024;12;8;59.194;60.665;0.69;28.24;30.62;26.76;81.62;7.24;50.4;0.0
2024;12;9;58.565;59.047;0.68;28.57;31.3;26.99;82.46;6.53;50.1;0.0
2024;12;10;58.318;59.153;0.68;28.5;31.36;26.51;83.29;6.49;53.0;0.0
2024;12;11;57.792;59.088;0.68;28.41;31.33;26.36;83.17;6.03;46.9;0.01
2024;12;12;54.506;59.268;0.64;27.91;29.86;26.89;79.72;8.38;42.8;0.01
2024;12;13;58.054;59.714;0.68;27.65;30.0;26.39;78.62;7.79;44.7;0.0
2024;12;14;57.456;59.976;0.67;27.25;29.59;26.01;78.06;6.96;40.6;0.0
2024;12;15;57.643;59.309;0.68;27.29;30.52;25.74;79.09;4.61;35.8;0.0
2024;12;16;54.185;5.683;0.64;27.86;31.32;25.78;82.23;4.21;42.2;0.02
2024;12;17;55.901;56.928;0.66;28.09;30.61;26.77;85.85;5.62;40.6;0.0
2024;12;18;50.726;57.209;0.6;27.75;28.94;26.74;89.38;5.81;43.7;0.0
2024;12;19;50.443;56.748;0.59;27.99;30.06;27.01;88.1;6.3;41.9;0.0
2024;12;20;4.608;55.346;0.54;27.65;29.14;26.75;88.37;5.19;38.0;0.0
2024;12;21;44.921;54.466;0.53;27.66;29.13;26.94;87.49;5.73;28.3;1.04
2024;12;22;32.621;53.482;0.38;27.47;28.55;26.92;89.0;5.83;37.0;5.7
2024;12;23;33.821;53.234;0.4;27.32;28.35;26.42;88.17;6.43;45.4;2.71
2024;12;24;43.258;56.573;0.51;27.9;30.53;26.53;82.44;6.0;45.3;3.33
2024;12;25;51.614;57.132;0.61;27.78;29.97;26.48;83.16;5.63;50.1;1.36
2024;12;26;47.453;54.012;0.56;28.01;30.78;26.5;83.98;4.41;54.5;2.87
2024;12;27;36.497;5.387;0.43;28.14;30.83;26.79;82.59;3.56;52.7;6.49
2024;12;28;38.254;55.606;0.45;27.98;30.07;26.64;82.81;4.9;46.6;2.18
2024;12;29;5.135;57.504;0.6;28.01;30.42;26.47;81.5;4.14;50.3;0.64
2024;12;30;37.896;56.587;0.44;27.72;30.29;26.4;80.92;4.91;39.3;0.54
2024;12;31;38.122;55.447;0.44;27.47;28.82;26.88;85.88;5.88;43.3;15.42
2025;1;1;53.052;57.022;0.62;27.6;29.78;26.57;84.0;6.07;45.1;18.06
2025;1;2;51.377;5.676;0.6;27.68;29.96;26.42;82.51;6.43;43.9;11.43
2025;1;3;42.518;55.632;0.49;27.58;29.5;26.49;84.98;6.96;44.5;29.62
2025;1;4;34.555;54.809;0.4;27.2;28.4;26.54;86.32;7.85;44.9;37.47
2025;1;5;34.558;56.064;0.4;27.12;28.65;26.47;86.36;8.06;48.7;23.14
2025;1;6;49.099;57.077;0.57;27.68;30.7;26.0;83.99;5.59;46.6;1.26
2025;1;7;56.076;5.803;0.65;27.79;30.4;26.08;84.06;5.9;42.9;0.93
2025;1;8;57.828;60.427;0.67;27.41;29.46;26.04;81.67;7.68;42.1;0.08
2025;1;9;5.911;61.114;0.68;27.31;29.67;26.01;81.25;7.04;41.4;0.02
2025;1;10;60.814;61.726;0.7;27.54;31.09;25.13;78.99;5.47;42.8;0.01
2025;1;11;59.323;60.257;0.68;27.64;31.56;25.56;79.06;5.93;45.2;0.0
2025;1;12;61.123;61.322;0.7;27.42;30.23;25.3;80.48;6.59;45.8;0.0
2025;1;13;57.576;60.394;0.66;27.6;30.34;25.81;81.6;7.29;46.5;0.0
2025;1;14;59.069;61.202;0.67;27.07;29.26;25.57;80.68;8.07;46.1;0.0
2025;1;15;57.072;61.464;0.65;27.05;29.13;25.78;79.31;8.25;43.8;0.0
2025;1;16;56.386;61.361;0.64;27.04;29.48;25.75;79.31;7.55;41.2;0.0
2025;1;17;59.366;61.531;0.67;27.25;30.45;25.04;80.66;5.94;45.7;0.0
2025;1;18;60.569;6.205;0.68;27.14;29.93;25.11;82.79;6.02;45.8;0.0
2025;1;19;61.478;62.201;0.69;27.17;30.19;25.0;83.18;5.74;46.4;0.0
2025;1;20;59.558;61.822;0.67;27.22;29.99;25.37;82.2;7.34;49.7;0.0
2025;1;21;61.342;62.664;0.69;27.07;30.74;25.28;81.06;6.25;49.4;0.0
2025;1;22;61.694;62.333;0.69;26.97;30.14;24.74;82.68;6.65;47.4;0.0
2025;1;23;60.598;6.175;0.68;27.28;30.46;25.27;81.5;7.17;45.7;0.0
2025;1;24;60.312;61.368;0.67;26.87;29.65;25.27;81.52;7.3;39.7;0.0
2025;1;25;61.284;62.506;0.68;26.85;29.32;25.02;79.42;8.72;44.7;0.04
2025;1;26;6.115;6.265;0.68;27.04;30.17;25.19;77.96;8.58;43.4;0.1
2025;1;27;60.859;62.155;0.67;26.78;30.1;24.78;82.14;6.6;39.9;2.72
2025;1;28;57.727;60.523;0.63;26.7;29.19;24.9;85.23;6.37;39.4;10.14
2025;1;29;56.714;60.691;0.62;26.17;27.55;25.26;87.53;7.47;41.8;3.75
2025;1;30;55.992;61.145;0.61;27.09;30.13;25.21;86.18;7.75;46.8;14.85
2025;1;31;5.687;61.805;0.62;27.0;29.66;25.7;82.04;8.43;48.2;0.04
2025;2;1;61.586;63.089;0.67;27.1;30.89;24.97;79.55;7.73;45.1;0.0
2025;2;2;60.888;62.738;0.66;26.91;29.89;24.91;79.79;8.72;45.5;0.0
2025;2;3;60.386;63.924;0.65;26.73;29.47;25.0;79.84;8.32;44.3;0.0
2025;2;4;57.761;62.983;0.62;26.52;29.17;24.69;83.2;7.73;42.1;0.02
2025;2;5;55.884;62.935;0.6;26.72;29.35;25.12;81.65;8.54;42.0;0.05
2025;2;6;60.252;62.904;0.64;26.53;29.04;25.12;80.31;8.11;40.7;0.01
2025;2;7;63.526;64.277;0.68;26.68;29.84;24.73;80.34;7.56;39.4;0.0
2025;2;8;50.662;62.796;0.54;26.43;29.26;24.49;81.18;7.95;41.8;0.0
2025;2;9;55.087;6.462;0.58;26.42;28.81;25.09;82.1;8.23;40.5;0.01
2025;2;10;61.056;66.151;0.65;26.82;29.6;25.09;80.08;8.43;42.8;0.04
2025;2;11;57.629;6.487;0.61;27.02;30.35;24.9;78.42;7.92;45.1;0.0
2025;2;12;60.077;64.702;0.63;26.79;29.83;25.06;77.82;7.29;47.7;0.0
2025;2;13;64.471;6.601;0.68;27.27;30.99;24.94;78.17;6.94;44.5;0.0
2025;2;14;55.702;64.375;0.58;27.0;29.81;25.18;77.93;8.43;43.1;0.01
2025;2;15;62.633;67.526;0.65;27.08;30.48;24.82;76.09;7.31;42.4;0.01
2025;2;16;6.013;6.726;0.63;27.09;30.96;24.51;77.98;6.33;41.2;0.02
2025;2;17;60.353;65.498;0.63;26.96;30.01;24.79;80.19;7.55;41.9;0.03
2025;2;18;60.202;64.915;0.62;27.17;30.1;25.05;78.25;7.55;42.0;0.02
2025;2;19;60.374;64.918;0.62;27.6;31.42;25.14;75.53;5.99;39.8;0.0
2025;2;20;57.418;64.738;0.59;27.77;31.46;25.75;77.66;6.92;39.4;0.01
2025;2;21;6.025;63.931;0.62;27.64;30.46;25.96;78.55;8.32;37.0;0.01
2025;2;22;61.526;64.234;0.63;27.7;30.34;26.06;76.77;9.35;39.0;0.01
2025;2;23;59.724;65.275;0.61;27.57;30.25;25.84;75.73;8.51;35.5;0.0
2025;2;24;53.506;64.385;0.54;27.67;31.3;25.53;78.5;5.78;39.8;0.02
2025;2;25;47.556;64.306;0.48;27.94;31.63;25.55;80.66;3.75;24.7;6.52
2025;2;26;38.299;62.779;0.39;27.37;29.82;25.86;84.46;5.74;27.8;21.13
2025;2;27;52.838;6.527;0.53;27.93;31.22;26.19;78.48;6.72;34.9;0.55
2025;2;28;55.289;65.477;0.56;27.51;30.27;25.92;77.75;8.01;38.4;0.07
2025;3;1;5.814;65.534;0.58;27.85;31.02;26.0;78.32;6.96;37.9;0.24
2025;3;2;52.543;65.225;0.53;27.77;30.77;26.11;78.26;7.08;39.0;0.02
2025;3;3;54.161;66.026;0.54;27.34;29.81;26.07;77.21;7.05;36.2;0.0
2025;3;4;62.182;6.731;0.62;27.42;29.97;25.9;76.71;6.61;35.9;0.03
2025;3;5;62.436;67.325;0.62;27.62;30.98;25.74;78.38;6.38;31.3;0.01
2025;3;6;56.784;6.773;0.56;27.28;29.89;25.65;78.88;5.98;24.8;0.01
2025;3;7;56.575;6.731;0.56;27.38;29.89;25.65;77.49;7.29;36.2;0.06
2025;3;8;66.439;70.195;0.66;28.16;31.97;25.87;75.25;6.73;37.6;0.0
2025;3;9;65.909;69.024;0.65;28.25;32.13;25.64;73.99;6.92;38.5;0.0
2025;3;10;5.898;68.618;0.58;28.16;32.7;25.4;74.31;6.27;39.3;0.0
2025;3;11;62.026;68.434;0.61;28.01;31.84;25.67;75.57;6.39;31.9;0.01
2025;3;12;64.517;69.857;0.63;27.81;31.47;25.89;75.0;6.94;31.1;0.0
2025;3;13;63.161;6.918;0.62;28.13;31.85;26.03;74.29;6.88;33.5;0.0
2025;3;14;58.543;66.742;0.57;27.8;30.61;26.02;75.63;7.1;32.6;0.0
2025;3;15;56.774;65.794;0.55;27.97;31.53;26.22;75.38;5.97;39.8;0.0
2025;3;16;57.077;66.149;0.56;28.51;32.73;25.84;77.4;5.06;35.7;0.11
2025;3;17;54.026;67.188;0.53;27.89;30.38;26.51;80.99;7.77;33.0;1.01
2025;3;18;45.084;68.568;0.44;27.37;29.91;26.02;73.98;8.43;30.2;0.01
2025;3;19;59.426;70.142;0.58;27.47;29.93;25.79;74.55;7.5;32.4;0.02
2025;3;20;63.694;6.937;0.62;28.3;31.69;26.08;77.14;6.8;34.5;0.56
2025;3;21;51.444;6.527;0.5;28.12;30.75;26.44;81.6;8.17;33.3;1.4
2025;3;22;59.916;64.783;0.58;28.44;31.34;26.75;77.64;7.87;40.8;0.13
2025;3;23;67.728;70.728;0.65;28.84;33.07;26.24;73.18;8.6;46.2;0.04
2025;3;24;6.913;71.275;0.67;28.74;33.75;25.78;73.09;6.62;43.8;0.0
2025;3;25;63.506;68.261;0.61;28.62;33.64;25.82;75.3;6.79;43.1;0.49
2025;3;26;44.134;64.313;0.42;27.86;31.02;25.75;78.37;7.72;37.2;0.23
2025;3;27;56.534;65.232;0.54;27.55;29.83;26.11;78.52;7.72;37.9;1.77
2025;3;28;54.444;66.298;0.52;27.34;29.05;26.11;81.67;7.58;40.0;4.15
2025;3;29;57.557;68.628;0.55;28.26;31.46;25.86;75.9;7.27;40.1;0.44
2025;3;30;56.429;6.973;0.54;28.12;31.29;26.26;75.37;7.77;39.3;0.2
2025;3;31;60.631;70.894;0.58;28.41;32.18;26.32;75.15;6.46;40.8;0.52
2025;4;1;5.689;69.734;0.54;28.02;31.07;26.06;76.74;7.09;39.2;0.05
2025;4;2;61.694;68.822;0.59;28.42;31.08;26.4;75.52;7.94;42.6;0.02
2025;4;3;51.876;68.923;0.5;28.63;31.14;26.73;73.17;8.31;46.7;0.11
2025;4;4;54.881;71.858;0.52;28.84;32.5;26.63;68.14;8.3;46.4;0.0
2025;4;5;64.716;73.097;0.62;28.83;32.31;26.35;69.89;7.72;41.7;0.0
2025;4;6;58.841;70.279;0.56;28.73;32.32;26.78;74.13;6.84;41.0;0.49
2025;4;7;5.43;70.488;0.52;28.7;32.47;26.33;75.5;6.07;48.1;0.43
2025;4;8;6.348;71.738;0.6;28.99;32.89;26.45;76.12;5.48;38.4;0.09
2025;4;9;50.734;7.014;0.48;28.59;31.75;26.76;80.2;7.33;28.7;0.46
2025;4;10;39.847;69.259;0.38;28.07;30.51;26.49;82.47;4.95;39.7;5.62
2025;4;11;39.427;6.887;0.37;27.44;29.59;26.24;86.74;2.91;53.4;9.95
2025;4;12;59.412;7.128;0.56;28.21;31.54;26.5;80.11;4.15;38.3;2.93
2025;4;13;62.186;71.731;0.59;28.56;31.73;26.8;80.82;6.56;35.2;1.31
2025;4;14;68.328;7.271;0.65;29.15;32.5;27.07;75.62;8.12;40.7;0.21
2025;4;15;67.178;72.648;0.64;29.19;32.82;26.85;73.11;7.86;39.2;0.01
2025;4;16;66.984;70.594;0.64;28.97;33.07;26.96;75.84;7.36;34.7;0.05
2025;4;17;56.443;70.037;0.54;28.9;32.22;27.01;74.29;8.33;34.0;0.02
2025;4;18;59.122;68.693;0.56;28.83;31.6;27.09;76.93;9.03;37.3;0.07
2025;4;19;51.509;70.272;0.49;29.18;32.13;27.46;74.95;8.74;42.6;0.74
2025;4;20;55.474;70.882;0.53;28.54;31.04;27.26;79.73;6.83;45.6;0.62
2025;4;21;48.322;71.522;0.46;28.26;30.33;26.86;78.76;7.41;42.8;2.16
2025;4;22;5.754;72.756;0.55;28.08;30.99;26.56;75.69;7.27;35.7;0.21
2025;4;23;56.964;72.847;0.54;28.5;31.46;26.46;73.56;6.74;31.3;0.08
2025;4;24;62.359;72.569;0.59;28.4;31.21;26.76;75.53;7.13;27.6;0.4
2025;4;25;55.399;71.042;0.53;28.27;30.88;26.57;78.38;7.43;28.2;0.71
2025;4;26;38.983;6.887;0.37;28.36;30.85;26.92;80.49;5.59;30.5;0.78
2025;4;27;43.891;70.942;0.42;28.39;31.12;26.59;79.52;5.42;34.2;0.88
2025;4;28;45.931;68.832;0.44;28.11;30.37;26.81;81.16;5.75;39.2;2.51
2025;4;29;42.962;66.886;0.41;27.77;29.36;26.92;81.96;5.41;38.9;0.26
2025;4;30;47.242;6.625;0.45;28.77;32.3;26.78;76.45;5.23;37.6;0.87
2025;5;1;47.662;70.166;0.45;28.42;31.24;26.79;80.75;4.65;38.1;3.14
2025;5;2;45.106;70.241;0.43;28.55;31.86;26.74;80.35;4.43;30.3;3.5
2025;5;3;44.846;7.121;0.43;28.59;31.6;26.73;79.09;4.02;51.9;6.48
2025;5;4;62.376;71.611;0.6;28.32;30.92;26.86;81.84;3.09;27.0;5.86
2025;5;5;4.127;71.035;0.39;28.41;31.38;26.92;81.2;4.01;37.4;25.07
2025;5;6;32.914;72.691;0.31;28.03;30.08;26.57;84.82;4.1;27.7;16.14
2025;5;7;42.557;70.999;0.41;28.88;31.96;27.06;79.89;3.59;45.2;5.83
2025;5;8;59.282;7.237;0.57;28.76;31.72;27.21;79.51;4.32;44.6;3.49
2025;5;9;7.103;73.543;0.68;29.3;32.67;27.35;79.15;5.33;45.8;2.25
2025;5;10;72.175;73.368;0.69;29.11;31.65;27.42;81.52;5.53;47.5;1.88
2025;5;11;59.712;71.765;0.57;29.77;33.24;27.54;81.09;5.5;49.7;4.62
2025;5;12;58.337;7.152;0.56;29.37;32.57;27.7;80.95;5.78;41.5;4.27
2025;5;13;57.564;7.081;0.55;29.2;32.57;27.35;78.43;6.79;40.8;2.8
2025;5;14;57.014;69.766;0.55;27.84;29.46;26.74;86.25;4.78;46.5;6.26
2025;5;15;28.121;67.884;0.27;28.24;30.16;26.94;86.24;4.5;40.0;8.3
2025;5;16;32.899;68.681;0.32;28.06;30.09;26.94;86.69;3.92;36.0;14.13
2025;5;17;41.239;7.062;0.4;27.99;30.67;26.58;85.43;3.56;30.6;8.67
2025;5;18;61.373;7.128;0.59;28.39;31.02;26.9;84.27;4.31;32.1;12.12
2025;5;19;43.913;69.482;0.42;28.52;31.09;27.12;84.7;4.33;41.3;9.55
2025;5;20;52.248;69.852;0.5;28.72;31.26;27.24;84.99;3.69;52.4;15.21
2025;5;21;62.126;71.105;0.6;28.76;30.7;27.64;85.71;4.21;44.8;4.82
2025;5;22;59.033;71.006;0.57;28.94;31.17;27.73;84.37;5.21;48.3;1.91
2025;5;23;70.728;72.523;0.68;29.09;31.77;27.37;82.0;7.04;44.7;1.15
2025;5;24;60.653;70.906;0.58;28.94;31.27;27.43;82.88;7.02;46.2;1.61
2025;5;25;64.289;71.237;0.62;28.91;31.93;27.08;81.04;7.43;44.0;0.25
2025;5;26;53.861;69.082;0.52;28.37;30.46;26.82;84.74;5.27;47.8;0.02
2025;5;27;40.435;67.985;0.39;28.3;30.29;26.74;84.82;4.69;52.1;0.01
2025;5;28;40.867;68.107;0.39;28.32;30.09;27.14;83.64;6.63;49.7;0.01
2025;5;29;61.562;69.185;0.6;28.06;29.92;26.87;85.96;5.89;41.0;0.02
2025;5;30;57.367;68.266;0.55;28.16;30.49;26.89;85.79;5.61;43.5;1.35
2025;5;31;29.033;69.151;0.28;27.98;30.16;26.82;87.97;3.49;46.7;7.87
2025;6;1;43.721;69.646;0.42;27.96;29.99;26.69;87.53;4.74;39.7;6.83
2025;6;2;5.742;70.126;0.56;28.36;30.32;26.97;86.23;3.92;54.5;13.87
2025;6;3;58.918;69.682;0.57;28.54;30.95;27.23;84.83;4.34;59.6;10.5
2025;6;4;52.558;68.498;0.51;28.06;30.18;26.81;84.32;5.41;51.4;3.68
2025;6;5;47.976;67.567;0.46;27.5;28.64;26.73;88.23;4.92;55.3;46.9
2025;6;6;44.875;67.944;0.44;27.67;29.09;26.63;88.05;4.56;51.7;28.3
2025;6;7;56.095;7.014;0.54;28.25;30.0;27.06;88.12;5.1;51.6;31.37
2025;6;8;63.619;70.826;0.62;28.53;30.45;27.35;87.29;5.06;48.0;27.79
2025;6;9;45.689;70.855;0.44;28.61;31.0;27.21;85.0;5.27;46.6;17.78
2025;6;10;29.813;64.205;0.29;28.07;30.32;27.19;87.02;4.62;48.3;5.42
2025;6;11;3.456;67.183;0.34;28.09;29.84;26.9;87.0;4.32;54.2;8.86
2025;6;12;45.818;70.097;0.45;28.31;31.28;26.58;84.72;4.83;47.9;18.46
2025;6;13;24.151;69.636;0.23;27.11;29.38;26.19;88.04;3.47;51.5;33.57
2025;6;14;42.125;68.467;0.41;27.26;29.27;26.33;87.09;5.06;57.0;28.53
2025;6;15;61.325;69.322;0.6;27.95;29.88;26.55;85.27;5.81;55.3;3.37
2025;6;16;59.628;70.368;0.58;28.65;31.22;26.98;82.75;5.32;52.5;3.17
2025;6;17;52.111;69.432;0.51;28.27;30.09;26.98;85.04;5.47;50.7;2.95
2025;6;18;54.252;6.918;0.53;27.98;29.6;26.82;88.04;4.63;58.2;11.82
2025;6;19;62.258;70.548;0.61;28.3;30.93;27.1;86.72;6.37;50.2;5.0
2025;6;20;49.176;67.982;0.48;28.28;30.88;26.94;86.79;6.15;50.8;3.04
2025;6;21;50.698;6.779;0.49;28.31;31.28;26.9;85.15;6.35;51.2;3.18
2025;6;22;30.674;67.757;0.3;27.59;29.89;26.72;87.84;3.95;49.5;5.29
2025;6;23;36.017;70.114;0.35;27.34;28.77;26.33;86.96;3.84;46.5;2.39
2025;6;24;52.682;69.353;0.51;28.13;31.44;26.24;84.42;3.8;46.3;6.78
2025;6;25;56.602;69.799;0.55;28.2;30.32;26.95;87.05;4.38;53.9;13.03
2025;6;26;64.046;70.356;0.62;28.44;30.6;27.02;86.02;4.95;52.6;13.12
2025;6;27;5.911;70.082;0.58;28.73;31.21;27.04;83.0;5.63;49.9;8.53
2025;6;28;5.609;69.811;0.55;28.31;30.57;26.88;83.3;4.99;47.7;6.98
2025;6;29;58.171;7.061;0.57;27.95;29.42;26.79;87.62;5.85;47.3;6.37
2025;6;30;54.718;69.072;0.53;28.31;30.26;27.02;87.17;5.27;52.3;1.72
2025;7;1;58.745;69.629;0.57;28.05;30.02;26.95;85.34;7.0;47.0;0.42
2025;7;2;6.06;69.146;0.59;27.75;30.14;26.34;85.09;5.3;45.7;0.23
2025;7;3;5.477;69.269;0.53;28.1;30.62;26.3;85.32;4.08;49.5;1.09
2025;7;4;3.883;69.866;0.38;27.97;30.47;26.13;84.7;2.53;40.8;31.49
2025;7;5;31.927;69.175;0.31;27.45;28.91;26.32;86.86;2.26;47.0;119.73
2025;7;6;60.014;69.679;0.58;27.99;30.31;26.23;84.0;2.76;35.7;71.7
2025;7;7;60.713;71.285;0.59;27.94;30.12;26.59;84.44;6.09;47.0;18.09
2025;7;8;63.962;7.055;0.62;27.9;29.95;26.45;84.94;5.82;47.4;29.43
2025;7;9;55.003;69.442;0.54;28.12;30.43;26.7;86.44;4.76;47.1;42.87
2025;7;10;47.227;68.758;0.46;27.92;30.06;26.86;87.61;5.05;42.1;4.61
2025;7;11;4.783;68.225;0.47;27.78;29.63;26.72;88.25;4.45;48.1;7.14
2025;7;12;45.014;66.982;0.44;27.73;29.6;26.64;87.7;4.45;49.8;4.78
2025;7;13;40.699;68.844;0.4;27.77;30.03;26.73;87.21;4.56;45.0;5.03
2025;7;14;49.997;70.294;0.49;27.94;30.62;26.43;84.28;5.78;44.5;0.42
2025;7;15;67.802;70.946;0.66;27.79;29.94;26.37;85.24;6.36;42.1;0.03
2025;7;16;63.521;70.752;0.62;27.96;29.81;26.72;86.6;6.03;43.9;0.09
2025;7;17;6.402;70.654;0.62;27.88;29.74;26.3;87.37;6.24;45.5;0.1
2025;7;18;67.032;7.026;0.65;28.39;31.34;26.65;85.32;6.02;43.6;0.11
2025;7;19;65.743;71.198;0.64;28.08;30.57;26.5;86.91;5.95;41.3;0.14
2025;7;20;62.076;69.802;0.6;27.99;30.36;26.61;87.17;5.22;45.3;0.99
2025;7;21;61.668;70.579;0.6;27.83;29.84;26.63;88.39;5.28;47.8;1.11
2025;7;22;59.491;70.385;0.58;27.89;30.34;26.5;86.59;4.93;42.3;0.64
2025;7;23;46.094;68.338;0.45;27.76;29.94;26.36;87.9;4.5;46.8;1.09
2025;7;24;55.879;70.154;0.54;27.94;30.21;26.63;87.82;4.92;43.3;1.32
2025;7;25;55.147;69.852;0.53;27.82;29.51;26.77;88.43;5.02;46.3;0.99
2025;7;26;54.713;69.876;0.53;27.94;30.21;26.6;85.75;5.45;47.3;0.54
2025;7;27;58.423;70.265;0.57;27.97;30.0;26.53;86.65;4.68;44.8;0.92
2025;7;28;58.853;70.805;0.57;28.5;31.04;27.15;86.65;3.44;54.3;1.28
2025;7;29;6.149;71.484;0.59;28.46;30.94;27.13;86.15;4.76;47.4;9.95
2025;7;30;47.856;71.045;0.46;27.76;29.75;26.8;85.47;4.45;50.5;20.16
2025;7;31;57.684;71.263;0.56;28.04;30.24;26.68;83.41;5.77;41.7;2.31
2025;8;1;66.072;70.656;0.64;28.77;31.62;27.01;82.86;5.58;43.0;6.32
2025;8;2;63.185;70.622;0.61;28.1;29.61;27.3;87.98;5.83;40.7;12.39
2025;8;3;47.249;69.713;0.46;28.23;31.01;26.94;85.93;3.48;48.8;20.47
2025;8;4;56.398;7.091;0.54;28.31;30.32;27.12;85.24;3.33;50.0;10.01
2025;8;5;53.806;71.165;0.52;28.12;29.98;27.02;86.04;4.22;52.5;11.49
2025;8;6;53.405;71.674;0.52;28.05;30.58;26.75;84.5;5.4;42.8;5.43
2025;8;7;58.901;72.509;0.57;28.41;31.69;26.71;80.94;5.38;37.7;0.66
2025;8;8;63.605;71.287;0.61;28.22;31.26;26.42;81.85;5.24;42.3;2.26
2025;8;9;41.551;71.304;0.4;27.65;29.28;26.78;85.78;3.69;57.3;9.96
2025;8;10;40.541;7.098;0.39;27.41;28.19;26.86;87.24;3.65;58.5;14.74
2025;8;11;65.417;71.138;0.63;28.39;31.67;26.68;82.67;3.78;50.9;10.68
2025;8;12;70.817;7.225;0.68;28.58;32.07;26.76;82.47;4.79;41.2;5.93
2025;8;13;58.678;69.727;0.56;28.28;30.4;26.91;85.5;6.69;43.5;5.2
2025;8;14;50.962;69.456;0.49;28.21;30.62;26.81;84.55;5.26;41.1;4.34
2025;8;15;47.201;68.477;0.45;27.83;29.91;26.39;86.33;3.37;43.4;113.06
2025;8;16;50.962;70.795;0.49;27.62;30.16;25.93;81.85;2.35;339.3;12.29
2025;8;17;6.151;71.134;0.59;27.42;30.28;25.67;83.08;2.92;235.6;4.59
2025;8;18;56.462;70.447;0.54;27.92;30.81;26.07;80.71;1.8;343.5;23.62
2025;8;19;59.076;70.879;0.57;28.1;30.52;26.61;85.21;3.76;35.1;9.88
2025;8;20;63.314;72.247;0.61;28.95;32.04;27.53;85.54;4.47;37.7;13.65
2025;8;21;57.763;70.922;0.56;28.75;31.55;27.39;84.74;4.85;43.4;11.29
2025;8;22;5.568;70.512;0.54;28.48;30.37;27.38;86.14;4.54;45.8;15.81
2025;8;23;58.579;70.954;0.56;28.08;29.67;27.17;85.52;3.29;49.7;10.14
2025;8;24;66.048;72.089;0.64;28.91;32.21;27.33;83.53;3.98;44.8;0.79
2025;8;25;58.915;7.231;0.57;28.81;31.43;27.3;85.27;5.89;46.3;0.75
2025;8;26;63.108;71.285;0.61;28.98;31.46;27.75;86.56;4.39;43.0;1.43
2025;8;27;64.956;71.028;0.63;29.21;31.87;27.84;85.36;3.97;53.5;1.38
2025;8;28;69.233;72.101;0.67;29.0;31.31;27.85;84.62;3.2;51.5;3.29
2025;8;29;70.111;72.497;0.68;29.23;32.23;27.66;82.86;3.19;44.5;9.97
2025;8;30;47.578;69.667;0.46;28.67;30.99;27.58;85.09;4.82;46.3;7.43
2025;8;31;63.929;7.074;0.62;28.63;30.59;27.39;86.46;5.24;40.4;5.7
2025;9;1;55.044;69.862;0.53;28.99;31.37;27.73;85.23;4.39;44.7;15.62
2025;9;2;53.482;69.854;0.52;28.78;30.29;27.77;87.09;3.87;50.7;11.23
2025;9;3;58.774;7.075;0.57;28.91;30.73;27.87;85.73;3.81;42.4;4.45
2025;9;4;50.506;70.166;0.49;28.73;30.58;27.24;87.04;3.47;44.8;7.96
2025;9;5;47.189;70.248;0.46;28.28;30.2;27.17;85.98;2.88;36.0;5.57
2025;9;6;53.153;7.122;0.51;28.25;29.9;27.18;85.61;2.46;33.6;2.77
2025;9;7;3.647;70.951;0.35;28.29;30.54;26.84;83.21;1.9;36.0;3.65
2025;9;8;49.663;6.955;0.48;28.14;29.76;27.11;83.35;2.0;27.7;4.71
2025;9;9;64.061;70.267;0.62;28.59;31.44;26.83;84.64;3.35;33.3;3.5
2025;9;10;6.564;71.434;0.64;29.13;31.8;27.72;83.79;5.01;41.9;1.75
2025;9;11;57.403;69.564;0.56;29.11;31.21;27.66;84.83;4.26;49.0;2.42
2025;9;12;34.402;69.329;0.33;28.2;29.74;26.91;84.57;2.85;45.4;12.52
2025;9;13;5.869;69.864;0.57;28.5;30.57;27.01;84.34;3.63;33.6;2.05
2025;9;14;59.052;69.857;0.58;28.82;30.92;27.68;84.61;3.86;43.0;8.15
2025;9;15;61.651;69.569;0.6;28.93;31.24;27.65;84.81;4.58;45.0;3.63
2025;9;16;4.873;7.014;0.48;28.92;30.8;28.04;85.01;4.62;46.5;2.77
2025;9;17;52.946;68.839;0.52;28.17;29.96;26.82;84.61;2.61;31.6;4.42
2025;9;18;44.254;69.984;0.43;26.73;28.14;25.87;88.15;2.09;309.5;24.21
2025;9;19;37.793;68.246;0.37;27.58;30.19;26.09;80.07;2.08;339.5;1.47
2025;9;20;65.599;70.673;0.64;28.44;31.78;26.43;81.57;3.27;26.5;2.46
2025;9;21;56.923;69.641;0.56;29.1;31.93;27.61;83.08;4.25;36.2;3.43
2025;9;22;54.804;69.626;0.54;29.17;31.4;27.82;82.02;3.75;46.3;3.56
2025;9;23;57.946;7.025;0.57;29.15;32.1;27.41;81.46;5.42;47.7;1.89
2025;9;24;55.632;68.328;0.55;29.11;31.02;27.99;86.58;5.38;42.3;6.28
2025;9;25;52.795;6.887;0.52;28.71;29.97;27.69;81.95;3.66;172.2;13.23
2025;9;26;48.353;6.87;0.48;28.81;30.67;26.97;78.61;1.32;308.7;4.83
2025;9;27;46.836;68.316;0.46;27.96;30.59;26.52;83.09;2.02;272.3;11.45
2025;9;28;55.409;67.706;0.55;28.27;30.63;26.63;80.04;1.95;339.4;6.55
2025;9;29;56.215;67.997;0.56;28.36;30.05;27.08;85.61;3.79;10.6;11.07
2025;9;30;52.481;68.318;0.52;28.65;30.44;27.78;82.76;2.77;39.6;9.53
2025;10;1;56.203;67.061;0.56;28.89;30.95;27.62;79.56;1.49;346.1;15.08
2025;10;2;29.995;67.121;0.3;28.15;29.63;27.44;86.09;2.67;32.6;16.62
2025;10;3;46.848;66.713;0.47;28.28;29.76;27.45;84.53;2.59;50.7;14.02
2025;10;4;45.449;67.102;0.46;27.7;28.65;26.69;84.55;1.84;341.0;7.75
2025;10;5;55.915;68.837;0.56;28.48;31.21;26.88;81.96;2.96;34.9;4.7
2025;10;6;50.618;67.558;0.51;28.74;30.61;27.37;82.74;3.39;52.9;7.73
2025;10;7;5.611;67.716;0.57;28.61;31.09;27.23;80.93;2.65;40.2;5.63
2025;10;8;51.919;66.974;0.53;28.81;31.02;27.68;82.11;3.48;38.9;9.98
2025;10;9;44.498;66.614;0.45;28.33;30.41;27.29;82.82;2.52;21.9;9.17
2025;10;10;40.838;6.625;0.42;28.07;30.73;26.31;83.1;2.52;281.0;16.81
2025;10;11;39.506;64.949;0.4;26.73;27.68;25.88;88.58;3.45;262.6;9.94
2025;10;12;4.956;66.286;0.51;27.42;30.04;25.89;82.41;2.77;211.5;1.95
2025;10;13;53.033;6.762;0.54;27.64;29.79;26.18;81.32;2.61;13.7;1.8
2025;10;14;51.492;6.732;0.53;28.33;30.28;26.92;82.14;2.82;41.9;2.05
2025;10;15;44.762;65.383;0.46;28.29;30.65;26.97;83.59;2.3;4.4;4.25
2025;10;16;31.853;64.013;0.33;27.94;29.75;26.61;80.65;2.13;261.3;5.23
2025;10;17;48.797;65.054;0.5;27.68;30.02;26.16;79.99;2.14;337.7;1.91
2025;10;18;56.246;65.146;0.58;27.91;29.51;26.28;85.61;4.24;33.9;5.02
2025;10;19;59.189;6.455;0.62;29.08;31.26;27.75;82.13;4.87;50.9;3.84
2025;10;20;44.059;64.934;0.46;28.39;29.84;27.62;84.87;3.98;49.8;5.15
2025;10;21;48.058;64.963;0.5;28.13;30.32;27.0;84.09;3.06;277.7;3.95
2025;10;22;39.907;6.365;0.42;27.62;28.69;26.88;88.66;4.24;223.2;3.14
2025;10;23;41.863;64.169;0.44;27.6;28.97;26.89;89.86;4.06;225.2;4.88
2025;10;24;43.685;6.523;0.46;27.46;29.25;26.31;86.35;4.22;213.1;2.65
2025;10;25;50.702;64.788;0.54;27.74;30.21;26.19;84.04;3.69;209.7;0.82
2025;10;26;54.487;64.337;0.58;27.94;30.15;26.4;83.69;2.02;214.8;1.62
2025;10;27;39.967;63.223;0.42;27.67;29.72;26.45;85.86;2.56;212.1;3.43
2025;10;28;56.033;63.058;0.6;27.63;28.99;26.73;88.56;4.49;218.6;9.37
2025;10;29;46.514;62.542;0.5;27.61;29.24;26.8;88.35;2.46;224.2;4.47
2025;10;30;33.866;63.091;0.36;28.04;30.74;26.57;84.89;2.37;344.1;2.03
2025;10;31;46.171;63.038;0.5;27.73;29.14;26.4;86.71;3.01;15.9;2.31
2025;11;1;55.622;64.042;0.6;28.78;31.01;27.66;84.09;5.05;41.5;2.12
2025;11;2;48.053;61.778;0.52;28.7;30.48;27.85;85.96;4.56;45.6;10.54
2025;11;3;47.006;62.868;0.51;28.72;30.78;27.52;83.19;5.57;47.9;9.99
2025;11;4;50.544;63.948;0.55;28.65;31.65;27.07;78.18;6.07;44.0;1.06
2025;11;5;50.729;62.232;0.55;28.64;31.2;26.98;81.24;5.22;46.0;8.0
2025;11;6;47.926;60.852;0.52;28.23;29.56;27.39;86.39;3.91;57.1;9.15
2025;11;7;52.303;62.018;0.57;28.77;30.84;27.62;82.96;4.28;46.6;0.87
2025;11;8;55.798;62.215;0.61;29.07;31.36;27.85;83.79;5.99;46.3;0.49
2025;11;9;53.712;60.893;0.59;29.08;31.53;27.71;82.74;6.34;45.6;0.4
2025;11;10;39.509;59.786;0.44;28.67;30.39;27.64;85.44;5.0;47.4;1.51
2025;11;11;41.722;57.922;0.46;28.59;30.4;27.39;84.22;6.24;44.7;2.72
2025;11;12;50.011;59.638;0.55;28.6;30.88;27.27;81.07;7.08;44.4;1.76
2025;11;13;48.362;60.046;0.54;28.72;31.54;27.11;79.64;6.26;45.1;1.48
2025;11;14;50.052;59.561;0.56;28.11;30.47;26.83;82.02;5.8;45.0;2.13
2025;11;15;37.334;58.073;0.42;27.53;29.11;26.55;83.56;5.64;38.1;4.35
2025;11;16;38.515;57.751;0.43;27.59;29.09;26.67;84.19;4.53;41.9;1.48
2025;11;17;50.674;59.827;0.57;27.48;28.98;26.45;84.9;5.45;34.3;0.63
2025;11;18;46.937;60.211;0.53;28.12;29.85;26.88;83.59;7.24;39.4;0.72
2025;11;19;51.487;60.317;0.58;28.3;30.42;27.19;84.38;7.06;42.7;1.55
2025;11;20;46.253;59.198;0.52;28.19;30.25;27.19;83.76;6.29;39.0;1.73
2025;11;21;44.902;58.915;0.51;27.82;29.44;26.8;85.02;5.1;50.8;2.51
2025;11;22;5.057;5.964;0.57;28.28;30.77;26.84;82.03;6.34;48.2;0.0
2025;11;23;45.991;60.151;0.52;27.87;29.26;26.85;82.67;7.62;45.9;0.0
2025;11;24;40.622;59.515;0.46;27.74;28.92;26.86;84.76;7.56;46.9;0.0
2025;11;25;4.159;5.845;0.48;27.89;29.41;26.99;84.03;7.26;52.4;0.0
2025;11;26;53.165;58.572;0.61;27.9;29.6;26.73;84.74;6.8;52.2;0.24
2025;11;27;54.396;59.009;0.62;27.96;30.14;26.75;84.1;6.69;49.3;0.45
2025;11;28;26.993;5.719;0.31;27.21;28.34;26.67;87.15;6.0;46.9;2.85
2025;11;29;21.257;57.778;0.25;26.92;29.12;25.96;88.14;3.86;42.8;10.72
2025;11;30;39.617;57.398;0.46;27.18;29.48;26.05;85.02;4.38;41.1;2.92
2025;12;1;32.662;56.393;0.38;27.03;28.27;26.11;84.84;4.49;51.5;3.5
2025;12;2;47.045;58.502;0.55;27.38;30.22;25.89;81.31;4.96;42.0;1.06
2025;12;3;52.222;60.226;0.61;27.43;29.86;26.21;79.02;6.68;37.6;0.08
2025;12;4;5.699;60.766;0.66;27.45;30.02;25.92;78.28;6.25;44.9;0.02
2025;12;5;5.489;58.961;0.64;27.55;30.64;25.45;81.5;4.85;48.6;0.28
2025;12;6;5.197;57.206;0.61;28.16;31.59;26.29;79.9;4.79;49.0;0.73
2025;12;7;52.056;58.097;0.61;28.09;31.19;26.61;80.32;5.67;46.4;1.08
2025;12;8;52.032;57.374;0.61;28.1;31.11;26.4;81.61;4.86;40.5;1.52
2025;12;9;49.229;56.772;0.58;28.02;30.38;26.67;83.06;5.15;43.7;1.06
2025;12;10;55.538;58.025;0.65;28.17;31.22;26.71;79.57;6.98;45.5;0.37
2025;12;11;55.586;57.792;0.65;28.38;31.72;26.16;79.59;5.58;43.8;0.49
2025;12;12;49.325;56.702;0.58;28.21;31.01;26.75;81.84;6.7;44.0;0.85
2025;12;13;41.297;54.936;0.48;27.87;30.09;26.5;82.23;6.94;48.1;2.69
2025;12;14;45.077;56.364;0.53;27.78;30.89;25.99;81.39;5.19;43.2;0.35
2025;12;15;5.333;57.758;0.63;27.63;29.66;26.5;84.42;5.63;34.3;0.73
2025;12;16;51.466;56.206;0.6;27.64;30.46;26.38;80.97;6.62;43.3;0.21
2025;12;17;51.149;55.219;0.6;27.44;29.84;26.13;79.89;6.72;40.3;0.05
2025;12;18;51.763;55.824;0.61;27.79;30.15;26.59;82.95;6.37;41.2;0.18
2025;12;19;53.477;57.622;0.63;27.69;30.53;26.34;79.6;7.16;41.9;0.1
2025;12;20;58.058;59.705;0.68;27.52;30.0;25.96;76.37;8.87;48.3;0.02
2025;12;21;54.766;58.769;0.64;27.46;30.0;25.79;75.55;8.09;46.3;0.0
2025;12;22;5.7;58.606;0.67;27.76;30.83;26.1;77.88;7.52;42.5;0.0
2025;12;23;56.218;58.426;0.66;27.65;30.6;26.19;76.91;7.51;43.8;0.0
2025;12;24;55.231;58.822;0.65;27.36;30.36;25.67;77.23;7.4;42.0;0.0
2025;12;25;56.532;59.916;0.66;27.15;29.98;25.41;77.99;6.66;42.4;0.0
2025;12;26;56.822;60.521;0.67;27.07;30.26;24.98;76.79;6.84;42.9;0.0
2025;12;27;58.582;60.178;0.69;27.37;30.71;25.33;77.22;6.63;40.9;0.0
2025;12;28;57.444;58.771;0.67;27.22;30.52;24.85;80.08;6.69;43.0;0.0
2025;12;29;54.991;57.242;0.64;27.25;30.1;25.18;81.3;6.69;42.7;0.0
2025;12;30;55.462;57.041;0.65;27.39;30.32;25.51;84.13;5.89;37.9;0.0
2025;12;31;52.282;56.482;0.61;27.79;31.13;26.09;84.45;5.67;28.2;0.02
